Command line invocation:
    /Applications/Xcode.app/Contents/Developer/usr/bin/xcodebuild test -project kotlin/iosApp/PolskiGrammar.xcodeproj -scheme PolskiGrammar -configuration Debug -destination "platform=iOS Simulator,id=1885365E-A680-4EAC-926F-08E58B95A83D" -derivedDataPath kotlin/iosApp/build/FinalVirtualToolbarIPadFull CODE_SIGNING_ALLOWED=NO -parallel-testing-enabled NO

Build settings from command line:
    CODE_SIGNING_ALLOWED = NO

ComputePackagePrebuildTargetDependencyGraph

Prepare packages

CreateBuildRequest

SendProjectDescription

CreateBuildOperation

ComputeTargetDependencyGraph
note: Building targets in dependency order
note: Target dependency graph (2 targets)
    Target 'PolskiGrammarUITests' in project 'PolskiGrammar'
        ➜ Explicit dependency on target 'PolskiGrammar' in project 'PolskiGrammar'
    Target 'PolskiGrammar' in project 'PolskiGrammar' (no dependencies)

GatherProvisioningInputs

CreateBuildDescription

ExecuteExternalTool /Applications/Xcode.app/Contents/Developer/Toolchains/XcodeDefault.xctoolchain/usr/bin/clang -v -E -dM -isysroot /Applications/Xcode.app/Contents/Developer/Platforms/iPhoneSimulator.platform/Developer/SDKs/iPhoneSimulator27.0.sdk -x c -c /dev/null

ExecuteExternalTool /Applications/Xcode.app/Contents/Developer/usr/bin/actool --print-asset-tag-combinations --output-format xml1 /Users/german/Work/JS/polski-grammar-srs/kotlin/iosApp/PolskiGrammar/Assets.xcassets

ExecuteExternalTool /Applications/Xcode.app/Contents/Developer/Toolchains/XcodeDefault.xctoolchain/usr/bin/swiftc --version

ExecuteExternalTool /Applications/Xcode.app/Contents/Developer/Toolchains/XcodeDefault.xctoolchain/usr/bin/ld -version_details

ExecuteExternalTool /Applications/Xcode.app/Contents/Developer/usr/bin/actool --version --output-format xml1

Build description signature: 0d84a934e85e6a378182342e04245578
Build description path: /Users/german/Work/JS/polski-grammar-srs/kotlin/iosApp/build/FinalVirtualToolbarIPadFull/Build/Intermediates.noindex/XCBuildData/0d84a934e85e6a378182342e04245578.xcbuilddata
CreateBuildDirectory /Users/german/Work/JS/polski-grammar-srs/kotlin/iosApp/build/FinalVirtualToolbarIPadFull/SDKExplicitPrecompiledModules
    cd /Users/german/Work/JS/polski-grammar-srs/kotlin/iosApp/PolskiGrammar.xcodeproj
    builtin-create-build-directory /Users/german/Work/JS/polski-grammar-srs/kotlin/iosApp/build/FinalVirtualToolbarIPadFull/SDKExplicitPrecompiledModules

CreateBuildDirectory /Users/german/Work/JS/polski-grammar-srs/kotlin/iosApp/build/FinalVirtualToolbarIPadFull/ModuleCache.noindex
    cd /Users/german/Work/JS/polski-grammar-srs/kotlin/iosApp/PolskiGrammar.xcodeproj
    builtin-create-build-directory /Users/german/Work/JS/polski-grammar-srs/kotlin/iosApp/build/FinalVirtualToolbarIPadFull/ModuleCache.noindex

CreateBuildDirectory /Users/german/Work/JS/polski-grammar-srs/kotlin/iosApp/build/FinalVirtualToolbarIPadFull/CompilationCache.noindex
    cd /Users/german/Work/JS/polski-grammar-srs/kotlin/iosApp/PolskiGrammar.xcodeproj
    builtin-create-build-directory /Users/german/Work/JS/polski-grammar-srs/kotlin/iosApp/build/FinalVirtualToolbarIPadFull/CompilationCache.noindex

ClangStatCache /Applications/Xcode.app/Contents/Developer/Toolchains/XcodeDefault.xctoolchain/usr/bin/clang-stat-cache /Applications/Xcode.app/Contents/Developer/Platforms/iPhoneSimulator.platform/Developer/SDKs/iPhoneSimulator27.0.sdk /Users/german/Work/JS/polski-grammar-srs/kotlin/iosApp/build/FinalVirtualToolbarIPadFull/SDKStatCaches.noindex/iphonesimulator27.0-24A430-8dc58220667be655e1bcc261a7455254.sdkstatcache
    cd /Users/german/Work/JS/polski-grammar-srs/kotlin/iosApp/PolskiGrammar.xcodeproj
    /Applications/Xcode.app/Contents/Developer/Toolchains/XcodeDefault.xctoolchain/usr/bin/clang-stat-cache /Applications/Xcode.app/Contents/Developer/Platforms/iPhoneSimulator.platform/Developer/SDKs/iPhoneSimulator27.0.sdk -o /Users/german/Work/JS/polski-grammar-srs/kotlin/iosApp/build/FinalVirtualToolbarIPadFull/SDKStatCaches.noindex/iphonesimulator27.0-24A430-8dc58220667be655e1bcc261a7455254.sdkstatcache

CreateBuildDirectory /Users/german/Work/JS/polski-grammar-srs/kotlin/iosApp/build/FinalVirtualToolbarIPadFull/Build/Products
    cd /Users/german/Work/JS/polski-grammar-srs/kotlin/iosApp/PolskiGrammar.xcodeproj
    builtin-create-build-directory /Users/german/Work/JS/polski-grammar-srs/kotlin/iosApp/build/FinalVirtualToolbarIPadFull/Build/Products

CreateBuildDirectory /Users/german/Work/JS/polski-grammar-srs/kotlin/iosApp/build/FinalVirtualToolbarIPadFull/Build/Intermediates.noindex
    cd /Users/german/Work/JS/polski-grammar-srs/kotlin/iosApp/PolskiGrammar.xcodeproj
    builtin-create-build-directory /Users/german/Work/JS/polski-grammar-srs/kotlin/iosApp/build/FinalVirtualToolbarIPadFull/Build/Intermediates.noindex

CreateBuildDirectory /Users/german/Work/JS/polski-grammar-srs/kotlin/iosApp/build/FinalVirtualToolbarIPadFull/Build/Intermediates.noindex/PrecompiledHeaders
    cd /Users/german/Work/JS/polski-grammar-srs/kotlin/iosApp/PolskiGrammar.xcodeproj
    builtin-create-build-directory /Users/german/Work/JS/polski-grammar-srs/kotlin/iosApp/build/FinalVirtualToolbarIPadFull/Build/Intermediates.noindex/PrecompiledHeaders

CreateBuildDirectory /Users/german/Work/JS/polski-grammar-srs/kotlin/iosApp/build/FinalVirtualToolbarIPadFull/Build/Intermediates.noindex/SwiftExplicitPrecompiledModules
    cd /Users/german/Work/JS/polski-grammar-srs/kotlin/iosApp/PolskiGrammar.xcodeproj
    builtin-create-build-directory /Users/german/Work/JS/polski-grammar-srs/kotlin/iosApp/build/FinalVirtualToolbarIPadFull/Build/Intermediates.noindex/SwiftExplicitPrecompiledModules

CreateBuildDirectory /Users/german/Work/JS/polski-grammar-srs/kotlin/iosApp/build/FinalVirtualToolbarIPadFull/Build/Intermediates.noindex/ExplicitPrecompiledModules
    cd /Users/german/Work/JS/polski-grammar-srs/kotlin/iosApp/PolskiGrammar.xcodeproj
    builtin-create-build-directory /Users/german/Work/JS/polski-grammar-srs/kotlin/iosApp/build/FinalVirtualToolbarIPadFull/Build/Intermediates.noindex/ExplicitPrecompiledModules

CreateBuildDirectory /Users/german/Work/JS/polski-grammar-srs/kotlin/iosApp/build/FinalVirtualToolbarIPadFull/Build/Intermediates.noindex/EagerLinkingTBDs/Debug-iphonesimulator
    cd /Users/german/Work/JS/polski-grammar-srs/kotlin/iosApp/PolskiGrammar.xcodeproj
    builtin-create-build-directory /Users/german/Work/JS/polski-grammar-srs/kotlin/iosApp/build/FinalVirtualToolbarIPadFull/Build/Intermediates.noindex/EagerLinkingTBDs/Debug-iphonesimulator

CreateBuildDirectory /Users/german/Work/JS/polski-grammar-srs/kotlin/iosApp/build/FinalVirtualToolbarIPadFull/Build/Products/Debug-iphonesimulator
    cd /Users/german/Work/JS/polski-grammar-srs/kotlin/iosApp/PolskiGrammar.xcodeproj
    builtin-create-build-directory /Users/german/Work/JS/polski-grammar-srs/kotlin/iosApp/build/FinalVirtualToolbarIPadFull/Build/Products/Debug-iphonesimulator

WriteAuxiliaryFile /Users/german/Work/JS/polski-grammar-srs/kotlin/iosApp/build/FinalVirtualToolbarIPadFull/Build/Intermediates.noindex/PolskiGrammar.build/Debug-iphonesimulator/PolskiGrammar-23ee0051a95c59732cc842b37800d5f6-VFS-iphonesimulator/all-product-headers.yaml
    cd /Users/german/Work/JS/polski-grammar-srs/kotlin/iosApp/PolskiGrammar.xcodeproj
    write-file /Users/german/Work/JS/polski-grammar-srs/kotlin/iosApp/build/FinalVirtualToolbarIPadFull/Build/Intermediates.noindex/PolskiGrammar.build/Debug-iphonesimulator/PolskiGrammar-23ee0051a95c59732cc842b37800d5f6-VFS-iphonesimulator/all-product-headers.yaml

WriteAuxiliaryFile /Users/german/Work/JS/polski-grammar-srs/kotlin/iosApp/build/FinalVirtualToolbarIPadFull/Build/Intermediates.noindex/PolskiGrammar.build/Debug-iphonesimulator/PolskiGrammarUITests.build/PolskiGrammarUITests.hmap (in target 'PolskiGrammarUITests' from project 'PolskiGrammar')
    cd /Users/german/Work/JS/polski-grammar-srs/kotlin/iosApp
    write-file /Users/german/Work/JS/polski-grammar-srs/kotlin/iosApp/build/FinalVirtualToolbarIPadFull/Build/Intermediates.noindex/PolskiGrammar.build/Debug-iphonesimulator/PolskiGrammarUITests.build/PolskiGrammarUITests.hmap

WriteAuxiliaryFile /Users/german/Work/JS/polski-grammar-srs/kotlin/iosApp/build/FinalVirtualToolbarIPadFull/Build/Intermediates.noindex/PolskiGrammar.build/Debug-iphonesimulator/PolskiGrammarUITests.build/empty-PolskiGrammarUITests.plist (in target 'PolskiGrammarUITests' from project 'PolskiGrammar')
    cd /Users/german/Work/JS/polski-grammar-srs/kotlin/iosApp
    write-file /Users/german/Work/JS/polski-grammar-srs/kotlin/iosApp/build/FinalVirtualToolbarIPadFull/Build/Intermediates.noindex/PolskiGrammar.build/Debug-iphonesimulator/PolskiGrammarUITests.build/empty-PolskiGrammarUITests.plist

WriteAuxiliaryFile /Users/german/Work/JS/polski-grammar-srs/kotlin/iosApp/build/FinalVirtualToolbarIPadFull/Build/Intermediates.noindex/PolskiGrammar.build/Debug-iphonesimulator/PolskiGrammarUITests.build/PolskiGrammarUITests.DependencyStaticMetadataFileList (in target 'PolskiGrammarUITests' from project 'PolskiGrammar')
    cd /Users/german/Work/JS/polski-grammar-srs/kotlin/iosApp
    write-file /Users/german/Work/JS/polski-grammar-srs/kotlin/iosApp/build/FinalVirtualToolbarIPadFull/Build/Intermediates.noindex/PolskiGrammar.build/Debug-iphonesimulator/PolskiGrammarUITests.build/PolskiGrammarUITests.DependencyStaticMetadataFileList

WriteAuxiliaryFile /Users/german/Work/JS/polski-grammar-srs/kotlin/iosApp/build/FinalVirtualToolbarIPadFull/Build/Intermediates.noindex/PolskiGrammar.build/Debug-iphonesimulator/PolskiGrammarUITests.build/ProductTypeInfoPlistAdditions.plist (in target 'PolskiGrammarUITests' from project 'PolskiGrammar')
    cd /Users/german/Work/JS/polski-grammar-srs/kotlin/iosApp
    write-file /Users/german/Work/JS/polski-grammar-srs/kotlin/iosApp/build/FinalVirtualToolbarIPadFull/Build/Intermediates.noindex/PolskiGrammar.build/Debug-iphonesimulator/PolskiGrammarUITests.build/ProductTypeInfoPlistAdditions.plist

WriteAuxiliaryFile /Users/german/Work/JS/polski-grammar-srs/kotlin/iosApp/build/FinalVirtualToolbarIPadFull/Build/Intermediates.noindex/PolskiGrammar.build/Debug-iphonesimulator/PolskiGrammarUITests.build/PolskiGrammarUITests.DependencyMetadataFileList (in target 'PolskiGrammarUITests' from project 'PolskiGrammar')
    cd /Users/german/Work/JS/polski-grammar-srs/kotlin/iosApp
    write-file /Users/german/Work/JS/polski-grammar-srs/kotlin/iosApp/build/FinalVirtualToolbarIPadFull/Build/Intermediates.noindex/PolskiGrammar.build/Debug-iphonesimulator/PolskiGrammarUITests.build/PolskiGrammarUITests.DependencyMetadataFileList

WriteAuxiliaryFile /Users/german/Work/JS/polski-grammar-srs/kotlin/iosApp/build/FinalVirtualToolbarIPadFull/Build/Intermediates.noindex/PolskiGrammar.build/Debug-iphonesimulator/PolskiGrammarUITests.build/PolskiGrammarUITests-project-headers.hmap (in target 'PolskiGrammarUITests' from project 'PolskiGrammar')
    cd /Users/german/Work/JS/polski-grammar-srs/kotlin/iosApp
    write-file /Users/german/Work/JS/polski-grammar-srs/kotlin/iosApp/build/FinalVirtualToolbarIPadFull/Build/Intermediates.noindex/PolskiGrammar.build/Debug-iphonesimulator/PolskiGrammarUITests.build/PolskiGrammarUITests-project-headers.hmap

WriteAuxiliaryFile /Users/german/Work/JS/polski-grammar-srs/kotlin/iosApp/build/FinalVirtualToolbarIPadFull/Build/Intermediates.noindex/PolskiGrammar.build/Debug-iphonesimulator/PolskiGrammarUITests.build/PolskiGrammarUITests-own-target-headers.hmap (in target 'PolskiGrammarUITests' from project 'PolskiGrammar')
    cd /Users/german/Work/JS/polski-grammar-srs/kotlin/iosApp
    write-file /Users/german/Work/JS/polski-grammar-srs/kotlin/iosApp/build/FinalVirtualToolbarIPadFull/Build/Intermediates.noindex/PolskiGrammar.build/Debug-iphonesimulator/PolskiGrammarUITests.build/PolskiGrammarUITests-own-target-headers.hmap

WriteAuxiliaryFile /Users/german/Work/JS/polski-grammar-srs/kotlin/iosApp/build/FinalVirtualToolbarIPadFull/Build/Intermediates.noindex/PolskiGrammar.build/Debug-iphonesimulator/PolskiGrammarUITests.build/PolskiGrammarUITests-generated-files.hmap (in target 'PolskiGrammarUITests' from project 'PolskiGrammar')
    cd /Users/german/Work/JS/polski-grammar-srs/kotlin/iosApp
    write-file /Users/german/Work/JS/polski-grammar-srs/kotlin/iosApp/build/FinalVirtualToolbarIPadFull/Build/Intermediates.noindex/PolskiGrammar.build/Debug-iphonesimulator/PolskiGrammarUITests.build/PolskiGrammarUITests-generated-files.hmap

WriteAuxiliaryFile /Users/german/Work/JS/polski-grammar-srs/kotlin/iosApp/build/FinalVirtualToolbarIPadFull/Build/Intermediates.noindex/PolskiGrammar.build/Debug-iphonesimulator/PolskiGrammarUITests.build/PolskiGrammarUITests-all-target-headers.hmap (in target 'PolskiGrammarUITests' from project 'PolskiGrammar')
    cd /Users/german/Work/JS/polski-grammar-srs/kotlin/iosApp
    write-file /Users/german/Work/JS/polski-grammar-srs/kotlin/iosApp/build/FinalVirtualToolbarIPadFull/Build/Intermediates.noindex/PolskiGrammar.build/Debug-iphonesimulator/PolskiGrammarUITests.build/PolskiGrammarUITests-all-target-headers.hmap

WriteAuxiliaryFile /Users/german/Work/JS/polski-grammar-srs/kotlin/iosApp/build/FinalVirtualToolbarIPadFull/Build/Intermediates.noindex/PolskiGrammar.build/Debug-iphonesimulator/PolskiGrammarUITests.build/PolskiGrammarUITests-all-non-framework-target-headers.hmap (in target 'PolskiGrammarUITests' from project 'PolskiGrammar')
    cd /Users/german/Work/JS/polski-grammar-srs/kotlin/iosApp
    write-file /Users/german/Work/JS/polski-grammar-srs/kotlin/iosApp/build/FinalVirtualToolbarIPadFull/Build/Intermediates.noindex/PolskiGrammar.build/Debug-iphonesimulator/PolskiGrammarUITests.build/PolskiGrammarUITests-all-non-framework-target-headers.hmap

WriteAuxiliaryFile /Users/german/Work/JS/polski-grammar-srs/kotlin/iosApp/build/FinalVirtualToolbarIPadFull/Build/Intermediates.noindex/PolskiGrammar.build/Debug-iphonesimulator/PolskiGrammarUITests.build/Objects-normal/arm64/PolskiGrammarUITests_const_extract_protocols.json (in target 'PolskiGrammarUITests' from project 'PolskiGrammar')
    cd /Users/german/Work/JS/polski-grammar-srs/kotlin/iosApp
    write-file /Users/german/Work/JS/polski-grammar-srs/kotlin/iosApp/build/FinalVirtualToolbarIPadFull/Build/Intermediates.noindex/PolskiGrammar.build/Debug-iphonesimulator/PolskiGrammarUITests.build/Objects-normal/arm64/PolskiGrammarUITests_const_extract_protocols.json

WriteAuxiliaryFile /Users/german/Work/JS/polski-grammar-srs/kotlin/iosApp/build/FinalVirtualToolbarIPadFull/Build/Intermediates.noindex/PolskiGrammar.build/Debug-iphonesimulator/PolskiGrammarUITests.build/Objects-normal/arm64/PolskiGrammarUITests.SwiftFileList (in target 'PolskiGrammarUITests' from project 'PolskiGrammar')
    cd /Users/german/Work/JS/polski-grammar-srs/kotlin/iosApp
    write-file /Users/german/Work/JS/polski-grammar-srs/kotlin/iosApp/build/FinalVirtualToolbarIPadFull/Build/Intermediates.noindex/PolskiGrammar.build/Debug-iphonesimulator/PolskiGrammarUITests.build/Objects-normal/arm64/PolskiGrammarUITests.SwiftFileList

WriteAuxiliaryFile /Users/german/Work/JS/polski-grammar-srs/kotlin/iosApp/build/FinalVirtualToolbarIPadFull/Build/Intermediates.noindex/PolskiGrammar.build/Debug-iphonesimulator/PolskiGrammarUITests.build/Objects-normal/arm64/PolskiGrammarUITests.SwiftConstValuesFileList (in target 'PolskiGrammarUITests' from project 'PolskiGrammar')
    cd /Users/german/Work/JS/polski-grammar-srs/kotlin/iosApp
    write-file /Users/german/Work/JS/polski-grammar-srs/kotlin/iosApp/build/FinalVirtualToolbarIPadFull/Build/Intermediates.noindex/PolskiGrammar.build/Debug-iphonesimulator/PolskiGrammarUITests.build/Objects-normal/arm64/PolskiGrammarUITests.SwiftConstValuesFileList

WriteAuxiliaryFile /Users/german/Work/JS/polski-grammar-srs/kotlin/iosApp/build/FinalVirtualToolbarIPadFull/Build/Intermediates.noindex/PolskiGrammar.build/Debug-iphonesimulator/PolskiGrammarUITests.build/Objects-normal/arm64/PolskiGrammarUITests.LinkFileList (in target 'PolskiGrammarUITests' from project 'PolskiGrammar')
    cd /Users/german/Work/JS/polski-grammar-srs/kotlin/iosApp
    write-file /Users/german/Work/JS/polski-grammar-srs/kotlin/iosApp/build/FinalVirtualToolbarIPadFull/Build/Intermediates.noindex/PolskiGrammar.build/Debug-iphonesimulator/PolskiGrammarUITests.build/Objects-normal/arm64/PolskiGrammarUITests.LinkFileList

WriteAuxiliaryFile /Users/german/Work/JS/polski-grammar-srs/kotlin/iosApp/build/FinalVirtualToolbarIPadFull/Build/Intermediates.noindex/PolskiGrammar.build/Debug-iphonesimulator/PolskiGrammarUITests.build/Objects-normal/arm64/PolskiGrammarUITests-OutputFileMap.json (in target 'PolskiGrammarUITests' from project 'PolskiGrammar')
    cd /Users/german/Work/JS/polski-grammar-srs/kotlin/iosApp
    write-file /Users/german/Work/JS/polski-grammar-srs/kotlin/iosApp/build/FinalVirtualToolbarIPadFull/Build/Intermediates.noindex/PolskiGrammar.build/Debug-iphonesimulator/PolskiGrammarUITests.build/Objects-normal/arm64/PolskiGrammarUITests-OutputFileMap.json

WriteAuxiliaryFile /Users/german/Work/JS/polski-grammar-srs/kotlin/iosApp/build/FinalVirtualToolbarIPadFull/Build/Intermediates.noindex/PolskiGrammar.build/Debug-iphonesimulator/PolskiGrammar.build/Script-DF070EF247392F9D1B643D23.sh (in target 'PolskiGrammar' from project 'PolskiGrammar')
    cd /Users/german/Work/JS/polski-grammar-srs/kotlin/iosApp
    write-file /Users/german/Work/JS/polski-grammar-srs/kotlin/iosApp/build/FinalVirtualToolbarIPadFull/Build/Intermediates.noindex/PolskiGrammar.build/Debug-iphonesimulator/PolskiGrammar.build/Script-DF070EF247392F9D1B643D23.sh

WriteAuxiliaryFile /Users/german/Work/JS/polski-grammar-srs/kotlin/iosApp/build/FinalVirtualToolbarIPadFull/Build/Intermediates.noindex/PolskiGrammar.build/Debug-iphonesimulator/PolskiGrammar.build/PolskiGrammar.hmap (in target 'PolskiGrammar' from project 'PolskiGrammar')
    cd /Users/german/Work/JS/polski-grammar-srs/kotlin/iosApp
    write-file /Users/german/Work/JS/polski-grammar-srs/kotlin/iosApp/build/FinalVirtualToolbarIPadFull/Build/Intermediates.noindex/PolskiGrammar.build/Debug-iphonesimulator/PolskiGrammar.build/PolskiGrammar.hmap

WriteAuxiliaryFile /Users/german/Work/JS/polski-grammar-srs/kotlin/iosApp/build/FinalVirtualToolbarIPadFull/Build/Intermediates.noindex/PolskiGrammar.build/Debug-iphonesimulator/PolskiGrammar.build/empty-PolskiGrammar.plist (in target 'PolskiGrammar' from project 'PolskiGrammar')
    cd /Users/german/Work/JS/polski-grammar-srs/kotlin/iosApp
    write-file /Users/german/Work/JS/polski-grammar-srs/kotlin/iosApp/build/FinalVirtualToolbarIPadFull/Build/Intermediates.noindex/PolskiGrammar.build/Debug-iphonesimulator/PolskiGrammar.build/empty-PolskiGrammar.plist

WriteAuxiliaryFile /Users/german/Work/JS/polski-grammar-srs/kotlin/iosApp/build/FinalVirtualToolbarIPadFull/Build/Intermediates.noindex/PolskiGrammar.build/Debug-iphonesimulator/PolskiGrammar.build/PolskiGrammar.DependencyStaticMetadataFileList (in target 'PolskiGrammar' from project 'PolskiGrammar')
    cd /Users/german/Work/JS/polski-grammar-srs/kotlin/iosApp
    write-file /Users/german/Work/JS/polski-grammar-srs/kotlin/iosApp/build/FinalVirtualToolbarIPadFull/Build/Intermediates.noindex/PolskiGrammar.build/Debug-iphonesimulator/PolskiGrammar.build/PolskiGrammar.DependencyStaticMetadataFileList

WriteAuxiliaryFile /Users/german/Work/JS/polski-grammar-srs/kotlin/iosApp/build/FinalVirtualToolbarIPadFull/Build/Intermediates.noindex/PolskiGrammar.build/Debug-iphonesimulator/PolskiGrammar.build/PolskiGrammar.DependencyMetadataFileList (in target 'PolskiGrammar' from project 'PolskiGrammar')
    cd /Users/german/Work/JS/polski-grammar-srs/kotlin/iosApp
    write-file /Users/german/Work/JS/polski-grammar-srs/kotlin/iosApp/build/FinalVirtualToolbarIPadFull/Build/Intermediates.noindex/PolskiGrammar.build/Debug-iphonesimulator/PolskiGrammar.build/PolskiGrammar.DependencyMetadataFileList

WriteAuxiliaryFile /Users/german/Work/JS/polski-grammar-srs/kotlin/iosApp/build/FinalVirtualToolbarIPadFull/Build/Intermediates.noindex/PolskiGrammar.build/Debug-iphonesimulator/PolskiGrammar.build/PolskiGrammar-project-headers.hmap (in target 'PolskiGrammar' from project 'PolskiGrammar')
    cd /Users/german/Work/JS/polski-grammar-srs/kotlin/iosApp
    write-file /Users/german/Work/JS/polski-grammar-srs/kotlin/iosApp/build/FinalVirtualToolbarIPadFull/Build/Intermediates.noindex/PolskiGrammar.build/Debug-iphonesimulator/PolskiGrammar.build/PolskiGrammar-project-headers.hmap

WriteAuxiliaryFile /Users/german/Work/JS/polski-grammar-srs/kotlin/iosApp/build/FinalVirtualToolbarIPadFull/Build/Intermediates.noindex/PolskiGrammar.build/Debug-iphonesimulator/PolskiGrammar.build/PolskiGrammar-own-target-headers.hmap (in target 'PolskiGrammar' from project 'PolskiGrammar')
    cd /Users/german/Work/JS/polski-grammar-srs/kotlin/iosApp
    write-file /Users/german/Work/JS/polski-grammar-srs/kotlin/iosApp/build/FinalVirtualToolbarIPadFull/Build/Intermediates.noindex/PolskiGrammar.build/Debug-iphonesimulator/PolskiGrammar.build/PolskiGrammar-own-target-headers.hmap

WriteAuxiliaryFile /Users/german/Work/JS/polski-grammar-srs/kotlin/iosApp/build/FinalVirtualToolbarIPadFull/Build/Intermediates.noindex/PolskiGrammar.build/Debug-iphonesimulator/PolskiGrammar.build/PolskiGrammar-generated-files.hmap (in target 'PolskiGrammar' from project 'PolskiGrammar')
    cd /Users/german/Work/JS/polski-grammar-srs/kotlin/iosApp
    write-file /Users/german/Work/JS/polski-grammar-srs/kotlin/iosApp/build/FinalVirtualToolbarIPadFull/Build/Intermediates.noindex/PolskiGrammar.build/Debug-iphonesimulator/PolskiGrammar.build/PolskiGrammar-generated-files.hmap

WriteAuxiliaryFile /Users/german/Work/JS/polski-grammar-srs/kotlin/iosApp/build/FinalVirtualToolbarIPadFull/Build/Intermediates.noindex/PolskiGrammar.build/Debug-iphonesimulator/PolskiGrammar.build/PolskiGrammar-all-target-headers.hmap (in target 'PolskiGrammar' from project 'PolskiGrammar')
    cd /Users/german/Work/JS/polski-grammar-srs/kotlin/iosApp
    write-file /Users/german/Work/JS/polski-grammar-srs/kotlin/iosApp/build/FinalVirtualToolbarIPadFull/Build/Intermediates.noindex/PolskiGrammar.build/Debug-iphonesimulator/PolskiGrammar.build/PolskiGrammar-all-target-headers.hmap

WriteAuxiliaryFile /Users/german/Work/JS/polski-grammar-srs/kotlin/iosApp/build/FinalVirtualToolbarIPadFull/Build/Intermediates.noindex/PolskiGrammar.build/Debug-iphonesimulator/PolskiGrammar.build/PolskiGrammar-all-non-framework-target-headers.hmap (in target 'PolskiGrammar' from project 'PolskiGrammar')
    cd /Users/german/Work/JS/polski-grammar-srs/kotlin/iosApp
    write-file /Users/german/Work/JS/polski-grammar-srs/kotlin/iosApp/build/FinalVirtualToolbarIPadFull/Build/Intermediates.noindex/PolskiGrammar.build/Debug-iphonesimulator/PolskiGrammar.build/PolskiGrammar-all-non-framework-target-headers.hmap

WriteAuxiliaryFile /Users/german/Work/JS/polski-grammar-srs/kotlin/iosApp/build/FinalVirtualToolbarIPadFull/Build/Intermediates.noindex/PolskiGrammar.build/Debug-iphonesimulator/PolskiGrammar.build/PolskiGrammar-DebugDylibInstallName-normal-arm64.txt (in target 'PolskiGrammar' from project 'PolskiGrammar')
    cd /Users/german/Work/JS/polski-grammar-srs/kotlin/iosApp
    write-file /Users/german/Work/JS/polski-grammar-srs/kotlin/iosApp/build/FinalVirtualToolbarIPadFull/Build/Intermediates.noindex/PolskiGrammar.build/Debug-iphonesimulator/PolskiGrammar.build/PolskiGrammar-DebugDylibInstallName-normal-arm64.txt

WriteAuxiliaryFile /Users/german/Work/JS/polski-grammar-srs/kotlin/iosApp/build/FinalVirtualToolbarIPadFull/Build/Intermediates.noindex/PolskiGrammar.build/Debug-iphonesimulator/PolskiGrammar.build/PolskiGrammar-DebugDylibPath-normal-arm64.txt (in target 'PolskiGrammar' from project 'PolskiGrammar')
    cd /Users/german/Work/JS/polski-grammar-srs/kotlin/iosApp
    write-file /Users/german/Work/JS/polski-grammar-srs/kotlin/iosApp/build/FinalVirtualToolbarIPadFull/Build/Intermediates.noindex/PolskiGrammar.build/Debug-iphonesimulator/PolskiGrammar.build/PolskiGrammar-DebugDylibPath-normal-arm64.txt

WriteAuxiliaryFile /Users/german/Work/JS/polski-grammar-srs/kotlin/iosApp/build/FinalVirtualToolbarIPadFull/Build/Intermediates.noindex/PolskiGrammar.build/Debug-iphonesimulator/PolskiGrammar.build/Objects-normal/arm64/PolskiGrammar.SwiftConstValuesFileList (in target 'PolskiGrammar' from project 'PolskiGrammar')
    cd /Users/german/Work/JS/polski-grammar-srs/kotlin/iosApp
    write-file /Users/german/Work/JS/polski-grammar-srs/kotlin/iosApp/build/FinalVirtualToolbarIPadFull/Build/Intermediates.noindex/PolskiGrammar.build/Debug-iphonesimulator/PolskiGrammar.build/Objects-normal/arm64/PolskiGrammar.SwiftConstValuesFileList

WriteAuxiliaryFile /Users/german/Work/JS/polski-grammar-srs/kotlin/iosApp/build/FinalVirtualToolbarIPadFull/Build/Intermediates.noindex/PolskiGrammar.build/Debug-iphonesimulator/PolskiGrammar.build/Objects-normal/arm64/PolskiGrammar_const_extract_protocols.json (in target 'PolskiGrammar' from project 'PolskiGrammar')
    cd /Users/german/Work/JS/polski-grammar-srs/kotlin/iosApp
    write-file /Users/german/Work/JS/polski-grammar-srs/kotlin/iosApp/build/FinalVirtualToolbarIPadFull/Build/Intermediates.noindex/PolskiGrammar.build/Debug-iphonesimulator/PolskiGrammar.build/Objects-normal/arm64/PolskiGrammar_const_extract_protocols.json

WriteAuxiliaryFile /Users/german/Work/JS/polski-grammar-srs/kotlin/iosApp/build/FinalVirtualToolbarIPadFull/Build/Intermediates.noindex/PolskiGrammar.build/Debug-iphonesimulator/PolskiGrammar.build/Objects-normal/arm64/PolskiGrammar.SwiftFileList (in target 'PolskiGrammar' from project 'PolskiGrammar')
    cd /Users/german/Work/JS/polski-grammar-srs/kotlin/iosApp
    write-file /Users/german/Work/JS/polski-grammar-srs/kotlin/iosApp/build/FinalVirtualToolbarIPadFull/Build/Intermediates.noindex/PolskiGrammar.build/Debug-iphonesimulator/PolskiGrammar.build/Objects-normal/arm64/PolskiGrammar.SwiftFileList

WriteAuxiliaryFile /Users/german/Work/JS/polski-grammar-srs/kotlin/iosApp/build/FinalVirtualToolbarIPadFull/Build/Intermediates.noindex/PolskiGrammar.build/Debug-iphonesimulator/PolskiGrammar.build/Objects-normal/arm64/PolskiGrammar.LinkFileList (in target 'PolskiGrammar' from project 'PolskiGrammar')
    cd /Users/german/Work/JS/polski-grammar-srs/kotlin/iosApp
    write-file /Users/german/Work/JS/polski-grammar-srs/kotlin/iosApp/build/FinalVirtualToolbarIPadFull/Build/Intermediates.noindex/PolskiGrammar.build/Debug-iphonesimulator/PolskiGrammar.build/Objects-normal/arm64/PolskiGrammar.LinkFileList

WriteAuxiliaryFile /Users/german/Work/JS/polski-grammar-srs/kotlin/iosApp/build/FinalVirtualToolbarIPadFull/Build/Intermediates.noindex/PolskiGrammar.build/Debug-iphonesimulator/PolskiGrammar.build/Objects-normal/arm64/PolskiGrammar-OutputFileMap.json (in target 'PolskiGrammar' from project 'PolskiGrammar')
    cd /Users/german/Work/JS/polski-grammar-srs/kotlin/iosApp
    write-file /Users/german/Work/JS/polski-grammar-srs/kotlin/iosApp/build/FinalVirtualToolbarIPadFull/Build/Intermediates.noindex/PolskiGrammar.build/Debug-iphonesimulator/PolskiGrammar.build/Objects-normal/arm64/PolskiGrammar-OutputFileMap.json

MkDir /Users/german/Work/JS/polski-grammar-srs/kotlin/iosApp/build/FinalVirtualToolbarIPadFull/Build/Products/Debug-iphonesimulator/PolskiGrammar.app (in target 'PolskiGrammar' from project 'PolskiGrammar')
    cd /Users/german/Work/JS/polski-grammar-srs/kotlin/iosApp
    /bin/mkdir -p /Users/german/Work/JS/polski-grammar-srs/kotlin/iosApp/build/FinalVirtualToolbarIPadFull/Build/Products/Debug-iphonesimulator/PolskiGrammar.app

MkDir /Users/german/Work/JS/polski-grammar-srs/kotlin/iosApp/build/FinalVirtualToolbarIPadFull/Build/Products/Debug-iphonesimulator/PolskiGrammarUITests-Runner.app/PlugIns/PolskiGrammarUITests.xctest (in target 'PolskiGrammarUITests' from project 'PolskiGrammar')
    cd /Users/german/Work/JS/polski-grammar-srs/kotlin/iosApp
    /bin/mkdir -p /Users/german/Work/JS/polski-grammar-srs/kotlin/iosApp/build/FinalVirtualToolbarIPadFull/Build/Products/Debug-iphonesimulator/PolskiGrammarUITests-Runner.app/PlugIns/PolskiGrammarUITests.xctest

PhaseScriptExecution Build\ Kotlin\ framework /Users/german/Work/JS/polski-grammar-srs/kotlin/iosApp/build/FinalVirtualToolbarIPadFull/Build/Intermediates.noindex/PolskiGrammar.build/Debug-iphonesimulator/PolskiGrammar.build/Script-DF070EF247392F9D1B643D23.sh (in target 'PolskiGrammar' from project 'PolskiGrammar')
    cd /Users/german/Work/JS/polski-grammar-srs/kotlin/iosApp
    export ACTION\=build
    export AD_HOC_CODE_SIGNING_ALLOWED\=YES
    export AGGREGATE_TRACKED_DOMAINS\=YES
    export ALLOW_BUILD_REQUEST_OVERRIDES\=NO
    export ALLOW_TARGET_PLATFORM_SPECIALIZATION\=NO
    export ALTERNATE_GROUP\=staff
    export ALTERNATE_MODE\=u+w,go-w,a+rX
    export ALTERNATE_OWNER\=german
    export ALTERNATIVE_DISTRIBUTION_WEB\=NO
    export ALWAYS_EMBED_SWIFT_STANDARD_LIBRARIES\=NO
    export ALWAYS_SEARCH_USER_PATHS\=NO
    export ALWAYS_USE_SEPARATE_HEADERMAPS\=NO
    export APPLICATION_EXTENSION_API_ONLY\=NO
    export APPLY_RULES_IN_COPY_FILES\=NO
    export APPLY_RULES_IN_COPY_HEADERS\=NO
    export APP_SHORTCUTS_ENABLE_FLEXIBLE_MATCHING\=YES
    export ARCHS\=arm64
    export ARCHS_BASE\=arm64
    export ARCHS_STANDARD\=arm64\ x86_64
    export ARCHS_STANDARD_32_64_BIT\=arm64\ x86_64
    export ARCHS_STANDARD_64_BIT\=arm64\ x86_64
    export ARCHS_STANDARD_INCLUDING_64_BIT\=arm64\ x86_64
    export ARCHS_UNIVERSAL_IPHONE_OS\=arm64\ x86_64
    export ASSETCATALOG_COMPILER_APPICON_NAME\=AppIcon
    export ASSETCATALOG_COMPILER_GLOBAL_ACCENT_COLOR_NAME\=AccentColor
    export ASSETCATALOG_FILTER_FOR_DEVICE_MODEL\=iPad17,4-A
    export ASSETCATALOG_FILTER_FOR_DEVICE_OS_VERSION\=26.1
    export ASSETCATALOG_FILTER_FOR_THINNING_DEVICE_CONFIGURATION\=iPad17,4-A
    export AUTOMATICALLY_MERGE_DEPENDENCIES\=NO
    export AUTOMATION_APPLE_EVENTS\=NO
    export AVAILABLE_PLATFORMS\=android\ appletvos\ appletvsimulator\ driverkit\ freebsd\ iphoneos\ iphonesimulator\ linux\ macosx\ none\ openbsd\ qnx\ staticlinux\ watchos\ watchsimulator\ webassembly\ xros\ xrsimulator
    export BUILD_ACTIVE_RESOURCES_ONLY\=YES
    export BUILD_COMPONENTS\=headers\ build
    export BUILD_DIR\=/Users/german/Work/JS/polski-grammar-srs/kotlin/iosApp/build/FinalVirtualToolbarIPadFull/Build/Products
    export BUILD_LIBRARY_FOR_DISTRIBUTION\=NO
    export BUILD_ONLY_KNOWN_LOCALIZATIONS\=NO
    export BUILD_ROOT\=/Users/german/Work/JS/polski-grammar-srs/kotlin/iosApp/build/FinalVirtualToolbarIPadFull/Build/Products
    export BUILD_STYLE\=
    export BUILD_VARIANTS\=normal
    export BUILT_PRODUCTS_DIR\=/Users/german/Work/JS/polski-grammar-srs/kotlin/iosApp/build/FinalVirtualToolbarIPadFull/Build/Products/Debug-iphonesimulator
    export BUNDLE_CONTENTS_FOLDER_PATH_deep\=Contents/
    export BUNDLE_EXECUTABLE_FOLDER_NAME_deep\=MacOS
    export BUNDLE_EXTENSIONS_FOLDER_PATH\=Extensions
    export BUNDLE_FORMAT\=shallow
    export BUNDLE_FRAMEWORKS_FOLDER_PATH\=Frameworks
    export BUNDLE_PLUGINS_FOLDER_PATH\=PlugIns
    export BUNDLE_PRIVATE_HEADERS_FOLDER_PATH\=PrivateHeaders
    export BUNDLE_PUBLIC_HEADERS_FOLDER_PATH\=Headers
    export CACHE_ROOT\=/var/folders/w9/h4ncyn2j3z775qnrltrq35b40000gn/C/com.apple.DeveloperTools/27.0-27A266a/Xcode
    export CCHROOT\=/var/folders/w9/h4ncyn2j3z775qnrltrq35b40000gn/C/com.apple.DeveloperTools/27.0-27A266a/Xcode
    export CHMOD\=/bin/chmod
    export CHOWN\=chown
    export CLANG_ANALYZER_NONNULL\=YES
    export CLANG_ANALYZER_NUMBER_OBJECT_CONVERSION\=YES_AGGRESSIVE
    export CLANG_CACHE_FINE_GRAINED_OUTPUTS\=YES
    export CLANG_CXX_LANGUAGE_STANDARD\=gnu++14
    export CLANG_CXX_LIBRARY\=libc++
    export CLANG_ENABLE_EXPLICIT_MODULES\=YES
    export CLANG_ENABLE_MODULES\=YES
    export CLANG_ENABLE_OBJC_ARC\=YES
    export CLANG_ENABLE_OBJC_WEAK\=NO
    export CLANG_MODULES_BUILD_SESSION_FILE\=/Users/german/Work/JS/polski-grammar-srs/kotlin/iosApp/build/FinalVirtualToolbarIPadFull/ModuleCache.noindex/Session.modulevalidation
    export CLANG_WARN_BLOCK_CAPTURE_AUTORELEASING\=YES
    export CLANG_WARN_BOOL_CONVERSION\=YES
    export CLANG_WARN_COMMA\=YES
    export CLANG_WARN_CONSTANT_CONVERSION\=YES
    export CLANG_WARN_DEPRECATED_OBJC_IMPLEMENTATIONS\=YES
    export CLANG_WARN_DIRECT_OBJC_ISA_USAGE\=YES_ERROR
    export CLANG_WARN_DOCUMENTATION_COMMENTS\=YES
    export CLANG_WARN_EMPTY_BODY\=YES
    export CLANG_WARN_ENUM_CONVERSION\=YES
    export CLANG_WARN_INFINITE_RECURSION\=YES
    export CLANG_WARN_INT_CONVERSION\=YES
    export CLANG_WARN_NON_LITERAL_NULL_CONVERSION\=YES
    export CLANG_WARN_OBJC_IMPLICIT_RETAIN_SELF\=YES
    export CLANG_WARN_OBJC_LITERAL_CONVERSION\=YES
    export CLANG_WARN_OBJC_ROOT_CLASS\=YES_ERROR
    export CLANG_WARN_QUOTED_INCLUDE_IN_FRAMEWORK_HEADER\=YES
    export CLANG_WARN_RANGE_LOOP_ANALYSIS\=YES
    export CLANG_WARN_STRICT_PROTOTYPES\=YES
    export CLANG_WARN_SUSPICIOUS_MOVE\=YES
    export CLANG_WARN_UNGUARDED_AVAILABILITY\=YES_AGGRESSIVE
    export CLANG_WARN_UNREACHABLE_CODE\=YES
    export CLANG_WARN__DUPLICATE_METHOD_MATCH\=YES
    export CLASS_FILE_DIR\=/Users/german/Work/JS/polski-grammar-srs/kotlin/iosApp/build/FinalVirtualToolbarIPadFull/Build/Intermediates.noindex/PolskiGrammar.build/Debug-iphonesimulator/PolskiGrammar.build/JavaClasses
    export CLEAN_PRECOMPS\=YES
    export CLONE_HEADERS\=NO
    export CODESIGNING_FOLDER_PATH\=/Users/german/Work/JS/polski-grammar-srs/kotlin/iosApp/build/FinalVirtualToolbarIPadFull/Build/Products/Debug-iphonesimulator/PolskiGrammar.app
    export CODE_SIGNING_ALLOWED\=NO
    export CODE_SIGNING_REQUIRED\=YES
    export CODE_SIGN_CONTEXT_CLASS\=XCiPhoneSimulatorCodeSignContext
    export CODE_SIGN_IDENTITY\=-
    export CODE_SIGN_INJECT_BASE_ENTITLEMENTS\=YES
    export CODE_SIGN_STYLE\=Automatic
    export COLOR_DIAGNOSTICS\=NO
    export COMBINE_HIDPI_IMAGES\=NO
    export COMPILATION_CACHE_CAS_PATH\=/Users/german/Work/JS/polski-grammar-srs/kotlin/iosApp/build/FinalVirtualToolbarIPadFull/CompilationCache.noindex
    export COMPILATION_CACHE_KEEP_CAS_DIRECTORY\=YES
    export COMPILER_INDEX_STORE_ENABLE\=Default
    export COMPOSITE_SDK_DIRS\=/Users/german/Work/JS/polski-grammar-srs/kotlin/iosApp/build/FinalVirtualToolbarIPadFull/Build/Intermediates.noindex/CompositeSDKs
    export COMPRESS_PNG_FILES\=YES
    export CONFIGURATION\=Debug
    export CONFIGURATION_BUILD_DIR\=/Users/german/Work/JS/polski-grammar-srs/kotlin/iosApp/build/FinalVirtualToolbarIPadFull/Build/Products/Debug-iphonesimulator
    export CONFIGURATION_TEMP_DIR\=/Users/german/Work/JS/polski-grammar-srs/kotlin/iosApp/build/FinalVirtualToolbarIPadFull/Build/Intermediates.noindex/PolskiGrammar.build/Debug-iphonesimulator
    export CONTENTS_FOLDER_PATH\=PolskiGrammar.app
    export CONTENTS_FOLDER_PATH_SHALLOW_BUNDLE_NO\=PolskiGrammar.app/Contents
    export CONTENTS_FOLDER_PATH_SHALLOW_BUNDLE_YES\=PolskiGrammar.app
    export COPYING_PRESERVES_HFS_DATA\=NO
    export COPY_HEADERS_RUN_UNIFDEF\=NO
    export COPY_PHASE_STRIP\=NO
    export CORRESPONDING_DEVICE_PLATFORM_DIR\=/Applications/Xcode.app/Contents/Developer/Platforms/iPhoneOS.platform
    export CORRESPONDING_DEVICE_PLATFORM_NAME\=iphoneos
    export CORRESPONDING_DEVICE_SDK_DIR\=/Applications/Xcode.app/Contents/Developer/Platforms/iPhoneOS.platform/Developer/SDKs/iPhoneOS27.0.sdk
    export CORRESPONDING_DEVICE_SDK_NAME\=iphoneos27.0
    export CP\=/bin/cp
    export CREATE_INFOPLIST_SECTION_IN_BINARY\=NO
    export CURRENT_ARCH\=undefined_arch
    export CURRENT_VARIANT\=normal
    export DEAD_CODE_STRIPPING\=YES
    export DEBUGGING_SYMBOLS\=YES
    export DEBUG_INFORMATION_FORMAT\=dwarf
    export DEBUG_INFORMATION_VERSION\=compiler-default
    export DEFAULT_COMPILER\=com.apple.compilers.llvm.clang.1_0
    export DEFAULT_DEXT_INSTALL_PATH\=/System/Library/DriverExtensions
    export DEFAULT_KEXT_INSTALL_PATH\=/System/Library/Extensions
    export DEFINES_MODULE\=NO
    export DEPLOYMENT_LOCATION\=NO
    export DEPLOYMENT_POSTPROCESSING\=NO
    export DEPLOYMENT_TARGET_SETTING_NAME\=IPHONEOS_DEPLOYMENT_TARGET
    export DEPLOYMENT_TARGET_SUGGESTED_VALUES\=15.0\ 15.1\ 15.2\ 15.3\ 15.4\ 15.5\ 15.6\ 16.0\ 16.1\ 16.2\ 16.3\ 16.4\ 16.5\ 16.6\ 17.0\ 17.1\ 17.2\ 17.3\ 17.4\ 17.5\ 17.6\ 18.0\ 18.1\ 18.2\ 18.3\ 18.4\ 18.5\ 18.6\ 26.0\ 26.2\ 26.3\ 26.4\ 26.5\ 26.6\ 27.0
    export DERIVED_FILES_DIR\=/Users/german/Work/JS/polski-grammar-srs/kotlin/iosApp/build/FinalVirtualToolbarIPadFull/Build/Intermediates.noindex/PolskiGrammar.build/Debug-iphonesimulator/PolskiGrammar.build/DerivedSources
    export DERIVED_FILE_DIR\=/Users/german/Work/JS/polski-grammar-srs/kotlin/iosApp/build/FinalVirtualToolbarIPadFull/Build/Intermediates.noindex/PolskiGrammar.build/Debug-iphonesimulator/PolskiGrammar.build/DerivedSources
    export DERIVED_SOURCES_DIR\=/Users/german/Work/JS/polski-grammar-srs/kotlin/iosApp/build/FinalVirtualToolbarIPadFull/Build/Intermediates.noindex/PolskiGrammar.build/Debug-iphonesimulator/PolskiGrammar.build/DerivedSources
    export DEVELOPER_APPLICATIONS_DIR\=/Applications/Xcode.app/Contents/Developer/Applications
    export DEVELOPER_BIN_DIR\=/Applications/Xcode.app/Contents/Developer/usr/bin
    export DEVELOPER_DIR\=/Applications/Xcode.app/Contents/Developer
    export DEVELOPER_FRAMEWORKS_DIR\=/Applications/Xcode.app/Contents/Developer/Library/Frameworks
    export DEVELOPER_FRAMEWORKS_DIR_QUOTED\=/Applications/Xcode.app/Contents/Developer/Library/Frameworks
    export DEVELOPER_LIBRARY_DIR\=/Applications/Xcode.app/Contents/Developer/Library
    export DEVELOPER_SDK_DIR\=/Applications/Xcode.app/Contents/Developer/Platforms/MacOSX.platform/Developer/SDKs
    export DEVELOPER_TOOLS_DIR\=/Applications/Xcode.app/Contents/Developer/Tools
    export DEVELOPER_USR_DIR\=/Applications/Xcode.app/Contents/Developer/usr
    export DEVELOPMENT_LANGUAGE\=ru
    export DIAGNOSE_MISSING_TARGET_DEPENDENCIES\=YES
    export DIFF\=/usr/bin/diff
    export DOCUMENTATION_FOLDER_PATH\=PolskiGrammar.app/ru.lproj/Documentation
    export DONT_GENERATE_INFOPLIST_FILE\=NO
    export DSTROOT\=/tmp/PolskiGrammar.dst
    export DT_TOOLCHAIN_DIR\=/Applications/Xcode.app/Contents/Developer/Toolchains/XcodeDefault.xctoolchain
    export DWARF_DSYM_FILE_NAME\=PolskiGrammar.app.dSYM
    export DWARF_DSYM_FILE_SHOULD_ACCOMPANY_PRODUCT\=NO
    export DWARF_DSYM_FOLDER_PATH\=/Users/german/Work/JS/polski-grammar-srs/kotlin/iosApp/build/FinalVirtualToolbarIPadFull/Build/Products/Debug-iphonesimulator
    export DYNAMIC_LIBRARY_EXTENSION\=dylib
    export EAGER_COMPILATION_ALLOW_SCRIPTS\=NO
    export EAGER_LINKING\=NO
    export EFFECTIVE_PLATFORM_NAME\=-iphonesimulator
    export EFFECTIVE_SWIFT_VERSION\=5
    export EMBEDDED_CONTENT_CONTAINS_SWIFT\=NO
    export EMBED_ASSET_PACKS_IN_PRODUCT_BUNDLE\=NO
    export ENABLE_APP_SANDBOX\=NO
    export ENABLE_CODE_COVERAGE\=YES
    export ENABLE_COHORT_ARCHS\=YES
    export ENABLE_CPLUSPLUS_BOUNDS_SAFE_BUFFERS\=NO
    export ENABLE_C_BOUNDS_SAFETY\=NO
    export ENABLE_DEBUG_DYLIB\=YES
    export ENABLE_DEFAULT_HEADER_SEARCH_PATHS\=YES
    export ENABLE_DEFAULT_SEARCH_PATHS\=YES
    export ENABLE_ENHANCED_SECURITY\=NO
    export ENABLE_HARDENED_RUNTIME\=NO
    export ENABLE_HARDWARE_CHECKED_POINTER_ARITHMETIC_SLICE\=NO
    export ENABLE_HEADER_DEPENDENCIES\=YES
    export ENABLE_INCOMING_NETWORK_CONNECTIONS\=NO
    export ENABLE_ON_DEMAND_RESOURCES\=YES
    export ENABLE_OUTGOING_NETWORK_CONNECTIONS\=NO
    export ENABLE_POINTER_AUTHENTICATION\=NO
    export ENABLE_PREVIEWS\=NO
    export ENABLE_RESOURCE_ACCESS_AUDIO_INPUT\=NO
    export ENABLE_RESOURCE_ACCESS_BLUETOOTH\=NO
    export ENABLE_RESOURCE_ACCESS_CALENDARS\=NO
    export ENABLE_RESOURCE_ACCESS_CAMERA\=NO
    export ENABLE_RESOURCE_ACCESS_CONTACTS\=NO
    export ENABLE_RESOURCE_ACCESS_LOCATION\=NO
    export ENABLE_RESOURCE_ACCESS_PHOTO_LIBRARY\=NO
    export ENABLE_RESOURCE_ACCESS_PRINTING\=NO
    export ENABLE_RESOURCE_ACCESS_USB\=NO
    export ENABLE_SDK_IMPORTS\=NO
    export ENABLE_SECURITY_COMPILER_WARNINGS\=NO
    export ENABLE_STRICT_OBJC_MSGSEND\=YES
    export ENABLE_TESTABILITY\=YES
    export ENABLE_TESTING_SEARCH_PATHS\=NO
    export ENABLE_USER_SCRIPT_SANDBOXING\=NO
    export ENABLE_XOJIT_PREVIEWS\=YES
    export ENFORCE_VALID_ARCHS\=YES
    export ENTITLEMENTS_ALLOWED\=NO
    export ENTITLEMENTS_DESTINATION\=__entitlements
    export ENTITLEMENTS_REQUIRED\=NO
    export EXCLUDED_INSTALLSRC_SUBDIRECTORY_PATTERNS\=.DS_Store\ .svn\ .git\ .hg\ CVS
    export EXCLUDED_RECURSIVE_SEARCH_PATH_SUBDIRECTORIES\=\*.nib\ \*.lproj\ \*.framework\ \*.gch\ \*.xcode\*\ \*.xcassets\ \*.icon\ \(\*\)\ .DS_Store\ CVS\ .svn\ .git\ .hg\ \*.pbproj\ \*.pbxproj
    export EXECUTABLES_FOLDER_PATH\=PolskiGrammar.app/Executables
    export EXECUTABLE_BLANK_INJECTION_DYLIB_PATH\=PolskiGrammar.app/__preview.dylib
    export EXECUTABLE_DEBUG_DYLIB_INSTALL_NAME\=@rpath/PolskiGrammar.debug.dylib
    export EXECUTABLE_DEBUG_DYLIB_PATH\=PolskiGrammar.app/PolskiGrammar.debug.dylib
    export EXECUTABLE_FOLDER_PATH\=PolskiGrammar.app
    export EXECUTABLE_FOLDER_PATH_SHALLOW_BUNDLE_NO\=PolskiGrammar.app/MacOS
    export EXECUTABLE_FOLDER_PATH_SHALLOW_BUNDLE_YES\=PolskiGrammar.app
    export EXECUTABLE_NAME\=PolskiGrammar
    export EXECUTABLE_PATH\=PolskiGrammar.app/PolskiGrammar
    export EXTENSIONS_FOLDER_PATH\=PolskiGrammar.app/Extensions
    export FILE_LIST\=/Users/german/Work/JS/polski-grammar-srs/kotlin/iosApp/build/FinalVirtualToolbarIPadFull/Build/Intermediates.noindex/PolskiGrammar.build/Debug-iphonesimulator/PolskiGrammar.build/Objects/LinkFileList
    export FIXED_FILES_DIR\=/Users/german/Work/JS/polski-grammar-srs/kotlin/iosApp/build/FinalVirtualToolbarIPadFull/Build/Intermediates.noindex/PolskiGrammar.build/Debug-iphonesimulator/PolskiGrammar.build/FixedFiles
    export FRAMEWORKS_FOLDER_PATH\=PolskiGrammar.app/Frameworks
    export FRAMEWORK_FLAG_PREFIX\=-framework
    export FRAMEWORK_SEARCH_PATHS\=/Users/german/Work/JS/polski-grammar-srs/kotlin/iosApp/build/FinalVirtualToolbarIPadFull/Build/Products/Debug-iphonesimulator\ \ /Users/german/Work/JS/polski-grammar-srs/kotlin/iosApp/build/FinalVirtualToolbarIPadFull/Build/Products/Debug-iphonesimulator
    export FRAMEWORK_VERSION\=A
    export FULL_PRODUCT_NAME\=PolskiGrammar.app
    export FUSE_BUILD_PHASES\=YES
    export FUSE_BUILD_SCRIPT_PHASES\=NO
    export GCC3_VERSION\=3.3
    export GCC_C_LANGUAGE_STANDARD\=gnu11
    export GCC_DYNAMIC_NO_PIC\=NO
    export GCC_INLINES_ARE_PRIVATE_EXTERN\=YES
    export GCC_NO_COMMON_BLOCKS\=YES
    export GCC_OBJC_LEGACY_DISPATCH\=YES
    export GCC_OPTIMIZATION_LEVEL\=0
    export GCC_PFE_FILE_C_DIALECTS\=c\ objective-c\ c++\ objective-c++
    export GCC_PREPROCESSOR_DEFINITIONS\=DEBUG\=1\ 
    export GCC_SYMBOLS_PRIVATE_EXTERN\=NO
    export GCC_TREAT_WARNINGS_AS_ERRORS\=NO
    export GCC_VERSION\=com.apple.compilers.llvm.clang.1_0
    export GCC_VERSION_IDENTIFIER\=com_apple_compilers_llvm_clang_1_0
    export GCC_WARN_64_TO_32_BIT_CONVERSION\=YES
    export GCC_WARN_ABOUT_RETURN_TYPE\=YES_ERROR
    export GCC_WARN_UNDECLARED_SELECTOR\=YES
    export GCC_WARN_UNINITIALIZED_AUTOS\=YES_AGGRESSIVE
    export GCC_WARN_UNUSED_FUNCTION\=YES
    export GCC_WARN_UNUSED_VARIABLE\=YES
    export GENERATED_MODULEMAP_DIR\=/Users/german/Work/JS/polski-grammar-srs/kotlin/iosApp/build/FinalVirtualToolbarIPadFull/Build/Intermediates.noindex/GeneratedModuleMaps-iphonesimulator
    export GENERATE_INFOPLIST_FILE\=YES
    export GENERATE_INTERMEDIATE_TEXT_BASED_STUBS\=YES
    export GENERATE_PKGINFO_FILE\=YES
    export GENERATE_PRELINK_OBJECT_FILE\=NO
    export GENERATE_PROFILING_CODE\=NO
    export GENERATE_TEXT_BASED_STUBS\=NO
    export GID\=20
    export GROUP\=staff
    export HEADERMAP_INCLUDES_FLAT_ENTRIES_FOR_TARGET_BEING_BUILT\=YES
    export HEADERMAP_INCLUDES_FRAMEWORK_ENTRIES_FOR_ALL_PRODUCT_TYPES\=YES
    export HEADERMAP_INCLUDES_FRAMEWORK_ENTRIES_FOR_TARGETS_NOT_BEING_BUILT\=YES
    export HEADERMAP_INCLUDES_NONPUBLIC_NONPRIVATE_HEADERS\=YES
    export HEADERMAP_INCLUDES_PROJECT_HEADERS\=YES
    export HEADERMAP_USES_FRAMEWORK_PREFIX_ENTRIES\=YES
    export HEADERMAP_USES_VFS\=NO
    export HEADER_SEARCH_PATHS\=/Users/german/Work/JS/polski-grammar-srs/kotlin/iosApp/build/FinalVirtualToolbarIPadFull/Build/Products/Debug-iphonesimulator/include\ 
    export HOME\=/Users/german
    export HOST_ARCH\=arm64
    export HOST_PLATFORM\=macosx
    export ICONV\=/usr/bin/iconv
    export IMPLICIT_DEPENDENCY_DOMAIN\=default
    export INDEX_ENABLE_OPTIMIZATION_LEVEL_OVERRIDE\=YES
    export INDEX_STORE_COMPRESS\=NO
    export INDEX_STORE_ONLY_PROJECT_FILES\=NO
    export INFOPLIST_ENABLE_CFBUNDLEICONS_MERGE\=YES
    export INFOPLIST_EXPAND_BUILD_SETTINGS\=YES
    export INFOPLIST_KEY_CFBundleDisplayName\=Polski\ Grammar\ Matrix
    export INFOPLIST_KEY_UIApplicationSceneManifest_Generation\=YES
    export INFOPLIST_KEY_UILaunchScreen_Generation\=YES
    export INFOPLIST_KEY_UISupportedInterfaceOrientations\=UIInterfaceOrientationPortrait\ UIInterfaceOrientationPortraitUpsideDown\ UIInterfaceOrientationLandscapeLeft\ UIInterfaceOrientationLandscapeRight
    export INFOPLIST_OUTPUT_FORMAT\=binary
    export INFOPLIST_PATH\=PolskiGrammar.app/Info.plist
    export INFOPLIST_PREPROCESS\=NO
    export INFOSTRINGS_PATH\=PolskiGrammar.app/ru.lproj/InfoPlist.strings
    export INLINE_PRIVATE_FRAMEWORKS\=NO
    export INSTALLAPI_IGNORE_SKIP_INSTALL\=YES
    export INSTALLHDRS_COPY_PHASE\=NO
    export INSTALLHDRS_SCRIPT_PHASE\=NO
    export INSTALL_DIR\=/tmp/PolskiGrammar.dst/Applications
    export INSTALL_GROUP\=staff
    export INSTALL_MODE_FLAG\=u+w,go-w,a+rX
    export INSTALL_OWNER\=german
    export INSTALL_PATH\=/Applications
    export INSTALL_ROOT\=/tmp/PolskiGrammar.dst
    export IPHONEOS_DEPLOYMENT_TARGET\=17.0
    export IS_UNOPTIMIZED_BUILD\=YES
    export JAVAC_DEFAULT_FLAGS\=-J-Xms64m\ -J-XX:NewSize\=4M\ -J-Dfile.encoding\=UTF8
    export JAVA_APP_STUB\=/System/Library/Frameworks/JavaVM.framework/Resources/MacOS/JavaApplicationStub
    export JAVA_ARCHIVE_CLASSES\=YES
    export JAVA_ARCHIVE_TYPE\=JAR
    export JAVA_COMPILER\=/usr/bin/javac
    export JAVA_FOLDER_PATH\=PolskiGrammar.app/Java
    export JAVA_FRAMEWORK_RESOURCES_DIRS\=Resources
    export JAVA_JAR_FLAGS\=cv
    export JAVA_SOURCE_SUBDIR\=.
    export JAVA_USE_DEPENDENCIES\=YES
    export JAVA_ZIP_FLAGS\=-urg
    export JIKES_DEFAULT_FLAGS\=+E\ +OLDCSO
    export KEEP_PRIVATE_EXTERNS\=NO
    export LD_DEPENDENCY_INFO_FILE\=/Users/german/Work/JS/polski-grammar-srs/kotlin/iosApp/build/FinalVirtualToolbarIPadFull/Build/Intermediates.noindex/PolskiGrammar.build/Debug-iphonesimulator/PolskiGrammar.build/Objects-normal/undefined_arch/PolskiGrammar_dependency_info.dat
    export LD_EXPORT_GLOBAL_SYMBOLS\=YES
    export LD_EXPORT_SYMBOLS\=YES
    export LD_GENERATE_MAP_FILE\=NO
    export LD_MAP_FILE_PATH\=/Users/german/Work/JS/polski-grammar-srs/kotlin/iosApp/build/FinalVirtualToolbarIPadFull/Build/Intermediates.noindex/PolskiGrammar.build/Debug-iphonesimulator/PolskiGrammar.build/PolskiGrammar-LinkMap-normal-undefined_arch.txt
    export LD_NO_PIE\=NO
    export LD_QUOTE_LINKER_ARGUMENTS_FOR_COMPILER_DRIVER\=YES
    export LD_RUNPATH_SEARCH_PATHS\=\ @executable_path/Frameworks
    export LD_RUNPATH_SEARCH_PATHS_YES\=@loader_path/../Frameworks
    export LD_SHARED_CACHE_ELIGIBLE\=Automatic
    export LD_WARN_DUPLICATE_LIBRARIES\=NO
    export LD_WARN_UNUSED_DYLIBS\=NO
    export LEGACY_DEVELOPER_DIR\=/Applications/Xcode.app/Contents/PlugIns/Xcode3Core.ideplugin/Contents/SharedSupport/Developer
    export LEX\=lex
    export LIBRARY_DEXT_INSTALL_PATH\=/Library/DriverExtensions
    export LIBRARY_FLAG_NOSPACE\=YES
    export LIBRARY_FLAG_PREFIX\=-l
    export LIBRARY_KEXT_INSTALL_PATH\=/Library/Extensions
    export LIBRARY_SEARCH_PATHS\=/Users/german/Work/JS/polski-grammar-srs/kotlin/iosApp/build/FinalVirtualToolbarIPadFull/Build/Products/Debug-iphonesimulator\ 
    export LINKER_DISPLAYS_MANGLED_NAMES\=NO
    export LINK_FILE_LIST_normal_arm64\=/Users/german/Work/JS/polski-grammar-srs/kotlin/iosApp/build/FinalVirtualToolbarIPadFull/Build/Intermediates.noindex/PolskiGrammar.build/Debug-iphonesimulator/PolskiGrammar.build/Objects-normal/arm64/PolskiGrammar.LinkFileList
    export LINK_OBJC_RUNTIME\=YES
    export LINK_WITH_STANDARD_LIBRARIES\=YES
    export LLVM_TARGET_TRIPLE_OS_VERSION\=ios17.0
    export LLVM_TARGET_TRIPLE_SUFFIX\=-simulator
    export LLVM_TARGET_TRIPLE_VENDOR\=apple
    export LM_AUX_CONST_METADATA_LIST_PATH_normal_arm64\=/Users/german/Work/JS/polski-grammar-srs/kotlin/iosApp/build/FinalVirtualToolbarIPadFull/Build/Intermediates.noindex/PolskiGrammar.build/Debug-iphonesimulator/PolskiGrammar.build/Objects-normal/arm64/PolskiGrammar.SwiftConstValuesFileList
    export LOCALIZATION_EXPORT_SUPPORTED\=YES
    export LOCALIZATION_PREFERS_STRING_CATALOGS\=NO
    export LOCALIZED_RESOURCES_FOLDER_PATH\=PolskiGrammar.app/ru.lproj
    export LOCALIZED_STRING_CODE_COMMENTS\=NO
    export LOCALIZED_STRING_MACRO_NAMES\=NSLocalizedString\ CFCopyLocalizedString
    export LOCALIZED_STRING_SWIFTUI_SUPPORT\=YES
    export LOCAL_ADMIN_APPS_DIR\=/Applications/Utilities
    export LOCAL_APPS_DIR\=/Applications
    export LOCAL_DEVELOPER_DIR\=/Library/Developer
    export LOCAL_LIBRARY_DIR\=/Library
    export LOCROOT\=/Users/german/Work/JS/polski-grammar-srs/kotlin/iosApp
    export LOCSYMROOT\=/Users/german/Work/JS/polski-grammar-srs/kotlin/iosApp
    export MACH_O_TYPE\=mh_execute
    export MAC_OS_X_PRODUCT_BUILD_VERSION\=25G72
    export MAC_OS_X_VERSION_ACTUAL\=260600
    export MAC_OS_X_VERSION_MAJOR\=260000
    export MAC_OS_X_VERSION_MINOR\=260600
    export MAKE_MERGEABLE\=NO
    export MERGEABLE_LIBRARY\=NO
    export MERGED_BINARY_TYPE\=none
    export MERGE_LINKED_LIBRARIES\=NO
    export METAL_LIBRARY_FILE_BASE\=default
    export METAL_LIBRARY_OUTPUT_DIR\=/Users/german/Work/JS/polski-grammar-srs/kotlin/iosApp/build/FinalVirtualToolbarIPadFull/Build/Products/Debug-iphonesimulator/PolskiGrammar.app
    export MODULES_FOLDER_PATH\=PolskiGrammar.app/Modules
    export MODULE_CACHE_DIR\=/Users/german/Work/JS/polski-grammar-srs/kotlin/iosApp/build/FinalVirtualToolbarIPadFull/ModuleCache.noindex
    export MTL_ENABLE_DEBUG_INFO\=INCLUDE_SOURCE
    export MTL_FAST_MATH\=YES
    export NATIVE_ARCH\=arm64
    export NATIVE_ARCH_32_BIT\=arm
    export NATIVE_ARCH_64_BIT\=arm64
    export NATIVE_ARCH_ACTUAL\=arm64
    export NO_COMMON\=YES
    export OBJC_ABI_VERSION\=2
    export OBJECT_FILE_DIR\=/Users/german/Work/JS/polski-grammar-srs/kotlin/iosApp/build/FinalVirtualToolbarIPadFull/Build/Intermediates.noindex/PolskiGrammar.build/Debug-iphonesimulator/PolskiGrammar.build/Objects
    export OBJECT_FILE_DIR_normal\=/Users/german/Work/JS/polski-grammar-srs/kotlin/iosApp/build/FinalVirtualToolbarIPadFull/Build/Intermediates.noindex/PolskiGrammar.build/Debug-iphonesimulator/PolskiGrammar.build/Objects-normal
    export OBJROOT\=/Users/german/Work/JS/polski-grammar-srs/kotlin/iosApp/build/FinalVirtualToolbarIPadFull/Build/Intermediates.noindex
    export ONLY_ACTIVE_ARCH\=YES
    export ONLY_ARCH\=arm64
    export OS\=MACOS
    export OSAC\=/usr/bin/osacompile
    export OTHER_LDFLAGS\=\ -framework\ PolskiShared
    export PACKAGE_TYPE\=com.apple.package-type.wrapper.application
    export PASCAL_STRINGS\=YES
    export PATH\=/Applications/Xcode.app/Contents/SharedFrameworks/SwiftBuild.framework/Versions/A/PlugIns/SWBBuildService.bundle/Contents/PlugIns/SWBUniversalPlatformPlugin.bundle/Contents/Frameworks/SWBUniversalPlatform.framework/Resources:/Applications/Xcode.app/Contents/Developer/Toolchains/XcodeDefault.xctoolchain/usr/bin:/Applications/Xcode.app/Contents/Developer/Toolchains/XcodeDefault.xctoolchain/usr/local/bin:/Applications/Xcode.app/Contents/Developer/Toolchains/XcodeDefault.xctoolchain/usr/libexec:/Applications/Xcode.app/Contents/Developer/Platforms/iPhoneSimulator.platform/usr/bin:/Applications/Xcode.app/Contents/Developer/Platforms/iPhoneSimulator.platform/usr/local/bin:/Applications/Xcode.app/Contents/Developer/Platforms/iPhoneSimulator.platform/Developer/usr/bin:/Applications/Xcode.app/Contents/Developer/Platforms/iPhoneSimulator.platform/Developer/usr/local/bin:/Applications/Xcode.app/Contents/Developer/usr/bin:/Applications/Xcode.app/Contents/Developer/usr/local/bin:/usr/local/lib/node_modules/@openai/codex/node_modules/@openai/codex-darwin-x64/vendor/x86_64-apple-darwin/codex-path:/Users/german/.local/bin:/usr/local/opt/ffmpeg@7/bin:/Users/german/.antigravity/antigravity/bin:/Library/Frameworks/Python.framework/Versions/3.9/bin:/Library/Frameworks/Python.framework/Versions/2.7/bin:/Library/Frameworks/Python.framework/Versions/3.10/bin:/usr/local/bin:/System/Cryptexes/App/usr/bin:/usr/bin:/bin:/usr/sbin:/sbin:/var/run/com.apple.security.cryptexd/codex.system/bootstrap/usr/local/bin:/var/run/com.apple.security.cryptexd/codex.system/bootstrap/usr/bin:/var/run/com.apple.security.cryptexd/codex.system/bootstrap/usr/appleinternal/bin:/pkg/env/global/bin:/Library/Apple/usr/bin:/usr/local/share/dotnet:/Library/Frameworks/Mono.framework/Versions/Current/Commands:/Users/german/.codex/tmp/arg0/codex-arg06CBjtl:/Users/german/miniconda3/bin:/Users/german/miniconda3/condabin:/Applications/Orca.app/Contents/Resources/bin:/Users/german/.unity/bin:/Applications/Obsidian.app/Contents/MacOS:/Users/german/.volta/bin:/Users/german/.asdf/shims:/Users/german/.fnm/aliases/default/bin:/Users/german/.local/share/mise/shims:/Users/german/Library/pnpm:/Users/german/.yarn/bin:/Users/german/.bun/bin:/opt/homebrew/bin:/opt/homebrew/sbin:/usr/local/sbin:/nix/var/nix/profiles/default/bin:/Users/german/bin:/Users/german/.nix-profile/bin:/Users/german/.opencode/bin:/Users/german/.vite-plus/bin
    export PATH_PREFIXES_EXCLUDED_FROM_HEADER_DEPENDENCIES\=/usr/include\ /usr/local/include\ /System/Library/Frameworks\ /System/Library/PrivateFrameworks\ /Applications/Xcode.app/Contents/Developer/Headers\ /Applications/Xcode.app/Contents/Developer/SDKs\ /Applications/Xcode.app/Contents/Developer/Platforms
    export PBDEVELOPMENTPLIST_PATH\=PolskiGrammar.app/pbdevelopment.plist
    export PER_ARCH_MODULE_FILE_DIR\=/Users/german/Work/JS/polski-grammar-srs/kotlin/iosApp/build/FinalVirtualToolbarIPadFull/Build/Intermediates.noindex/PolskiGrammar.build/Debug-iphonesimulator/PolskiGrammar.build/Objects-normal/undefined_arch
    export PER_ARCH_OBJECT_FILE_DIR\=/Users/german/Work/JS/polski-grammar-srs/kotlin/iosApp/build/FinalVirtualToolbarIPadFull/Build/Intermediates.noindex/PolskiGrammar.build/Debug-iphonesimulator/PolskiGrammar.build/Objects-normal/undefined_arch
    export PER_VARIANT_OBJECT_FILE_DIR\=/Users/german/Work/JS/polski-grammar-srs/kotlin/iosApp/build/FinalVirtualToolbarIPadFull/Build/Intermediates.noindex/PolskiGrammar.build/Debug-iphonesimulator/PolskiGrammar.build/Objects-normal
    export PKGINFO_FILE_PATH\=/Users/german/Work/JS/polski-grammar-srs/kotlin/iosApp/build/FinalVirtualToolbarIPadFull/Build/Intermediates.noindex/PolskiGrammar.build/Debug-iphonesimulator/PolskiGrammar.build/PkgInfo
    export PKGINFO_PATH\=PolskiGrammar.app/PkgInfo
    export PLATFORM_DEVELOPER_APPLICATIONS_DIR\=/Applications/Xcode.app/Contents/Developer/Platforms/iPhoneSimulator.platform/Developer/Applications
    export PLATFORM_DEVELOPER_BIN_DIR\=/Applications/Xcode.app/Contents/Developer/Platforms/iPhoneSimulator.platform/Developer/usr/bin
    export PLATFORM_DEVELOPER_LIBRARY_DIR\=/Applications/Xcode.app/Contents/Developer/Platforms/iPhoneSimulator.platform/Developer/Library
    export PLATFORM_DEVELOPER_SDK_DIR\=/Applications/Xcode.app/Contents/Developer/Platforms/iPhoneSimulator.platform/Developer/SDKs
    export PLATFORM_DEVELOPER_TOOLS_DIR\=/Applications/Xcode.app/Contents/Developer/Platforms/iPhoneSimulator.platform/Developer/Tools
    export PLATFORM_DEVELOPER_USR_DIR\=/Applications/Xcode.app/Contents/Developer/Platforms/iPhoneSimulator.platform/Developer/usr
    export PLATFORM_DIR\=/Applications/Xcode.app/Contents/Developer/Platforms/iPhoneSimulator.platform
    export PLATFORM_DISPLAY_NAME\=iOS\ Simulator
    export PLATFORM_FAMILY_NAME\=iOS
    export PLATFORM_NAME\=iphonesimulator
    export PLATFORM_PREFERRED_ARCH\=x86_64
    export PLATFORM_PRODUCT_BUILD_VERSION\=24A430
    export PLATFORM_REQUIRES_SWIFT_AUTOLINK_EXTRACT\=NO
    export PLATFORM_REQUIRES_SWIFT_MODULEWRAP\=NO
    export PLATFORM_USES_DSYMS\=YES
    export PLIST_FILE_OUTPUT_FORMAT\=binary
    export PLUGINS_FOLDER_PATH\=PolskiGrammar.app/PlugIns
    export PRECOMPS_INCLUDE_HEADERS_FROM_BUILT_PRODUCTS_DIR\=YES
    export PRECOMP_DESTINATION_DIR\=/Users/german/Work/JS/polski-grammar-srs/kotlin/iosApp/build/FinalVirtualToolbarIPadFull/Build/Intermediates.noindex/PolskiGrammar.build/Debug-iphonesimulator/PolskiGrammar.build/PrefixHeaders
    export PRELINK_DEPENDENCY_INFO_FILE\=/Users/german/Work/JS/polski-grammar-srs/kotlin/iosApp/build/FinalVirtualToolbarIPadFull/Build/Intermediates.noindex/PolskiGrammar.build/Debug-iphonesimulator/PolskiGrammar.build/Objects-normal/undefined_arch/PolskiGrammar_prelink_dependency_info.dat
    export PRIVATE_HEADERS_FOLDER_PATH\=PolskiGrammar.app/PrivateHeaders
    export PROCESSED_INFOPLIST_PATH\=/Users/german/Work/JS/polski-grammar-srs/kotlin/iosApp/build/FinalVirtualToolbarIPadFull/Build/Intermediates.noindex/PolskiGrammar.build/Debug-iphonesimulator/PolskiGrammar.build/Objects-normal/undefined_arch/Processed-Info.plist
    export PRODUCT_BUNDLE_IDENTIFIER\=dev.polski.grammarmatrix.ios
    export PRODUCT_BUNDLE_PACKAGE_TYPE\=APPL
    export PRODUCT_MODULE_NAME\=PolskiGrammar
    export PRODUCT_NAME\=PolskiGrammar
    export PRODUCT_SETTINGS_PATH\=
    export PRODUCT_TYPE\=com.apple.product-type.application
    export PROFILING_CODE\=NO
    export PROJECT\=PolskiGrammar
    export PROJECT_DERIVED_FILE_DIR\=/Users/german/Work/JS/polski-grammar-srs/kotlin/iosApp/build/FinalVirtualToolbarIPadFull/Build/Intermediates.noindex/PolskiGrammar.build/DerivedSources
    export PROJECT_DIR\=/Users/german/Work/JS/polski-grammar-srs/kotlin/iosApp
    export PROJECT_FILE_PATH\=/Users/german/Work/JS/polski-grammar-srs/kotlin/iosApp/PolskiGrammar.xcodeproj
    export PROJECT_GUID\=23ee0051a95c59732cc842b37800d5f6
    export PROJECT_NAME\=PolskiGrammar
    export PROJECT_TEMP_DIR\=/Users/german/Work/JS/polski-grammar-srs/kotlin/iosApp/build/FinalVirtualToolbarIPadFull/Build/Intermediates.noindex/PolskiGrammar.build
    export PROJECT_TEMP_ROOT\=/Users/german/Work/JS/polski-grammar-srs/kotlin/iosApp/build/FinalVirtualToolbarIPadFull/Build/Intermediates.noindex
    export PROVISIONING_PROFILE_REQUIRED\=NO
    export PROVISIONING_PROFILE_REQUIRED_YES_YES\=YES
    export PROVISIONING_PROFILE_SUPPORTED\=YES
    export PUBLIC_HEADERS_FOLDER_PATH\=PolskiGrammar.app/Headers
    export RECOMMENDED_IPHONEOS_DEPLOYMENT_TARGET\=17.0
    export RECURSIVE_SEARCH_PATHS_FOLLOW_SYMLINKS\=YES
    export REMOVE_CVS_FROM_RESOURCES\=YES
    export REMOVE_GIT_FROM_RESOURCES\=YES
    export REMOVE_HEADERS_FROM_EMBEDDED_BUNDLES\=YES
    export REMOVE_HG_FROM_RESOURCES\=YES
    export REMOVE_STATIC_EXECUTABLES_FROM_EMBEDDED_BUNDLES\=YES
    export REMOVE_SVN_FROM_RESOURCES\=YES
    export RESCHEDULE_INDEPENDENT_HEADERS_PHASES\=YES
    export REZ_COLLECTOR_DIR\=/Users/german/Work/JS/polski-grammar-srs/kotlin/iosApp/build/FinalVirtualToolbarIPadFull/Build/Intermediates.noindex/PolskiGrammar.build/Debug-iphonesimulator/PolskiGrammar.build/ResourceManagerResources
    export REZ_OBJECTS_DIR\=/Users/german/Work/JS/polski-grammar-srs/kotlin/iosApp/build/FinalVirtualToolbarIPadFull/Build/Intermediates.noindex/PolskiGrammar.build/Debug-iphonesimulator/PolskiGrammar.build/ResourceManagerResources/Objects
    export REZ_SEARCH_PATHS\=/Users/german/Work/JS/polski-grammar-srs/kotlin/iosApp/build/FinalVirtualToolbarIPadFull/Build/Products/Debug-iphonesimulator\ 
    export RPATH_ORIGIN\=@loader_path
    export RUNTIME_EXCEPTION_ALLOW_DYLD_ENVIRONMENT_VARIABLES\=NO
    export RUNTIME_EXCEPTION_ALLOW_JIT\=NO
    export RUNTIME_EXCEPTION_ALLOW_UNSIGNED_EXECUTABLE_MEMORY\=NO
    export RUNTIME_EXCEPTION_DEBUGGING_TOOL\=NO
    export RUNTIME_EXCEPTION_DISABLE_EXECUTABLE_PAGE_PROTECTION\=NO
    export RUNTIME_EXCEPTION_DISABLE_LIBRARY_VALIDATION\=NO
    export SCANNING_PCM_KEEP_CACHE_DIRECTORY\=YES
    export SCAN_ALL_SOURCE_FILES_FOR_INCLUDES\=NO
    export SCRIPTS_FOLDER_PATH\=PolskiGrammar.app/Scripts
    export SCRIPT_INPUT_FILE_COUNT\=0
    export SCRIPT_INPUT_FILE_LIST_COUNT\=0
    export SCRIPT_OUTPUT_FILE_COUNT\=0
    export SCRIPT_OUTPUT_FILE_LIST_COUNT\=0
    export SDKROOT\=/Applications/Xcode.app/Contents/Developer/Platforms/iPhoneSimulator.platform/Developer/SDKs/iPhoneSimulator27.0.sdk
    export SDK_DIR\=/Applications/Xcode.app/Contents/Developer/Platforms/iPhoneSimulator.platform/Developer/SDKs/iPhoneSimulator27.0.sdk
    export SDK_DIR_iphonesimulator\=/Applications/Xcode.app/Contents/Developer/Platforms/iPhoneSimulator.platform/Developer/SDKs/iPhoneSimulator27.0.sdk
    export SDK_DIR_iphonesimulator27_0\=/Applications/Xcode.app/Contents/Developer/Platforms/iPhoneSimulator.platform/Developer/SDKs/iPhoneSimulator27.0.sdk
    export SDK_NAME\=iphonesimulator27.0
    export SDK_NAMES\=iphonesimulator27.0
    export SDK_PRODUCT_BUILD_VERSION\=24A430
    export SDK_STAT_CACHE_DIR\=/Users/german/Work/JS/polski-grammar-srs/kotlin/iosApp/build/FinalVirtualToolbarIPadFull
    export SDK_STAT_CACHE_ENABLE\=YES
    export SDK_STAT_CACHE_PATH\=/Users/german/Work/JS/polski-grammar-srs/kotlin/iosApp/build/FinalVirtualToolbarIPadFull/SDKStatCaches.noindex/iphonesimulator27.0-24A430-8dc58220667be655e1bcc261a7455254.sdkstatcache
    export SDK_VERSION\=27.0
    export SDK_VERSION_ACTUAL\=270000
    export SDK_VERSION_MAJOR\=270000
    export SDK_VERSION_MINOR\=270000
    export SED\=/usr/bin/sed
    export SEPARATE_STRIP\=NO
    export SEPARATE_SYMBOL_EDIT\=NO
    export SET_DIR_MODE_OWNER_GROUP\=YES
    export SET_FILE_MODE_OWNER_GROUP\=NO
    export SHALLOW_BUNDLE\=YES
    export SHALLOW_BUNDLE_TRIPLE\=ios-simulator
    export SHALLOW_BUNDLE_ios_macabi\=NO
    export SHALLOW_BUNDLE_macos\=NO
    export SHARED_DERIVED_FILE_DIR\=/Users/german/Work/JS/polski-grammar-srs/kotlin/iosApp/build/FinalVirtualToolbarIPadFull/Build/Products/Debug-iphonesimulator/DerivedSources
    export SHARED_FRAMEWORKS_FOLDER_PATH\=PolskiGrammar.app/SharedFrameworks
    export SHARED_PRECOMPS_DIR\=/Users/german/Work/JS/polski-grammar-srs/kotlin/iosApp/build/FinalVirtualToolbarIPadFull/Build/Intermediates.noindex/PrecompiledHeaders
    export SHARED_SUPPORT_FOLDER_PATH\=PolskiGrammar.app/SharedSupport
    export SKIP_COPYING_TEST_FRAMEWORKS\=YES
    export SKIP_INSTALL\=NO
    export SKIP_MERGEABLE_LIBRARY_BUNDLE_HOOK\=NO
    export SOURCE_ROOT\=/Users/german/Work/JS/polski-grammar-srs/kotlin/iosApp
    export SRCROOT\=/Users/german/Work/JS/polski-grammar-srs/kotlin/iosApp
    export STRINGSDATA_DIR\=/Users/german/Work/JS/polski-grammar-srs/kotlin/iosApp/build/FinalVirtualToolbarIPadFull/Build/Intermediates.noindex/PolskiGrammar.build/Debug-iphonesimulator/PolskiGrammar.build/Objects-normal/undefined_arch
    export STRINGSDATA_ROOT\=/Users/german/Work/JS/polski-grammar-srs/kotlin/iosApp/build/FinalVirtualToolbarIPadFull/Build/Intermediates.noindex/PolskiGrammar.build/Debug-iphonesimulator/PolskiGrammar.build
    export STRINGS_FILE_INFOPLIST_RENAME\=YES
    export STRINGS_FILE_OUTPUT_ENCODING\=binary
    export STRING_CATALOG_GENERATE_SYMBOLS\=NO
    export STRIP_BITCODE_FROM_COPIED_FILES\=NO
    export STRIP_INSTALLED_PRODUCT\=NO
    export STRIP_STYLE\=all
    export STRIP_SWIFT_SYMBOLS\=YES
    export SUPPORTED_DEVICE_FAMILIES\=1,2
    export SUPPORTED_PLATFORMS\=iphoneos\ iphonesimulator
    export SUPPORTS_MACCATALYST\=NO
    export SUPPORTS_ON_DEMAND_RESOURCES\=YES
    export SUPPORTS_TEXT_BASED_API\=NO
    export SUPPRESS_WARNINGS\=NO
    export SWIFTC_PASS_SDKROOT\=YES
    export SWIFTC_PASS_SYSROOT\=NO
    export SWIFT_ACTIVE_COMPILATION_CONDITIONS\=DEBUG
    export SWIFT_COLOR_DIAGNOSTICS\=NO
    export SWIFT_EMIT_CONST_VALUE_PROTOCOLS\=AnyResolverProviding\ AppEntity\ AppEnum\ AppExtension\ AppIntent\ AppIntentsPackage\ AppShortcutProviding\ AppShortcutsProvider\ AppUnionValue\ AppUnionValueCasesProviding\ DynamicOptionsProvider\ EntityQuery\ ExtensionPointDefining\ IntentValueQuery\ Resolver\ TransientEntity\ _AssistantIntentsProvider\ _GenerativeFunctionExtractable\ _IntentValueRepresentable
    export SWIFT_EMIT_LOC_STRINGS\=NO
    export SWIFT_ENABLE_EXPLICIT_MODULES\=YES
    export SWIFT_ENABLE_TESTABILITY\=YES
    export SWIFT_OPTIMIZATION_LEVEL\=-Onone
    export SWIFT_PLATFORM_TARGET_PREFIX\=ios
    export SWIFT_RESPONSE_FILE_PATH_normal_arm64\=/Users/german/Work/JS/polski-grammar-srs/kotlin/iosApp/build/FinalVirtualToolbarIPadFull/Build/Intermediates.noindex/PolskiGrammar.build/Debug-iphonesimulator/PolskiGrammar.build/Objects-normal/arm64/PolskiGrammar.SwiftFileList
    export SWIFT_VERSION\=5.0
    export SYMROOT\=/Users/german/Work/JS/polski-grammar-srs/kotlin/iosApp/build/FinalVirtualToolbarIPadFull/Build/Products
    export SYSROOT\=/Applications/Xcode.app/Contents/Developer/Platforms/iPhoneSimulator.platform/Developer/SDKs/iPhoneSimulator27.0.sdk
    export SYSTEM_ADMIN_APPS_DIR\=/Applications/Utilities
    export SYSTEM_APPS_DIR\=/Applications
    export SYSTEM_CORE_SERVICES_DIR\=/System/Library/CoreServices
    export SYSTEM_DEMOS_DIR\=/Applications/Extras
    export SYSTEM_DEVELOPER_APPS_DIR\=/Applications/Xcode.app/Contents/Developer/Applications
    export SYSTEM_DEVELOPER_BIN_DIR\=/Applications/Xcode.app/Contents/Developer/usr/bin
    export SYSTEM_DEVELOPER_DEMOS_DIR\=/Applications/Xcode.app/Contents/Developer/Applications/Utilities/Built\ Examples
    export SYSTEM_DEVELOPER_DIR\=/Applications/Xcode.app/Contents/Developer
    export SYSTEM_DEVELOPER_DOC_DIR\=/Applications/Xcode.app/Contents/Developer/ADC\ Reference\ Library
    export SYSTEM_DEVELOPER_GRAPHICS_TOOLS_DIR\=/Applications/Xcode.app/Contents/Developer/Applications/Graphics\ Tools
    export SYSTEM_DEVELOPER_JAVA_TOOLS_DIR\=/Applications/Xcode.app/Contents/Developer/Applications/Java\ Tools
    export SYSTEM_DEVELOPER_PERFORMANCE_TOOLS_DIR\=/Applications/Xcode.app/Contents/Developer/Applications/Performance\ Tools
    export SYSTEM_DEVELOPER_RELEASENOTES_DIR\=/Applications/Xcode.app/Contents/Developer/ADC\ Reference\ Library/releasenotes
    export SYSTEM_DEVELOPER_TOOLS\=/Applications/Xcode.app/Contents/Developer/Tools
    export SYSTEM_DEVELOPER_TOOLS_DOC_DIR\=/Applications/Xcode.app/Contents/Developer/ADC\ Reference\ Library/documentation/DeveloperTools
    export SYSTEM_DEVELOPER_TOOLS_RELEASENOTES_DIR\=/Applications/Xcode.app/Contents/Developer/ADC\ Reference\ Library/releasenotes/DeveloperTools
    export SYSTEM_DEVELOPER_USR_DIR\=/Applications/Xcode.app/Contents/Developer/usr
    export SYSTEM_DEVELOPER_UTILITIES_DIR\=/Applications/Xcode.app/Contents/Developer/Applications/Utilities
    export SYSTEM_DEXT_INSTALL_PATH\=/System/Library/DriverExtensions
    export SYSTEM_DOCUMENTATION_DIR\=/Library/Documentation
    export SYSTEM_EXTENSIONS_FOLDER_PATH\=PolskiGrammar.app/SystemExtensions
    export SYSTEM_EXTENSIONS_FOLDER_PATH_SHALLOW_BUNDLE_NO\=PolskiGrammar.app/Library/SystemExtensions
    export SYSTEM_EXTENSIONS_FOLDER_PATH_SHALLOW_BUNDLE_YES\=PolskiGrammar.app/SystemExtensions
    export SYSTEM_KEXT_INSTALL_PATH\=/System/Library/Extensions
    export SYSTEM_LIBRARY_DIR\=/System/Library
    export TAPI_DEMANGLE\=YES
    export TAPI_ENABLE_PROJECT_HEADERS\=NO
    export TAPI_LANGUAGE\=objective-c
    export TAPI_LANGUAGE_STANDARD\=compiler-default
    export TAPI_USE_SRCROOT\=YES
    export TAPI_VERIFY_MODE\=Pedantic
    export TARGETED_DEVICE_FAMILY\=1,2
    export TARGETNAME\=PolskiGrammar
    export TARGET_BUILD_DIR\=/Users/german/Work/JS/polski-grammar-srs/kotlin/iosApp/build/FinalVirtualToolbarIPadFull/Build/Products/Debug-iphonesimulator
    export TARGET_DEVICE_IDENTIFIER\=1885365E-A680-4EAC-926F-08E58B95A83D
    export TARGET_DEVICE_MODEL\=iPad17,4
    export TARGET_DEVICE_OS_VERSION\=26.1
    export TARGET_DEVICE_PLATFORM_NAME\=iphonesimulator
    export TARGET_NAME\=PolskiGrammar
    export TARGET_TEMP_DIR\=/Users/german/Work/JS/polski-grammar-srs/kotlin/iosApp/build/FinalVirtualToolbarIPadFull/Build/Intermediates.noindex/PolskiGrammar.build/Debug-iphonesimulator/PolskiGrammar.build
    export TEMP_DIR\=/Users/german/Work/JS/polski-grammar-srs/kotlin/iosApp/build/FinalVirtualToolbarIPadFull/Build/Intermediates.noindex/PolskiGrammar.build/Debug-iphonesimulator/PolskiGrammar.build
    export TEMP_FILES_DIR\=/Users/german/Work/JS/polski-grammar-srs/kotlin/iosApp/build/FinalVirtualToolbarIPadFull/Build/Intermediates.noindex/PolskiGrammar.build/Debug-iphonesimulator/PolskiGrammar.build
    export TEMP_FILE_DIR\=/Users/german/Work/JS/polski-grammar-srs/kotlin/iosApp/build/FinalVirtualToolbarIPadFull/Build/Intermediates.noindex/PolskiGrammar.build/Debug-iphonesimulator/PolskiGrammar.build
    export TEMP_ROOT\=/Users/german/Work/JS/polski-grammar-srs/kotlin/iosApp/build/FinalVirtualToolbarIPadFull/Build/Intermediates.noindex
    export TEMP_SANDBOX_DIR\=/Users/german/Work/JS/polski-grammar-srs/kotlin/iosApp/build/FinalVirtualToolbarIPadFull/Build/Intermediates.noindex/TemporaryTaskSandboxes
    export TEST_FRAMEWORK_SEARCH_PATHS\=\ /Applications/Xcode.app/Contents/Developer/Platforms/iPhoneSimulator.platform/Developer/Library/Frameworks\ /Applications/Xcode.app/Contents/Developer/Platforms/iPhoneSimulator.platform/Developer/SDKs/iPhoneSimulator27.0.sdk/Developer/Library/Frameworks
    export TEST_LIBRARY_SEARCH_PATHS\=\ /Applications/Xcode.app/Contents/Developer/Platforms/iPhoneSimulator.platform/Developer/usr/lib
    export TOOLCHAINS\=com.apple.dt.toolchain.XcodeDefault
    export TOOLCHAIN_DIR\=/Applications/Xcode.app/Contents/Developer/Toolchains/XcodeDefault.xctoolchain
    export TREAT_MISSING_BASELINES_AS_TEST_FAILURES\=NO
    export TREAT_MISSING_SCRIPT_PHASE_OUTPUTS_AS_ERRORS\=NO
    export UID\=501
    export UNINSTALLED_PRODUCTS_DIR\=/Users/german/Work/JS/polski-grammar-srs/kotlin/iosApp/build/FinalVirtualToolbarIPadFull/Build/Intermediates.noindex/UninstalledProducts
    export UNLOCALIZED_RESOURCES_FOLDER_PATH\=PolskiGrammar.app
    export UNLOCALIZED_RESOURCES_FOLDER_PATH_SHALLOW_BUNDLE_NO\=PolskiGrammar.app/Resources
    export UNLOCALIZED_RESOURCES_FOLDER_PATH_SHALLOW_BUNDLE_YES\=PolskiGrammar.app
    export UNSTRIPPED_PRODUCT\=NO
    export USER\=german
    export USER_APPS_DIR\=/Users/german/Applications
    export USER_LIBRARY_DIR\=/Users/german/Library
    export USE_DYNAMIC_NO_PIC\=YES
    export USE_HEADERMAP\=YES
    export USE_HEADER_SYMLINKS\=NO
    export VALIDATE_DEVELOPMENT_ASSET_PATHS\=YES_ERROR
    export VALIDATE_PRODUCT\=NO
    export VALID_ARCHS\=arm64\ x86_64
    export VERBOSE_PBXCP\=NO
    export VERSIONPLIST_PATH\=PolskiGrammar.app/version.plist
    export VERSION_INFO_BUILDER\=german
    export VERSION_INFO_FILE\=PolskiGrammar_vers.c
    export VERSION_INFO_STRING\=\"@\(\#\)PROGRAM:PolskiGrammar\ \ PROJECT:PolskiGrammar-\"
    export WORKSPACE_DIR\=/Users/german/Work/JS/polski-grammar-srs/kotlin/iosApp/PolskiGrammar.xcodeproj
    export WRAPPER_EXTENSION\=app
    export WRAPPER_NAME\=PolskiGrammar.app
    export WRAPPER_SUFFIX\=.app
    export WRAP_ASSET_PACKS_IN_SEPARATE_DIRECTORIES\=NO
    export XCODE_APP_SUPPORT_DIR\=/Applications/Xcode.app/Contents/Developer/Library/Xcode
    export XCODE_PRODUCT_BUILD_VERSION\=27A266a
    export XCODE_VERSION_ACTUAL\=2700
    export XCODE_VERSION_MAJOR\=2700
    export XCODE_VERSION_MINOR\=2700
    export XPCSERVICES_FOLDER_PATH\=PolskiGrammar.app/XPCServices
    export YACC\=yacc
    export _DISCOVER_COMMAND_LINE_LINKER_INPUTS\=YES
    export _DISCOVER_COMMAND_LINE_LINKER_INPUTS_INCLUDE_WL\=YES
    export _LD_MULTIARCH\=YES
    export _SWIFT_EXPLICIT_MODULES_ALLOW_CXX_INTEROP\=YES
    export _WRAPPER_CONTENTS_DIR_SHALLOW_BUNDLE_NO\=/Contents
    export _WRAPPER_PARENT_PATH_SHALLOW_BUNDLE_NO\=/..
    export _WRAPPER_RESOURCES_DIR_SHALLOW_BUNDLE_NO\=/Resources
    export __ARCHS__\=arm64\ x86_64
    export __DIAGNOSE_DEPRECATED_ARCHS\=YES
    export __DIAGNOSE_INVALID_DEPLOYMENT_TARGET_AS_ERROR\=YES
    export __IS_NOT_MACOS\=YES
    export __IS_NOT_MACOS_macosx\=NO
    export __IS_NOT_SIMULATOR\=NO
    export __IS_NOT_SIMULATOR_simulator\=NO
    export __ORIGINAL_SDK_DEFINED_LLVM_TARGET_TRIPLE_SYS\=ios
    export arch\=undefined_arch
    export variant\=normal
    /bin/sh -c /Users/german/Work/JS/polski-grammar-srs/kotlin/iosApp/build/FinalVirtualToolbarIPadFull/Build/Intermediates.noindex/PolskiGrammar.build/Debug-iphonesimulator/PolskiGrammar.build/Script-DF070EF247392F9D1B643D23.sh
> Task :shared:kmpPartiallyResolvedDependenciesChecker
> Task :shared:checkKotlinGradlePluginConfigurationErrors SKIPPED
> Task :shared:checkSandboxAndWriteProtection
> Task :shared:downloadKotlinNativeDistribution UP-TO-DATE
> Task :shared:generateCoursePackSource UP-TO-DATE
> Task :shared:compileKotlinIosSimulatorArm64 UP-TO-DATE
> Task :shared:checkSyntheticImportProjectIsCorrectlyIntegratedForEmbedAndSign SKIPPED
> Task :shared:checkSyntheticImportProjectIsCorrectlyIntegratedForEmbedSwiftExport SKIPPED
> Task :shared:generateSyntheticLinkageSwiftPMImportProjectForEmbedAndSignLinkage SKIPPED
> Task :shared:linkDebugFrameworkIosSimulatorArm64 UP-TO-DATE

BUILD SUCCESSFUL in 2s
6 actionable tasks: 2 executed, 4 up-to-date
Consider enabling configuration cache to speed up this build: https://docs.gradle.org/9.3.1/userguide/configuration_cache_enabling.html

Ld /Users/german/Work/JS/polski-grammar-srs/kotlin/iosApp/build/FinalVirtualToolbarIPadFull/Build/Products/Debug-iphonesimulator/PolskiGrammar.app/__preview.dylib normal (in target 'PolskiGrammar' from project 'PolskiGrammar')
    cd /Users/german/Work/JS/polski-grammar-srs/kotlin/iosApp
    /Applications/Xcode.app/Contents/Developer/Toolchains/XcodeDefault.xctoolchain/usr/bin/clang -Xlinker -reproducible -target arm64-apple-ios17.0-simulator -dynamiclib -isysroot /Applications/Xcode.app/Contents/Developer/Platforms/iPhoneSimulator.platform/Developer/SDKs/iPhoneSimulator27.0.sdk -O0 -Xlinker -no_warn_duplicate_libraries -L/Users/german/Work/JS/polski-grammar-srs/kotlin/iosApp/build/FinalVirtualToolbarIPadFull/Build/Products/Debug-iphonesimulator -F/Users/german/Work/JS/polski-grammar-srs/kotlin/iosApp/build/FinalVirtualToolbarIPadFull/Build/Products/Debug-iphonesimulator -install_name @rpath/PolskiGrammar.debug.dylib -Xlinker -dead_strip -rdynamic -Xlinker -no_deduplicate -Xlinker -objc_abi_version -Xlinker 2 -Xlinker -dependency_info -Xlinker /Users/german/Work/JS/polski-grammar-srs/kotlin/iosApp/build/FinalVirtualToolbarIPadFull/Build/Intermediates.noindex/PolskiGrammar.build/Debug-iphonesimulator/PolskiGrammar.build/Objects-normal/arm64/PolskiGrammar_dependency_info.dat -o /Users/german/Work/JS/polski-grammar-srs/kotlin/iosApp/build/FinalVirtualToolbarIPadFull/Build/Products/Debug-iphonesimulator/PolskiGrammar.app/__preview.dylib

MkDir /Users/german/Work/JS/polski-grammar-srs/kotlin/iosApp/build/FinalVirtualToolbarIPadFull/Build/Intermediates.noindex/PolskiGrammar.build/Debug-iphonesimulator/PolskiGrammar.build/assetcatalog_output/unthinned (in target 'PolskiGrammar' from project 'PolskiGrammar')
    cd /Users/german/Work/JS/polski-grammar-srs/kotlin/iosApp
    /bin/mkdir -p /Users/german/Work/JS/polski-grammar-srs/kotlin/iosApp/build/FinalVirtualToolbarIPadFull/Build/Intermediates.noindex/PolskiGrammar.build/Debug-iphonesimulator/PolskiGrammar.build/assetcatalog_output/unthinned

MkDir /Users/german/Work/JS/polski-grammar-srs/kotlin/iosApp/build/FinalVirtualToolbarIPadFull/Build/Intermediates.noindex/PolskiGrammar.build/Debug-iphonesimulator/PolskiGrammar.build/assetcatalog_output/thinned (in target 'PolskiGrammar' from project 'PolskiGrammar')
    cd /Users/german/Work/JS/polski-grammar-srs/kotlin/iosApp
    /bin/mkdir -p /Users/german/Work/JS/polski-grammar-srs/kotlin/iosApp/build/FinalVirtualToolbarIPadFull/Build/Intermediates.noindex/PolskiGrammar.build/Debug-iphonesimulator/PolskiGrammar.build/assetcatalog_output/thinned

GenerateAssetSymbols /Users/german/Work/JS/polski-grammar-srs/kotlin/iosApp/PolskiGrammar/Assets.xcassets (in target 'PolskiGrammar' from project 'PolskiGrammar')
    cd /Users/german/Work/JS/polski-grammar-srs/kotlin/iosApp
    /Applications/Xcode.app/Contents/Developer/usr/bin/actool /Users/german/Work/JS/polski-grammar-srs/kotlin/iosApp/PolskiGrammar/Assets.xcassets --compile /Users/german/Work/JS/polski-grammar-srs/kotlin/iosApp/build/FinalVirtualToolbarIPadFull/Build/Products/Debug-iphonesimulator/PolskiGrammar.app --output-format human-readable-text --notices --warnings --export-dependency-info /Users/german/Work/JS/polski-grammar-srs/kotlin/iosApp/build/FinalVirtualToolbarIPadFull/Build/Intermediates.noindex/PolskiGrammar.build/Debug-iphonesimulator/PolskiGrammar.build/assetcatalog_dependencies --output-partial-info-plist /Users/german/Work/JS/polski-grammar-srs/kotlin/iosApp/build/FinalVirtualToolbarIPadFull/Build/Intermediates.noindex/PolskiGrammar.build/Debug-iphonesimulator/PolskiGrammar.build/assetcatalog_generated_info.plist --app-icon AppIcon --accent-color AccentColor --compress-pngs --enable-on-demand-resources YES --development-region ru --target-device iphone --target-device ipad --minimum-deployment-target 17.0 --platform iphonesimulator --bundle-identifier dev.polski.grammarmatrix.ios --generate-swift-asset-symbol-extensions NO --generate-swift-asset-symbols /Users/german/Work/JS/polski-grammar-srs/kotlin/iosApp/build/FinalVirtualToolbarIPadFull/Build/Intermediates.noindex/PolskiGrammar.build/Debug-iphonesimulator/PolskiGrammar.build/DerivedSources/GeneratedAssetSymbols.swift --generate-objc-asset-symbols /Users/german/Work/JS/polski-grammar-srs/kotlin/iosApp/build/FinalVirtualToolbarIPadFull/Build/Intermediates.noindex/PolskiGrammar.build/Debug-iphonesimulator/PolskiGrammar.build/DerivedSources/GeneratedAssetSymbols.h --generate-asset-symbol-index /Users/german/Work/JS/polski-grammar-srs/kotlin/iosApp/build/FinalVirtualToolbarIPadFull/Build/Intermediates.noindex/PolskiGrammar.build/Debug-iphonesimulator/PolskiGrammar.build/DerivedSources/GeneratedAssetSymbols-Index.plist
/* com.apple.actool.compilation-results */
/Users/german/Work/JS/polski-grammar-srs/kotlin/iosApp/build/FinalVirtualToolbarIPadFull/Build/Intermediates.noindex/PolskiGrammar.build/Debug-iphonesimulator/PolskiGrammar.build/DerivedSources/GeneratedAssetSymbols-Index.plist
/Users/german/Work/JS/polski-grammar-srs/kotlin/iosApp/build/FinalVirtualToolbarIPadFull/Build/Intermediates.noindex/PolskiGrammar.build/Debug-iphonesimulator/PolskiGrammar.build/DerivedSources/GeneratedAssetSymbols.h
/Users/german/Work/JS/polski-grammar-srs/kotlin/iosApp/build/FinalVirtualToolbarIPadFull/Build/Intermediates.noindex/PolskiGrammar.build/Debug-iphonesimulator/PolskiGrammar.build/DerivedSources/GeneratedAssetSymbols.swift


CompileAssetCatalogVariant thinned /Users/german/Work/JS/polski-grammar-srs/kotlin/iosApp/build/FinalVirtualToolbarIPadFull/Build/Products/Debug-iphonesimulator/PolskiGrammar.app /Users/german/Work/JS/polski-grammar-srs/kotlin/iosApp/PolskiGrammar/Assets.xcassets (in target 'PolskiGrammar' from project 'PolskiGrammar')
    cd /Users/german/Work/JS/polski-grammar-srs/kotlin/iosApp
    /Applications/Xcode.app/Contents/Developer/usr/bin/actool /Users/german/Work/JS/polski-grammar-srs/kotlin/iosApp/PolskiGrammar/Assets.xcassets --compile /Users/german/Work/JS/polski-grammar-srs/kotlin/iosApp/build/FinalVirtualToolbarIPadFull/Build/Intermediates.noindex/PolskiGrammar.build/Debug-iphonesimulator/PolskiGrammar.build/assetcatalog_output/thinned --output-format human-readable-text --notices --warnings --export-dependency-info /Users/german/Work/JS/polski-grammar-srs/kotlin/iosApp/build/FinalVirtualToolbarIPadFull/Build/Intermediates.noindex/PolskiGrammar.build/Debug-iphonesimulator/PolskiGrammar.build/assetcatalog_dependencies_thinned --output-partial-info-plist /Users/german/Work/JS/polski-grammar-srs/kotlin/iosApp/build/FinalVirtualToolbarIPadFull/Build/Intermediates.noindex/PolskiGrammar.build/Debug-iphonesimulator/PolskiGrammar.build/assetcatalog_generated_info.plist_thinned --app-icon AppIcon --accent-color AccentColor --compress-pngs --enable-on-demand-resources YES --filter-for-thinning-device-configuration iPad17,4-A --filter-for-device-os-version 26.1 --development-region ru --target-device iphone --target-device ipad --minimum-deployment-target 17.0 --platform iphonesimulator
/* com.apple.actool.compilation-results */
/Users/german/Work/JS/polski-grammar-srs/kotlin/iosApp/build/FinalVirtualToolbarIPadFull/Build/Intermediates.noindex/PolskiGrammar.build/Debug-iphonesimulator/PolskiGrammar.build/assetcatalog_generated_info.plist_thinned
/Users/german/Work/JS/polski-grammar-srs/kotlin/iosApp/build/FinalVirtualToolbarIPadFull/Build/Intermediates.noindex/PolskiGrammar.build/Debug-iphonesimulator/PolskiGrammar.build/assetcatalog_output/thinned/AppIcon60x60@2x.png
/Users/german/Work/JS/polski-grammar-srs/kotlin/iosApp/build/FinalVirtualToolbarIPadFull/Build/Intermediates.noindex/PolskiGrammar.build/Debug-iphonesimulator/PolskiGrammar.build/assetcatalog_output/thinned/AppIcon76x76@2x~ipad.png
/Users/german/Work/JS/polski-grammar-srs/kotlin/iosApp/build/FinalVirtualToolbarIPadFull/Build/Intermediates.noindex/PolskiGrammar.build/Debug-iphonesimulator/PolskiGrammar.build/assetcatalog_output/thinned/Assets.car


SwiftDriver PolskiGrammar normal arm64 com.apple.xcode.tools.swift.compiler (in target 'PolskiGrammar' from project 'PolskiGrammar')
    cd /Users/german/Work/JS/polski-grammar-srs/kotlin/iosApp
    builtin-SwiftDriver -- /Applications/Xcode.app/Contents/Developer/Toolchains/XcodeDefault.xctoolchain/usr/bin/swiftc -module-name PolskiGrammar -Onone @/Users/german/Work/JS/polski-grammar-srs/kotlin/iosApp/build/FinalVirtualToolbarIPadFull/Build/Intermediates.noindex/PolskiGrammar.build/Debug-iphonesimulator/PolskiGrammar.build/Objects-normal/arm64/PolskiGrammar.SwiftFileList -DDEBUG -enable-bare-slash-regex -enable-experimental-feature DebugDescriptionMacro -sdk /Applications/Xcode.app/Contents/Developer/Platforms/iPhoneSimulator.platform/Developer/SDKs/iPhoneSimulator27.0.sdk -target arm64-apple-ios17.0-simulator -g -module-cache-path /Users/german/Work/JS/polski-grammar-srs/kotlin/iosApp/build/FinalVirtualToolbarIPadFull/ModuleCache.noindex -Xfrontend -serialize-debugging-options -enable-testing -index-store-path /Users/german/Work/JS/polski-grammar-srs/kotlin/iosApp/build/FinalVirtualToolbarIPadFull/Index.noindex/DataStore -Xcc -D_LIBCPP_HARDENING_MODE\=_LIBCPP_HARDENING_MODE_DEBUG -swift-version 5 -I /Users/german/Work/JS/polski-grammar-srs/kotlin/iosApp/build/FinalVirtualToolbarIPadFull/Build/Products/Debug-iphonesimulator -F /Users/german/Work/JS/polski-grammar-srs/kotlin/iosApp/build/FinalVirtualToolbarIPadFull/Build/Products/Debug-iphonesimulator -c -j10 -enable-batch-mode -incremental -Xcc -ivfsstatcache -Xcc /Users/german/Work/JS/polski-grammar-srs/kotlin/iosApp/build/FinalVirtualToolbarIPadFull/SDKStatCaches.noindex/iphonesimulator27.0-24A430-8dc58220667be655e1bcc261a7455254.sdkstatcache -output-file-map /Users/german/Work/JS/polski-grammar-srs/kotlin/iosApp/build/FinalVirtualToolbarIPadFull/Build/Intermediates.noindex/PolskiGrammar.build/Debug-iphonesimulator/PolskiGrammar.build/Objects-normal/arm64/PolskiGrammar-OutputFileMap.json -save-temps -no-color-diagnostics -explicit-module-build -module-cache-path /Users/german/Work/JS/polski-grammar-srs/kotlin/iosApp/build/FinalVirtualToolbarIPadFull/Build/Intermediates.noindex/SwiftExplicitPrecompiledModules -clang-scanner-module-cache-path /Users/german/Work/JS/polski-grammar-srs/kotlin/iosApp/build/FinalVirtualToolbarIPadFull/ModuleCache.noindex -sdk-module-cache-path /Users/german/Work/JS/polski-grammar-srs/kotlin/iosApp/build/FinalVirtualToolbarIPadFull/SDKExplicitPrecompiledModules -emit-dependencies -emit-module -emit-module-path /Users/german/Work/JS/polski-grammar-srs/kotlin/iosApp/build/FinalVirtualToolbarIPadFull/Build/Intermediates.noindex/PolskiGrammar.build/Debug-iphonesimulator/PolskiGrammar.build/Objects-normal/arm64/PolskiGrammar.swiftmodule -serialize-diagnostics -dependency-scan-serialize-diagnostics-path /Users/german/Work/JS/polski-grammar-srs/kotlin/iosApp/build/FinalVirtualToolbarIPadFull/Build/Intermediates.noindex/PolskiGrammar.build/Debug-iphonesimulator/PolskiGrammar.build/Objects-normal/arm64/PolskiGrammar-dependency-scan.dia -validate-clang-modules-once -clang-build-session-file /Users/german/Work/JS/polski-grammar-srs/kotlin/iosApp/build/FinalVirtualToolbarIPadFull/ModuleCache.noindex/Session.modulevalidation -Xcc -fmodules-prune-interval\=86400 -Xcc -fmodules-prune-after\=345600 -emit-const-values -const-gather-protocols-list /Users/german/Work/JS/polski-grammar-srs/kotlin/iosApp/build/FinalVirtualToolbarIPadFull/Build/Intermediates.noindex/PolskiGrammar.build/Debug-iphonesimulator/PolskiGrammar.build/Objects-normal/arm64/PolskiGrammar_const_extract_protocols.json -Xcc -iquote -Xcc /Users/german/Work/JS/polski-grammar-srs/kotlin/iosApp/build/FinalVirtualToolbarIPadFull/Build/Intermediates.noindex/PolskiGrammar.build/Debug-iphonesimulator/PolskiGrammar.build/PolskiGrammar-generated-files.hmap -Xcc -I/Users/german/Work/JS/polski-grammar-srs/kotlin/iosApp/build/FinalVirtualToolbarIPadFull/Build/Intermediates.noindex/PolskiGrammar.build/Debug-iphonesimulator/PolskiGrammar.build/PolskiGrammar-own-target-headers.hmap -Xcc -I/Users/german/Work/JS/polski-grammar-srs/kotlin/iosApp/build/FinalVirtualToolbarIPadFull/Build/Intermediates.noindex/PolskiGrammar.build/Debug-iphonesimulator/PolskiGrammar.build/PolskiGrammar-all-target-headers.hmap -Xcc -iquote -Xcc /Users/german/Work/JS/polski-grammar-srs/kotlin/iosApp/build/FinalVirtualToolbarIPadFull/Build/Intermediates.noindex/PolskiGrammar.build/Debug-iphonesimulator/PolskiGrammar.build/PolskiGrammar-project-headers.hmap -Xcc -I/Users/german/Work/JS/polski-grammar-srs/kotlin/iosApp/build/FinalVirtualToolbarIPadFull/Build/Products/Debug-iphonesimulator/include -Xcc -I/Users/german/Work/JS/polski-grammar-srs/kotlin/iosApp/build/FinalVirtualToolbarIPadFull/Build/Intermediates.noindex/PolskiGrammar.build/Debug-iphonesimulator/PolskiGrammar.build/DerivedSources-normal/arm64 -Xcc -I/Users/german/Work/JS/polski-grammar-srs/kotlin/iosApp/build/FinalVirtualToolbarIPadFull/Build/Intermediates.noindex/PolskiGrammar.build/Debug-iphonesimulator/PolskiGrammar.build/DerivedSources/arm64 -Xcc -I/Users/german/Work/JS/polski-grammar-srs/kotlin/iosApp/build/FinalVirtualToolbarIPadFull/Build/Intermediates.noindex/PolskiGrammar.build/Debug-iphonesimulator/PolskiGrammar.build/DerivedSources -Xcc -DDEBUG\=1 -emit-objc-header -emit-objc-header-path /Users/german/Work/JS/polski-grammar-srs/kotlin/iosApp/build/FinalVirtualToolbarIPadFull/Build/Intermediates.noindex/PolskiGrammar.build/Debug-iphonesimulator/PolskiGrammar.build/Objects-normal/arm64/PolskiGrammar-Swift.h -working-directory /Users/german/Work/JS/polski-grammar-srs/kotlin/iosApp -experimental-emit-module-separately -disable-cmo

SwiftExplicitDependencyGeneratePcm arm64 /Users/german/Work/JS/polski-grammar-srs/kotlin/iosApp/build/FinalVirtualToolbarIPadFull/SDKExplicitPrecompiledModules/ptrcheck-C77IST51G9667LLOKGTA0HG3K.pcm

SwiftExplicitDependencyGeneratePcm arm64 /Users/german/Work/JS/polski-grammar-srs/kotlin/iosApp/build/FinalVirtualToolbarIPadFull/SDKExplicitPrecompiledModules/_AvailabilityInternal-B7NW1VYDFXX0NPQ3PIBN44VTJ.pcm

SwiftExplicitDependencyGeneratePcm arm64 /Users/german/Work/JS/polski-grammar-srs/kotlin/iosApp/build/FinalVirtualToolbarIPadFull/SDKExplicitPrecompiledModules/_Builtin_stddef-3NBMGXEBFUL0F4R0QF4INUZ12.pcm

SwiftExplicitDependencyGeneratePcm arm64 /Users/german/Work/JS/polski-grammar-srs/kotlin/iosApp/build/FinalVirtualToolbarIPadFull/SDKExplicitPrecompiledModules/_Builtin_stdbool-6YF9AF66KT43DBTRQOBPSAI95.pcm

SwiftExplicitDependencyGeneratePcm arm64 /Users/german/Work/JS/polski-grammar-srs/kotlin/iosApp/build/FinalVirtualToolbarIPadFull/SDKExplicitPrecompiledModules/_Builtin_float-DBBLJOYJ8J827A0J2DUJ1H73W.pcm

SwiftExplicitDependencyGeneratePcm arm64 /Users/german/Work/JS/polski-grammar-srs/kotlin/iosApp/build/FinalVirtualToolbarIPadFull/SDKExplicitPrecompiledModules/ptrauth-5F9KCBT2CH20WZ6RRWSRIREHH.pcm

SwiftExplicitDependencyGeneratePcm arm64 /Users/german/Work/JS/polski-grammar-srs/kotlin/iosApp/build/FinalVirtualToolbarIPadFull/SDKExplicitPrecompiledModules/DeveloperToolsSupport-4WL20722UTTJTEMH0EK3ET0QU.pcm

SwiftExplicitDependencyGeneratePcm arm64 /Users/german/Work/JS/polski-grammar-srs/kotlin/iosApp/build/FinalVirtualToolbarIPadFull/SDKExplicitPrecompiledModules/_SwiftConcurrencyShims-6M3MDJ67XCP64K28SY7RIPA7N.pcm

SwiftExplicitDependencyGeneratePcm arm64 /Users/german/Work/JS/polski-grammar-srs/kotlin/iosApp/build/FinalVirtualToolbarIPadFull/SDKExplicitPrecompiledModules/_Builtin_stdarg-A7TARA87YQD4S3R09A2I8N4RT.pcm

SwiftExplicitDependencyGeneratePcm arm64 /Users/german/Work/JS/polski-grammar-srs/kotlin/iosApp/build/FinalVirtualToolbarIPadFull/SDKExplicitPrecompiledModules/SwiftShims-AE4FBCHD0Y2QM7SW6WQZHJLVK.pcm

SwiftExplicitDependencyGeneratePcm arm64 /Users/german/Work/JS/polski-grammar-srs/kotlin/iosApp/build/FinalVirtualToolbarIPadFull/SDKExplicitPrecompiledModules/_DarwinFoundation1-4TY5PC027M6HENW0B87MQ0SSV.pcm

SwiftExplicitDependencyGeneratePcm arm64 /Users/german/Work/JS/polski-grammar-srs/kotlin/iosApp/build/FinalVirtualToolbarIPadFull/SDKExplicitPrecompiledModules/_DarwinFoundation2-BIMAIM82CRI6PYBRKEN21IIQ0.pcm

SwiftExplicitDependencyGeneratePcm arm64 /Users/german/Work/JS/polski-grammar-srs/kotlin/iosApp/build/FinalVirtualToolbarIPadFull/SDKExplicitPrecompiledModules/_Builtin_limits-F3BQON2AX5IOJTAH449QCWBUK.pcm

SwiftExplicitDependencyGeneratePcm arm64 /Users/german/Work/JS/polski-grammar-srs/kotlin/iosApp/build/FinalVirtualToolbarIPadFull/SDKExplicitPrecompiledModules/_Builtin_stdint-5FN6XF3GLW8BLTHF355MT0PHB.pcm

SwiftExplicitDependencyGeneratePcm arm64 /Users/german/Work/JS/polski-grammar-srs/kotlin/iosApp/build/FinalVirtualToolbarIPadFull/SDKExplicitPrecompiledModules/string_h-1HHIBIV0BR7E4V5Y8Y53UH1HL.pcm

SwiftExplicitDependencyGeneratePcm arm64 /Users/german/Work/JS/polski-grammar-srs/kotlin/iosApp/build/FinalVirtualToolbarIPadFull/SDKExplicitPrecompiledModules/_Builtin_tgmath-4R09DTXPVJF6QSP7NAMKLY6XP.pcm

SwiftExplicitDependencyGeneratePcm arm64 /Users/german/Work/JS/polski-grammar-srs/kotlin/iosApp/build/FinalVirtualToolbarIPadFull/SDKExplicitPrecompiledModules/sys_types-8TMP1GLC896KWOCWYMXMT5DCE.pcm

SwiftExplicitDependencyGeneratePcm arm64 /Users/german/Work/JS/polski-grammar-srs/kotlin/iosApp/build/FinalVirtualToolbarIPadFull/SDKExplicitPrecompiledModules/_Builtin_stdatomic-9BFKA8SWN2H6JIMNEIHPM5MPI.pcm

SwiftExplicitDependencyGeneratePcm arm64 /Users/german/Work/JS/polski-grammar-srs/kotlin/iosApp/build/FinalVirtualToolbarIPadFull/SDKExplicitPrecompiledModules/_Builtin_intrinsics-4OTMNUMT6BCR9UC74QYQIS9HC.pcm

SwiftExplicitDependencyGeneratePcm arm64 /Users/german/Work/JS/polski-grammar-srs/kotlin/iosApp/build/FinalVirtualToolbarIPadFull/SDKExplicitPrecompiledModules/_DarwinFoundation3-EYALQGHAGKDUK94V706V8OSCZ.pcm

SwiftExplicitDependencyGeneratePcm arm64 /Users/german/Work/JS/polski-grammar-srs/kotlin/iosApp/build/FinalVirtualToolbarIPadFull/SDKExplicitPrecompiledModules/_Builtin_inttypes-CT1AKYU1ASRQ6X27XWVRWLCWL.pcm

SwiftExplicitDependencyGeneratePcm arm64 /Users/german/Work/JS/polski-grammar-srs/kotlin/iosApp/build/FinalVirtualToolbarIPadFull/SDKExplicitPrecompiledModules/Darwin-39S2A259UTK4JS2T0IRKY33L.pcm

SwiftExplicitDependencyGeneratePcm arm64 /Users/german/Work/JS/polski-grammar-srs/kotlin/iosApp/build/FinalVirtualToolbarIPadFull/SDKExplicitPrecompiledModules/simd-D733UO74IFTK3BVFYAD8951LC.pcm

SwiftExplicitDependencyGeneratePcm arm64 /Users/german/Work/JS/polski-grammar-srs/kotlin/iosApp/build/FinalVirtualToolbarIPadFull/SDKExplicitPrecompiledModules/MachO-2759EVJ6ECRNWD923XHKY2SDD.pcm

SwiftExplicitDependencyGeneratePcm arm64 /Users/german/Work/JS/polski-grammar-srs/kotlin/iosApp/build/FinalVirtualToolbarIPadFull/SDKExplicitPrecompiledModules/ObjectiveC-M4KLN7B3EMLALV8NHBRWGV89.pcm

SwiftExplicitDependencyGeneratePcm arm64 /Users/german/Work/JS/polski-grammar-srs/kotlin/iosApp/build/FinalVirtualToolbarIPadFull/SDKExplicitPrecompiledModules/os_object-DT8XYGQ5DCLSSZO8ACEAQE382.pcm

SwiftExplicitDependencyGeneratePcm arm64 /Users/german/Work/JS/polski-grammar-srs/kotlin/iosApp/build/FinalVirtualToolbarIPadFull/SDKExplicitPrecompiledModules/os_workgroup-57GBMQ9IF6P2I875KWY9X9FDF.pcm

SwiftExplicitDependencyGeneratePcm arm64 /Users/german/Work/JS/polski-grammar-srs/kotlin/iosApp/build/FinalVirtualToolbarIPadFull/SDKExplicitPrecompiledModules/Spatial-E2U2QWTBY3OAWHH5T9NGL42DO.pcm

SwiftExplicitDependencyGeneratePcm arm64 /Users/german/Work/JS/polski-grammar-srs/kotlin/iosApp/build/FinalVirtualToolbarIPadFull/SDKExplicitPrecompiledModules/Dispatch-9DH8XU4OICXCYR4OJFW1FWEZP.pcm

SwiftExplicitDependencyGeneratePcm arm64 /Users/german/Work/JS/polski-grammar-srs/kotlin/iosApp/build/FinalVirtualToolbarIPadFull/SDKExplicitPrecompiledModules/XPC-9AVUTX5CXN0WPA8RQX2QUKZRD.pcm

SwiftExplicitDependencyGeneratePcm arm64 /Users/german/Work/JS/polski-grammar-srs/kotlin/iosApp/build/FinalVirtualToolbarIPadFull/SDKExplicitPrecompiledModules/CoreFoundation-7CHFN2ZUVNA16LQHMWLZ8FQS8.pcm

SwiftExplicitDependencyGeneratePcm arm64 /Users/german/Work/JS/polski-grammar-srs/kotlin/iosApp/build/FinalVirtualToolbarIPadFull/SDKExplicitPrecompiledModules/os-4PJBDYNZBH589KCMZ88CGT50L.pcm

LinkAssetCatalog /Users/german/Work/JS/polski-grammar-srs/kotlin/iosApp/PolskiGrammar/Assets.xcassets (in target 'PolskiGrammar' from project 'PolskiGrammar')
    cd /Users/german/Work/JS/polski-grammar-srs/kotlin/iosApp
    builtin-linkAssetCatalog --thinned /Users/german/Work/JS/polski-grammar-srs/kotlin/iosApp/build/FinalVirtualToolbarIPadFull/Build/Intermediates.noindex/PolskiGrammar.build/Debug-iphonesimulator/PolskiGrammar.build/assetcatalog_output/thinned --thinned-dependencies /Users/german/Work/JS/polski-grammar-srs/kotlin/iosApp/build/FinalVirtualToolbarIPadFull/Build/Intermediates.noindex/PolskiGrammar.build/Debug-iphonesimulator/PolskiGrammar.build/assetcatalog_dependencies_thinned --thinned-info-plist-content /Users/german/Work/JS/polski-grammar-srs/kotlin/iosApp/build/FinalVirtualToolbarIPadFull/Build/Intermediates.noindex/PolskiGrammar.build/Debug-iphonesimulator/PolskiGrammar.build/assetcatalog_generated_info.plist_thinned --unthinned /Users/german/Work/JS/polski-grammar-srs/kotlin/iosApp/build/FinalVirtualToolbarIPadFull/Build/Intermediates.noindex/PolskiGrammar.build/Debug-iphonesimulator/PolskiGrammar.build/assetcatalog_output/unthinned --unthinned-dependencies /Users/german/Work/JS/polski-grammar-srs/kotlin/iosApp/build/FinalVirtualToolbarIPadFull/Build/Intermediates.noindex/PolskiGrammar.build/Debug-iphonesimulator/PolskiGrammar.build/assetcatalog_dependencies_unthinned --unthinned-info-plist-content /Users/german/Work/JS/polski-grammar-srs/kotlin/iosApp/build/FinalVirtualToolbarIPadFull/Build/Intermediates.noindex/PolskiGrammar.build/Debug-iphonesimulator/PolskiGrammar.build/assetcatalog_generated_info.plist_unthinned --output /Users/german/Work/JS/polski-grammar-srs/kotlin/iosApp/build/FinalVirtualToolbarIPadFull/Build/Products/Debug-iphonesimulator/PolskiGrammar.app --plist-output /Users/german/Work/JS/polski-grammar-srs/kotlin/iosApp/build/FinalVirtualToolbarIPadFull/Build/Intermediates.noindex/PolskiGrammar.build/Debug-iphonesimulator/PolskiGrammar.build/assetcatalog_generated_info.plist
note: Emplaced /Users/german/Work/JS/polski-grammar-srs/kotlin/iosApp/build/FinalVirtualToolbarIPadFull/Build/Products/Debug-iphonesimulator/PolskiGrammar.app/AppIcon60x60@2x.png (in target 'PolskiGrammar' from project 'PolskiGrammar')
note: Emplaced /Users/german/Work/JS/polski-grammar-srs/kotlin/iosApp/build/FinalVirtualToolbarIPadFull/Build/Products/Debug-iphonesimulator/PolskiGrammar.app/Assets.car (in target 'PolskiGrammar' from project 'PolskiGrammar')
note: Emplaced /Users/german/Work/JS/polski-grammar-srs/kotlin/iosApp/build/FinalVirtualToolbarIPadFull/Build/Products/Debug-iphonesimulator/PolskiGrammar.app/AppIcon76x76@2x~ipad.png (in target 'PolskiGrammar' from project 'PolskiGrammar')

ProcessInfoPlistFile /Users/german/Work/JS/polski-grammar-srs/kotlin/iosApp/build/FinalVirtualToolbarIPadFull/Build/Products/Debug-iphonesimulator/PolskiGrammar.app/Info.plist /Users/german/Work/JS/polski-grammar-srs/kotlin/iosApp/build/FinalVirtualToolbarIPadFull/Build/Intermediates.noindex/PolskiGrammar.build/Debug-iphonesimulator/PolskiGrammar.build/empty-PolskiGrammar.plist (in target 'PolskiGrammar' from project 'PolskiGrammar')
    cd /Users/german/Work/JS/polski-grammar-srs/kotlin/iosApp
    builtin-infoPlistUtility /Users/german/Work/JS/polski-grammar-srs/kotlin/iosApp/build/FinalVirtualToolbarIPadFull/Build/Intermediates.noindex/PolskiGrammar.build/Debug-iphonesimulator/PolskiGrammar.build/empty-PolskiGrammar.plist -producttype com.apple.product-type.application -genpkginfo /Users/german/Work/JS/polski-grammar-srs/kotlin/iosApp/build/FinalVirtualToolbarIPadFull/Build/Products/Debug-iphonesimulator/PolskiGrammar.app/PkgInfo -expandbuildsettings -format binary -platform iphonesimulator -additionalcontentfile /Users/german/Work/JS/polski-grammar-srs/kotlin/iosApp/build/FinalVirtualToolbarIPadFull/Build/Intermediates.noindex/PolskiGrammar.build/Debug-iphonesimulator/PolskiGrammar.build/assetcatalog_generated_info.plist -o /Users/german/Work/JS/polski-grammar-srs/kotlin/iosApp/build/FinalVirtualToolbarIPadFull/Build/Products/Debug-iphonesimulator/PolskiGrammar.app/Info.plist

SwiftExplicitDependencyGeneratePcm arm64 /Users/german/Work/JS/polski-grammar-srs/kotlin/iosApp/build/FinalVirtualToolbarIPadFull/SDKExplicitPrecompiledModules/CoreGraphics-3SM8NV88WCUKNQ6NIOYKM9LSF.pcm

SwiftExplicitDependencyGeneratePcm arm64 /Users/german/Work/JS/polski-grammar-srs/kotlin/iosApp/build/FinalVirtualToolbarIPadFull/SDKExplicitPrecompiledModules/Security-BVOE7SFXDCM1WWQ3P9JZOM8BU.pcm

SwiftExplicitDependencyGeneratePcm arm64 /Users/german/Work/JS/polski-grammar-srs/kotlin/iosApp/build/FinalVirtualToolbarIPadFull/SDKExplicitPrecompiledModules/CFNetwork-51C8O5VLQ94V9MS1MR9H43IMU.pcm

SwiftExplicitDependencyGeneratePcm arm64 /Users/german/Work/JS/polski-grammar-srs/kotlin/iosApp/build/FinalVirtualToolbarIPadFull/SDKExplicitPrecompiledModules/CoreAudioTypes-Q84KJKUFIT9Z1YOKOHTMU5JC.pcm

SwiftExplicitDependencyGeneratePcm arm64 /Users/german/Work/JS/polski-grammar-srs/kotlin/iosApp/build/FinalVirtualToolbarIPadFull/SDKExplicitPrecompiledModules/CoreAudio-1YF43G9WNAF4RSXPGUD6M6324.pcm

SwiftExplicitDependencyGeneratePcm arm64 /Users/german/Work/JS/polski-grammar-srs/kotlin/iosApp/build/FinalVirtualToolbarIPadFull/SDKExplicitPrecompiledModules/Foundation-5CKU9FXD4QY9MN5Q10HOCJFPR.pcm

SwiftExplicitDependencyGeneratePcm arm64 /Users/german/Work/JS/polski-grammar-srs/kotlin/iosApp/build/FinalVirtualToolbarIPadFull/SDKExplicitPrecompiledModules/CoreText-CZ3ROSF7IBA1DTYL4QI0XBAX.pcm

SwiftExplicitDependencyGeneratePcm arm64 /Users/german/Work/JS/polski-grammar-srs/kotlin/iosApp/build/FinalVirtualToolbarIPadFull/SDKExplicitPrecompiledModules/ImageIO-5RG8YC69EHEAF348SOD6QADCP.pcm

SwiftExplicitDependencyGeneratePcm arm64 /Users/german/Work/JS/polski-grammar-srs/kotlin/iosApp/build/FinalVirtualToolbarIPadFull/Build/Intermediates.noindex/SwiftExplicitPrecompiledModules/PolskiShared-993JABEJVO2RBZELXFQ61A2RX.pcm

SwiftExplicitDependencyGeneratePcm arm64 /Users/german/Work/JS/polski-grammar-srs/kotlin/iosApp/build/FinalVirtualToolbarIPadFull/SDKExplicitPrecompiledModules/Symbols-1FIKZB4EN6LD6P358APT10RGU.pcm

SwiftExplicitDependencyGeneratePcm arm64 /Users/german/Work/JS/polski-grammar-srs/kotlin/iosApp/build/FinalVirtualToolbarIPadFull/SDKExplicitPrecompiledModules/_LocationEssentials-EV9LEDTWZLY6Z4J5EMZ38565R.pcm

SwiftExplicitDependencyGeneratePcm arm64 /Users/german/Work/JS/polski-grammar-srs/kotlin/iosApp/build/FinalVirtualToolbarIPadFull/SDKExplicitPrecompiledModules/IOSurface-4RORA6H93OS7RHUGI1HDX41ZF.pcm

SwiftExplicitDependencyGeneratePcm arm64 /Users/german/Work/JS/polski-grammar-srs/kotlin/iosApp/build/FinalVirtualToolbarIPadFull/SDKExplicitPrecompiledModules/CoreData-DKXQH86E882X0HWZ4E06UI26M.pcm

SwiftExplicitDependencyGeneratePcm arm64 /Users/german/Work/JS/polski-grammar-srs/kotlin/iosApp/build/FinalVirtualToolbarIPadFull/SDKExplicitPrecompiledModules/UIUtilities-9YJJGYWZFU57MR76PC5GOEWD1.pcm

SwiftExplicitDependencyGeneratePcm arm64 /Users/german/Work/JS/polski-grammar-srs/kotlin/iosApp/build/FinalVirtualToolbarIPadFull/SDKExplicitPrecompiledModules/OSLog-3YJIHFM7ZJEWDF4PIU8JHQZ71.pcm

SwiftExplicitDependencyGeneratePcm arm64 /Users/german/Work/JS/polski-grammar-srs/kotlin/iosApp/build/FinalVirtualToolbarIPadFull/SDKExplicitPrecompiledModules/FileProvider-8QTRYB8PK7L99ZXUXIQHL30Q6.pcm

SwiftExplicitDependencyGeneratePcm arm64 /Users/german/Work/JS/polski-grammar-srs/kotlin/iosApp/build/FinalVirtualToolbarIPadFull/SDKExplicitPrecompiledModules/CoreTransferable-7Z4O9A00KAQ19L8Z7D00O2C3X.pcm

SwiftExplicitDependencyGeneratePcm arm64 /Users/german/Work/JS/polski-grammar-srs/kotlin/iosApp/build/FinalVirtualToolbarIPadFull/SDKExplicitPrecompiledModules/DataDetection-19G7S6O56Y5JSGH3ALRJLTLD1.pcm

SwiftExplicitDependencyGeneratePcm arm64 /Users/german/Work/JS/polski-grammar-srs/kotlin/iosApp/build/FinalVirtualToolbarIPadFull/SDKExplicitPrecompiledModules/UserNotifications-DIESOWTX0ROV99QVF5PQIJRI7.pcm

SwiftExplicitDependencyGeneratePcm arm64 /Users/german/Work/JS/polski-grammar-srs/kotlin/iosApp/build/FinalVirtualToolbarIPadFull/SDKExplicitPrecompiledModules/UniformTypeIdentifiers-1PYDW8GR0M5HGS01NEU142UZK.pcm

SwiftExplicitDependencyGeneratePcm arm64 /Users/german/Work/JS/polski-grammar-srs/kotlin/iosApp/build/FinalVirtualToolbarIPadFull/SDKExplicitPrecompiledModules/OpenGLES-8WEDBTE57S777VU3R0QZXJVEK.pcm

SwiftExplicitDependencyGeneratePcm arm64 /Users/german/Work/JS/polski-grammar-srs/kotlin/iosApp/build/FinalVirtualToolbarIPadFull/SDKExplicitPrecompiledModules/Metal-21P39E3DA6UIZ05X7OLR9N38R.pcm

SwiftExplicitDependencyGeneratePcm arm64 /Users/german/Work/JS/polski-grammar-srs/kotlin/iosApp/build/FinalVirtualToolbarIPadFull/SDKExplicitPrecompiledModules/CoreLocation-BTL3J6U3RSI5DESR7AK61T1SV.pcm

SwiftExplicitDependencyGeneratePcm arm64 /Users/german/Work/JS/polski-grammar-srs/kotlin/iosApp/build/FinalVirtualToolbarIPadFull/SDKExplicitPrecompiledModules/Accessibility-5FYIZUT1HBMDXFSJ5H5BH3MVZ.pcm

SwiftExplicitDependencyGeneratePcm arm64 /Users/german/Work/JS/polski-grammar-srs/kotlin/iosApp/build/FinalVirtualToolbarIPadFull/SDKExplicitPrecompiledModules/CoreMotion-3MI95KHIHVKN2WPNTSQ6MF34J.pcm

SwiftExplicitDependencyGeneratePcm arm64 /Users/german/Work/JS/polski-grammar-srs/kotlin/iosApp/build/FinalVirtualToolbarIPadFull/SDKExplicitPrecompiledModules/CoreVideo-8VS0O38NLQ9EF6T6QATVHS8QL.pcm

SwiftExplicitDependencyGeneratePcm arm64 /Users/german/Work/JS/polski-grammar-srs/kotlin/iosApp/build/FinalVirtualToolbarIPadFull/SDKExplicitPrecompiledModules/CoreMedia-DWR91G224J8WGAM123BWVCUM0.pcm

SwiftExplicitDependencyGeneratePcm arm64 /Users/german/Work/JS/polski-grammar-srs/kotlin/iosApp/build/FinalVirtualToolbarIPadFull/SDKExplicitPrecompiledModules/QuartzCore-CZKU6VZKXA0TXJJMWIQ3MW8XX.pcm

SwiftExplicitDependencyGeneratePcm arm64 /Users/german/Work/JS/polski-grammar-srs/kotlin/iosApp/build/FinalVirtualToolbarIPadFull/SDKExplicitPrecompiledModules/CoreImage-2TJLITW0CUMA2GXSMARG8SDMD.pcm

SwiftExplicitDependencyGeneratePcm arm64 /Users/german/Work/JS/polski-grammar-srs/kotlin/iosApp/build/FinalVirtualToolbarIPadFull/SDKExplicitPrecompiledModules/SwiftUICore-45T2I2MMXVLDLFO4UKTSSZHJ6.pcm

SwiftExplicitDependencyGeneratePcm arm64 /Users/german/Work/JS/polski-grammar-srs/kotlin/iosApp/build/FinalVirtualToolbarIPadFull/SDKExplicitPrecompiledModules/UIKit-78E6OR0HGBNNB4I1HENYHT9RU.pcm

SwiftExplicitDependencyGeneratePcm arm64 /Users/german/Work/JS/polski-grammar-srs/kotlin/iosApp/build/FinalVirtualToolbarIPadFull/SDKExplicitPrecompiledModules/SwiftUI-6EJWCG35NAVFFAXX1KVYZM3FF.pcm

SwiftEmitModule normal arm64 Emitting\ module\ for\ PolskiGrammar (in target 'PolskiGrammar' from project 'PolskiGrammar')

SwiftCompile normal arm64 (in target 'PolskiGrammar' from project 'PolskiGrammar')
    cd /Users/german/Work/JS/polski-grammar-srs/kotlin/iosApp
    

SwiftCompile normal arm64 Compiling\ PolskiGrammarApp.swift /Users/german/Work/JS/polski-grammar-srs/kotlin/iosApp/PolskiGrammar/PolskiGrammarApp.swift (in target 'PolskiGrammar' from project 'PolskiGrammar')

SwiftCompile normal arm64 /Users/german/Work/JS/polski-grammar-srs/kotlin/iosApp/PolskiGrammar/PolskiGrammarApp.swift (in target 'PolskiGrammar' from project 'PolskiGrammar')
    cd /Users/german/Work/JS/polski-grammar-srs/kotlin/iosApp
    builtin-SwiftPerFileCompile PolskiGrammarApp.swift

SwiftCompile normal arm64 Compiling\ GeneratedAssetSymbols.swift /Users/german/Work/JS/polski-grammar-srs/kotlin/iosApp/build/FinalVirtualToolbarIPadFull/Build/Intermediates.noindex/PolskiGrammar.build/Debug-iphonesimulator/PolskiGrammar.build/DerivedSources/GeneratedAssetSymbols.swift (in target 'PolskiGrammar' from project 'PolskiGrammar')

SwiftCompile normal arm64 /Users/german/Work/JS/polski-grammar-srs/kotlin/iosApp/build/FinalVirtualToolbarIPadFull/Build/Intermediates.noindex/PolskiGrammar.build/Debug-iphonesimulator/PolskiGrammar.build/DerivedSources/GeneratedAssetSymbols.swift (in target 'PolskiGrammar' from project 'PolskiGrammar')
    cd /Users/german/Work/JS/polski-grammar-srs/kotlin/iosApp
    builtin-SwiftPerFileCompile GeneratedAssetSymbols.swift

SwiftDriverJobDiscovery normal arm64 Emitting module for PolskiGrammar (in target 'PolskiGrammar' from project 'PolskiGrammar')

SwiftDriver\ Compilation\ Requirements PolskiGrammar normal arm64 com.apple.xcode.tools.swift.compiler (in target 'PolskiGrammar' from project 'PolskiGrammar')
    cd /Users/german/Work/JS/polski-grammar-srs/kotlin/iosApp
    builtin-Swift-Compilation-Requirements -- /Applications/Xcode.app/Contents/Developer/Toolchains/XcodeDefault.xctoolchain/usr/bin/swiftc -module-name PolskiGrammar -Onone @/Users/german/Work/JS/polski-grammar-srs/kotlin/iosApp/build/FinalVirtualToolbarIPadFull/Build/Intermediates.noindex/PolskiGrammar.build/Debug-iphonesimulator/PolskiGrammar.build/Objects-normal/arm64/PolskiGrammar.SwiftFileList -DDEBUG -enable-bare-slash-regex -enable-experimental-feature DebugDescriptionMacro -sdk /Applications/Xcode.app/Contents/Developer/Platforms/iPhoneSimulator.platform/Developer/SDKs/iPhoneSimulator27.0.sdk -target arm64-apple-ios17.0-simulator -g -module-cache-path /Users/german/Work/JS/polski-grammar-srs/kotlin/iosApp/build/FinalVirtualToolbarIPadFull/ModuleCache.noindex -Xfrontend -serialize-debugging-options -enable-testing -index-store-path /Users/german/Work/JS/polski-grammar-srs/kotlin/iosApp/build/FinalVirtualToolbarIPadFull/Index.noindex/DataStore -Xcc -D_LIBCPP_HARDENING_MODE\=_LIBCPP_HARDENING_MODE_DEBUG -swift-version 5 -I /Users/german/Work/JS/polski-grammar-srs/kotlin/iosApp/build/FinalVirtualToolbarIPadFull/Build/Products/Debug-iphonesimulator -F /Users/german/Work/JS/polski-grammar-srs/kotlin/iosApp/build/FinalVirtualToolbarIPadFull/Build/Products/Debug-iphonesimulator -c -j10 -enable-batch-mode -incremental -Xcc -ivfsstatcache -Xcc /Users/german/Work/JS/polski-grammar-srs/kotlin/iosApp/build/FinalVirtualToolbarIPadFull/SDKStatCaches.noindex/iphonesimulator27.0-24A430-8dc58220667be655e1bcc261a7455254.sdkstatcache -output-file-map /Users/german/Work/JS/polski-grammar-srs/kotlin/iosApp/build/FinalVirtualToolbarIPadFull/Build/Intermediates.noindex/PolskiGrammar.build/Debug-iphonesimulator/PolskiGrammar.build/Objects-normal/arm64/PolskiGrammar-OutputFileMap.json -save-temps -no-color-diagnostics -explicit-module-build -module-cache-path /Users/german/Work/JS/polski-grammar-srs/kotlin/iosApp/build/FinalVirtualToolbarIPadFull/Build/Intermediates.noindex/SwiftExplicitPrecompiledModules -clang-scanner-module-cache-path /Users/german/Work/JS/polski-grammar-srs/kotlin/iosApp/build/FinalVirtualToolbarIPadFull/ModuleCache.noindex -sdk-module-cache-path /Users/german/Work/JS/polski-grammar-srs/kotlin/iosApp/build/FinalVirtualToolbarIPadFull/SDKExplicitPrecompiledModules -emit-dependencies -emit-module -emit-module-path /Users/german/Work/JS/polski-grammar-srs/kotlin/iosApp/build/FinalVirtualToolbarIPadFull/Build/Intermediates.noindex/PolskiGrammar.build/Debug-iphonesimulator/PolskiGrammar.build/Objects-normal/arm64/PolskiGrammar.swiftmodule -serialize-diagnostics -dependency-scan-serialize-diagnostics-path /Users/german/Work/JS/polski-grammar-srs/kotlin/iosApp/build/FinalVirtualToolbarIPadFull/Build/Intermediates.noindex/PolskiGrammar.build/Debug-iphonesimulator/PolskiGrammar.build/Objects-normal/arm64/PolskiGrammar-dependency-scan.dia -validate-clang-modules-once -clang-build-session-file /Users/german/Work/JS/polski-grammar-srs/kotlin/iosApp/build/FinalVirtualToolbarIPadFull/ModuleCache.noindex/Session.modulevalidation -Xcc -fmodules-prune-interval\=86400 -Xcc -fmodules-prune-after\=345600 -emit-const-values -const-gather-protocols-list /Users/german/Work/JS/polski-grammar-srs/kotlin/iosApp/build/FinalVirtualToolbarIPadFull/Build/Intermediates.noindex/PolskiGrammar.build/Debug-iphonesimulator/PolskiGrammar.build/Objects-normal/arm64/PolskiGrammar_const_extract_protocols.json -Xcc -iquote -Xcc /Users/german/Work/JS/polski-grammar-srs/kotlin/iosApp/build/FinalVirtualToolbarIPadFull/Build/Intermediates.noindex/PolskiGrammar.build/Debug-iphonesimulator/PolskiGrammar.build/PolskiGrammar-generated-files.hmap -Xcc -I/Users/german/Work/JS/polski-grammar-srs/kotlin/iosApp/build/FinalVirtualToolbarIPadFull/Build/Intermediates.noindex/PolskiGrammar.build/Debug-iphonesimulator/PolskiGrammar.build/PolskiGrammar-own-target-headers.hmap -Xcc -I/Users/german/Work/JS/polski-grammar-srs/kotlin/iosApp/build/FinalVirtualToolbarIPadFull/Build/Intermediates.noindex/PolskiGrammar.build/Debug-iphonesimulator/PolskiGrammar.build/PolskiGrammar-all-target-headers.hmap -Xcc -iquote -Xcc /Users/german/Work/JS/polski-grammar-srs/kotlin/iosApp/build/FinalVirtualToolbarIPadFull/Build/Intermediates.noindex/PolskiGrammar.build/Debug-iphonesimulator/PolskiGrammar.build/PolskiGrammar-project-headers.hmap -Xcc -I/Users/german/Work/JS/polski-grammar-srs/kotlin/iosApp/build/FinalVirtualToolbarIPadFull/Build/Products/Debug-iphonesimulator/include -Xcc -I/Users/german/Work/JS/polski-grammar-srs/kotlin/iosApp/build/FinalVirtualToolbarIPadFull/Build/Intermediates.noindex/PolskiGrammar.build/Debug-iphonesimulator/PolskiGrammar.build/DerivedSources-normal/arm64 -Xcc -I/Users/german/Work/JS/polski-grammar-srs/kotlin/iosApp/build/FinalVirtualToolbarIPadFull/Build/Intermediates.noindex/PolskiGrammar.build/Debug-iphonesimulator/PolskiGrammar.build/DerivedSources/arm64 -Xcc -I/Users/german/Work/JS/polski-grammar-srs/kotlin/iosApp/build/FinalVirtualToolbarIPadFull/Build/Intermediates.noindex/PolskiGrammar.build/Debug-iphonesimulator/PolskiGrammar.build/DerivedSources -Xcc -DDEBUG\=1 -emit-objc-header -emit-objc-header-path /Users/german/Work/JS/polski-grammar-srs/kotlin/iosApp/build/FinalVirtualToolbarIPadFull/Build/Intermediates.noindex/PolskiGrammar.build/Debug-iphonesimulator/PolskiGrammar.build/Objects-normal/arm64/PolskiGrammar-Swift.h -working-directory /Users/german/Work/JS/polski-grammar-srs/kotlin/iosApp -experimental-emit-module-separately -disable-cmo

SwiftMergeGeneratedHeaders /Users/german/Work/JS/polski-grammar-srs/kotlin/iosApp/build/FinalVirtualToolbarIPadFull/Build/Intermediates.noindex/PolskiGrammar.build/Debug-iphonesimulator/PolskiGrammar.build/DerivedSources/PolskiGrammar-Swift.h /Users/german/Work/JS/polski-grammar-srs/kotlin/iosApp/build/FinalVirtualToolbarIPadFull/Build/Intermediates.noindex/PolskiGrammar.build/Debug-iphonesimulator/PolskiGrammar.build/Objects-normal/arm64/PolskiGrammar-Swift.h (in target 'PolskiGrammar' from project 'PolskiGrammar')
    cd /Users/german/Work/JS/polski-grammar-srs/kotlin/iosApp
    builtin-swiftHeaderTool -arch arm64 /Users/german/Work/JS/polski-grammar-srs/kotlin/iosApp/build/FinalVirtualToolbarIPadFull/Build/Intermediates.noindex/PolskiGrammar.build/Debug-iphonesimulator/PolskiGrammar.build/Objects-normal/arm64/PolskiGrammar-Swift.h -o /Users/german/Work/JS/polski-grammar-srs/kotlin/iosApp/build/FinalVirtualToolbarIPadFull/Build/Intermediates.noindex/PolskiGrammar.build/Debug-iphonesimulator/PolskiGrammar.build/DerivedSources/PolskiGrammar-Swift.h

Copy /Users/german/Work/JS/polski-grammar-srs/kotlin/iosApp/build/FinalVirtualToolbarIPadFull/Build/Products/Debug-iphonesimulator/PolskiGrammar.swiftmodule/arm64-apple-ios-simulator.swiftdoc /Users/german/Work/JS/polski-grammar-srs/kotlin/iosApp/build/FinalVirtualToolbarIPadFull/Build/Intermediates.noindex/PolskiGrammar.build/Debug-iphonesimulator/PolskiGrammar.build/Objects-normal/arm64/PolskiGrammar.swiftdoc (in target 'PolskiGrammar' from project 'PolskiGrammar')
    cd /Users/german/Work/JS/polski-grammar-srs/kotlin/iosApp
    builtin-copy -exclude .DS_Store -exclude CVS -exclude .svn -exclude .git -exclude .hg -resolve-src-symlinks -rename /Users/german/Work/JS/polski-grammar-srs/kotlin/iosApp/build/FinalVirtualToolbarIPadFull/Build/Intermediates.noindex/PolskiGrammar.build/Debug-iphonesimulator/PolskiGrammar.build/Objects-normal/arm64/PolskiGrammar.swiftdoc /Users/german/Work/JS/polski-grammar-srs/kotlin/iosApp/build/FinalVirtualToolbarIPadFull/Build/Products/Debug-iphonesimulator/PolskiGrammar.swiftmodule/arm64-apple-ios-simulator.swiftdoc

Copy /Users/german/Work/JS/polski-grammar-srs/kotlin/iosApp/build/FinalVirtualToolbarIPadFull/Build/Products/Debug-iphonesimulator/PolskiGrammar.swiftmodule/arm64-apple-ios-simulator.abi.json /Users/german/Work/JS/polski-grammar-srs/kotlin/iosApp/build/FinalVirtualToolbarIPadFull/Build/Intermediates.noindex/PolskiGrammar.build/Debug-iphonesimulator/PolskiGrammar.build/Objects-normal/arm64/PolskiGrammar.abi.json (in target 'PolskiGrammar' from project 'PolskiGrammar')
    cd /Users/german/Work/JS/polski-grammar-srs/kotlin/iosApp
    builtin-copy -exclude .DS_Store -exclude CVS -exclude .svn -exclude .git -exclude .hg -resolve-src-symlinks -rename /Users/german/Work/JS/polski-grammar-srs/kotlin/iosApp/build/FinalVirtualToolbarIPadFull/Build/Intermediates.noindex/PolskiGrammar.build/Debug-iphonesimulator/PolskiGrammar.build/Objects-normal/arm64/PolskiGrammar.abi.json /Users/german/Work/JS/polski-grammar-srs/kotlin/iosApp/build/FinalVirtualToolbarIPadFull/Build/Products/Debug-iphonesimulator/PolskiGrammar.swiftmodule/arm64-apple-ios-simulator.abi.json

Copy /Users/german/Work/JS/polski-grammar-srs/kotlin/iosApp/build/FinalVirtualToolbarIPadFull/Build/Products/Debug-iphonesimulator/PolskiGrammar.swiftmodule/arm64-apple-ios-simulator.swiftmodule /Users/german/Work/JS/polski-grammar-srs/kotlin/iosApp/build/FinalVirtualToolbarIPadFull/Build/Intermediates.noindex/PolskiGrammar.build/Debug-iphonesimulator/PolskiGrammar.build/Objects-normal/arm64/PolskiGrammar.swiftmodule (in target 'PolskiGrammar' from project 'PolskiGrammar')
    cd /Users/german/Work/JS/polski-grammar-srs/kotlin/iosApp
    builtin-copy -exclude .DS_Store -exclude CVS -exclude .svn -exclude .git -exclude .hg -resolve-src-symlinks -rename /Users/german/Work/JS/polski-grammar-srs/kotlin/iosApp/build/FinalVirtualToolbarIPadFull/Build/Intermediates.noindex/PolskiGrammar.build/Debug-iphonesimulator/PolskiGrammar.build/Objects-normal/arm64/PolskiGrammar.swiftmodule /Users/german/Work/JS/polski-grammar-srs/kotlin/iosApp/build/FinalVirtualToolbarIPadFull/Build/Products/Debug-iphonesimulator/PolskiGrammar.swiftmodule/arm64-apple-ios-simulator.swiftmodule

Copy /Users/german/Work/JS/polski-grammar-srs/kotlin/iosApp/build/FinalVirtualToolbarIPadFull/Build/Products/Debug-iphonesimulator/PolskiGrammar.swiftmodule/Project/arm64-apple-ios-simulator.swiftsourceinfo /Users/german/Work/JS/polski-grammar-srs/kotlin/iosApp/build/FinalVirtualToolbarIPadFull/Build/Intermediates.noindex/PolskiGrammar.build/Debug-iphonesimulator/PolskiGrammar.build/Objects-normal/arm64/PolskiGrammar.swiftsourceinfo (in target 'PolskiGrammar' from project 'PolskiGrammar')
    cd /Users/german/Work/JS/polski-grammar-srs/kotlin/iosApp
    builtin-copy -exclude .DS_Store -exclude CVS -exclude .svn -exclude .git -exclude .hg -resolve-src-symlinks -rename /Users/german/Work/JS/polski-grammar-srs/kotlin/iosApp/build/FinalVirtualToolbarIPadFull/Build/Intermediates.noindex/PolskiGrammar.build/Debug-iphonesimulator/PolskiGrammar.build/Objects-normal/arm64/PolskiGrammar.swiftsourceinfo /Users/german/Work/JS/polski-grammar-srs/kotlin/iosApp/build/FinalVirtualToolbarIPadFull/Build/Products/Debug-iphonesimulator/PolskiGrammar.swiftmodule/Project/arm64-apple-ios-simulator.swiftsourceinfo

SwiftDriver PolskiGrammarUITests normal arm64 com.apple.xcode.tools.swift.compiler (in target 'PolskiGrammarUITests' from project 'PolskiGrammar')
    cd /Users/german/Work/JS/polski-grammar-srs/kotlin/iosApp
    builtin-SwiftDriver -- /Applications/Xcode.app/Contents/Developer/Toolchains/XcodeDefault.xctoolchain/usr/bin/swiftc -module-name PolskiGrammarUITests -Onone @/Users/german/Work/JS/polski-grammar-srs/kotlin/iosApp/build/FinalVirtualToolbarIPadFull/Build/Intermediates.noindex/PolskiGrammar.build/Debug-iphonesimulator/PolskiGrammarUITests.build/Objects-normal/arm64/PolskiGrammarUITests.SwiftFileList -DDEBUG -module-alias Testing\=_Testing_Unavailable -plugin-path /Applications/Xcode.app/Contents/Developer/Toolchains/XcodeDefault.xctoolchain/usr/lib/swift/host/plugins/testing -enable-bare-slash-regex -enable-experimental-feature DebugDescriptionMacro -sdk /Applications/Xcode.app/Contents/Developer/Platforms/iPhoneSimulator.platform/Developer/SDKs/iPhoneSimulator27.0.sdk -target arm64-apple-ios17.0-simulator -g -module-cache-path /Users/german/Work/JS/polski-grammar-srs/kotlin/iosApp/build/FinalVirtualToolbarIPadFull/ModuleCache.noindex -Xfrontend -serialize-debugging-options -enable-testing -index-store-path /Users/german/Work/JS/polski-grammar-srs/kotlin/iosApp/build/FinalVirtualToolbarIPadFull/Index.noindex/DataStore -Xcc -D_LIBCPP_HARDENING_MODE\=_LIBCPP_HARDENING_MODE_DEBUG -swift-version 5 -I /Users/german/Work/JS/polski-grammar-srs/kotlin/iosApp/build/FinalVirtualToolbarIPadFull/Build/Products/Debug-iphonesimulator -Isystem /Applications/Xcode.app/Contents/Developer/Platforms/iPhoneSimulator.platform/Developer/usr/lib -F /Users/german/Work/JS/polski-grammar-srs/kotlin/iosApp/build/FinalVirtualToolbarIPadFull/Build/Products/Debug-iphonesimulator -F /Applications/Xcode.app/Contents/Developer/Platforms/iPhoneSimulator.platform/Developer/Library/Frameworks -F /Applications/Xcode.app/Contents/Developer/Platforms/iPhoneSimulator.platform/Developer/SDKs/iPhoneSimulator27.0.sdk/Developer/Library/Frameworks -parse-as-library -c -j10 -enable-batch-mode -incremental -Xcc -ivfsstatcache -Xcc /Users/german/Work/JS/polski-grammar-srs/kotlin/iosApp/build/FinalVirtualToolbarIPadFull/SDKStatCaches.noindex/iphonesimulator27.0-24A430-8dc58220667be655e1bcc261a7455254.sdkstatcache -output-file-map /Users/german/Work/JS/polski-grammar-srs/kotlin/iosApp/build/FinalVirtualToolbarIPadFull/Build/Intermediates.noindex/PolskiGrammar.build/Debug-iphonesimulator/PolskiGrammarUITests.build/Objects-normal/arm64/PolskiGrammarUITests-OutputFileMap.json -save-temps -no-color-diagnostics -explicit-module-build -module-cache-path /Users/german/Work/JS/polski-grammar-srs/kotlin/iosApp/build/FinalVirtualToolbarIPadFull/Build/Intermediates.noindex/SwiftExplicitPrecompiledModules -clang-scanner-module-cache-path /Users/german/Work/JS/polski-grammar-srs/kotlin/iosApp/build/FinalVirtualToolbarIPadFull/ModuleCache.noindex -sdk-module-cache-path /Users/german/Work/JS/polski-grammar-srs/kotlin/iosApp/build/FinalVirtualToolbarIPadFull/SDKExplicitPrecompiledModules -emit-dependencies -emit-module -emit-module-path /Users/german/Work/JS/polski-grammar-srs/kotlin/iosApp/build/FinalVirtualToolbarIPadFull/Build/Intermediates.noindex/PolskiGrammar.build/Debug-iphonesimulator/PolskiGrammarUITests.build/Objects-normal/arm64/PolskiGrammarUITests.swiftmodule -serialize-diagnostics -dependency-scan-serialize-diagnostics-path /Users/german/Work/JS/polski-grammar-srs/kotlin/iosApp/build/FinalVirtualToolbarIPadFull/Build/Intermediates.noindex/PolskiGrammar.build/Debug-iphonesimulator/PolskiGrammarUITests.build/Objects-normal/arm64/PolskiGrammarUITests-dependency-scan.dia -validate-clang-modules-once -clang-build-session-file /Users/german/Work/JS/polski-grammar-srs/kotlin/iosApp/build/FinalVirtualToolbarIPadFull/ModuleCache.noindex/Session.modulevalidation -Xcc -fmodules-prune-interval\=86400 -Xcc -fmodules-prune-after\=345600 -emit-const-values -const-gather-protocols-list /Users/german/Work/JS/polski-grammar-srs/kotlin/iosApp/build/FinalVirtualToolbarIPadFull/Build/Intermediates.noindex/PolskiGrammar.build/Debug-iphonesimulator/PolskiGrammarUITests.build/Objects-normal/arm64/PolskiGrammarUITests_const_extract_protocols.json -Xcc -iquote -Xcc /Users/german/Work/JS/polski-grammar-srs/kotlin/iosApp/build/FinalVirtualToolbarIPadFull/Build/Intermediates.noindex/PolskiGrammar.build/Debug-iphonesimulator/PolskiGrammarUITests.build/PolskiGrammarUITests-generated-files.hmap -Xcc -I/Users/german/Work/JS/polski-grammar-srs/kotlin/iosApp/build/FinalVirtualToolbarIPadFull/Build/Intermediates.noindex/PolskiGrammar.build/Debug-iphonesimulator/PolskiGrammarUITests.build/PolskiGrammarUITests-own-target-headers.hmap -Xcc -I/Users/german/Work/JS/polski-grammar-srs/kotlin/iosApp/build/FinalVirtualToolbarIPadFull/Build/Intermediates.noindex/PolskiGrammar.build/Debug-iphonesimulator/PolskiGrammarUITests.build/PolskiGrammarUITests-all-target-headers.hmap -Xcc -iquote -Xcc /Users/german/Work/JS/polski-grammar-srs/kotlin/iosApp/build/FinalVirtualToolbarIPadFull/Build/Intermediates.noindex/PolskiGrammar.build/Debug-iphonesimulator/PolskiGrammarUITests.build/PolskiGrammarUITests-project-headers.hmap -Xcc -I/Users/german/Work/JS/polski-grammar-srs/kotlin/iosApp/build/FinalVirtualToolbarIPadFull/Build/Products/Debug-iphonesimulator/include -Xcc -I/Users/german/Work/JS/polski-grammar-srs/kotlin/iosApp/build/FinalVirtualToolbarIPadFull/Build/Intermediates.noindex/PolskiGrammar.build/Debug-iphonesimulator/PolskiGrammarUITests.build/DerivedSources-normal/arm64 -Xcc -I/Users/german/Work/JS/polski-grammar-srs/kotlin/iosApp/build/FinalVirtualToolbarIPadFull/Build/Intermediates.noindex/PolskiGrammar.build/Debug-iphonesimulator/PolskiGrammarUITests.build/DerivedSources/arm64 -Xcc -I/Users/german/Work/JS/polski-grammar-srs/kotlin/iosApp/build/FinalVirtualToolbarIPadFull/Build/Intermediates.noindex/PolskiGrammar.build/Debug-iphonesimulator/PolskiGrammarUITests.build/DerivedSources -Xcc -DDEBUG\=1 -emit-objc-header -emit-objc-header-path /Users/german/Work/JS/polski-grammar-srs/kotlin/iosApp/build/FinalVirtualToolbarIPadFull/Build/Intermediates.noindex/PolskiGrammar.build/Debug-iphonesimulator/PolskiGrammarUITests.build/Objects-normal/arm64/PolskiGrammarUITests-Swift.h -working-directory /Users/german/Work/JS/polski-grammar-srs/kotlin/iosApp -experimental-emit-module-separately -disable-cmo

SwiftExplicitDependencyGeneratePcm arm64 /Users/german/Work/JS/polski-grammar-srs/kotlin/iosApp/build/FinalVirtualToolbarIPadFull/Build/Intermediates.noindex/SwiftExplicitPrecompiledModules/XCUIAutomation-23CWD9XZYN4Q2SOMRCP9M6F6X.pcm

SwiftExplicitDependencyGeneratePcm arm64 /Users/german/Work/JS/polski-grammar-srs/kotlin/iosApp/build/FinalVirtualToolbarIPadFull/Build/Intermediates.noindex/SwiftExplicitPrecompiledModules/XCTest-BJ36X0RZPA7QLVW0J37RAO91U.pcm

SwiftExplicitDependencyCompileModuleFromInterface arm64 /Users/german/Work/JS/polski-grammar-srs/kotlin/iosApp/build/FinalVirtualToolbarIPadFull/Build/Intermediates.noindex/SwiftExplicitPrecompiledModules/XCUIAutomation-2SOMP21EM93SB.swiftmodule

SwiftExplicitDependencyCompileModuleFromInterface arm64 /Users/german/Work/JS/polski-grammar-srs/kotlin/iosApp/build/FinalVirtualToolbarIPadFull/Build/Intermediates.noindex/SwiftExplicitPrecompiledModules/XCTest-PTKPOU9WFE2.swiftmodule

SwiftEmitModule normal arm64 Emitting\ module\ for\ PolskiGrammarUITests (in target 'PolskiGrammarUITests' from project 'PolskiGrammar')

SwiftCompile normal arm64 (in target 'PolskiGrammarUITests' from project 'PolskiGrammar')
    cd /Users/german/Work/JS/polski-grammar-srs/kotlin/iosApp
    

SwiftCompile normal arm64 Compiling\ PolskiGrammarUITests.swift /Users/german/Work/JS/polski-grammar-srs/kotlin/iosApp/PolskiGrammarUITests/PolskiGrammarUITests.swift (in target 'PolskiGrammarUITests' from project 'PolskiGrammar')

SwiftCompile normal arm64 /Users/german/Work/JS/polski-grammar-srs/kotlin/iosApp/PolskiGrammarUITests/PolskiGrammarUITests.swift (in target 'PolskiGrammarUITests' from project 'PolskiGrammar')
    cd /Users/german/Work/JS/polski-grammar-srs/kotlin/iosApp
    builtin-SwiftPerFileCompile PolskiGrammarUITests.swift

SwiftDriverJobDiscovery normal arm64 Compiling GeneratedAssetSymbols.swift (in target 'PolskiGrammar' from project 'PolskiGrammar')

SwiftDriverJobDiscovery normal arm64 Emitting module for PolskiGrammarUITests (in target 'PolskiGrammarUITests' from project 'PolskiGrammar')

SwiftDriver\ Compilation\ Requirements PolskiGrammarUITests normal arm64 com.apple.xcode.tools.swift.compiler (in target 'PolskiGrammarUITests' from project 'PolskiGrammar')
    cd /Users/german/Work/JS/polski-grammar-srs/kotlin/iosApp
    builtin-Swift-Compilation-Requirements -- /Applications/Xcode.app/Contents/Developer/Toolchains/XcodeDefault.xctoolchain/usr/bin/swiftc -module-name PolskiGrammarUITests -Onone @/Users/german/Work/JS/polski-grammar-srs/kotlin/iosApp/build/FinalVirtualToolbarIPadFull/Build/Intermediates.noindex/PolskiGrammar.build/Debug-iphonesimulator/PolskiGrammarUITests.build/Objects-normal/arm64/PolskiGrammarUITests.SwiftFileList -DDEBUG -module-alias Testing\=_Testing_Unavailable -plugin-path /Applications/Xcode.app/Contents/Developer/Toolchains/XcodeDefault.xctoolchain/usr/lib/swift/host/plugins/testing -enable-bare-slash-regex -enable-experimental-feature DebugDescriptionMacro -sdk /Applications/Xcode.app/Contents/Developer/Platforms/iPhoneSimulator.platform/Developer/SDKs/iPhoneSimulator27.0.sdk -target arm64-apple-ios17.0-simulator -g -module-cache-path /Users/german/Work/JS/polski-grammar-srs/kotlin/iosApp/build/FinalVirtualToolbarIPadFull/ModuleCache.noindex -Xfrontend -serialize-debugging-options -enable-testing -index-store-path /Users/german/Work/JS/polski-grammar-srs/kotlin/iosApp/build/FinalVirtualToolbarIPadFull/Index.noindex/DataStore -Xcc -D_LIBCPP_HARDENING_MODE\=_LIBCPP_HARDENING_MODE_DEBUG -swift-version 5 -I /Users/german/Work/JS/polski-grammar-srs/kotlin/iosApp/build/FinalVirtualToolbarIPadFull/Build/Products/Debug-iphonesimulator -Isystem /Applications/Xcode.app/Contents/Developer/Platforms/iPhoneSimulator.platform/Developer/usr/lib -F /Users/german/Work/JS/polski-grammar-srs/kotlin/iosApp/build/FinalVirtualToolbarIPadFull/Build/Products/Debug-iphonesimulator -F /Applications/Xcode.app/Contents/Developer/Platforms/iPhoneSimulator.platform/Developer/Library/Frameworks -F /Applications/Xcode.app/Contents/Developer/Platforms/iPhoneSimulator.platform/Developer/SDKs/iPhoneSimulator27.0.sdk/Developer/Library/Frameworks -parse-as-library -c -j10 -enable-batch-mode -incremental -Xcc -ivfsstatcache -Xcc /Users/german/Work/JS/polski-grammar-srs/kotlin/iosApp/build/FinalVirtualToolbarIPadFull/SDKStatCaches.noindex/iphonesimulator27.0-24A430-8dc58220667be655e1bcc261a7455254.sdkstatcache -output-file-map /Users/german/Work/JS/polski-grammar-srs/kotlin/iosApp/build/FinalVirtualToolbarIPadFull/Build/Intermediates.noindex/PolskiGrammar.build/Debug-iphonesimulator/PolskiGrammarUITests.build/Objects-normal/arm64/PolskiGrammarUITests-OutputFileMap.json -save-temps -no-color-diagnostics -explicit-module-build -module-cache-path /Users/german/Work/JS/polski-grammar-srs/kotlin/iosApp/build/FinalVirtualToolbarIPadFull/Build/Intermediates.noindex/SwiftExplicitPrecompiledModules -clang-scanner-module-cache-path /Users/german/Work/JS/polski-grammar-srs/kotlin/iosApp/build/FinalVirtualToolbarIPadFull/ModuleCache.noindex -sdk-module-cache-path /Users/german/Work/JS/polski-grammar-srs/kotlin/iosApp/build/FinalVirtualToolbarIPadFull/SDKExplicitPrecompiledModules -emit-dependencies -emit-module -emit-module-path /Users/german/Work/JS/polski-grammar-srs/kotlin/iosApp/build/FinalVirtualToolbarIPadFull/Build/Intermediates.noindex/PolskiGrammar.build/Debug-iphonesimulator/PolskiGrammarUITests.build/Objects-normal/arm64/PolskiGrammarUITests.swiftmodule -serialize-diagnostics -dependency-scan-serialize-diagnostics-path /Users/german/Work/JS/polski-grammar-srs/kotlin/iosApp/build/FinalVirtualToolbarIPadFull/Build/Intermediates.noindex/PolskiGrammar.build/Debug-iphonesimulator/PolskiGrammarUITests.build/Objects-normal/arm64/PolskiGrammarUITests-dependency-scan.dia -validate-clang-modules-once -clang-build-session-file /Users/german/Work/JS/polski-grammar-srs/kotlin/iosApp/build/FinalVirtualToolbarIPadFull/ModuleCache.noindex/Session.modulevalidation -Xcc -fmodules-prune-interval\=86400 -Xcc -fmodules-prune-after\=345600 -emit-const-values -const-gather-protocols-list /Users/german/Work/JS/polski-grammar-srs/kotlin/iosApp/build/FinalVirtualToolbarIPadFull/Build/Intermediates.noindex/PolskiGrammar.build/Debug-iphonesimulator/PolskiGrammarUITests.build/Objects-normal/arm64/PolskiGrammarUITests_const_extract_protocols.json -Xcc -iquote -Xcc /Users/german/Work/JS/polski-grammar-srs/kotlin/iosApp/build/FinalVirtualToolbarIPadFull/Build/Intermediates.noindex/PolskiGrammar.build/Debug-iphonesimulator/PolskiGrammarUITests.build/PolskiGrammarUITests-generated-files.hmap -Xcc -I/Users/german/Work/JS/polski-grammar-srs/kotlin/iosApp/build/FinalVirtualToolbarIPadFull/Build/Intermediates.noindex/PolskiGrammar.build/Debug-iphonesimulator/PolskiGrammarUITests.build/PolskiGrammarUITests-own-target-headers.hmap -Xcc -I/Users/german/Work/JS/polski-grammar-srs/kotlin/iosApp/build/FinalVirtualToolbarIPadFull/Build/Intermediates.noindex/PolskiGrammar.build/Debug-iphonesimulator/PolskiGrammarUITests.build/PolskiGrammarUITests-all-target-headers.hmap -Xcc -iquote -Xcc /Users/german/Work/JS/polski-grammar-srs/kotlin/iosApp/build/FinalVirtualToolbarIPadFull/Build/Intermediates.noindex/PolskiGrammar.build/Debug-iphonesimulator/PolskiGrammarUITests.build/PolskiGrammarUITests-project-headers.hmap -Xcc -I/Users/german/Work/JS/polski-grammar-srs/kotlin/iosApp/build/FinalVirtualToolbarIPadFull/Build/Products/Debug-iphonesimulator/include -Xcc -I/Users/german/Work/JS/polski-grammar-srs/kotlin/iosApp/build/FinalVirtualToolbarIPadFull/Build/Intermediates.noindex/PolskiGrammar.build/Debug-iphonesimulator/PolskiGrammarUITests.build/DerivedSources-normal/arm64 -Xcc -I/Users/german/Work/JS/polski-grammar-srs/kotlin/iosApp/build/FinalVirtualToolbarIPadFull/Build/Intermediates.noindex/PolskiGrammar.build/Debug-iphonesimulator/PolskiGrammarUITests.build/DerivedSources/arm64 -Xcc -I/Users/german/Work/JS/polski-grammar-srs/kotlin/iosApp/build/FinalVirtualToolbarIPadFull/Build/Intermediates.noindex/PolskiGrammar.build/Debug-iphonesimulator/PolskiGrammarUITests.build/DerivedSources -Xcc -DDEBUG\=1 -emit-objc-header -emit-objc-header-path /Users/german/Work/JS/polski-grammar-srs/kotlin/iosApp/build/FinalVirtualToolbarIPadFull/Build/Intermediates.noindex/PolskiGrammar.build/Debug-iphonesimulator/PolskiGrammarUITests.build/Objects-normal/arm64/PolskiGrammarUITests-Swift.h -working-directory /Users/german/Work/JS/polski-grammar-srs/kotlin/iosApp -experimental-emit-module-separately -disable-cmo

Copy /Users/german/Work/JS/polski-grammar-srs/kotlin/iosApp/build/FinalVirtualToolbarIPadFull/Build/Products/Debug-iphonesimulator/PolskiGrammarUITests.swiftmodule/arm64-apple-ios-simulator.swiftdoc /Users/german/Work/JS/polski-grammar-srs/kotlin/iosApp/build/FinalVirtualToolbarIPadFull/Build/Intermediates.noindex/PolskiGrammar.build/Debug-iphonesimulator/PolskiGrammarUITests.build/Objects-normal/arm64/PolskiGrammarUITests.swiftdoc (in target 'PolskiGrammarUITests' from project 'PolskiGrammar')
    cd /Users/german/Work/JS/polski-grammar-srs/kotlin/iosApp
    builtin-copy -exclude .DS_Store -exclude CVS -exclude .svn -exclude .git -exclude .hg -resolve-src-symlinks -rename /Users/german/Work/JS/polski-grammar-srs/kotlin/iosApp/build/FinalVirtualToolbarIPadFull/Build/Intermediates.noindex/PolskiGrammar.build/Debug-iphonesimulator/PolskiGrammarUITests.build/Objects-normal/arm64/PolskiGrammarUITests.swiftdoc /Users/german/Work/JS/polski-grammar-srs/kotlin/iosApp/build/FinalVirtualToolbarIPadFull/Build/Products/Debug-iphonesimulator/PolskiGrammarUITests.swiftmodule/arm64-apple-ios-simulator.swiftdoc

Copy /Users/german/Work/JS/polski-grammar-srs/kotlin/iosApp/build/FinalVirtualToolbarIPadFull/Build/Products/Debug-iphonesimulator/PolskiGrammarUITests.swiftmodule/arm64-apple-ios-simulator.abi.json /Users/german/Work/JS/polski-grammar-srs/kotlin/iosApp/build/FinalVirtualToolbarIPadFull/Build/Intermediates.noindex/PolskiGrammar.build/Debug-iphonesimulator/PolskiGrammarUITests.build/Objects-normal/arm64/PolskiGrammarUITests.abi.json (in target 'PolskiGrammarUITests' from project 'PolskiGrammar')
    cd /Users/german/Work/JS/polski-grammar-srs/kotlin/iosApp
    builtin-copy -exclude .DS_Store -exclude CVS -exclude .svn -exclude .git -exclude .hg -resolve-src-symlinks -rename /Users/german/Work/JS/polski-grammar-srs/kotlin/iosApp/build/FinalVirtualToolbarIPadFull/Build/Intermediates.noindex/PolskiGrammar.build/Debug-iphonesimulator/PolskiGrammarUITests.build/Objects-normal/arm64/PolskiGrammarUITests.abi.json /Users/german/Work/JS/polski-grammar-srs/kotlin/iosApp/build/FinalVirtualToolbarIPadFull/Build/Products/Debug-iphonesimulator/PolskiGrammarUITests.swiftmodule/arm64-apple-ios-simulator.abi.json

SwiftMergeGeneratedHeaders /Users/german/Work/JS/polski-grammar-srs/kotlin/iosApp/build/FinalVirtualToolbarIPadFull/Build/Intermediates.noindex/PolskiGrammar.build/Debug-iphonesimulator/PolskiGrammarUITests.build/DerivedSources/PolskiGrammarUITests-Swift.h /Users/german/Work/JS/polski-grammar-srs/kotlin/iosApp/build/FinalVirtualToolbarIPadFull/Build/Intermediates.noindex/PolskiGrammar.build/Debug-iphonesimulator/PolskiGrammarUITests.build/Objects-normal/arm64/PolskiGrammarUITests-Swift.h (in target 'PolskiGrammarUITests' from project 'PolskiGrammar')
    cd /Users/german/Work/JS/polski-grammar-srs/kotlin/iosApp
    builtin-swiftHeaderTool -arch arm64 /Users/german/Work/JS/polski-grammar-srs/kotlin/iosApp/build/FinalVirtualToolbarIPadFull/Build/Intermediates.noindex/PolskiGrammar.build/Debug-iphonesimulator/PolskiGrammarUITests.build/Objects-normal/arm64/PolskiGrammarUITests-Swift.h -o /Users/german/Work/JS/polski-grammar-srs/kotlin/iosApp/build/FinalVirtualToolbarIPadFull/Build/Intermediates.noindex/PolskiGrammar.build/Debug-iphonesimulator/PolskiGrammarUITests.build/DerivedSources/PolskiGrammarUITests-Swift.h

Copy /Users/german/Work/JS/polski-grammar-srs/kotlin/iosApp/build/FinalVirtualToolbarIPadFull/Build/Products/Debug-iphonesimulator/PolskiGrammarUITests.swiftmodule/arm64-apple-ios-simulator.swiftmodule /Users/german/Work/JS/polski-grammar-srs/kotlin/iosApp/build/FinalVirtualToolbarIPadFull/Build/Intermediates.noindex/PolskiGrammar.build/Debug-iphonesimulator/PolskiGrammarUITests.build/Objects-normal/arm64/PolskiGrammarUITests.swiftmodule (in target 'PolskiGrammarUITests' from project 'PolskiGrammar')
    cd /Users/german/Work/JS/polski-grammar-srs/kotlin/iosApp
    builtin-copy -exclude .DS_Store -exclude CVS -exclude .svn -exclude .git -exclude .hg -resolve-src-symlinks -rename /Users/german/Work/JS/polski-grammar-srs/kotlin/iosApp/build/FinalVirtualToolbarIPadFull/Build/Intermediates.noindex/PolskiGrammar.build/Debug-iphonesimulator/PolskiGrammarUITests.build/Objects-normal/arm64/PolskiGrammarUITests.swiftmodule /Users/german/Work/JS/polski-grammar-srs/kotlin/iosApp/build/FinalVirtualToolbarIPadFull/Build/Products/Debug-iphonesimulator/PolskiGrammarUITests.swiftmodule/arm64-apple-ios-simulator.swiftmodule

Copy /Users/german/Work/JS/polski-grammar-srs/kotlin/iosApp/build/FinalVirtualToolbarIPadFull/Build/Products/Debug-iphonesimulator/PolskiGrammarUITests.swiftmodule/Project/arm64-apple-ios-simulator.swiftsourceinfo /Users/german/Work/JS/polski-grammar-srs/kotlin/iosApp/build/FinalVirtualToolbarIPadFull/Build/Intermediates.noindex/PolskiGrammar.build/Debug-iphonesimulator/PolskiGrammarUITests.build/Objects-normal/arm64/PolskiGrammarUITests.swiftsourceinfo (in target 'PolskiGrammarUITests' from project 'PolskiGrammar')
    cd /Users/german/Work/JS/polski-grammar-srs/kotlin/iosApp
    builtin-copy -exclude .DS_Store -exclude CVS -exclude .svn -exclude .git -exclude .hg -resolve-src-symlinks -rename /Users/german/Work/JS/polski-grammar-srs/kotlin/iosApp/build/FinalVirtualToolbarIPadFull/Build/Intermediates.noindex/PolskiGrammar.build/Debug-iphonesimulator/PolskiGrammarUITests.build/Objects-normal/arm64/PolskiGrammarUITests.swiftsourceinfo /Users/german/Work/JS/polski-grammar-srs/kotlin/iosApp/build/FinalVirtualToolbarIPadFull/Build/Products/Debug-iphonesimulator/PolskiGrammarUITests.swiftmodule/Project/arm64-apple-ios-simulator.swiftsourceinfo

SwiftDriverJobDiscovery normal arm64 Compiling PolskiGrammarUITests.swift (in target 'PolskiGrammarUITests' from project 'PolskiGrammar')

SwiftDriver\ Compilation PolskiGrammarUITests normal arm64 com.apple.xcode.tools.swift.compiler (in target 'PolskiGrammarUITests' from project 'PolskiGrammar')
    cd /Users/german/Work/JS/polski-grammar-srs/kotlin/iosApp
    builtin-Swift-Compilation -- /Applications/Xcode.app/Contents/Developer/Toolchains/XcodeDefault.xctoolchain/usr/bin/swiftc -module-name PolskiGrammarUITests -Onone @/Users/german/Work/JS/polski-grammar-srs/kotlin/iosApp/build/FinalVirtualToolbarIPadFull/Build/Intermediates.noindex/PolskiGrammar.build/Debug-iphonesimulator/PolskiGrammarUITests.build/Objects-normal/arm64/PolskiGrammarUITests.SwiftFileList -DDEBUG -module-alias Testing\=_Testing_Unavailable -plugin-path /Applications/Xcode.app/Contents/Developer/Toolchains/XcodeDefault.xctoolchain/usr/lib/swift/host/plugins/testing -enable-bare-slash-regex -enable-experimental-feature DebugDescriptionMacro -sdk /Applications/Xcode.app/Contents/Developer/Platforms/iPhoneSimulator.platform/Developer/SDKs/iPhoneSimulator27.0.sdk -target arm64-apple-ios17.0-simulator -g -module-cache-path /Users/german/Work/JS/polski-grammar-srs/kotlin/iosApp/build/FinalVirtualToolbarIPadFull/ModuleCache.noindex -Xfrontend -serialize-debugging-options -enable-testing -index-store-path /Users/german/Work/JS/polski-grammar-srs/kotlin/iosApp/build/FinalVirtualToolbarIPadFull/Index.noindex/DataStore -Xcc -D_LIBCPP_HARDENING_MODE\=_LIBCPP_HARDENING_MODE_DEBUG -swift-version 5 -I /Users/german/Work/JS/polski-grammar-srs/kotlin/iosApp/build/FinalVirtualToolbarIPadFull/Build/Products/Debug-iphonesimulator -Isystem /Applications/Xcode.app/Contents/Developer/Platforms/iPhoneSimulator.platform/Developer/usr/lib -F /Users/german/Work/JS/polski-grammar-srs/kotlin/iosApp/build/FinalVirtualToolbarIPadFull/Build/Products/Debug-iphonesimulator -F /Applications/Xcode.app/Contents/Developer/Platforms/iPhoneSimulator.platform/Developer/Library/Frameworks -F /Applications/Xcode.app/Contents/Developer/Platforms/iPhoneSimulator.platform/Developer/SDKs/iPhoneSimulator27.0.sdk/Developer/Library/Frameworks -parse-as-library -c -j10 -enable-batch-mode -incremental -Xcc -ivfsstatcache -Xcc /Users/german/Work/JS/polski-grammar-srs/kotlin/iosApp/build/FinalVirtualToolbarIPadFull/SDKStatCaches.noindex/iphonesimulator27.0-24A430-8dc58220667be655e1bcc261a7455254.sdkstatcache -output-file-map /Users/german/Work/JS/polski-grammar-srs/kotlin/iosApp/build/FinalVirtualToolbarIPadFull/Build/Intermediates.noindex/PolskiGrammar.build/Debug-iphonesimulator/PolskiGrammarUITests.build/Objects-normal/arm64/PolskiGrammarUITests-OutputFileMap.json -save-temps -no-color-diagnostics -explicit-module-build -module-cache-path /Users/german/Work/JS/polski-grammar-srs/kotlin/iosApp/build/FinalVirtualToolbarIPadFull/Build/Intermediates.noindex/SwiftExplicitPrecompiledModules -clang-scanner-module-cache-path /Users/german/Work/JS/polski-grammar-srs/kotlin/iosApp/build/FinalVirtualToolbarIPadFull/ModuleCache.noindex -sdk-module-cache-path /Users/german/Work/JS/polski-grammar-srs/kotlin/iosApp/build/FinalVirtualToolbarIPadFull/SDKExplicitPrecompiledModules -emit-dependencies -emit-module -emit-module-path /Users/german/Work/JS/polski-grammar-srs/kotlin/iosApp/build/FinalVirtualToolbarIPadFull/Build/Intermediates.noindex/PolskiGrammar.build/Debug-iphonesimulator/PolskiGrammarUITests.build/Objects-normal/arm64/PolskiGrammarUITests.swiftmodule -serialize-diagnostics -dependency-scan-serialize-diagnostics-path /Users/german/Work/JS/polski-grammar-srs/kotlin/iosApp/build/FinalVirtualToolbarIPadFull/Build/Intermediates.noindex/PolskiGrammar.build/Debug-iphonesimulator/PolskiGrammarUITests.build/Objects-normal/arm64/PolskiGrammarUITests-dependency-scan.dia -validate-clang-modules-once -clang-build-session-file /Users/german/Work/JS/polski-grammar-srs/kotlin/iosApp/build/FinalVirtualToolbarIPadFull/ModuleCache.noindex/Session.modulevalidation -Xcc -fmodules-prune-interval\=86400 -Xcc -fmodules-prune-after\=345600 -emit-const-values -const-gather-protocols-list /Users/german/Work/JS/polski-grammar-srs/kotlin/iosApp/build/FinalVirtualToolbarIPadFull/Build/Intermediates.noindex/PolskiGrammar.build/Debug-iphonesimulator/PolskiGrammarUITests.build/Objects-normal/arm64/PolskiGrammarUITests_const_extract_protocols.json -Xcc -iquote -Xcc /Users/german/Work/JS/polski-grammar-srs/kotlin/iosApp/build/FinalVirtualToolbarIPadFull/Build/Intermediates.noindex/PolskiGrammar.build/Debug-iphonesimulator/PolskiGrammarUITests.build/PolskiGrammarUITests-generated-files.hmap -Xcc -I/Users/german/Work/JS/polski-grammar-srs/kotlin/iosApp/build/FinalVirtualToolbarIPadFull/Build/Intermediates.noindex/PolskiGrammar.build/Debug-iphonesimulator/PolskiGrammarUITests.build/PolskiGrammarUITests-own-target-headers.hmap -Xcc -I/Users/german/Work/JS/polski-grammar-srs/kotlin/iosApp/build/FinalVirtualToolbarIPadFull/Build/Intermediates.noindex/PolskiGrammar.build/Debug-iphonesimulator/PolskiGrammarUITests.build/PolskiGrammarUITests-all-target-headers.hmap -Xcc -iquote -Xcc /Users/german/Work/JS/polski-grammar-srs/kotlin/iosApp/build/FinalVirtualToolbarIPadFull/Build/Intermediates.noindex/PolskiGrammar.build/Debug-iphonesimulator/PolskiGrammarUITests.build/PolskiGrammarUITests-project-headers.hmap -Xcc -I/Users/german/Work/JS/polski-grammar-srs/kotlin/iosApp/build/FinalVirtualToolbarIPadFull/Build/Products/Debug-iphonesimulator/include -Xcc -I/Users/german/Work/JS/polski-grammar-srs/kotlin/iosApp/build/FinalVirtualToolbarIPadFull/Build/Intermediates.noindex/PolskiGrammar.build/Debug-iphonesimulator/PolskiGrammarUITests.build/DerivedSources-normal/arm64 -Xcc -I/Users/german/Work/JS/polski-grammar-srs/kotlin/iosApp/build/FinalVirtualToolbarIPadFull/Build/Intermediates.noindex/PolskiGrammar.build/Debug-iphonesimulator/PolskiGrammarUITests.build/DerivedSources/arm64 -Xcc -I/Users/german/Work/JS/polski-grammar-srs/kotlin/iosApp/build/FinalVirtualToolbarIPadFull/Build/Intermediates.noindex/PolskiGrammar.build/Debug-iphonesimulator/PolskiGrammarUITests.build/DerivedSources -Xcc -DDEBUG\=1 -emit-objc-header -emit-objc-header-path /Users/german/Work/JS/polski-grammar-srs/kotlin/iosApp/build/FinalVirtualToolbarIPadFull/Build/Intermediates.noindex/PolskiGrammar.build/Debug-iphonesimulator/PolskiGrammarUITests.build/Objects-normal/arm64/PolskiGrammarUITests-Swift.h -working-directory /Users/german/Work/JS/polski-grammar-srs/kotlin/iosApp -experimental-emit-module-separately -disable-cmo

SwiftDriverJobDiscovery normal arm64 Compiling PolskiGrammarApp.swift (in target 'PolskiGrammar' from project 'PolskiGrammar')

SwiftDriver\ Compilation PolskiGrammar normal arm64 com.apple.xcode.tools.swift.compiler (in target 'PolskiGrammar' from project 'PolskiGrammar')
    cd /Users/german/Work/JS/polski-grammar-srs/kotlin/iosApp
    builtin-Swift-Compilation -- /Applications/Xcode.app/Contents/Developer/Toolchains/XcodeDefault.xctoolchain/usr/bin/swiftc -module-name PolskiGrammar -Onone @/Users/german/Work/JS/polski-grammar-srs/kotlin/iosApp/build/FinalVirtualToolbarIPadFull/Build/Intermediates.noindex/PolskiGrammar.build/Debug-iphonesimulator/PolskiGrammar.build/Objects-normal/arm64/PolskiGrammar.SwiftFileList -DDEBUG -enable-bare-slash-regex -enable-experimental-feature DebugDescriptionMacro -sdk /Applications/Xcode.app/Contents/Developer/Platforms/iPhoneSimulator.platform/Developer/SDKs/iPhoneSimulator27.0.sdk -target arm64-apple-ios17.0-simulator -g -module-cache-path /Users/german/Work/JS/polski-grammar-srs/kotlin/iosApp/build/FinalVirtualToolbarIPadFull/ModuleCache.noindex -Xfrontend -serialize-debugging-options -enable-testing -index-store-path /Users/german/Work/JS/polski-grammar-srs/kotlin/iosApp/build/FinalVirtualToolbarIPadFull/Index.noindex/DataStore -Xcc -D_LIBCPP_HARDENING_MODE\=_LIBCPP_HARDENING_MODE_DEBUG -swift-version 5 -I /Users/german/Work/JS/polski-grammar-srs/kotlin/iosApp/build/FinalVirtualToolbarIPadFull/Build/Products/Debug-iphonesimulator -F /Users/german/Work/JS/polski-grammar-srs/kotlin/iosApp/build/FinalVirtualToolbarIPadFull/Build/Products/Debug-iphonesimulator -c -j10 -enable-batch-mode -incremental -Xcc -ivfsstatcache -Xcc /Users/german/Work/JS/polski-grammar-srs/kotlin/iosApp/build/FinalVirtualToolbarIPadFull/SDKStatCaches.noindex/iphonesimulator27.0-24A430-8dc58220667be655e1bcc261a7455254.sdkstatcache -output-file-map /Users/german/Work/JS/polski-grammar-srs/kotlin/iosApp/build/FinalVirtualToolbarIPadFull/Build/Intermediates.noindex/PolskiGrammar.build/Debug-iphonesimulator/PolskiGrammar.build/Objects-normal/arm64/PolskiGrammar-OutputFileMap.json -save-temps -no-color-diagnostics -explicit-module-build -module-cache-path /Users/german/Work/JS/polski-grammar-srs/kotlin/iosApp/build/FinalVirtualToolbarIPadFull/Build/Intermediates.noindex/SwiftExplicitPrecompiledModules -clang-scanner-module-cache-path /Users/german/Work/JS/polski-grammar-srs/kotlin/iosApp/build/FinalVirtualToolbarIPadFull/ModuleCache.noindex -sdk-module-cache-path /Users/german/Work/JS/polski-grammar-srs/kotlin/iosApp/build/FinalVirtualToolbarIPadFull/SDKExplicitPrecompiledModules -emit-dependencies -emit-module -emit-module-path /Users/german/Work/JS/polski-grammar-srs/kotlin/iosApp/build/FinalVirtualToolbarIPadFull/Build/Intermediates.noindex/PolskiGrammar.build/Debug-iphonesimulator/PolskiGrammar.build/Objects-normal/arm64/PolskiGrammar.swiftmodule -serialize-diagnostics -dependency-scan-serialize-diagnostics-path /Users/german/Work/JS/polski-grammar-srs/kotlin/iosApp/build/FinalVirtualToolbarIPadFull/Build/Intermediates.noindex/PolskiGrammar.build/Debug-iphonesimulator/PolskiGrammar.build/Objects-normal/arm64/PolskiGrammar-dependency-scan.dia -validate-clang-modules-once -clang-build-session-file /Users/german/Work/JS/polski-grammar-srs/kotlin/iosApp/build/FinalVirtualToolbarIPadFull/ModuleCache.noindex/Session.modulevalidation -Xcc -fmodules-prune-interval\=86400 -Xcc -fmodules-prune-after\=345600 -emit-const-values -const-gather-protocols-list /Users/german/Work/JS/polski-grammar-srs/kotlin/iosApp/build/FinalVirtualToolbarIPadFull/Build/Intermediates.noindex/PolskiGrammar.build/Debug-iphonesimulator/PolskiGrammar.build/Objects-normal/arm64/PolskiGrammar_const_extract_protocols.json -Xcc -iquote -Xcc /Users/german/Work/JS/polski-grammar-srs/kotlin/iosApp/build/FinalVirtualToolbarIPadFull/Build/Intermediates.noindex/PolskiGrammar.build/Debug-iphonesimulator/PolskiGrammar.build/PolskiGrammar-generated-files.hmap -Xcc -I/Users/german/Work/JS/polski-grammar-srs/kotlin/iosApp/build/FinalVirtualToolbarIPadFull/Build/Intermediates.noindex/PolskiGrammar.build/Debug-iphonesimulator/PolskiGrammar.build/PolskiGrammar-own-target-headers.hmap -Xcc -I/Users/german/Work/JS/polski-grammar-srs/kotlin/iosApp/build/FinalVirtualToolbarIPadFull/Build/Intermediates.noindex/PolskiGrammar.build/Debug-iphonesimulator/PolskiGrammar.build/PolskiGrammar-all-target-headers.hmap -Xcc -iquote -Xcc /Users/german/Work/JS/polski-grammar-srs/kotlin/iosApp/build/FinalVirtualToolbarIPadFull/Build/Intermediates.noindex/PolskiGrammar.build/Debug-iphonesimulator/PolskiGrammar.build/PolskiGrammar-project-headers.hmap -Xcc -I/Users/german/Work/JS/polski-grammar-srs/kotlin/iosApp/build/FinalVirtualToolbarIPadFull/Build/Products/Debug-iphonesimulator/include -Xcc -I/Users/german/Work/JS/polski-grammar-srs/kotlin/iosApp/build/FinalVirtualToolbarIPadFull/Build/Intermediates.noindex/PolskiGrammar.build/Debug-iphonesimulator/PolskiGrammar.build/DerivedSources-normal/arm64 -Xcc -I/Users/german/Work/JS/polski-grammar-srs/kotlin/iosApp/build/FinalVirtualToolbarIPadFull/Build/Intermediates.noindex/PolskiGrammar.build/Debug-iphonesimulator/PolskiGrammar.build/DerivedSources/arm64 -Xcc -I/Users/german/Work/JS/polski-grammar-srs/kotlin/iosApp/build/FinalVirtualToolbarIPadFull/Build/Intermediates.noindex/PolskiGrammar.build/Debug-iphonesimulator/PolskiGrammar.build/DerivedSources -Xcc -DDEBUG\=1 -emit-objc-header -emit-objc-header-path /Users/german/Work/JS/polski-grammar-srs/kotlin/iosApp/build/FinalVirtualToolbarIPadFull/Build/Intermediates.noindex/PolskiGrammar.build/Debug-iphonesimulator/PolskiGrammar.build/Objects-normal/arm64/PolskiGrammar-Swift.h -working-directory /Users/german/Work/JS/polski-grammar-srs/kotlin/iosApp -experimental-emit-module-separately -disable-cmo

Ld /Users/german/Work/JS/polski-grammar-srs/kotlin/iosApp/build/FinalVirtualToolbarIPadFull/Build/Products/Debug-iphonesimulator/PolskiGrammar.app/PolskiGrammar.debug.dylib normal (in target 'PolskiGrammar' from project 'PolskiGrammar')
    cd /Users/german/Work/JS/polski-grammar-srs/kotlin/iosApp
    /Applications/Xcode.app/Contents/Developer/Toolchains/XcodeDefault.xctoolchain/usr/bin/clang -Xlinker -reproducible -target arm64-apple-ios17.0-simulator -dynamiclib -isysroot /Applications/Xcode.app/Contents/Developer/Platforms/iPhoneSimulator.platform/Developer/SDKs/iPhoneSimulator27.0.sdk -O0 -Xlinker -no_warn_duplicate_libraries -L/Users/german/Work/JS/polski-grammar-srs/kotlin/iosApp/build/FinalVirtualToolbarIPadFull/Build/Intermediates.noindex/EagerLinkingTBDs/Debug-iphonesimulator -L/Users/german/Work/JS/polski-grammar-srs/kotlin/iosApp/build/FinalVirtualToolbarIPadFull/Build/Products/Debug-iphonesimulator -F/Users/german/Work/JS/polski-grammar-srs/kotlin/iosApp/build/FinalVirtualToolbarIPadFull/Build/Intermediates.noindex/EagerLinkingTBDs/Debug-iphonesimulator -F/Users/german/Work/JS/polski-grammar-srs/kotlin/iosApp/build/FinalVirtualToolbarIPadFull/Build/Products/Debug-iphonesimulator -filelist /Users/german/Work/JS/polski-grammar-srs/kotlin/iosApp/build/FinalVirtualToolbarIPadFull/Build/Intermediates.noindex/PolskiGrammar.build/Debug-iphonesimulator/PolskiGrammar.build/Objects-normal/arm64/PolskiGrammar.LinkFileList -install_name @rpath/PolskiGrammar.debug.dylib -Xlinker -rpath -Xlinker /usr/lib/swift -Xlinker -rpath -Xlinker @executable_path/Frameworks -Xlinker -dead_strip -Xlinker -object_path_lto -Xlinker /Users/german/Work/JS/polski-grammar-srs/kotlin/iosApp/build/FinalVirtualToolbarIPadFull/Build/Intermediates.noindex/PolskiGrammar.build/Debug-iphonesimulator/PolskiGrammar.build/Objects-normal/arm64/PolskiGrammar_lto.o -rdynamic -Xlinker -no_deduplicate -Xlinker -objc_abi_version -Xlinker 2 -Xlinker -dependency_info -Xlinker /Users/german/Work/JS/polski-grammar-srs/kotlin/iosApp/build/FinalVirtualToolbarIPadFull/Build/Intermediates.noindex/PolskiGrammar.build/Debug-iphonesimulator/PolskiGrammar.build/Objects-normal/arm64/PolskiGrammar_dependency_info.dat -fobjc-link-runtime -L/Applications/Xcode.app/Contents/Developer/Toolchains/XcodeDefault.xctoolchain/usr/lib/swift/iphonesimulator -L/usr/lib/swift -Xlinker -add_ast_path -Xlinker /Users/german/Work/JS/polski-grammar-srs/kotlin/iosApp/build/FinalVirtualToolbarIPadFull/Build/Intermediates.noindex/PolskiGrammar.build/Debug-iphonesimulator/PolskiGrammar.build/Objects-normal/arm64/PolskiGrammar.swiftmodule -framework PolskiShared -Xlinker -alias -Xlinker _main -Xlinker ___debug_main_executable_dylib_entry_point -framework Foundation -o /Users/german/Work/JS/polski-grammar-srs/kotlin/iosApp/build/FinalVirtualToolbarIPadFull/Build/Products/Debug-iphonesimulator/PolskiGrammar.app/PolskiGrammar.debug.dylib

ConstructStubExecutorLinkFileList /Users/german/Work/JS/polski-grammar-srs/kotlin/iosApp/build/FinalVirtualToolbarIPadFull/Build/Intermediates.noindex/PolskiGrammar.build/Debug-iphonesimulator/PolskiGrammar.build/PolskiGrammar-ExecutorLinkFileList-normal-arm64.txt (in target 'PolskiGrammar' from project 'PolskiGrammar')
    cd /Users/german/Work/JS/polski-grammar-srs/kotlin/iosApp
    construct-stub-executor-link-file-list /Users/german/Work/JS/polski-grammar-srs/kotlin/iosApp/build/FinalVirtualToolbarIPadFull/Build/Products/Debug-iphonesimulator/PolskiGrammar.app/PolskiGrammar.debug.dylib /Applications/Xcode.app/Contents/Developer/Platforms/iPhoneSimulator.platform/Developer/usr/lib/libPreviewsJITStubExecutor_no_swift_entry_point.a /Applications/Xcode.app/Contents/Developer/Platforms/iPhoneSimulator.platform/Developer/usr/lib/libPreviewsJITStubExecutor.a --output /Users/german/Work/JS/polski-grammar-srs/kotlin/iosApp/build/FinalVirtualToolbarIPadFull/Build/Intermediates.noindex/PolskiGrammar.build/Debug-iphonesimulator/PolskiGrammar.build/PolskiGrammar-ExecutorLinkFileList-normal-arm64.txt
note: Using stub executor library with Swift entry point. (in target 'PolskiGrammar' from project 'PolskiGrammar')

Ld /Users/german/Work/JS/polski-grammar-srs/kotlin/iosApp/build/FinalVirtualToolbarIPadFull/Build/Products/Debug-iphonesimulator/PolskiGrammar.app/PolskiGrammar normal (in target 'PolskiGrammar' from project 'PolskiGrammar')
    cd /Users/german/Work/JS/polski-grammar-srs/kotlin/iosApp
    /Applications/Xcode.app/Contents/Developer/Toolchains/XcodeDefault.xctoolchain/usr/bin/clang -Xlinker -reproducible -target arm64-apple-ios17.0-simulator -isysroot /Applications/Xcode.app/Contents/Developer/Platforms/iPhoneSimulator.platform/Developer/SDKs/iPhoneSimulator27.0.sdk -O0 -Xlinker -no_warn_duplicate_libraries -L/Users/german/Work/JS/polski-grammar-srs/kotlin/iosApp/build/FinalVirtualToolbarIPadFull/Build/Products/Debug-iphonesimulator -F/Users/german/Work/JS/polski-grammar-srs/kotlin/iosApp/build/FinalVirtualToolbarIPadFull/Build/Products/Debug-iphonesimulator -Xlinker -rpath -Xlinker @executable_path -Xlinker -rpath -Xlinker @executable_path/Frameworks -rdynamic -Xlinker -no_deduplicate -Xlinker -objc_abi_version -Xlinker 2 -e ___debug_blank_executor_main -Xlinker -sectcreate -Xlinker __TEXT -Xlinker __debug_dylib -Xlinker /Users/german/Work/JS/polski-grammar-srs/kotlin/iosApp/build/FinalVirtualToolbarIPadFull/Build/Intermediates.noindex/PolskiGrammar.build/Debug-iphonesimulator/PolskiGrammar.build/PolskiGrammar-DebugDylibPath-normal-arm64.txt -Xlinker -sectcreate -Xlinker __TEXT -Xlinker __debug_instlnm -Xlinker /Users/german/Work/JS/polski-grammar-srs/kotlin/iosApp/build/FinalVirtualToolbarIPadFull/Build/Intermediates.noindex/PolskiGrammar.build/Debug-iphonesimulator/PolskiGrammar.build/PolskiGrammar-DebugDylibInstallName-normal-arm64.txt -Xlinker -filelist -Xlinker /Users/german/Work/JS/polski-grammar-srs/kotlin/iosApp/build/FinalVirtualToolbarIPadFull/Build/Intermediates.noindex/PolskiGrammar.build/Debug-iphonesimulator/PolskiGrammar.build/PolskiGrammar-ExecutorLinkFileList-normal-arm64.txt /Users/german/Work/JS/polski-grammar-srs/kotlin/iosApp/build/FinalVirtualToolbarIPadFull/Build/Products/Debug-iphonesimulator/PolskiGrammar.app/PolskiGrammar.debug.dylib -o /Users/german/Work/JS/polski-grammar-srs/kotlin/iosApp/build/FinalVirtualToolbarIPadFull/Build/Products/Debug-iphonesimulator/PolskiGrammar.app/PolskiGrammar

CopySwiftLibs /Users/german/Work/JS/polski-grammar-srs/kotlin/iosApp/build/FinalVirtualToolbarIPadFull/Build/Products/Debug-iphonesimulator/PolskiGrammar.app (in target 'PolskiGrammar' from project 'PolskiGrammar')
    cd /Users/german/Work/JS/polski-grammar-srs/kotlin/iosApp
    builtin-swiftStdLibTool --copy --verbose --scan-executable /Users/german/Work/JS/polski-grammar-srs/kotlin/iosApp/build/FinalVirtualToolbarIPadFull/Build/Products/Debug-iphonesimulator/PolskiGrammar.app/PolskiGrammar.debug.dylib --scan-folder /Users/german/Work/JS/polski-grammar-srs/kotlin/iosApp/build/FinalVirtualToolbarIPadFull/Build/Products/Debug-iphonesimulator/PolskiGrammar.app/Frameworks --scan-folder /Users/german/Work/JS/polski-grammar-srs/kotlin/iosApp/build/FinalVirtualToolbarIPadFull/Build/Products/Debug-iphonesimulator/PolskiGrammar.app/PlugIns --scan-folder /Users/german/Work/JS/polski-grammar-srs/kotlin/iosApp/build/FinalVirtualToolbarIPadFull/Build/Products/Debug-iphonesimulator/PolskiGrammar.app/SystemExtensions --scan-folder /Users/german/Work/JS/polski-grammar-srs/kotlin/iosApp/build/FinalVirtualToolbarIPadFull/Build/Products/Debug-iphonesimulator/PolskiGrammar.app/Extensions --scan-folder /Applications/Xcode.app/Contents/Developer/Platforms/iPhoneOS.platform/Developer/SDKs/iPhoneOS18.0.sdk/System/Library/Frameworks/Foundation.framework --platform iphonesimulator --toolchain /Applications/Xcode.app/Contents/Developer/Toolchains/XcodeDefault.xctoolchain --destination /Users/german/Work/JS/polski-grammar-srs/kotlin/iosApp/build/FinalVirtualToolbarIPadFull/Build/Products/Debug-iphonesimulator/PolskiGrammar.app/Frameworks --strip-bitcode --strip-bitcode-tool /Applications/Xcode.app/Contents/Developer/Toolchains/XcodeDefault.xctoolchain/usr/bin/bitcode_strip --emit-dependency-info /Users/german/Work/JS/polski-grammar-srs/kotlin/iosApp/build/FinalVirtualToolbarIPadFull/Build/Intermediates.noindex/PolskiGrammar.build/Debug-iphonesimulator/PolskiGrammar.build/SwiftStdLibToolInputDependencies.dep --filter-for-swift-os
Ignoring --strip-bitcode because --sign was not passed

ExtractAppIntentsMetadata (in target 'PolskiGrammar' from project 'PolskiGrammar')
    cd /Users/german/Work/JS/polski-grammar-srs/kotlin/iosApp
    /Applications/Xcode.app/Contents/Developer/Toolchains/XcodeDefault.xctoolchain/usr/bin/appintentsmetadataprocessor --toolchain-dir /Applications/Xcode.app/Contents/Developer/Toolchains/XcodeDefault.xctoolchain --module-name PolskiGrammar --sdk-root /Applications/Xcode.app/Contents/Developer/Platforms/iPhoneSimulator.platform/Developer/SDKs/iPhoneSimulator27.0.sdk --xcode-version 27A266a --platform-family iOS --deployment-target 17.0 --bundle-identifier dev.polski.grammarmatrix.ios --output /Users/german/Work/JS/polski-grammar-srs/kotlin/iosApp/build/FinalVirtualToolbarIPadFull/Build/Products/Debug-iphonesimulator/PolskiGrammar.app --target-triple arm64-apple-ios17.0-simulator --binary-file /Users/german/Work/JS/polski-grammar-srs/kotlin/iosApp/build/FinalVirtualToolbarIPadFull/Build/Products/Debug-iphonesimulator/PolskiGrammar.app/PolskiGrammar --dependency-file /Users/german/Work/JS/polski-grammar-srs/kotlin/iosApp/build/FinalVirtualToolbarIPadFull/Build/Intermediates.noindex/PolskiGrammar.build/Debug-iphonesimulator/PolskiGrammar.build/Objects-normal/arm64/PolskiGrammar_dependency_info.dat --stringsdata-file /Users/german/Work/JS/polski-grammar-srs/kotlin/iosApp/build/FinalVirtualToolbarIPadFull/Build/Intermediates.noindex/PolskiGrammar.build/Debug-iphonesimulator/PolskiGrammar.build/Objects-normal/arm64/ExtractedAppShortcutsMetadata.stringsdata --source-file-list /Users/german/Work/JS/polski-grammar-srs/kotlin/iosApp/build/FinalVirtualToolbarIPadFull/Build/Intermediates.noindex/PolskiGrammar.build/Debug-iphonesimulator/PolskiGrammar.build/Objects-normal/arm64/PolskiGrammar.SwiftFileList --metadata-file-list /Users/german/Work/JS/polski-grammar-srs/kotlin/iosApp/build/FinalVirtualToolbarIPadFull/Build/Intermediates.noindex/PolskiGrammar.build/Debug-iphonesimulator/PolskiGrammar.build/PolskiGrammar.DependencyMetadataFileList --static-metadata-file-list /Users/german/Work/JS/polski-grammar-srs/kotlin/iosApp/build/FinalVirtualToolbarIPadFull/Build/Intermediates.noindex/PolskiGrammar.build/Debug-iphonesimulator/PolskiGrammar.build/PolskiGrammar.DependencyStaticMetadataFileList --swift-const-vals-list /Users/german/Work/JS/polski-grammar-srs/kotlin/iosApp/build/FinalVirtualToolbarIPadFull/Build/Intermediates.noindex/PolskiGrammar.build/Debug-iphonesimulator/PolskiGrammar.build/Objects-normal/arm64/PolskiGrammar.SwiftConstValuesFileList --compile-time-extraction --deployment-aware-processing --no-app-shortcuts-localization
2026-09-24 21:42:06.261 appintentsmetadataprocessor[72811:18844673] Starting appintentsmetadataprocessor export
2026-09-24 21:42:06.267 appintentsmetadataprocessor[72811:18844673] warning: Metadata extraction skipped, no AppIntents.framework dependency found

AppIntentsSSUTraining (in target 'PolskiGrammar' from project 'PolskiGrammar')
    cd /Users/german/Work/JS/polski-grammar-srs/kotlin/iosApp
    /Applications/Xcode.app/Contents/Developer/Toolchains/XcodeDefault.xctoolchain/usr/bin/appintentsnltrainingprocessor --infoplist-path /Users/german/Work/JS/polski-grammar-srs/kotlin/iosApp/build/FinalVirtualToolbarIPadFull/Build/Products/Debug-iphonesimulator/PolskiGrammar.app/Info.plist --temp-dir-path /Users/german/Work/JS/polski-grammar-srs/kotlin/iosApp/build/FinalVirtualToolbarIPadFull/Build/Intermediates.noindex/PolskiGrammar.build/Debug-iphonesimulator/PolskiGrammar.build/ssu --bundle-id dev.polski.grammarmatrix.ios --product-path /Users/german/Work/JS/polski-grammar-srs/kotlin/iosApp/build/FinalVirtualToolbarIPadFull/Build/Products/Debug-iphonesimulator/PolskiGrammar.app --extracted-metadata-path /Users/german/Work/JS/polski-grammar-srs/kotlin/iosApp/build/FinalVirtualToolbarIPadFull/Build/Products/Debug-iphonesimulator/PolskiGrammar.app/Metadata.appintents --metadata-file-list /Users/german/Work/JS/polski-grammar-srs/kotlin/iosApp/build/FinalVirtualToolbarIPadFull/Build/Intermediates.noindex/PolskiGrammar.build/Debug-iphonesimulator/PolskiGrammar.build/PolskiGrammar.DependencyMetadataFileList --source-file /Users/german/Work/JS/polski-grammar-srs/kotlin/iosApp/build/FinalVirtualToolbarIPadFull/Build/Products/Debug-iphonesimulator/PolskiGrammar.app/Info.plist --archive-ssu-assets
2026-09-24 21:42:06.298 appintentsnltrainingprocessor[72812:18844683] Parsing options for appintentsnltrainingprocessor
2026-09-24 21:42:06.300 appintentsnltrainingprocessor[72812:18844683] Starting AppIntents SSU YAML Generation
2026-09-24 21:42:06.303 appintentsnltrainingprocessor[72812:18844683] No AppShortcuts found - Skipping.

RegisterExecutionPolicyException /Users/german/Work/JS/polski-grammar-srs/kotlin/iosApp/build/FinalVirtualToolbarIPadFull/Build/Products/Debug-iphonesimulator/PolskiGrammar.app (in target 'PolskiGrammar' from project 'PolskiGrammar')
    cd /Users/german/Work/JS/polski-grammar-srs/kotlin/iosApp
    builtin-RegisterExecutionPolicyException /Users/german/Work/JS/polski-grammar-srs/kotlin/iosApp/build/FinalVirtualToolbarIPadFull/Build/Products/Debug-iphonesimulator/PolskiGrammar.app

Validate /Users/german/Work/JS/polski-grammar-srs/kotlin/iosApp/build/FinalVirtualToolbarIPadFull/Build/Products/Debug-iphonesimulator/PolskiGrammar.app (in target 'PolskiGrammar' from project 'PolskiGrammar')
    cd /Users/german/Work/JS/polski-grammar-srs/kotlin/iosApp
    builtin-validationUtility /Users/german/Work/JS/polski-grammar-srs/kotlin/iosApp/build/FinalVirtualToolbarIPadFull/Build/Products/Debug-iphonesimulator/PolskiGrammar.app -shallow-bundle -infoplist-subpath Info.plist

Touch /Users/german/Work/JS/polski-grammar-srs/kotlin/iosApp/build/FinalVirtualToolbarIPadFull/Build/Products/Debug-iphonesimulator/PolskiGrammar.app (in target 'PolskiGrammar' from project 'PolskiGrammar')
    cd /Users/german/Work/JS/polski-grammar-srs/kotlin/iosApp
    /usr/bin/touch -c /Users/german/Work/JS/polski-grammar-srs/kotlin/iosApp/build/FinalVirtualToolbarIPadFull/Build/Products/Debug-iphonesimulator/PolskiGrammar.app

ProcessInfoPlistFile /Users/german/Work/JS/polski-grammar-srs/kotlin/iosApp/build/FinalVirtualToolbarIPadFull/Build/Products/Debug-iphonesimulator/PolskiGrammarUITests-Runner.app/PlugIns/PolskiGrammarUITests.xctest/Info.plist /Users/german/Work/JS/polski-grammar-srs/kotlin/iosApp/build/FinalVirtualToolbarIPadFull/Build/Intermediates.noindex/PolskiGrammar.build/Debug-iphonesimulator/PolskiGrammarUITests.build/empty-PolskiGrammarUITests.plist (in target 'PolskiGrammarUITests' from project 'PolskiGrammar')
    cd /Users/german/Work/JS/polski-grammar-srs/kotlin/iosApp
    builtin-infoPlistUtility /Users/german/Work/JS/polski-grammar-srs/kotlin/iosApp/build/FinalVirtualToolbarIPadFull/Build/Intermediates.noindex/PolskiGrammar.build/Debug-iphonesimulator/PolskiGrammarUITests.build/empty-PolskiGrammarUITests.plist -producttype com.apple.product-type.bundle.ui-testing -expandbuildsettings -format binary -platform iphonesimulator -additionalcontentfile /Users/german/Work/JS/polski-grammar-srs/kotlin/iosApp/build/FinalVirtualToolbarIPadFull/Build/Intermediates.noindex/PolskiGrammar.build/Debug-iphonesimulator/PolskiGrammarUITests.build/ProductTypeInfoPlistAdditions.plist -o /Users/german/Work/JS/polski-grammar-srs/kotlin/iosApp/build/FinalVirtualToolbarIPadFull/Build/Products/Debug-iphonesimulator/PolskiGrammarUITests-Runner.app/PlugIns/PolskiGrammarUITests.xctest/Info.plist

Ld /Users/german/Work/JS/polski-grammar-srs/kotlin/iosApp/build/FinalVirtualToolbarIPadFull/Build/Products/Debug-iphonesimulator/PolskiGrammarUITests-Runner.app/PlugIns/PolskiGrammarUITests.xctest/PolskiGrammarUITests normal (in target 'PolskiGrammarUITests' from project 'PolskiGrammar')
    cd /Users/german/Work/JS/polski-grammar-srs/kotlin/iosApp
    /Applications/Xcode.app/Contents/Developer/Toolchains/XcodeDefault.xctoolchain/usr/bin/clang -Xlinker -reproducible -target arm64-apple-ios17.0-simulator -bundle -isysroot /Applications/Xcode.app/Contents/Developer/Platforms/iPhoneSimulator.platform/Developer/SDKs/iPhoneSimulator27.0.sdk -O0 -Xlinker -no_warn_duplicate_libraries -L/Users/german/Work/JS/polski-grammar-srs/kotlin/iosApp/build/FinalVirtualToolbarIPadFull/Build/Intermediates.noindex/EagerLinkingTBDs/Debug-iphonesimulator -L/Users/german/Work/JS/polski-grammar-srs/kotlin/iosApp/build/FinalVirtualToolbarIPadFull/Build/Products/Debug-iphonesimulator -L/Applications/Xcode.app/Contents/Developer/Platforms/iPhoneSimulator.platform/Developer/usr/lib -F/Users/german/Work/JS/polski-grammar-srs/kotlin/iosApp/build/FinalVirtualToolbarIPadFull/Build/Intermediates.noindex/EagerLinkingTBDs/Debug-iphonesimulator -F/Users/german/Work/JS/polski-grammar-srs/kotlin/iosApp/build/FinalVirtualToolbarIPadFull/Build/Products/Debug-iphonesimulator -iframework /Applications/Xcode.app/Contents/Developer/Platforms/iPhoneSimulator.platform/Developer/Library/Frameworks -iframework /Applications/Xcode.app/Contents/Developer/Platforms/iPhoneSimulator.platform/Developer/SDKs/iPhoneSimulator27.0.sdk/Developer/Library/Frameworks -filelist /Users/german/Work/JS/polski-grammar-srs/kotlin/iosApp/build/FinalVirtualToolbarIPadFull/Build/Intermediates.noindex/PolskiGrammar.build/Debug-iphonesimulator/PolskiGrammarUITests.build/Objects-normal/arm64/PolskiGrammarUITests.LinkFileList -Xlinker -rpath -Xlinker /usr/lib/swift -Xlinker -rpath -Xlinker @loader_path/Frameworks -Xlinker -dead_strip -Xlinker -object_path_lto -Xlinker /Users/german/Work/JS/polski-grammar-srs/kotlin/iosApp/build/FinalVirtualToolbarIPadFull/Build/Intermediates.noindex/PolskiGrammar.build/Debug-iphonesimulator/PolskiGrammarUITests.build/Objects-normal/arm64/PolskiGrammarUITests_lto.o -rdynamic -Xlinker -no_deduplicate -Xlinker -objc_abi_version -Xlinker 2 -Xlinker -dependency_info -Xlinker /Users/german/Work/JS/polski-grammar-srs/kotlin/iosApp/build/FinalVirtualToolbarIPadFull/Build/Intermediates.noindex/PolskiGrammar.build/Debug-iphonesimulator/PolskiGrammarUITests.build/Objects-normal/arm64/PolskiGrammarUITests_dependency_info.dat -fobjc-link-runtime -L/Applications/Xcode.app/Contents/Developer/Toolchains/XcodeDefault.xctoolchain/usr/lib/swift/iphonesimulator -L/usr/lib/swift -Xlinker -add_ast_path -Xlinker /Users/german/Work/JS/polski-grammar-srs/kotlin/iosApp/build/FinalVirtualToolbarIPadFull/Build/Intermediates.noindex/PolskiGrammar.build/Debug-iphonesimulator/PolskiGrammarUITests.build/Objects-normal/arm64/PolskiGrammarUITests.swiftmodule -Xlinker -needed_framework -Xlinker XCTest -framework XCTest -Xlinker -needed-lXCTestSwiftSupport -lXCTestSwiftSupport -framework Foundation -o /Users/german/Work/JS/polski-grammar-srs/kotlin/iosApp/build/FinalVirtualToolbarIPadFull/Build/Products/Debug-iphonesimulator/PolskiGrammarUITests-Runner.app/PlugIns/PolskiGrammarUITests.xctest/PolskiGrammarUITests

ExtractAppIntentsMetadata (in target 'PolskiGrammarUITests' from project 'PolskiGrammar')
    cd /Users/german/Work/JS/polski-grammar-srs/kotlin/iosApp
    /Applications/Xcode.app/Contents/Developer/Toolchains/XcodeDefault.xctoolchain/usr/bin/appintentsmetadataprocessor --toolchain-dir /Applications/Xcode.app/Contents/Developer/Toolchains/XcodeDefault.xctoolchain --module-name PolskiGrammarUITests --sdk-root /Applications/Xcode.app/Contents/Developer/Platforms/iPhoneSimulator.platform/Developer/SDKs/iPhoneSimulator27.0.sdk --xcode-version 27A266a --platform-family iOS --deployment-target 17.0 --bundle-identifier dev.polski.grammarmatrix.ios.uitests --output /Users/german/Work/JS/polski-grammar-srs/kotlin/iosApp/build/FinalVirtualToolbarIPadFull/Build/Products/Debug-iphonesimulator/PolskiGrammarUITests-Runner.app/PlugIns/PolskiGrammarUITests.xctest --target-triple arm64-apple-ios17.0-simulator --binary-file /Users/german/Work/JS/polski-grammar-srs/kotlin/iosApp/build/FinalVirtualToolbarIPadFull/Build/Products/Debug-iphonesimulator/PolskiGrammarUITests-Runner.app/PlugIns/PolskiGrammarUITests.xctest/PolskiGrammarUITests --dependency-file /Users/german/Work/JS/polski-grammar-srs/kotlin/iosApp/build/FinalVirtualToolbarIPadFull/Build/Intermediates.noindex/PolskiGrammar.build/Debug-iphonesimulator/PolskiGrammarUITests.build/Objects-normal/arm64/PolskiGrammarUITests_dependency_info.dat --stringsdata-file /Users/german/Work/JS/polski-grammar-srs/kotlin/iosApp/build/FinalVirtualToolbarIPadFull/Build/Intermediates.noindex/PolskiGrammar.build/Debug-iphonesimulator/PolskiGrammarUITests.build/Objects-normal/arm64/ExtractedAppShortcutsMetadata.stringsdata --source-file-list /Users/german/Work/JS/polski-grammar-srs/kotlin/iosApp/build/FinalVirtualToolbarIPadFull/Build/Intermediates.noindex/PolskiGrammar.build/Debug-iphonesimulator/PolskiGrammarUITests.build/Objects-normal/arm64/PolskiGrammarUITests.SwiftFileList --metadata-file-list /Users/german/Work/JS/polski-grammar-srs/kotlin/iosApp/build/FinalVirtualToolbarIPadFull/Build/Intermediates.noindex/PolskiGrammar.build/Debug-iphonesimulator/PolskiGrammarUITests.build/PolskiGrammarUITests.DependencyMetadataFileList --static-metadata-file-list /Users/german/Work/JS/polski-grammar-srs/kotlin/iosApp/build/FinalVirtualToolbarIPadFull/Build/Intermediates.noindex/PolskiGrammar.build/Debug-iphonesimulator/PolskiGrammarUITests.build/PolskiGrammarUITests.DependencyStaticMetadataFileList --swift-const-vals-list /Users/german/Work/JS/polski-grammar-srs/kotlin/iosApp/build/FinalVirtualToolbarIPadFull/Build/Intermediates.noindex/PolskiGrammar.build/Debug-iphonesimulator/PolskiGrammarUITests.build/Objects-normal/arm64/PolskiGrammarUITests.SwiftConstValuesFileList --compile-time-extraction --deployment-aware-processing --no-app-shortcuts-localization
2026-09-24 21:42:06.642 appintentsmetadataprocessor[72829:18844719] Starting appintentsmetadataprocessor export
2026-09-24 21:42:06.647 appintentsmetadataprocessor[72829:18844719] warning: Metadata extraction skipped, no AppIntents.framework dependency found

CopySwiftLibs /Users/german/Work/JS/polski-grammar-srs/kotlin/iosApp/build/FinalVirtualToolbarIPadFull/Build/Products/Debug-iphonesimulator/PolskiGrammarUITests-Runner.app/PlugIns/PolskiGrammarUITests.xctest (in target 'PolskiGrammarUITests' from project 'PolskiGrammar')
    cd /Users/german/Work/JS/polski-grammar-srs/kotlin/iosApp
    builtin-swiftStdLibTool --copy --verbose --scan-executable /Users/german/Work/JS/polski-grammar-srs/kotlin/iosApp/build/FinalVirtualToolbarIPadFull/Build/Products/Debug-iphonesimulator/PolskiGrammarUITests-Runner.app/PlugIns/PolskiGrammarUITests.xctest/PolskiGrammarUITests --scan-folder /Users/german/Work/JS/polski-grammar-srs/kotlin/iosApp/build/FinalVirtualToolbarIPadFull/Build/Products/Debug-iphonesimulator/PolskiGrammarUITests-Runner.app/PlugIns/PolskiGrammarUITests.xctest/Frameworks --scan-folder /Users/german/Work/JS/polski-grammar-srs/kotlin/iosApp/build/FinalVirtualToolbarIPadFull/Build/Products/Debug-iphonesimulator/PolskiGrammarUITests-Runner.app/PlugIns/PolskiGrammarUITests.xctest/PlugIns --scan-folder /Users/german/Work/JS/polski-grammar-srs/kotlin/iosApp/build/FinalVirtualToolbarIPadFull/Build/Products/Debug-iphonesimulator/PolskiGrammarUITests-Runner.app/PlugIns/PolskiGrammarUITests.xctest/SystemExtensions --scan-folder /Users/german/Work/JS/polski-grammar-srs/kotlin/iosApp/build/FinalVirtualToolbarIPadFull/Build/Products/Debug-iphonesimulator/PolskiGrammarUITests-Runner.app/PlugIns/PolskiGrammarUITests.xctest/Extensions --scan-folder /Applications/Xcode.app/Contents/Developer/Platforms/iPhoneOS.platform/Developer/SDKs/iPhoneOS18.0.sdk/System/Library/Frameworks/Foundation.framework --platform iphonesimulator --toolchain /Applications/Xcode.app/Contents/Developer/Toolchains/XcodeDefault.xctoolchain --destination /Users/german/Work/JS/polski-grammar-srs/kotlin/iosApp/build/FinalVirtualToolbarIPadFull/Build/Products/Debug-iphonesimulator/PolskiGrammarUITests-Runner.app/PlugIns/PolskiGrammarUITests.xctest/Frameworks --strip-bitcode --scan-executable /Applications/Xcode.app/Contents/Developer/Platforms/iPhoneSimulator.platform/Developer/usr/lib/libXCTestSwiftSupport.dylib --strip-bitcode-tool /Applications/Xcode.app/Contents/Developer/Toolchains/XcodeDefault.xctoolchain/usr/bin/bitcode_strip --emit-dependency-info /Users/german/Work/JS/polski-grammar-srs/kotlin/iosApp/build/FinalVirtualToolbarIPadFull/Build/Intermediates.noindex/PolskiGrammar.build/Debug-iphonesimulator/PolskiGrammarUITests.build/SwiftStdLibToolInputDependencies.dep --filter-for-swift-os
Ignoring --strip-bitcode because --sign was not passed

AppIntentsSSUTraining (in target 'PolskiGrammarUITests' from project 'PolskiGrammar')
    cd /Users/german/Work/JS/polski-grammar-srs/kotlin/iosApp
    /Applications/Xcode.app/Contents/Developer/Toolchains/XcodeDefault.xctoolchain/usr/bin/appintentsnltrainingprocessor --infoplist-path /Users/german/Work/JS/polski-grammar-srs/kotlin/iosApp/build/FinalVirtualToolbarIPadFull/Build/Products/Debug-iphonesimulator/PolskiGrammarUITests-Runner.app/PlugIns/PolskiGrammarUITests.xctest/Info.plist --temp-dir-path /Users/german/Work/JS/polski-grammar-srs/kotlin/iosApp/build/FinalVirtualToolbarIPadFull/Build/Intermediates.noindex/PolskiGrammar.build/Debug-iphonesimulator/PolskiGrammarUITests.build/ssu --bundle-id dev.polski.grammarmatrix.ios.uitests --product-path /Users/german/Work/JS/polski-grammar-srs/kotlin/iosApp/build/FinalVirtualToolbarIPadFull/Build/Products/Debug-iphonesimulator/PolskiGrammarUITests-Runner.app/PlugIns/PolskiGrammarUITests.xctest --extracted-metadata-path /Users/german/Work/JS/polski-grammar-srs/kotlin/iosApp/build/FinalVirtualToolbarIPadFull/Build/Products/Debug-iphonesimulator/PolskiGrammarUITests-Runner.app/PlugIns/PolskiGrammarUITests.xctest/Metadata.appintents --metadata-file-list /Users/german/Work/JS/polski-grammar-srs/kotlin/iosApp/build/FinalVirtualToolbarIPadFull/Build/Intermediates.noindex/PolskiGrammar.build/Debug-iphonesimulator/PolskiGrammarUITests.build/PolskiGrammarUITests.DependencyMetadataFileList --source-file /Users/german/Work/JS/polski-grammar-srs/kotlin/iosApp/build/FinalVirtualToolbarIPadFull/Build/Products/Debug-iphonesimulator/PolskiGrammarUITests-Runner.app/PlugIns/PolskiGrammarUITests.xctest/Info.plist --archive-ssu-assets
2026-09-24 21:42:06.689 appintentsnltrainingprocessor[72830:18844722] Parsing options for appintentsnltrainingprocessor
2026-09-24 21:42:06.692 appintentsnltrainingprocessor[72830:18844722] Starting AppIntents SSU YAML Generation
2026-09-24 21:42:06.692 appintentsnltrainingprocessor[72830:18844722] No AppShortcuts found - Skipping.

CopyPlistFile /Users/german/Work/JS/polski-grammar-srs/kotlin/iosApp/build/FinalVirtualToolbarIPadFull/Build/Products/Debug-iphonesimulator/PolskiGrammarUITests-Runner.app/Info.plist /Applications/Xcode.app/Contents/Developer/Platforms/iPhoneSimulator.platform/Developer/Library/Xcode/Agents/XCTRunner.app/Info.plist (in target 'PolskiGrammarUITests' from project 'PolskiGrammar')
    cd /Users/german/Work/JS/polski-grammar-srs/kotlin/iosApp
    builtin-copyPlist --validate --convert xml1 --macro-expansion WRAPPEDPRODUCTNAME PolskiGrammarUITests-Runner --macro-expansion WRAPPEDPRODUCTBUNDLEIDENTIFIER dev.polski.grammarmatrix.ios.uitests.xctrunner --macro-expansion TESTPRODUCTNAME PolskiGrammarUITests --macro-expansion TESTPRODUCTBUNDLEIDENTIFIER dev.polski.grammarmatrix.ios.uitests --copy-value UIDeviceFamily /Users/german/Work/JS/polski-grammar-srs/kotlin/iosApp/build/FinalVirtualToolbarIPadFull/Build/Products/Debug-iphonesimulator/PolskiGrammarUITests-Runner.app/PlugIns/PolskiGrammarUITests.xctest/Info.plist --outdir /Users/german/Work/JS/polski-grammar-srs/kotlin/iosApp/build/FinalVirtualToolbarIPadFull/Build/Products/Debug-iphonesimulator/PolskiGrammarUITests-Runner.app -- /Applications/Xcode.app/Contents/Developer/Platforms/iPhoneSimulator.platform/Developer/Library/Xcode/Agents/XCTRunner.app/Info.plist

CopyAndPreserveArchs /Users/german/Work/JS/polski-grammar-srs/kotlin/iosApp/build/FinalVirtualToolbarIPadFull/Build/Products/Debug-iphonesimulator/PolskiGrammarUITests-Runner.app/PolskiGrammarUITests-Runner (in target 'PolskiGrammarUITests' from project 'PolskiGrammar')
    cd /Users/german/Work/JS/polski-grammar-srs/kotlin/iosApp
    /Applications/Xcode.app/Contents/Developer/Toolchains/XcodeDefault.xctoolchain/usr/bin/lipo /Applications/Xcode.app/Contents/Developer/Platforms/iPhoneSimulator.platform/Developer/Library/Xcode/Agents/XCTRunner.app/XCTRunner -output /Users/german/Work/JS/polski-grammar-srs/kotlin/iosApp/build/FinalVirtualToolbarIPadFull/Build/Products/Debug-iphonesimulator/PolskiGrammarUITests-Runner.app/PolskiGrammarUITests-Runner -extract arm64

MkDir /Users/german/Work/JS/polski-grammar-srs/kotlin/iosApp/build/FinalVirtualToolbarIPadFull/Build/Products/Debug-iphonesimulator/PolskiGrammarUITests-Runner.app (in target 'PolskiGrammarUITests' from project 'PolskiGrammar')
    cd /Users/german/Work/JS/polski-grammar-srs/kotlin/iosApp
    /bin/mkdir -p /Users/german/Work/JS/polski-grammar-srs/kotlin/iosApp/build/FinalVirtualToolbarIPadFull/Build/Products/Debug-iphonesimulator/PolskiGrammarUITests-Runner.app

Copy /Users/german/Work/JS/polski-grammar-srs/kotlin/iosApp/build/FinalVirtualToolbarIPadFull/Build/Products/Debug-iphonesimulator/PolskiGrammarUITests-Runner.app/PkgInfo /Applications/Xcode.app/Contents/Developer/Platforms/iPhoneSimulator.platform/Developer/Library/Xcode/Agents/XCTRunner.app/PkgInfo (in target 'PolskiGrammarUITests' from project 'PolskiGrammar')
    cd /Users/german/Work/JS/polski-grammar-srs/kotlin/iosApp
    builtin-copy -exclude .DS_Store -exclude CVS -exclude .svn -exclude .git -exclude .hg -resolve-src-symlinks /Applications/Xcode.app/Contents/Developer/Platforms/iPhoneSimulator.platform/Developer/Library/Xcode/Agents/XCTRunner.app/PkgInfo /Users/german/Work/JS/polski-grammar-srs/kotlin/iosApp/build/FinalVirtualToolbarIPadFull/Build/Products/Debug-iphonesimulator/PolskiGrammarUITests-Runner.app

RegisterExecutionPolicyException /Users/german/Work/JS/polski-grammar-srs/kotlin/iosApp/build/FinalVirtualToolbarIPadFull/Build/Products/Debug-iphonesimulator/PolskiGrammarUITests-Runner.app/PlugIns/PolskiGrammarUITests.xctest (in target 'PolskiGrammarUITests' from project 'PolskiGrammar')
    cd /Users/german/Work/JS/polski-grammar-srs/kotlin/iosApp
    builtin-RegisterExecutionPolicyException /Users/german/Work/JS/polski-grammar-srs/kotlin/iosApp/build/FinalVirtualToolbarIPadFull/Build/Products/Debug-iphonesimulator/PolskiGrammarUITests-Runner.app/PlugIns/PolskiGrammarUITests.xctest

Touch /Users/german/Work/JS/polski-grammar-srs/kotlin/iosApp/build/FinalVirtualToolbarIPadFull/Build/Products/Debug-iphonesimulator/PolskiGrammarUITests-Runner.app/PlugIns/PolskiGrammarUITests.xctest (in target 'PolskiGrammarUITests' from project 'PolskiGrammar')
    cd /Users/german/Work/JS/polski-grammar-srs/kotlin/iosApp
    /usr/bin/touch -c /Users/german/Work/JS/polski-grammar-srs/kotlin/iosApp/build/FinalVirtualToolbarIPadFull/Build/Products/Debug-iphonesimulator/PolskiGrammarUITests-Runner.app/PlugIns/PolskiGrammarUITests.xctest

PruneExplicitPrecompiledModules /Users/german/Work/JS/polski-grammar-srs/kotlin/iosApp/build/FinalVirtualToolbarIPadFull/SDKExplicitPrecompiledModules

PruneExplicitPrecompiledModules /Users/german/Work/JS/polski-grammar-srs/kotlin/iosApp/build/FinalVirtualToolbarIPadFull/Build/Intermediates.noindex/ExplicitPrecompiledModules

PruneExplicitPrecompiledModules /Users/german/Work/JS/polski-grammar-srs/kotlin/iosApp/build/FinalVirtualToolbarIPadFull/Build/Intermediates.noindex/SwiftExplicitPrecompiledModules

note: Run script build phase 'Build Kotlin framework' will be run during every build because the option to run the script phase "Based on dependency analysis" is unchecked. (in target 'PolskiGrammar' from project 'PolskiGrammar')
2026-09-24 21:42:20.737028+0200 PolskiGrammarUITests-Runner[73559:18849009] [Default] Running tests...
2026-09-24 21:42:20.816636+0200 PolskiGrammarUITests-Runner[73559:18849009] [UIKit App Config] Update the Info.plist: Launch screens will soon be required.
    t =      nans Interface orientation changed to Portrait
Test Suite 'All tests' started at 2026-09-24 21:42:21.574.
Test Suite 'PolskiGrammarUITests.xctest' started at 2026-09-24 21:42:21.575.
Test Suite 'PolskiGrammarUITests' started at 2026-09-24 21:42:21.575.
Test Case '-[PolskiGrammarUITests.PolskiGrammarUITests testBinaryRatingSwipesAdvanceOnceInEachDirection]' started.
    t =     0.00s Start Test at 2026-09-24 21:42:21.576
    t =     0.09s Set Up
    t =     0.10s Open dev.polski.grammarmatrix.ios
    t =     0.10s     Launch dev.polski.grammarmatrix.ios
2026-09-24 21:42:21.827 xcodebuild[72004:18841725] [MT] IDELaunchParametersSnapshot: debugger version lookup failed for path '<nil>': noURL
2026-09-24 21:42:21.827 xcodebuild[72004:18841725] [MT] IDELaunchParametersSnapshot: no debugger version
    t =     6.14s         Setting up automation session
    t =     7.27s         Wait for dev.polski.grammarmatrix.ios to idle
    t =     9.53s Tap "Прогресс" Button
    t =     9.53s     Wait for dev.polski.grammarmatrix.ios to idle
    t =     9.55s     Find the "Прогресс" Button
    t =     9.79s     Check for interrupting elements affecting "chart.bar" Button
    t =    10.09s         Wait for com.apple.springboard to idle
    t =    10.21s Ignoring failure to get hierarchy for remote element in process 75831 (Error getting main window kAXErrorServerNotFound)
    t =    10.22s Ignoring failure to get hierarchy for remote element in process 75831 (Error getting main window kAXErrorServerNotFound)
    t =    10.28s     Synthesize event
    t =    10.72s     Wait for dev.polski.grammarmatrix.ios to idle
    t =    12.42s Find the "Сбросить прогресс" Button
    t =    13.63s     Find the "Сбросить прогресс" Button (retry 1)
    t =    14.81s     Find the "Сбросить прогресс" Button (retry 2)
    t =    14.97s Swipe up Target Application 'dev.polski.grammarmatrix.ios'
    t =    14.97s     Wait for dev.polski.grammarmatrix.ios to idle
    t =    14.98s     Find the Target Application 'dev.polski.grammarmatrix.ios'
    t =    15.13s     Check for interrupting elements affecting "Polski Grammar Matrix" Application
    t =    15.28s         Wait for com.apple.springboard to idle
    t =    15.40s Ignoring failure to get hierarchy for remote element in process 75831 (Error getting main window kAXErrorServerNotFound)
    t =    15.41s Ignoring failure to get hierarchy for remote element in process 75831 (Error getting main window kAXErrorServerNotFound)
    t =    15.42s     Synthesize event
    t =    15.93s     Wait for dev.polski.grammarmatrix.ios to idle
    t =    18.04s Find the "Сбросить прогресс" Button
    t =    18.37s Waiting 5.0s for "Сбросить прогресс" Button to exist
    t =    19.38s     Checking `Expect predicate `existsNoRetry == 1` for object "Сбросить прогресс" Button`
    t =    19.38s         Checking existence of `"Сбросить прогресс" Button`
    t =    19.56s Tap "Сбросить прогресс" Button
    t =    19.56s     Wait for dev.polski.grammarmatrix.ios to idle
    t =    19.58s     Find the "Сбросить прогресс" Button
    t =    19.76s     Check for interrupting elements affecting "Сбросить прогресс" Button
    t =    19.88s         Wait for com.apple.springboard to idle
    t =    19.97s Ignoring failure to get hierarchy for remote element in process 75831 (Error getting main window kAXErrorServerNotFound)
    t =    19.98s Ignoring failure to get hierarchy for remote element in process 75831 (Error getting main window kAXErrorServerNotFound)
    t =    19.99s     Synthesize event
    t =    20.36s     Wait for dev.polski.grammarmatrix.ios to idle
    t =    20.38s Waiting 5.0s for "Сбросить весь прогресс?" Alert to exist
    t =    21.42s     Checking `Expect predicate `existsNoRetry == 1` for object "Сбросить весь прогресс?" Alert`
    t =    21.42s         Checking existence of `"Сбросить весь прогресс?" Alert`
    t =    21.65s Tap "Сбросить" Button
    t =    21.65s     Wait for dev.polski.grammarmatrix.ios to idle
    t =    21.68s     Find the "Сбросить" Button
    t =    21.94s     Check for interrupting elements affecting "Сбросить" Button
    t =    22.18s         Wait for com.apple.springboard to idle
    t =    23.78s Ignoring failure to get hierarchy for remote element in process 75831 (Error getting main window kAXErrorServerNotFound)
    t =    23.78s Ignoring failure to get hierarchy for remote element in process 75831 (Error getting main window kAXErrorServerNotFound)
    t =    23.80s     Synthesize event
    t =    24.23s     Wait for dev.polski.grammarmatrix.ios to idle
    t =    24.53s Waiting 2.0s for "Сообщение" Alert to exist
    t =    25.58s     Checking `Expect predicate `existsNoRetry == 1` for object "Сообщение" Alert`
    t =    25.58s         Checking existence of `"Сообщение" Alert`
    t =    25.81s         Capturing element debug description
    t =    26.54s     Checking `Expect predicate `existsNoRetry == 1` for object "Сообщение" Alert`
    t =    26.54s         Checking existence of `"Сообщение" Alert`
    t =    26.68s         Capturing element debug description
    t =    26.68s     Checking existence of `"Сообщение" Alert`
    t =    26.85s Collecting debug information to assist test failure triage
    t =    26.85s     Requesting snapshot of accessibility hierarchy for app with pid 73864
    t =    26.99s Tap "Тренировка" Button
    t =    26.99s     Wait for dev.polski.grammarmatrix.ios to idle
    t =    27.01s     Find the "Тренировка" Button
    t =    27.18s     Check for interrupting elements affecting "square.stack" Button
    t =    27.34s         Wait for com.apple.springboard to idle
    t =    27.45s Ignoring failure to get hierarchy for remote element in process 75831 (Error getting main window kAXErrorServerNotFound)
    t =    27.45s Ignoring failure to get hierarchy for remote element in process 75831 (Error getting main window kAXErrorServerNotFound)
    t =    27.46s     Synthesize event
    t =    27.86s     Wait for dev.polski.grammarmatrix.ios to idle
    t =    28.75s Checking existence of `"Перейти к заданию" Button`
    t =    28.88s Find the "Перейти к заданию" Button
    t =    29.14s Checking existence of `"continueIntroduction" Button`
    t =    29.28s Tap "continueIntroduction" Button
    t =    29.28s     Wait for dev.polski.grammarmatrix.ios to idle
    t =    29.29s     Find the "continueIntroduction" Button
    t =    29.45s     Check for interrupting elements affecting "continueIntroduction" Button
    t =    29.56s         Wait for com.apple.springboard to idle
    t =    29.64s Ignoring failure to get hierarchy for remote element in process 75831 (Error getting main window kAXErrorServerNotFound)
    t =    29.64s Ignoring failure to get hierarchy for remote element in process 75831 (Error getting main window kAXErrorServerNotFound)
    t =    29.66s     Synthesize event
    t =    30.04s     Wait for dev.polski.grammarmatrix.ios to idle
    t =    30.11s Waiting 20.0s for "revealAnswer" Button to exist
    t =    31.14s     Checking `Expect predicate `existsNoRetry == 1` for object "revealAnswer" Button`
    t =    31.14s         Checking existence of `"revealAnswer" Button`
    t =    31.30s Tap "revealAnswer" Button
    t =    31.30s     Wait for dev.polski.grammarmatrix.ios to idle
    t =    31.31s     Find the "revealAnswer" Button
    t =    31.49s     Check for interrupting elements affecting "revealAnswer" Button
    t =    31.68s         Wait for com.apple.springboard to idle
    t =    31.80s Ignoring failure to get hierarchy for remote element in process 75831 (Error getting main window kAXErrorServerNotFound)
    t =    31.80s Ignoring failure to get hierarchy for remote element in process 75831 (Error getting main window kAXErrorServerNotFound)
    t =    31.81s     Synthesize event
    t =    32.23s     Wait for dev.polski.grammarmatrix.ios to idle
    t =    32.59s Checking existence of `"rateHard" Button`
    t =    32.78s Checking existence of `"rateEasy" Button`
    t =    32.92s Checking existence of `"ratingSwipeArea" Any`
    t =    35.47s Find the "ratingSwipeArea" Any
    t =    37.56s Find the "ratingSwipeArea" StaticText
    t =    40.01s Swipe left "ratingSwipeArea" StaticText
    t =    40.01s     Wait for dev.polski.grammarmatrix.ios to idle
    t =    40.01s     Find the "ratingSwipeArea" StaticText
    t =    42.16s     Check for interrupting elements affecting "ratingSwipeArea" StaticText
    t =    42.32s         Wait for com.apple.springboard to idle
    t =    42.46s Ignoring failure to get hierarchy for remote element in process 75831 (Error getting main window kAXErrorServerNotFound)
    t =    42.47s Ignoring failure to get hierarchy for remote element in process 75831 (Error getting main window kAXErrorServerNotFound)
    t =    42.77s     Synthesize event
    t =    43.62s     Wait for dev.polski.grammarmatrix.ios to idle
    t =    43.91s Checking existence of `"Перейти к заданию" Button`
    t =    44.11s Find the "Перейти к заданию" Button
    t =    44.40s Checking existence of `"continueIntroduction" Button`
    t =    44.54s Tap "continueIntroduction" Button
    t =    44.54s     Wait for dev.polski.grammarmatrix.ios to idle
    t =    44.55s     Find the "continueIntroduction" Button
    t =    44.68s     Check for interrupting elements affecting "continueIntroduction" Button
    t =    44.79s         Wait for com.apple.springboard to idle
    t =    44.88s Ignoring failure to get hierarchy for remote element in process 75831 (Error getting main window kAXErrorServerNotFound)
    t =    44.88s Ignoring failure to get hierarchy for remote element in process 75831 (Error getting main window kAXErrorServerNotFound)
    t =    44.89s     Synthesize event
    t =    45.30s     Wait for dev.polski.grammarmatrix.ios to idle
    t =    45.33s Waiting 5.0s for "revealAnswer" Button to exist
    t =    46.35s     Checking `Expect predicate `existsNoRetry == 1` for object "revealAnswer" Button`
    t =    46.35s         Checking existence of `"revealAnswer" Button`
    t =    46.48s Tap "revealAnswer" Button
    t =    46.48s     Wait for dev.polski.grammarmatrix.ios to idle
    t =    46.49s     Find the "revealAnswer" Button
    t =    46.63s     Check for interrupting elements affecting "revealAnswer" Button
    t =    46.74s         Wait for com.apple.springboard to idle
    t =    46.82s Ignoring failure to get hierarchy for remote element in process 75831 (Error getting main window kAXErrorServerNotFound)
    t =    46.82s Ignoring failure to get hierarchy for remote element in process 75831 (Error getting main window kAXErrorServerNotFound)
    t =    46.83s     Synthesize event
    t =    47.20s     Wait for dev.polski.grammarmatrix.ios to idle
    t =    47.51s Checking existence of `"ratingSwipeArea" StaticText`
    t =    49.35s Find the "ratingSwipeArea" StaticText
    t =    52.46s Find the "ratingSwipeArea" StaticText
    t =    55.49s Swipe right "ratingSwipeArea" StaticText
    t =    55.49s     Wait for dev.polski.grammarmatrix.ios to idle
    t =    55.49s     Find the "ratingSwipeArea" StaticText
    t =    57.96s     Check for interrupting elements affecting "ratingSwipeArea" StaticText
    t =    58.08s         Wait for com.apple.springboard to idle
    t =    58.12s Ignoring failure to get hierarchy for remote element in process 75831 (Error getting main window kAXErrorServerNotFound)
    t =    58.12s Ignoring failure to get hierarchy for remote element in process 75831 (Error getting main window kAXErrorServerNotFound)
    t =    58.32s     Synthesize event
    t =    59.04s     Wait for dev.polski.grammarmatrix.ios to idle
    t =    59.06s Checking existence of `"Перейти к заданию" Button`
    t =    59.26s Find the "Перейти к заданию" Button
    t =    59.58s Checking existence of `"continueIntroduction" Button`
    t =    59.77s Tap "continueIntroduction" Button
    t =    59.77s     Wait for dev.polski.grammarmatrix.ios to idle
    t =    59.79s     Find the "continueIntroduction" Button
    t =    60.03s     Check for interrupting elements affecting "continueIntroduction" Button
    t =    60.24s         Wait for com.apple.springboard to idle
    t =    60.47s Ignoring failure to get hierarchy for remote element in process 75831 (Error getting main window kAXErrorServerNotFound)
    t =    60.53s Ignoring failure to get hierarchy for remote element in process 75831 (Error getting main window kAXErrorServerNotFound)
    t =    60.58s     Synthesize event
    t =    61.08s     Wait for dev.polski.grammarmatrix.ios to idle
    t =    61.09s Waiting 5.0s for "revealAnswer" Button to exist
    t =    62.12s     Checking `Expect predicate `existsNoRetry == 1` for object "revealAnswer" Button`
    t =    62.12s         Checking existence of `"revealAnswer" Button`
    t =    62.26s Tear Down
Test Case '-[PolskiGrammarUITests.PolskiGrammarUITests testBinaryRatingSwipesAdvanceOnceInEachDirection]' passed (62.572 seconds).
Test Case '-[PolskiGrammarUITests.PolskiGrammarUITests testFirstMethodIntroductionKeepsReferenceAnswerHiddenUntilContinue]' started.
    t =     0.00s Start Test at 2026-09-24 21:43:24.148
    t =     0.06s Set Up
    t =     0.07s Open dev.polski.grammarmatrix.ios
    t =     0.07s     Launch dev.polski.grammarmatrix.ios
    t =     0.07s         Terminate dev.polski.grammarmatrix.ios:73864
2026-09-24 21:43:25.282 xcodebuild[72004:18841725] [MT] IDELaunchParametersSnapshot: debugger version lookup failed for path '<nil>': noURL
2026-09-24 21:43:25.282 xcodebuild[72004:18841725] [MT] IDELaunchParametersSnapshot: no debugger version
    t =     1.55s         Setting up automation session
    t =     2.47s         Wait for dev.polski.grammarmatrix.ios to idle
    t =     4.48s Tap "Прогресс" Button
    t =     4.48s     Wait for dev.polski.grammarmatrix.ios to idle
    t =     4.48s     Find the "Прогресс" Button
    t =     4.73s     Check for interrupting elements affecting "chart.bar" Button
    t =     4.95s         Wait for com.apple.springboard to idle
    t =     5.06s Ignoring failure to get hierarchy for remote element in process 75831 (Error getting main window kAXErrorServerNotFound)
    t =     5.07s Ignoring failure to get hierarchy for remote element in process 75831 (Error getting main window kAXErrorServerNotFound)
    t =     5.08s     Synthesize event
    t =     5.47s     Wait for dev.polski.grammarmatrix.ios to idle
    t =     6.45s Find the "Сбросить прогресс" Button
    t =     7.67s     Find the "Сбросить прогресс" Button (retry 1)
    t =     8.80s     Find the "Сбросить прогресс" Button (retry 2)
    t =     8.92s Swipe up Target Application 'dev.polski.grammarmatrix.ios'
    t =     8.92s     Wait for dev.polski.grammarmatrix.ios to idle
    t =     8.92s     Find the Target Application 'dev.polski.grammarmatrix.ios'
    t =     9.02s     Check for interrupting elements affecting "Polski Grammar Matrix" Application
    t =     9.14s         Wait for com.apple.springboard to idle
    t =     9.22s Ignoring failure to get hierarchy for remote element in process 75831 (Error getting main window kAXErrorServerNotFound)
    t =     9.22s Ignoring failure to get hierarchy for remote element in process 75831 (Error getting main window kAXErrorServerNotFound)
    t =     9.23s     Synthesize event
    t =     9.70s     Wait for dev.polski.grammarmatrix.ios to idle
    t =    11.81s Find the "Сбросить прогресс" Button
    t =    12.07s Waiting 5.0s for "Сбросить прогресс" Button to exist
    t =    13.08s     Checking `Expect predicate `existsNoRetry == 1` for object "Сбросить прогресс" Button`
    t =    13.08s         Checking existence of `"Сбросить прогресс" Button`
    t =    13.22s Tap "Сбросить прогресс" Button
    t =    13.22s     Wait for dev.polski.grammarmatrix.ios to idle
    t =    13.22s     Find the "Сбросить прогресс" Button
    t =    13.39s     Check for interrupting elements affecting "Сбросить прогресс" Button
    t =    13.52s         Wait for com.apple.springboard to idle
    t =    13.59s Ignoring failure to get hierarchy for remote element in process 75831 (Error getting main window kAXErrorServerNotFound)
    t =    13.60s Ignoring failure to get hierarchy for remote element in process 75831 (Error getting main window kAXErrorServerNotFound)
    t =    13.60s     Synthesize event
    t =    13.98s     Wait for dev.polski.grammarmatrix.ios to idle
    t =    14.00s Waiting 5.0s for "Сбросить весь прогресс?" Alert to exist
    t =    15.01s     Checking `Expect predicate `existsNoRetry == 1` for object "Сбросить весь прогресс?" Alert`
    t =    15.01s         Checking existence of `"Сбросить весь прогресс?" Alert`
    t =    15.22s Tap "Сбросить" Button
    t =    15.22s     Wait for dev.polski.grammarmatrix.ios to idle
    t =    15.24s     Find the "Сбросить" Button
    t =    15.51s     Check for interrupting elements affecting "Сбросить" Button
    t =    15.86s         Wait for com.apple.springboard to idle
    t =    17.35s Ignoring failure to get hierarchy for remote element in process 75831 (Error getting main window kAXErrorServerNotFound)
    t =    17.36s Ignoring failure to get hierarchy for remote element in process 75831 (Error getting main window kAXErrorServerNotFound)
    t =    17.36s     Synthesize event
    t =    17.72s     Wait for dev.polski.grammarmatrix.ios to idle
    t =    18.02s Waiting 2.0s for "Сообщение" Alert to exist
    t =    19.05s     Checking `Expect predicate `existsNoRetry == 1` for object "Сообщение" Alert`
    t =    19.05s         Checking existence of `"Сообщение" Alert`
    t =    19.23s         Capturing element debug description
    t =    20.03s     Checking `Expect predicate `existsNoRetry == 1` for object "Сообщение" Alert`
    t =    20.03s         Checking existence of `"Сообщение" Alert`
    t =    20.14s         Capturing element debug description
    t =    20.14s     Checking existence of `"Сообщение" Alert`
    t =    20.24s Collecting debug information to assist test failure triage
    t =    20.24s     Requesting snapshot of accessibility hierarchy for app with pid 77246
    t =    20.35s Tap "Тренировка" Button
    t =    20.35s     Wait for dev.polski.grammarmatrix.ios to idle
    t =    20.36s     Find the "Тренировка" Button
    t =    20.44s     Check for interrupting elements affecting "square.stack" Button
    t =    20.55s         Wait for com.apple.springboard to idle
    t =    20.61s Ignoring failure to get hierarchy for remote element in process 75831 (Error getting main window kAXErrorServerNotFound)
    t =    20.62s Ignoring failure to get hierarchy for remote element in process 75831 (Error getting main window kAXErrorServerNotFound)
    t =    20.63s     Synthesize event
    t =    21.01s     Wait for dev.polski.grammarmatrix.ios to idle
    t =    21.82s Waiting 20.0s for "continueIntroduction" Button to exist
    t =    22.86s     Checking `Expect predicate `existsNoRetry == 1` for object "continueIntroduction" Button`
    t =    22.86s         Checking existence of `"continueIntroduction" Button`
    t =    22.95s Checking existence of `"To jest moja piękna żona." StaticText`
    t =    23.07s Checking existence of `"Widzę moją piękną żonę." StaticText`
    t =    23.19s Checking existence of `"Таблица под рукой" Button`
    t =    23.29s Checking existence of `"Таблица под рукой" Button`
    t =    23.39s Find the "Таблица под рукой" Button
    t =    23.50s Checking existence of `"Было: moja piękna żona; Стало: moją piękną żonę" Any`
    t =    25.54s Find the "continueIntroduction" Button
    t =    25.75s Find the "continueIntroduction" Button
    t =    25.97s Tap "continueIntroduction" Button
    t =    25.97s     Wait for dev.polski.grammarmatrix.ios to idle
    t =    25.98s     Find the "continueIntroduction" Button
    t =    26.12s     Check for interrupting elements affecting "continueIntroduction" Button
    t =    26.25s         Wait for com.apple.springboard to idle
    t =    26.34s Ignoring failure to get hierarchy for remote element in process 75831 (Error getting main window kAXErrorServerNotFound)
    t =    26.35s Ignoring failure to get hierarchy for remote element in process 75831 (Error getting main window kAXErrorServerNotFound)
    t =    26.36s     Synthesize event
    t =    26.75s     Wait for dev.polski.grammarmatrix.ios to idle
    t =    26.80s Checking existence of `"Таблица под рукой" Button`
    t =    26.95s Waiting 5.0s for "Таблица под рукой" Button to exist
    t =    27.96s     Checking `Expect predicate `existsNoRetry == 1` for object "Таблица под рукой" Button`
    t =    27.96s         Checking existence of `"Таблица под рукой" Button`
    t =    28.12s Find the "Таблица под рукой" Button
    t =    28.26s Tap "Таблица под рукой" Button
    t =    28.26s     Wait for dev.polski.grammarmatrix.ios to idle
    t =    28.27s     Find the "Таблица под рукой" Button
    t =    28.41s     Check for interrupting elements affecting "Таблица под рукой" Button
    t =    28.54s         Wait for com.apple.springboard to idle
    t =    28.65s Ignoring failure to get hierarchy for remote element in process 75831 (Error getting main window kAXErrorServerNotFound)
    t =    28.65s Ignoring failure to get hierarchy for remote element in process 75831 (Error getting main window kAXErrorServerNotFound)
    t =    28.67s     Synthesize event
    t =    29.08s     Wait for dev.polski.grammarmatrix.ios to idle
    t =    29.32s Checking existence of `"Было: moja piękna żona; Стало: moją piękną żonę" Any`
    t =    33.42s Swipe up Target Application 'dev.polski.grammarmatrix.ios'
    t =    33.42s     Wait for dev.polski.grammarmatrix.ios to idle
    t =    33.44s     Find the Target Application 'dev.polski.grammarmatrix.ios'
    t =    33.61s     Check for interrupting elements affecting "Polski Grammar Matrix" Application
    t =    33.78s         Wait for com.apple.springboard to idle
    t =    33.90s Ignoring failure to get hierarchy for remote element in process 75831 (Error getting main window kAXErrorServerNotFound)
    t =    33.90s Ignoring failure to get hierarchy for remote element in process 75831 (Error getting main window kAXErrorServerNotFound)
    t =    33.91s     Synthesize event
    t =    34.43s     Wait for dev.polski.grammarmatrix.ios to idle
    t =    36.53s Checking existence of `"Было: moja piękna żona; Стало: moją piękną żonę" Any`
    t =    39.87s Waiting 5.0s for "Было: moja piękna żona; Стало: moją piękną żonę" Any to exist
    t =    40.90s     Checking `Expect predicate `existsNoRetry == 1` for object "Было: moja piękna żona; Стало: moją piękną żonę" Any`
    t =    40.90s         Checking existence of `"Было: moja piękna żona; Стало: moją piękną żonę" Any`
    t =    44.04s Find the "revealAnswer" Button
    t =    44.33s Checking existence of `"revealAnswer" Button`
    t =    44.48s Tap "revealAnswer" Button
    t =    44.48s     Wait for dev.polski.grammarmatrix.ios to idle
    t =    44.49s     Find the "revealAnswer" Button
    t =    44.65s     Check for interrupting elements affecting "revealAnswer" Button
    t =    44.77s         Wait for com.apple.springboard to idle
    t =    44.86s Ignoring failure to get hierarchy for remote element in process 75831 (Error getting main window kAXErrorServerNotFound)
    t =    44.86s Ignoring failure to get hierarchy for remote element in process 75831 (Error getting main window kAXErrorServerNotFound)
    t =    44.87s     Synthesize event
    t =    45.26s     Wait for dev.polski.grammarmatrix.ios to idle
    t =    45.64s Find the "rateGood" Button
    t =    45.86s Tap "rateGood" Button
    t =    45.86s     Wait for dev.polski.grammarmatrix.ios to idle
    t =    45.87s     Find the "rateGood" Button
    t =    46.06s     Check for interrupting elements affecting "rateGood" Button
    t =    46.19s         Wait for com.apple.springboard to idle
    t =    46.37s Ignoring failure to get hierarchy for remote element in process 75831 (Error getting main window kAXErrorServerNotFound)
    t =    46.38s Ignoring failure to get hierarchy for remote element in process 75831 (Error getting main window kAXErrorServerNotFound)
    t =    46.39s     Synthesize event
    t =    46.85s     Wait for dev.polski.grammarmatrix.ios to idle
    t =    47.88s Waiting 5.0s for "continueIntroduction" Button to exist
    t =    48.93s     Checking `Expect predicate `existsNoRetry == 1` for object "continueIntroduction" Button`
    t =    48.93s         Checking existence of `"continueIntroduction" Button`
    t =    49.09s Checking existence of `"Таблица под рукой" Button`
    t =    49.21s Checking existence of `"Таблица под рукой" Button`
    t =    49.34s Find the "Таблица под рукой" Button
    t =    49.46s Checking existence of `"Скрыть таблицу" Button`
    t =    49.62s Checking existence of `"Было: moja piękna żona; Стало: moją piękną żonę" Any`
    t =    52.11s Find the "continueIntroduction" Button
    t =    52.33s Tap "continueIntroduction" Button
    t =    52.33s     Wait for dev.polski.grammarmatrix.ios to idle
    t =    52.34s     Find the "continueIntroduction" Button
    t =    52.50s     Check for interrupting elements affecting "continueIntroduction" Button
    t =    52.61s         Wait for com.apple.springboard to idle
    t =    52.68s Ignoring failure to get hierarchy for remote element in process 75831 (Error getting main window kAXErrorServerNotFound)
    t =    52.68s Ignoring failure to get hierarchy for remote element in process 75831 (Error getting main window kAXErrorServerNotFound)
    t =    52.69s     Synthesize event
    t =    53.07s     Wait for dev.polski.grammarmatrix.ios to idle
    t =    53.13s Checking existence of `"Скрыть таблицу" Button`
    t =    53.28s Waiting 5.0s for "Скрыть таблицу" Button to exist
    t =    54.30s     Checking `Expect predicate `existsNoRetry == 1` for object "Скрыть таблицу" Button`
    t =    54.30s         Checking existence of `"Скрыть таблицу" Button`
    t =    54.48s Find the "Скрыть таблицу" Button
    t =    54.65s Checking existence of `"Было: moja piękna żona; Стало: moją piękną żonę" Any`
    t =    57.98s Swipe up Target Application 'dev.polski.grammarmatrix.ios'
    t =    57.98s     Wait for dev.polski.grammarmatrix.ios to idle
    t =    57.99s     Find the Target Application 'dev.polski.grammarmatrix.ios'
    t =    58.11s     Check for interrupting elements affecting "Polski Grammar Matrix" Application
    t =    58.24s         Wait for com.apple.springboard to idle
    t =    58.34s Ignoring failure to get hierarchy for remote element in process 75831 (Error getting main window kAXErrorServerNotFound)
    t =    58.34s Ignoring failure to get hierarchy for remote element in process 75831 (Error getting main window kAXErrorServerNotFound)
    t =    58.35s     Synthesize event
    t =    58.84s     Wait for dev.polski.grammarmatrix.ios to idle
    t =    60.94s Checking existence of `"Было: moja piękna żona; Стало: moją piękną żonę" Any`
    t =    63.45s Checking existence of `"Было: moja piękna żona; Стало: moją piękną żonę" Any`
    t =    66.02s Tear Down
Test Case '-[PolskiGrammarUITests.PolskiGrammarUITests testFirstMethodIntroductionKeepsReferenceAnswerHiddenUntilContinue]' passed (66.448 seconds).
Test Case '-[PolskiGrammarUITests.PolskiGrammarUITests testInventoryAuthoredMatrixAndVocabularyCopyOnSimulator]' started.
    t =     0.00s Start Test at 2026-09-24 21:44:30.597
    t =     0.08s Set Up
    t =     0.08s Open dev.polski.grammarmatrix.ios
    t =     0.08s     Launch dev.polski.grammarmatrix.ios
    t =     0.08s         Terminate dev.polski.grammarmatrix.ios:77246
2026-09-24 21:44:31.726 xcodebuild[72004:18841725] [MT] IDELaunchParametersSnapshot: debugger version lookup failed for path '<nil>': noURL
2026-09-24 21:44:31.726 xcodebuild[72004:18841725] [MT] IDELaunchParametersSnapshot: no debugger version
    t =     1.76s         Setting up automation session
    t =     2.73s         Wait for dev.polski.grammarmatrix.ios to idle
    t =     4.68s Tap "Матрица" Button
    t =     4.68s     Wait for dev.polski.grammarmatrix.ios to idle
    t =     4.69s     Find the "Матрица" Button
    t =     4.91s     Check for interrupting elements affecting "tablecells" Button
    t =     5.16s         Wait for com.apple.springboard to idle
    t =     5.25s Ignoring failure to get hierarchy for remote element in process 75831 (Error getting main window kAXErrorServerNotFound)
    t =     5.25s Ignoring failure to get hierarchy for remote element in process 75831 (Error getting main window kAXErrorServerNotFound)
    t =     5.26s     Synthesize event
    t =     5.65s     Wait for dev.polski.grammarmatrix.ios to idle
    t =     7.34s Waiting 10.0s for "Один небольшой словарь. Видно, что меняется при каждой операции." StaticText to exist
    t =     8.36s     Checking `Expect predicate `existsNoRetry == 1` for object "Один небольшой словарь. Видно, что меняется при каждой операции." StaticText`
    t =     8.37s         Checking existence of `"Один небольшой словарь. Видно, что меняется при каждой операции." StaticText`
    t =     8.53s Tap "Слова" Button
    t =     8.53s     Wait for dev.polski.grammarmatrix.ios to idle
    t =     8.54s     Find the "Слова" Button
    t =     8.71s     Check for interrupting elements affecting "character.book.closed" Button
    t =     8.82s         Wait for com.apple.springboard to idle
    t =     8.89s Ignoring failure to get hierarchy for remote element in process 75831 (Error getting main window kAXErrorServerNotFound)
    t =     8.89s Ignoring failure to get hierarchy for remote element in process 75831 (Error getting main window kAXErrorServerNotFound)
    t =     8.90s     Synthesize event
    t =     9.26s     Wait for dev.polski.grammarmatrix.ios to idle
    t =    10.97s Checking existence of `StaticText (First Match)`
    t =    12.53s Waiting 5.0s for StaticText (First Match) to exist
    t =    13.55s     Checking `Expect predicate `existsNoRetry == 1` for object StaticText (First Match)`
    t =    13.55s         Checking existence of `StaticText (First Match)`
    t =    14.81s Find the Button (First Match)
    t =    16.04s Find the "Подборка, A1" Button
    t =    17.78s Tap "Подборка, A1" Button
    t =    17.78s     Wait for dev.polski.grammarmatrix.ios to idle
    t =    17.79s     Find the "Подборка, A1" Button
    t =    19.37s     Check for interrupting elements affecting "Подборка, A1" Button
    t =    19.53s         Wait for com.apple.springboard to idle
    t =    19.66s Ignoring failure to get hierarchy for remote element in process 75831 (Error getting main window kAXErrorServerNotFound)
    t =    19.67s Ignoring failure to get hierarchy for remote element in process 75831 (Error getting main window kAXErrorServerNotFound)
    t =    19.68s     Synthesize event
    t =    20.07s     Wait for dev.polski.grammarmatrix.ios to idle
    t =    20.93s Waiting 5.0s for Any (First Match) to exist
    t =    21.98s     Checking `Expect predicate `existsNoRetry == 1` for object Any (First Match)`
    t =    21.99s         Checking existence of `Any (First Match)`
    t =    22.22s Tap Any (First Match)
    t =    22.22s     Wait for dev.polski.grammarmatrix.ios to idle
    t =    22.23s     Find the Any (First Match)
    t =    22.46s     Check for interrupting elements affecting "Топ 100" Button
    t =    22.58s         Wait for com.apple.springboard to idle
    t =    22.66s Ignoring failure to get hierarchy for remote element in process 75831 (Error getting main window kAXErrorServerNotFound)
    t =    22.66s Ignoring failure to get hierarchy for remote element in process 75831 (Error getting main window kAXErrorServerNotFound)
    t =    22.73s     Synthesize event
    t =    23.08s     Wait for dev.polski.grammarmatrix.ios to idle
    t =    23.90s Checking existence of `"Готово 7/100 · недоступно 93" StaticText`
    t =    24.12s Waiting 5.0s for "Готово 7/100 · недоступно 93" StaticText to exist
    t =    25.14s     Checking `Expect predicate `existsNoRetry == 1` for object "Готово 7/100 · недоступно 93" StaticText`
    t =    25.14s         Checking existence of `"Готово 7/100 · недоступно 93" StaticText`
    t =    25.28s Checking existence of `"vocabularySelect-" Button`
    t =    26.84s Waiting 5.0s for "vocabularySelect-" Button to exist
    t =    27.88s     Checking `Expect predicate `existsNoRetry == 1` for object "vocabularySelect-" Button`
    t =    27.88s         Checking existence of `"vocabularySelect-" Button`
    t =    29.32s Find the "vocabularySelect-" Button
    t =    31.10s Tear Down
Test Case '-[PolskiGrammarUITests.PolskiGrammarUITests testInventoryAuthoredMatrixAndVocabularyCopyOnSimulator]' passed (31.342 seconds).
Test Case '-[PolskiGrammarUITests.PolskiGrammarUITests testMethodSwitchKeepsTypedDraftThroughRevealAndOneReview]' started.
    t =     0.00s Start Test at 2026-09-24 21:45:01.940
    t =     0.06s Set Up
    t =     0.06s Open dev.polski.grammarmatrix.ios
    t =     0.07s     Launch dev.polski.grammarmatrix.ios
    t =     0.07s         Terminate dev.polski.grammarmatrix.ios:82040
2026-09-24 21:45:03.037 xcodebuild[72004:18841725] [MT] IDELaunchParametersSnapshot: debugger version lookup failed for path '<nil>': noURL
2026-09-24 21:45:03.037 xcodebuild[72004:18841725] [MT] IDELaunchParametersSnapshot: no debugger version
    t =     1.54s         Setting up automation session
    t =     2.77s         Wait for dev.polski.grammarmatrix.ios to idle
    t =     4.82s Tap "Прогресс" Button
    t =     4.82s     Wait for dev.polski.grammarmatrix.ios to idle
    t =     4.83s     Find the "Прогресс" Button
    t =     5.17s     Check for interrupting elements affecting "chart.bar" Button
    t =     5.49s         Wait for com.apple.springboard to idle
    t =     5.64s Ignoring failure to get hierarchy for remote element in process 75831 (Error getting main window kAXErrorServerNotFound)
    t =     5.64s Ignoring failure to get hierarchy for remote element in process 75831 (Error getting main window kAXErrorServerNotFound)
    t =     5.65s     Synthesize event
    t =     6.11s     Wait for dev.polski.grammarmatrix.ios to idle
    t =     7.74s Find the "Сбросить прогресс" Button
    t =     8.98s     Find the "Сбросить прогресс" Button (retry 1)
    t =    10.16s     Find the "Сбросить прогресс" Button (retry 2)
    t =    10.33s Swipe up Target Application 'dev.polski.grammarmatrix.ios'
    t =    10.33s     Wait for dev.polski.grammarmatrix.ios to idle
    t =    10.35s     Find the Target Application 'dev.polski.grammarmatrix.ios'
    t =    10.52s     Check for interrupting elements affecting "Polski Grammar Matrix" Application
    t =    10.72s         Wait for com.apple.springboard to idle
    t =    10.90s Ignoring failure to get hierarchy for remote element in process 75831 (Error getting main window kAXErrorServerNotFound)
    t =    10.91s Ignoring failure to get hierarchy for remote element in process 75831 (Error getting main window kAXErrorServerNotFound)
    t =    10.93s     Synthesize event
    t =    11.46s     Wait for dev.polski.grammarmatrix.ios to idle
    t =    13.57s Find the "Сбросить прогресс" Button
    t =    13.90s Waiting 5.0s for "Сбросить прогресс" Button to exist
    t =    14.93s     Checking `Expect predicate `existsNoRetry == 1` for object "Сбросить прогресс" Button`
    t =    14.94s         Checking existence of `"Сбросить прогресс" Button`
    t =    15.07s Tap "Сбросить прогресс" Button
    t =    15.07s     Wait for dev.polski.grammarmatrix.ios to idle
    t =    15.08s     Find the "Сбросить прогресс" Button
    t =    15.25s     Check for interrupting elements affecting "Сбросить прогресс" Button
    t =    15.42s         Wait for com.apple.springboard to idle
    t =    15.55s Ignoring failure to get hierarchy for remote element in process 75831 (Error getting main window kAXErrorServerNotFound)
    t =    15.56s Ignoring failure to get hierarchy for remote element in process 75831 (Error getting main window kAXErrorServerNotFound)
    t =    15.57s     Synthesize event
    t =    15.98s     Wait for dev.polski.grammarmatrix.ios to idle
    t =    16.00s Waiting 5.0s for "Сбросить весь прогресс?" Alert to exist
    t =    17.03s     Checking `Expect predicate `existsNoRetry == 1` for object "Сбросить весь прогресс?" Alert`
    t =    17.04s         Checking existence of `"Сбросить весь прогресс?" Alert`
    t =    17.28s Tap "Сбросить" Button
    t =    17.28s     Wait for dev.polski.grammarmatrix.ios to idle
    t =    17.32s     Find the "Сбросить" Button
    t =    17.70s     Check for interrupting elements affecting "Сбросить" Button
    t =    18.07s         Wait for com.apple.springboard to idle
    t =    19.38s Ignoring failure to get hierarchy for remote element in process 75831 (Error getting main window kAXErrorServerNotFound)
    t =    19.38s Ignoring failure to get hierarchy for remote element in process 75831 (Error getting main window kAXErrorServerNotFound)
    t =    19.39s     Synthesize event
    t =    19.77s     Wait for dev.polski.grammarmatrix.ios to idle
    t =    20.07s Waiting 2.0s for "Сообщение" Alert to exist
    t =    21.09s     Checking `Expect predicate `existsNoRetry == 1` for object "Сообщение" Alert`
    t =    21.09s         Checking existence of `"Сообщение" Alert`
    t =    21.30s         Capturing element debug description
    t =    22.08s     Checking `Expect predicate `existsNoRetry == 1` for object "Сообщение" Alert`
    t =    22.08s         Checking existence of `"Сообщение" Alert`
    t =    22.18s         Capturing element debug description
    t =    22.18s     Checking existence of `"Сообщение" Alert`
    t =    22.28s Collecting debug information to assist test failure triage
    t =    22.28s     Requesting snapshot of accessibility hierarchy for app with pid 83953
    t =    22.37s Tap "Тренировка" Button
    t =    22.37s     Wait for dev.polski.grammarmatrix.ios to idle
    t =    22.38s     Find the "Тренировка" Button
    t =    22.48s     Check for interrupting elements affecting "square.stack" Button
    t =    22.61s         Wait for com.apple.springboard to idle
    t =    22.73s Ignoring failure to get hierarchy for remote element in process 75831 (Error getting main window kAXErrorServerNotFound)
    t =    22.73s Ignoring failure to get hierarchy for remote element in process 75831 (Error getting main window kAXErrorServerNotFound)
    t =    22.75s     Synthesize event
    t =    23.16s     Wait for dev.polski.grammarmatrix.ios to idle
    t =    24.00s Waiting 20.0s for "continueIntroduction" Button to exist
    t =    25.04s     Checking `Expect predicate `existsNoRetry == 1` for object "continueIntroduction" Button`
    t =    25.04s         Checking existence of `"continueIntroduction" Button`
    t =    25.16s Checking existence of `"Перейти к заданию" Button`
    t =    25.29s Find the "Перейти к заданию" Button
    t =    25.50s Checking existence of `"continueIntroduction" Button`
    t =    25.66s Tap "continueIntroduction" Button
    t =    25.66s     Wait for dev.polski.grammarmatrix.ios to idle
    t =    25.68s     Find the "continueIntroduction" Button
    t =    25.86s     Check for interrupting elements affecting "continueIntroduction" Button
    t =    25.98s         Wait for com.apple.springboard to idle
    t =    26.06s Ignoring failure to get hierarchy for remote element in process 75831 (Error getting main window kAXErrorServerNotFound)
    t =    26.06s Ignoring failure to get hierarchy for remote element in process 75831 (Error getting main window kAXErrorServerNotFound)
    t =    26.07s     Synthesize event
    t =    26.45s     Wait for dev.polski.grammarmatrix.ios to idle
    t =    26.50s Find the Button (First Match)
    t =    27.45s Find the "Подача объяснений, Схемы и логика" Button
    t =    28.47s Find the "Подача объяснений, Схемы и логика" Button
    t =    29.68s Find the "Подача объяснений, Схемы и логика" Button
    t =    30.75s Find the Button (First Match)
    t =    32.24s Waiting 5.0s for "Ответ, Вслух / про себя" Button to exist
    t =    33.28s     Checking `Expect predicate `existsNoRetry == 1` for object "Ответ, Вслух / про себя" Button`
    t =    33.28s         Checking existence of `"Ответ, Вслух / про себя" Button`
    t =    34.63s Tap "Ответ, Вслух / про себя" Button
    t =    34.63s     Wait for dev.polski.grammarmatrix.ios to idle
    t =    34.65s     Find the "Ответ, Вслух / про себя" Button
    t =    36.01s     Check for interrupting elements affecting "Ответ, Вслух / про себя" Button
    t =    36.25s         Wait for com.apple.springboard to idle
    t =    36.38s Ignoring failure to get hierarchy for remote element in process 75831 (Error getting main window kAXErrorServerNotFound)
    t =    36.39s Ignoring failure to get hierarchy for remote element in process 75831 (Error getting main window kAXErrorServerNotFound)
    t =    36.40s     Synthesize event
    t =    36.85s     Wait for dev.polski.grammarmatrix.ios to idle
    t =    37.69s Tap "Напечатать" Button
    t =    37.69s     Wait for dev.polski.grammarmatrix.ios to idle
    t =    37.75s     Find the "Напечатать" Button
    t =    38.06s     Check for interrupting elements affecting "Напечатать" Button
    t =    38.28s         Wait for com.apple.springboard to idle
    t =    38.41s Ignoring failure to get hierarchy for remote element in process 75831 (Error getting main window kAXErrorServerNotFound)
    t =    38.41s Ignoring failure to get hierarchy for remote element in process 75831 (Error getting main window kAXErrorServerNotFound)
    t =    38.43s     Synthesize event
    t =    38.87s     Wait for dev.polski.grammarmatrix.ios to idle
    t =    39.69s Waiting 5.0s for "typedAnswer" Any to exist
    t =    40.74s     Checking `Expect predicate `existsNoRetry == 1` for object "typedAnswer" Any`
    t =    40.75s         Checking existence of `"typedAnswer" Any`
    t =    44.23s Tap "typedAnswer" Any
    t =    44.23s     Wait for dev.polski.grammarmatrix.ios to idle
    t =    44.24s     Find the "typedAnswer" Any
    t =    47.61s     Check for interrupting elements affecting "typedAnswer" TextField
    t =    47.80s         Wait for com.apple.springboard to idle
    t =    47.89s Ignoring failure to get hierarchy for remote element in process 75831 (Error getting main window kAXErrorServerNotFound)
    t =    47.89s Ignoring failure to get hierarchy for remote element in process 75831 (Error getting main window kAXErrorServerNotFound)
    t =    48.16s     Synthesize event
    t =    48.60s     Wait for dev.polski.grammarmatrix.ios to idle
<unknown>:0: warning: -[PolskiGrammarUITests.PolskiGrammarUITests testMethodSwitchKeepsTypedDraftThroughRevealAndOneReview] : Invalid frame dimension (negative or non-finite).
    t =    49.35s Type 'Moja proba' into "typedAnswer" TextField
    t =    49.35s     Wait for dev.polski.grammarmatrix.ios to idle
    t =    49.64s     Find the "typedAnswer" TextField
    t =    55.26s     Check for interrupting elements affecting "typedAnswer" TextField
    t =    55.64s         Wait for com.apple.springboard to idle
    t =    55.84s Ignoring failure to get hierarchy for remote element in process 75831 (Error getting main window kAXErrorServerNotFound)
    t =    55.86s Ignoring failure to get hierarchy for remote element in process 75831 (Error getting main window kAXErrorServerNotFound)
    t =    56.31s     Synthesize event
    t =    56.81s     Wait for dev.polski.grammarmatrix.ios to idle
    t =    57.52s Swipe down Target Application 'dev.polski.grammarmatrix.ios'
    t =    57.52s     Wait for dev.polski.grammarmatrix.ios to idle
    t =    57.61s     Find the Target Application 'dev.polski.grammarmatrix.ios'
    t =    57.90s     Check for interrupting elements affecting "Polski Grammar Matrix" Application
    t =    58.32s         Wait for com.apple.springboard to idle
    t =    58.49s Ignoring failure to get hierarchy for remote element in process 75831 (Error getting main window kAXErrorServerNotFound)
    t =    58.50s Ignoring failure to get hierarchy for remote element in process 75831 (Error getting main window kAXErrorServerNotFound)
    t =    58.52s     Synthesize event
    t =    59.10s     Wait for dev.polski.grammarmatrix.ios to idle
    t =    59.69s Find the "Подача объяснений, Схемы и логика" Button
    t =    61.21s Find the "Подача объяснений, Схемы и логика" Button
    t =    62.56s Checking existence of `Keyboard (First Match)`
    t =    64.21s Checking existence of `"revealAnswer" Button`
    t =    64.44s Find the "revealAnswer" Button
    t =    64.92s Find the "Подача объяснений, Схемы и логика" Button
    t =    66.70s Find the "revealAnswer" Button
    t =    67.07s Find the "Подача объяснений, Схемы и логика" Button
    t =    68.56s Checking existence of `Keyboard (First Match)`
    t =    70.13s Checking existence of `"typedAnswer" TextField`
METHOD_BEFORE_TAP: method=(131.0, 456.0, 770.0, 34.5), keyboard=false, typed=true
    t =    73.59s Tap "Подача объяснений, Схемы и логика" Button
    t =    73.59s     Wait for dev.polski.grammarmatrix.ios to idle
    t =    73.61s     Find the "Подача объяснений, Схемы и логика" Button
    t =    74.96s     Check for interrupting elements affecting "Подача объяснений, Схемы и логика" Button
    t =    75.15s         Wait for com.apple.springboard to idle
    t =    75.28s Ignoring failure to get hierarchy for remote element in process 75831 (Error getting main window kAXErrorServerNotFound)
    t =    75.29s Ignoring failure to get hierarchy for remote element in process 75831 (Error getting main window kAXErrorServerNotFound)
    t =    75.30s     Synthesize event
    t =    75.73s     Wait for dev.polski.grammarmatrix.ios to idle
    t =    76.56s Waiting 5.0s for "Живые ситуации" Any to exist
    t =    77.60s     Checking `Expect predicate `existsNoRetry == 1` for object "Живые ситуации" Any`
    t =    77.60s         Checking existence of `"Живые ситуации" Any`
    t =    78.25s Tap "Живые ситуации" Any
    t =    78.25s     Wait for dev.polski.grammarmatrix.ios to idle
    t =    78.27s     Find the "Живые ситуации" Any
    t =    78.95s     Check for interrupting elements affecting "Живые ситуации" Button
    t =    79.11s         Wait for com.apple.springboard to idle
    t =    79.21s Ignoring failure to get hierarchy for remote element in process 75831 (Error getting main window kAXErrorServerNotFound)
    t =    79.22s Ignoring failure to get hierarchy for remote element in process 75831 (Error getting main window kAXErrorServerNotFound)
    t =    79.31s     Synthesize event
    t =    79.70s     Wait for dev.polski.grammarmatrix.ios to idle
    t =    80.51s Checking existence of `"typedAnswer" TextField`
    t =    82.39s Waiting 5.0s for "typedAnswer" TextField to exist
    t =    83.42s     Checking `Expect predicate `existsNoRetry == 1` for object "typedAnswer" TextField`
    t =    83.42s         Checking existence of `"typedAnswer" TextField`
    t =    85.95s Find the "typedAnswer" TextField
    t =    88.82s Find the "revealAnswer" Button
    t =    89.12s Checking existence of `"revealAnswer" Button`
    t =    89.31s Tap "revealAnswer" Button
    t =    89.31s     Wait for dev.polski.grammarmatrix.ios to idle
    t =    89.32s     Find the "revealAnswer" Button
    t =    89.47s     Check for interrupting elements affecting "revealAnswer" Button
    t =    89.62s         Wait for com.apple.springboard to idle
    t =    89.69s Ignoring failure to get hierarchy for remote element in process 75831 (Error getting main window kAXErrorServerNotFound)
    t =    89.69s Ignoring failure to get hierarchy for remote element in process 75831 (Error getting main window kAXErrorServerNotFound)
    t =    89.70s     Synthesize event
    t =    90.09s     Wait for dev.polski.grammarmatrix.ios to idle
    t =    90.11s Waiting 5.0s for "Widzę moją piękną żonę." StaticText to exist
    t =    91.15s     Checking `Expect predicate `existsNoRetry == 1` for object "Widzę moją piękną żonę." StaticText`
    t =    91.15s         Checking existence of `"Widzę moją piękną żonę." StaticText`
    t =    91.34s Find the Target Application 'dev.polski.grammarmatrix.ios'
    t =    91.72s Added attachment named 'method-cycle-revealed'
    t =    91.72s Checking existence of `"Moja proba" StaticText`
    t =    91.89s Checking existence of `"Moja proba" StaticText`
    t =    92.03s Find the "Подача объяснений, Схемы и логика" Button
    t =    92.96s Find the "Подача объяснений, Живые ситуации" Button
    t =    93.91s Tap "Подача объяснений, Живые ситуации" Button
    t =    93.92s     Wait for dev.polski.grammarmatrix.ios to idle
    t =    93.93s     Find the "Подача объяснений, Живые ситуации" Button
    t =    95.00s     Check for interrupting elements affecting "Подача объяснений, Живые ситуации" Button
    t =    95.15s         Wait for com.apple.springboard to idle
    t =    95.23s Ignoring failure to get hierarchy for remote element in process 75831 (Error getting main window kAXErrorServerNotFound)
    t =    95.24s Ignoring failure to get hierarchy for remote element in process 75831 (Error getting main window kAXErrorServerNotFound)
    t =    95.25s     Synthesize event
    t =    95.66s     Wait for dev.polski.grammarmatrix.ios to idle
    t =    96.47s Tap "Схемы и логика" Any
    t =    96.47s     Wait for dev.polski.grammarmatrix.ios to idle
    t =    96.52s     Find the "Схемы и логика" Any
    t =    97.06s     Check for interrupting elements affecting "Схемы и логика" Button
    t =    97.28s         Wait for com.apple.springboard to idle
    t =    97.43s Ignoring failure to get hierarchy for remote element in process 75831 (Error getting main window kAXErrorServerNotFound)
    t =    97.44s Ignoring failure to get hierarchy for remote element in process 75831 (Error getting main window kAXErrorServerNotFound)
    t =    97.55s     Synthesize event
    t =    97.96s     Wait for dev.polski.grammarmatrix.ios to idle
    t =    98.77s Checking existence of `"Moja proba" StaticText`
    t =    98.98s Checking existence of `"Moja proba" StaticText`
    t =    99.11s Find the "rateGood" Button
    t =    99.37s Swipe up Target Application 'dev.polski.grammarmatrix.ios'
    t =    99.37s     Wait for dev.polski.grammarmatrix.ios to idle
    t =    99.37s     Find the Target Application 'dev.polski.grammarmatrix.ios'
    t =    99.55s     Check for interrupting elements affecting "Polski Grammar Matrix" Application
    t =    99.71s         Wait for com.apple.springboard to idle
    t =    99.78s Ignoring failure to get hierarchy for remote element in process 75831 (Error getting main window kAXErrorServerNotFound)
    t =    99.79s Ignoring failure to get hierarchy for remote element in process 75831 (Error getting main window kAXErrorServerNotFound)
    t =    99.79s     Synthesize event
    t =   100.28s     Wait for dev.polski.grammarmatrix.ios to idle
    t =   101.78s Find the "rateGood" Button
    t =   102.05s Find the "rateGood" Button
    t =   102.33s Tap "rateGood" Button
    t =   102.33s     Wait for dev.polski.grammarmatrix.ios to idle
    t =   102.34s     Find the "rateGood" Button
    t =   102.53s     Check for interrupting elements affecting "rateGood" Button
    t =   102.70s         Wait for com.apple.springboard to idle
    t =   102.78s Ignoring failure to get hierarchy for remote element in process 75831 (Error getting main window kAXErrorServerNotFound)
    t =   102.79s Ignoring failure to get hierarchy for remote element in process 75831 (Error getting main window kAXErrorServerNotFound)
    t =   102.80s     Synthesize event
    t =   103.20s     Wait for dev.polski.grammarmatrix.ios to idle
    t =   104.22s Tap "Прогресс" Button
    t =   104.22s     Wait for dev.polski.grammarmatrix.ios to idle
    t =   104.23s     Find the "Прогресс" Button
    t =   104.39s     Check for interrupting elements affecting "chart.bar" Button
    t =   104.53s         Wait for com.apple.springboard to idle
    t =   104.60s Ignoring failure to get hierarchy for remote element in process 75831 (Error getting main window kAXErrorServerNotFound)
    t =   104.61s Ignoring failure to get hierarchy for remote element in process 75831 (Error getting main window kAXErrorServerNotFound)
    t =   104.62s     Synthesize event
    t =   105.03s     Wait for dev.polski.grammarmatrix.ios to idle
    t =   106.06s Checking existence of `"totalReviews" Any`
    t =   108.66s Waiting 5.0s for "totalReviews" Any to exist
    t =   109.69s     Checking `Expect predicate `existsNoRetry == 1` for object "totalReviews" Any`
    t =   109.69s         Checking existence of `"totalReviews" Any`
    t =   112.60s Find the "totalReviews" Any
    t =   115.03s Tear Down
Test Case '-[PolskiGrammarUITests.PolskiGrammarUITests testMethodSwitchKeepsTypedDraftThroughRevealAndOneReview]' passed (115.395 seconds).
Test Case '-[PolskiGrammarUITests.PolskiGrammarUITests testNativeCasesShowCompactNoteAndOrderedComparisonNouns]' started.
    t =     0.00s Start Test at 2026-09-24 21:46:57.335
    t =     0.10s Set Up
    t =     0.10s Open dev.polski.grammarmatrix.ios
    t =     0.11s     Launch dev.polski.grammarmatrix.ios
    t =     0.11s         Terminate dev.polski.grammarmatrix.ios:83953
2026-09-24 21:46:58.508 xcodebuild[72004:18841725] [MT] IDELaunchParametersSnapshot: debugger version lookup failed for path '<nil>': noURL
2026-09-24 21:46:58.508 xcodebuild[72004:18841725] [MT] IDELaunchParametersSnapshot: no debugger version
    t =     1.80s         Setting up automation session
    t =     3.02s         Wait for dev.polski.grammarmatrix.ios to idle
    t =     5.19s Tap "Матрица" Button
    t =     5.19s     Wait for dev.polski.grammarmatrix.ios to idle
    t =     5.20s     Find the "Матрица" Button
    t =     5.56s     Check for interrupting elements affecting "tablecells" Button
    t =     5.83s         Wait for com.apple.springboard to idle
    t =     6.01s Ignoring failure to get hierarchy for remote element in process 75831 (Error getting main window kAXErrorServerNotFound)
    t =     6.01s Ignoring failure to get hierarchy for remote element in process 75831 (Error getting main window kAXErrorServerNotFound)
    t =     6.03s     Synthesize event
    t =     6.51s     Wait for dev.polski.grammarmatrix.ios to idle
    t =     8.20s Waiting 10.0s for Button (First Match) to exist
    t =     9.22s     Checking `Expect predicate `existsNoRetry == 1` for object Button (First Match)`
    t =     9.22s         Checking existence of `Button (First Match)`
    t =    10.42s Tap Button (First Match)
    t =    10.43s     Wait for dev.polski.grammarmatrix.ios to idle
    t =    10.43s     Find the Button (First Match)
    t =    11.54s     Check for interrupting elements affecting "Раздел, Карта системы" Button
    t =    11.67s         Wait for com.apple.springboard to idle
    t =    11.75s Ignoring failure to get hierarchy for remote element in process 75831 (Error getting main window kAXErrorServerNotFound)
    t =    11.75s Ignoring failure to get hierarchy for remote element in process 75831 (Error getting main window kAXErrorServerNotFound)
    t =    11.76s     Synthesize event
    t =    12.13s     Wait for dev.polski.grammarmatrix.ios to idle
    t =    12.96s Tap "Падежи и окончания" Button
    t =    12.96s     Wait for dev.polski.grammarmatrix.ios to idle
    t =    12.97s     Find the "Падежи и окончания" Button
    t =    13.18s     Check for interrupting elements affecting "Падежи и окончания" Button
    t =    13.31s         Wait for com.apple.springboard to idle
    t =    13.38s Ignoring failure to get hierarchy for remote element in process 75831 (Error getting main window kAXErrorServerNotFound)
    t =    13.38s Ignoring failure to get hierarchy for remote element in process 75831 (Error getting main window kAXErrorServerNotFound)
    t =    13.39s     Synthesize event
    t =    13.77s     Wait for dev.polski.grammarmatrix.ios to idle
    t =    14.60s Checking existence of `"Wołacz — форма обращения. «Zachwycam się…» требует Narzędnik; «Przyglądam się…» — Celownik." StaticText`
    t =    14.84s Swipe up Target Application 'dev.polski.grammarmatrix.ios'
    t =    14.84s     Wait for dev.polski.grammarmatrix.ios to idle
    t =    14.85s     Find the Target Application 'dev.polski.grammarmatrix.ios'
    t =    14.98s     Check for interrupting elements affecting "Polski Grammar Matrix" Application
    t =    15.12s         Wait for com.apple.springboard to idle
    t =    15.20s Ignoring failure to get hierarchy for remote element in process 75831 (Error getting main window kAXErrorServerNotFound)
    t =    15.20s Ignoring failure to get hierarchy for remote element in process 75831 (Error getting main window kAXErrorServerNotFound)
    t =    15.21s     Synthesize event
    t =    15.68s     Wait for dev.polski.grammarmatrix.ios to idle
    t =    17.88s Checking existence of `"Wołacz — форма обращения. «Zachwycam się…» требует Narzędnik; «Przyglądam się…» — Celownik." StaticText`
    t =    18.06s Swipe up Target Application 'dev.polski.grammarmatrix.ios'
    t =    18.06s     Wait for dev.polski.grammarmatrix.ios to idle
    t =    18.07s     Find the Target Application 'dev.polski.grammarmatrix.ios'
    t =    18.19s     Check for interrupting elements affecting "Polski Grammar Matrix" Application
    t =    18.34s         Wait for com.apple.springboard to idle
    t =    18.42s Ignoring failure to get hierarchy for remote element in process 75831 (Error getting main window kAXErrorServerNotFound)
    t =    18.43s Ignoring failure to get hierarchy for remote element in process 75831 (Error getting main window kAXErrorServerNotFound)
    t =    18.44s     Synthesize event
    t =    18.90s     Wait for dev.polski.grammarmatrix.ios to idle
    t =    21.08s Checking existence of `"Wołacz — форма обращения. «Zachwycam się…» требует Narzędnik; «Przyglądam się…» — Celownik." StaticText`
    t =    21.25s Swipe up Target Application 'dev.polski.grammarmatrix.ios'
    t =    21.25s     Wait for dev.polski.grammarmatrix.ios to idle
    t =    21.26s     Find the Target Application 'dev.polski.grammarmatrix.ios'
    t =    21.39s     Check for interrupting elements affecting "Polski Grammar Matrix" Application
    t =    21.53s         Wait for com.apple.springboard to idle
    t =    21.61s Ignoring failure to get hierarchy for remote element in process 75831 (Error getting main window kAXErrorServerNotFound)
    t =    21.62s Ignoring failure to get hierarchy for remote element in process 75831 (Error getting main window kAXErrorServerNotFound)
    t =    21.63s     Synthesize event
    t =    22.15s     Wait for dev.polski.grammarmatrix.ios to idle
    t =    24.27s Checking existence of `"Wołacz — форма обращения. «Zachwycam się…» требует Narzędnik; «Przyglądam się…» — Celownik." StaticText`
    t =    24.40s Waiting 5.0s for "Wołacz — форма обращения. «Zachwycam się…» требует Narzędnik; «Przyglądam się…» — Celownik." StaticText to exist
    t =    25.44s     Checking `Expect predicate `existsNoRetry == 1` for object "Wołacz — форма обращения. «Zachwycam się…» требует Narzędnik; «Przyglądam się…» — Celownik." StaticText`
    t =    25.44s         Checking existence of `"Wołacz — форма обращения. «Zachwycam się…» требует Narzędnik; «Przyglądam się…» — Celownik." StaticText`
    t =    25.62s Checking existence of `"Сравнение типов склонения" StaticText`
    t =    25.76s Waiting 5.0s for "Сравнение типов склонения" StaticText to exist
    t =    26.81s     Checking `Expect predicate `existsNoRetry == 1` for object "Сравнение типов склонения" StaticText`
    t =    26.81s         Checking existence of `"Сравнение типов склонения" StaticText`
    t =    26.95s Checking existence of `"mąż" StaticText`
    t =    27.10s Waiting 5.0s for "mąż" StaticText to exist
    t =    28.15s     Checking `Expect predicate `existsNoRetry == 1` for object "mąż" StaticText`
    t =    28.15s         Checking existence of `"mąż" StaticText`
    t =    28.32s Checking existence of `"kolega" StaticText`
    t =    28.48s Swipe up Target Application 'dev.polski.grammarmatrix.ios'
    t =    28.48s     Wait for dev.polski.grammarmatrix.ios to idle
    t =    28.49s     Find the Target Application 'dev.polski.grammarmatrix.ios'
    t =    28.62s     Check for interrupting elements affecting "Polski Grammar Matrix" Application
    t =    28.75s         Wait for com.apple.springboard to idle
    t =    28.83s Ignoring failure to get hierarchy for remote element in process 75831 (Error getting main window kAXErrorServerNotFound)
    t =    28.84s Ignoring failure to get hierarchy for remote element in process 75831 (Error getting main window kAXErrorServerNotFound)
    t =    28.85s     Synthesize event
    t =    29.35s     Wait for dev.polski.grammarmatrix.ios to idle
    t =    31.46s Checking existence of `"kolega" StaticText`
    t =    31.63s Waiting 5.0s for "kolega" StaticText to exist
    t =    32.67s     Checking `Expect predicate `existsNoRetry == 1` for object "kolega" StaticText`
    t =    32.67s         Checking existence of `"kolega" StaticText`
    t =    32.80s Checking existence of `"pies" StaticText`
    t =    32.90s Waiting 5.0s for "pies" StaticText to exist
    t =    33.94s     Checking `Expect predicate `existsNoRetry == 1` for object "pies" StaticText`
    t =    33.94s         Checking existence of `"pies" StaticText`
    t =    34.06s Checking existence of `"dom" StaticText`
    t =    34.20s Waiting 5.0s for "dom" StaticText to exist
    t =    35.23s     Checking `Expect predicate `existsNoRetry == 1` for object "dom" StaticText`
    t =    35.23s         Checking existence of `"dom" StaticText`
    t =    35.38s Checking existence of `"żona" StaticText`
    t =    35.52s Waiting 5.0s for "żona" StaticText to exist
    t =    36.54s     Checking `Expect predicate `existsNoRetry == 1` for object "żona" StaticText`
    t =    36.54s         Checking existence of `"żona" StaticText`
    t =    36.68s Checking existence of `"książka" StaticText`
    t =    36.81s Waiting 5.0s for "książka" StaticText to exist
    t =    37.85s     Checking `Expect predicate `existsNoRetry == 1` for object "książka" StaticText`
    t =    37.85s         Checking existence of `"książka" StaticText`
    t =    37.98s Checking existence of `"dziecko" StaticText`
    t =    38.10s Swipe up Target Application 'dev.polski.grammarmatrix.ios'
    t =    38.10s     Wait for dev.polski.grammarmatrix.ios to idle
    t =    38.10s     Find the Target Application 'dev.polski.grammarmatrix.ios'
    t =    38.18s     Check for interrupting elements affecting "Polski Grammar Matrix" Application
    t =    38.30s         Wait for com.apple.springboard to idle
    t =    38.37s Ignoring failure to get hierarchy for remote element in process 75831 (Error getting main window kAXErrorServerNotFound)
    t =    38.37s Ignoring failure to get hierarchy for remote element in process 75831 (Error getting main window kAXErrorServerNotFound)
    t =    38.38s     Synthesize event
    t =    38.86s     Wait for dev.polski.grammarmatrix.ios to idle
    t =    39.48s Checking existence of `"dziecko" StaticText`
    t =    39.63s Waiting 5.0s for "dziecko" StaticText to exist
    t =    40.67s     Checking `Expect predicate `existsNoRetry == 1` for object "dziecko" StaticText`
    t =    40.67s         Checking existence of `"dziecko" StaticText`
    t =    40.80s Tear Down
Test Case '-[PolskiGrammarUITests.PolskiGrammarUITests testNativeCasesShowCompactNoteAndOrderedComparisonNouns]' passed (41.378 seconds).
Test Case '-[PolskiGrammarUITests.PolskiGrammarUITests testNativeChainCompletionShowsFiveAnswersAndKeepsFiveRatings]' started.
    t =     0.00s Start Test at 2026-09-24 21:47:38.713
    t =     0.07s Set Up
    t =     0.07s Open dev.polski.grammarmatrix.ios
    t =     0.08s     Launch dev.polski.grammarmatrix.ios
    t =     0.08s         Terminate dev.polski.grammarmatrix.ios:91320
2026-09-24 21:47:39.844 xcodebuild[72004:18841725] [MT] IDELaunchParametersSnapshot: debugger version lookup failed for path '<nil>': noURL
2026-09-24 21:47:39.844 xcodebuild[72004:18841725] [MT] IDELaunchParametersSnapshot: no debugger version
    t =     1.54s         Setting up automation session
    t =     2.62s         Wait for dev.polski.grammarmatrix.ios to idle
    t =     4.62s Tap "Прогресс" Button
    t =     4.62s     Wait for dev.polski.grammarmatrix.ios to idle
    t =     4.63s     Find the "Прогресс" Button
    t =     4.83s     Check for interrupting elements affecting "chart.bar" Button
    t =     5.04s         Wait for com.apple.springboard to idle
    t =     5.12s Ignoring failure to get hierarchy for remote element in process 75831 (Error getting main window kAXErrorServerNotFound)
    t =     5.12s Ignoring failure to get hierarchy for remote element in process 75831 (Error getting main window kAXErrorServerNotFound)
    t =     5.13s     Synthesize event
    t =     5.56s     Wait for dev.polski.grammarmatrix.ios to idle
    t =     7.19s Waiting 10.0s for "totalReviews" Any to exist
    t =     8.20s     Checking `Expect predicate `existsNoRetry == 1` for object "totalReviews" Any`
    t =     8.20s         Checking existence of `"totalReviews" Any`
    t =    10.50s Find the "totalReviews" Any
    t =    12.94s Tap "Тренировка" Button
    t =    12.94s     Wait for dev.polski.grammarmatrix.ios to idle
    t =    12.95s     Find the "Тренировка" Button
    t =    13.11s     Check for interrupting elements affecting "square.stack" Button
    t =    13.27s         Wait for com.apple.springboard to idle
    t =    13.34s Ignoring failure to get hierarchy for remote element in process 75831 (Error getting main window kAXErrorServerNotFound)
    t =    13.34s Ignoring failure to get hierarchy for remote element in process 75831 (Error getting main window kAXErrorServerNotFound)
    t =    13.35s     Synthesize event
    t =    13.74s     Wait for dev.polski.grammarmatrix.ios to idle
    t =    15.35s Checking existence of `"0 / 5 · Вижу → Прошлое → Отрицание → Владелец → Говорю о" StaticText`
    t =    15.51s Waiting 5.0s for "0 / 5 · Вижу → Прошлое → Отрицание → Владелец → Говорю о" StaticText to exist
    t =    16.54s     Checking `Expect predicate `existsNoRetry == 1` for object "0 / 5 · Вижу → Прошлое → Отрицание → Владелец → Говорю о" StaticText`
    t =    16.54s         Checking existence of `"0 / 5 · Вижу → Прошлое → Отрицание → Владелец → Говорю о" StaticText`
    t =    16.69s Checking existence of `"Перейти к заданию" Button`
    t =    16.82s Checking existence of `"Перейти к заданию" Button`
    t =    16.95s Checking existence of `"revealAnswer" Button`
    t =    17.08s Find the "revealAnswer" Button
    t =    17.30s Find the "revealAnswer" Button
    t =    17.48s Tap "revealAnswer" Button
    t =    17.48s     Wait for dev.polski.grammarmatrix.ios to idle
    t =    17.49s     Find the "revealAnswer" Button
    t =    17.64s     Check for interrupting elements affecting "revealAnswer" Button
    t =    17.77s         Wait for com.apple.springboard to idle
    t =    17.84s Ignoring failure to get hierarchy for remote element in process 75831 (Error getting main window kAXErrorServerNotFound)
    t =    17.84s Ignoring failure to get hierarchy for remote element in process 75831 (Error getting main window kAXErrorServerNotFound)
    t =    17.85s     Synthesize event
    t =    18.22s     Wait for dev.polski.grammarmatrix.ios to idle
    t =    18.23s Checking existence of `"rateGood" Button`
    t =    18.41s Find the "rateGood" Button
    t =    18.73s Find the "rateGood" Button
    t =    18.91s Tap "rateGood" Button
    t =    18.91s     Wait for dev.polski.grammarmatrix.ios to idle
    t =    18.92s     Find the "rateGood" Button
    t =    19.05s     Check for interrupting elements affecting "rateGood" Button
    t =    19.17s         Wait for com.apple.springboard to idle
    t =    19.23s Ignoring failure to get hierarchy for remote element in process 75831 (Error getting main window kAXErrorServerNotFound)
    t =    19.24s Ignoring failure to get hierarchy for remote element in process 75831 (Error getting main window kAXErrorServerNotFound)
    t =    19.25s     Synthesize event
    t =    19.59s     Wait for dev.polski.grammarmatrix.ios to idle
    t =    19.94s Checking existence of `"1 / 5 · Вижу → Прошлое → Отрицание → Владелец → Говорю о" StaticText`
    t =    20.14s Waiting 5.0s for "1 / 5 · Вижу → Прошлое → Отрицание → Владелец → Говорю о" StaticText to exist
    t =    21.17s     Checking `Expect predicate `existsNoRetry == 1` for object "1 / 5 · Вижу → Прошлое → Отрицание → Владелец → Говорю о" StaticText`
    t =    21.17s         Checking existence of `"1 / 5 · Вижу → Прошлое → Отрицание → Владелец → Говорю о" StaticText`
    t =    21.34s Checking existence of `"Перейти к заданию" Button`
    t =    21.48s Find the "Перейти к заданию" Button
    t =    21.70s Checking existence of `"continueIntroduction" Button`
    t =    21.87s Tap "continueIntroduction" Button
    t =    21.87s     Wait for dev.polski.grammarmatrix.ios to idle
    t =    21.89s     Find the "continueIntroduction" Button
    t =    22.07s     Check for interrupting elements affecting "continueIntroduction" Button
    t =    22.23s         Wait for com.apple.springboard to idle
    t =    22.31s Ignoring failure to get hierarchy for remote element in process 75831 (Error getting main window kAXErrorServerNotFound)
    t =    22.31s Ignoring failure to get hierarchy for remote element in process 75831 (Error getting main window kAXErrorServerNotFound)
    t =    22.32s     Synthesize event
    t =    22.68s     Wait for dev.polski.grammarmatrix.ios to idle
    t =    22.70s Checking existence of `"revealAnswer" Button`
    t =    22.82s Find the "revealAnswer" Button
    t =    23.02s Find the "revealAnswer" Button
    t =    23.20s Tap "revealAnswer" Button
    t =    23.20s     Wait for dev.polski.grammarmatrix.ios to idle
    t =    23.21s     Find the "revealAnswer" Button
    t =    23.34s     Check for interrupting elements affecting "revealAnswer" Button
    t =    23.46s         Wait for com.apple.springboard to idle
    t =    23.55s Ignoring failure to get hierarchy for remote element in process 75831 (Error getting main window kAXErrorServerNotFound)
    t =    23.55s Ignoring failure to get hierarchy for remote element in process 75831 (Error getting main window kAXErrorServerNotFound)
    t =    23.56s     Synthesize event
    t =    23.92s     Wait for dev.polski.grammarmatrix.ios to idle
    t =    24.27s Checking existence of `"rateGood" Button`
    t =    24.51s Find the "rateGood" Button
    t =    24.81s Find the "rateGood" Button
    t =    25.06s Tap "rateGood" Button
    t =    25.06s     Wait for dev.polski.grammarmatrix.ios to idle
    t =    25.07s     Find the "rateGood" Button
    t =    25.23s     Check for interrupting elements affecting "rateGood" Button
    t =    25.37s         Wait for com.apple.springboard to idle
    t =    25.43s Ignoring failure to get hierarchy for remote element in process 75831 (Error getting main window kAXErrorServerNotFound)
    t =    25.43s Ignoring failure to get hierarchy for remote element in process 75831 (Error getting main window kAXErrorServerNotFound)
    t =    25.44s     Synthesize event
    t =    25.81s     Wait for dev.polski.grammarmatrix.ios to idle
    t =    26.18s Checking existence of `"2 / 5 · Вижу → Прошлое → Отрицание → Владелец → Говорю о" StaticText`
    t =    26.36s Waiting 5.0s for "2 / 5 · Вижу → Прошлое → Отрицание → Владелец → Говорю о" StaticText to exist
    t =    27.39s     Checking `Expect predicate `existsNoRetry == 1` for object "2 / 5 · Вижу → Прошлое → Отрицание → Владелец → Говорю о" StaticText`
    t =    27.39s         Checking existence of `"2 / 5 · Вижу → Прошлое → Отрицание → Владелец → Говорю о" StaticText`
    t =    27.55s Checking existence of `"Перейти к заданию" Button`
    t =    27.71s Find the "Перейти к заданию" Button
    t =    27.92s Checking existence of `"continueIntroduction" Button`
    t =    28.05s Tap "continueIntroduction" Button
    t =    28.05s     Wait for dev.polski.grammarmatrix.ios to idle
    t =    28.06s     Find the "continueIntroduction" Button
    t =    28.21s     Check for interrupting elements affecting "continueIntroduction" Button
    t =    28.34s         Wait for com.apple.springboard to idle
    t =    28.43s Ignoring failure to get hierarchy for remote element in process 75831 (Error getting main window kAXErrorServerNotFound)
    t =    28.44s Ignoring failure to get hierarchy for remote element in process 75831 (Error getting main window kAXErrorServerNotFound)
    t =    28.45s     Synthesize event
    t =    28.84s     Wait for dev.polski.grammarmatrix.ios to idle
    t =    28.86s Checking existence of `"revealAnswer" Button`
    t =    28.99s Find the "revealAnswer" Button
    t =    29.20s Find the "revealAnswer" Button
    t =    29.40s Tap "revealAnswer" Button
    t =    29.40s     Wait for dev.polski.grammarmatrix.ios to idle
    t =    29.41s     Find the "revealAnswer" Button
    t =    29.61s     Check for interrupting elements affecting "revealAnswer" Button
    t =    29.76s         Wait for com.apple.springboard to idle
    t =    29.83s Ignoring failure to get hierarchy for remote element in process 75831 (Error getting main window kAXErrorServerNotFound)
    t =    29.83s Ignoring failure to get hierarchy for remote element in process 75831 (Error getting main window kAXErrorServerNotFound)
    t =    29.84s     Synthesize event
    t =    30.20s     Wait for dev.polski.grammarmatrix.ios to idle
    t =    30.58s Checking existence of `"rateGood" Button`
    t =    30.84s Find the "rateGood" Button
    t =    31.18s Find the "rateGood" Button
    t =    31.38s Tap "rateGood" Button
    t =    31.38s     Wait for dev.polski.grammarmatrix.ios to idle
    t =    31.39s     Find the "rateGood" Button
    t =    31.55s     Check for interrupting elements affecting "rateGood" Button
    t =    31.70s         Wait for com.apple.springboard to idle
    t =    31.77s Ignoring failure to get hierarchy for remote element in process 75831 (Error getting main window kAXErrorServerNotFound)
    t =    31.77s Ignoring failure to get hierarchy for remote element in process 75831 (Error getting main window kAXErrorServerNotFound)
    t =    31.78s     Synthesize event
    t =    32.16s     Wait for dev.polski.grammarmatrix.ios to idle
    t =    32.54s Checking existence of `"3 / 5 · Вижу → Прошлое → Отрицание → Владелец → Говорю о" StaticText`
    t =    32.74s Waiting 5.0s for "3 / 5 · Вижу → Прошлое → Отрицание → Владелец → Говорю о" StaticText to exist
    t =    33.78s     Checking `Expect predicate `existsNoRetry == 1` for object "3 / 5 · Вижу → Прошлое → Отрицание → Владелец → Говорю о" StaticText`
    t =    33.78s         Checking existence of `"3 / 5 · Вижу → Прошлое → Отрицание → Владелец → Говорю о" StaticText`
    t =    33.93s Checking existence of `"Перейти к заданию" Button`
    t =    34.06s Find the "Перейти к заданию" Button
    t =    34.21s Checking existence of `"continueIntroduction" Button`
    t =    34.30s Tap "continueIntroduction" Button
    t =    34.30s     Wait for dev.polski.grammarmatrix.ios to idle
    t =    34.31s     Find the "continueIntroduction" Button
    t =    34.43s     Check for interrupting elements affecting "continueIntroduction" Button
    t =    34.56s         Wait for com.apple.springboard to idle
    t =    34.65s Ignoring failure to get hierarchy for remote element in process 75831 (Error getting main window kAXErrorServerNotFound)
    t =    34.66s Ignoring failure to get hierarchy for remote element in process 75831 (Error getting main window kAXErrorServerNotFound)
    t =    34.66s     Synthesize event
    t =    35.03s     Wait for dev.polski.grammarmatrix.ios to idle
    t =    35.05s Checking existence of `"revealAnswer" Button`
    t =    35.20s Find the "revealAnswer" Button
    t =    35.44s Find the "revealAnswer" Button
    t =    35.64s Tap "revealAnswer" Button
    t =    35.64s     Wait for dev.polski.grammarmatrix.ios to idle
    t =    35.65s     Find the "revealAnswer" Button
    t =    35.80s     Check for interrupting elements affecting "revealAnswer" Button
    t =    35.94s         Wait for com.apple.springboard to idle
    t =    36.03s Ignoring failure to get hierarchy for remote element in process 75831 (Error getting main window kAXErrorServerNotFound)
    t =    36.04s Ignoring failure to get hierarchy for remote element in process 75831 (Error getting main window kAXErrorServerNotFound)
    t =    36.05s     Synthesize event
    t =    36.44s     Wait for dev.polski.grammarmatrix.ios to idle
    t =    36.80s Checking existence of `"rateGood" Button`
    t =    37.04s Find the "rateGood" Button
    t =    37.36s Find the "rateGood" Button
    t =    37.66s Tap "rateGood" Button
    t =    37.66s     Wait for dev.polski.grammarmatrix.ios to idle
    t =    37.67s     Find the "rateGood" Button
    t =    37.84s     Check for interrupting elements affecting "rateGood" Button
    t =    37.97s         Wait for com.apple.springboard to idle
    t =    38.06s Ignoring failure to get hierarchy for remote element in process 75831 (Error getting main window kAXErrorServerNotFound)
    t =    38.07s Ignoring failure to get hierarchy for remote element in process 75831 (Error getting main window kAXErrorServerNotFound)
    t =    38.08s     Synthesize event
    t =    38.47s     Wait for dev.polski.grammarmatrix.ios to idle
    t =    38.86s Checking existence of `"4 / 5 · Вижу → Прошлое → Отрицание → Владелец → Говорю о" StaticText`
    t =    39.07s Waiting 5.0s for "4 / 5 · Вижу → Прошлое → Отрицание → Владелец → Говорю о" StaticText to exist
    t =    40.11s     Checking `Expect predicate `existsNoRetry == 1` for object "4 / 5 · Вижу → Прошлое → Отрицание → Владелец → Говорю о" StaticText`
    t =    40.11s         Checking existence of `"4 / 5 · Вижу → Прошлое → Отрицание → Владелец → Говорю о" StaticText`
    t =    40.23s Checking existence of `"Перейти к заданию" Button`
    t =    40.37s Find the "Перейти к заданию" Button
    t =    40.55s Checking existence of `"continueIntroduction" Button`
    t =    40.67s Tap "continueIntroduction" Button
    t =    40.67s     Wait for dev.polski.grammarmatrix.ios to idle
    t =    40.68s     Find the "continueIntroduction" Button
    t =    40.82s     Check for interrupting elements affecting "continueIntroduction" Button
    t =    40.94s         Wait for com.apple.springboard to idle
    t =    41.01s Ignoring failure to get hierarchy for remote element in process 75831 (Error getting main window kAXErrorServerNotFound)
    t =    41.02s Ignoring failure to get hierarchy for remote element in process 75831 (Error getting main window kAXErrorServerNotFound)
    t =    41.03s     Synthesize event
    t =    41.38s     Wait for dev.polski.grammarmatrix.ios to idle
    t =    41.40s Checking existence of `"revealAnswer" Button`
    t =    41.56s Find the "revealAnswer" Button
    t =    41.82s Find the "revealAnswer" Button
    t =    42.09s Tap "revealAnswer" Button
    t =    42.09s     Wait for dev.polski.grammarmatrix.ios to idle
    t =    42.10s     Find the "revealAnswer" Button
    t =    42.29s     Check for interrupting elements affecting "revealAnswer" Button
    t =    42.44s         Wait for com.apple.springboard to idle
    t =    42.55s Ignoring failure to get hierarchy for remote element in process 75831 (Error getting main window kAXErrorServerNotFound)
    t =    42.55s Ignoring failure to get hierarchy for remote element in process 75831 (Error getting main window kAXErrorServerNotFound)
    t =    42.57s     Synthesize event
    t =    42.92s     Wait for dev.polski.grammarmatrix.ios to idle
    t =    43.27s Checking existence of `"rateGood" Button`
    t =    43.52s Find the "rateGood" Button
    t =    43.77s Find the "rateGood" Button
    t =    44.06s Tap "rateGood" Button
    t =    44.06s     Wait for dev.polski.grammarmatrix.ios to idle
    t =    44.07s     Find the "rateGood" Button
    t =    44.27s     Check for interrupting elements affecting "rateGood" Button
    t =    44.44s         Wait for com.apple.springboard to idle
    t =    44.58s Ignoring failure to get hierarchy for remote element in process 75831 (Error getting main window kAXErrorServerNotFound)
    t =    44.59s Ignoring failure to get hierarchy for remote element in process 75831 (Error getting main window kAXErrorServerNotFound)
    t =    44.61s     Synthesize event
    t =    45.02s     Wait for dev.polski.grammarmatrix.ios to idle
    t =    45.40s Checking existence of `"Цепочка завершена" StaticText`
    t =    45.56s Waiting 5.0s for "Цепочка завершена" StaticText to exist
    t =    46.60s     Checking `Expect predicate `existsNoRetry == 1` for object "Цепочка завершена" StaticText`
    t =    46.61s         Checking existence of `"Цепочка завершена" StaticText`
    t =    46.76s Checking existence of `"5 / 5 · Вижу → Прошлое → Отрицание → Владелец → Говорю о" StaticText`
    t =    46.92s Waiting 5.0s for "5 / 5 · Вижу → Прошлое → Отрицание → Владелец → Говорю о" StaticText to exist
    t =    47.93s     Checking `Expect predicate `existsNoRetry == 1` for object "5 / 5 · Вижу → Прошлое → Отрицание → Владелец → Говорю о" StaticText`
    t =    47.93s         Checking existence of `"5 / 5 · Вижу → Прошлое → Отрицание → Владелец → Говорю о" StaticText`
    t =    48.05s Checking existence of `"1. Widzę moją piękną żonę." StaticText`
    t =    48.16s Waiting 5.0s for "1. Widzę moją piękną żonę." StaticText to exist
    t =    49.20s     Checking `Expect predicate `existsNoRetry == 1` for object "1. Widzę moją piękną żonę." StaticText`
    t =    49.20s         Checking existence of `"1. Widzę moją piękną żonę." StaticText`
    t =    49.34s Checking existence of `"2. Widziałem moją piękną żonę." StaticText`
    t =    49.51s Waiting 5.0s for "2. Widziałem moją piękną żonę." StaticText to exist
    t =    50.53s     Checking `Expect predicate `existsNoRetry == 1` for object "2. Widziałem moją piękną żonę." StaticText`
    t =    50.53s         Checking existence of `"2. Widziałem moją piękną żonę." StaticText`
    t =    50.67s Checking existence of `"3. Nie widziałem mojej pięknej żony." StaticText`
    t =    50.82s Waiting 5.0s for "3. Nie widziałem mojej pięknej żony." StaticText to exist
    t =    51.86s     Checking `Expect predicate `existsNoRetry == 1` for object "3. Nie widziałem mojej pięknej żony." StaticText`
    t =    51.86s         Checking existence of `"3. Nie widziałem mojej pięknej żony." StaticText`
    t =    52.03s Checking existence of `"4. Nie widziałem ich pięknej żony." StaticText`
    t =    52.17s Waiting 5.0s for "4. Nie widziałem ich pięknej żony." StaticText to exist
    t =    53.18s     Checking `Expect predicate `existsNoRetry == 1` for object "4. Nie widziałem ich pięknej żony." StaticText`
    t =    53.19s         Checking existence of `"4. Nie widziałem ich pięknej żony." StaticText`
    t =    53.29s Checking existence of `"5. Mówię o ich pięknej żonie." StaticText`
    t =    53.40s Waiting 5.0s for "5. Mówię o ich pięknej żonie." StaticText to exist
    t =    54.41s     Checking `Expect predicate `existsNoRetry == 1` for object "5. Mówię o ich pięknej żonie." StaticText`
    t =    54.41s         Checking existence of `"5. Mówię o ich pięknej żonie." StaticText`
    t =    54.56s Checking existence of `"5 преобразований" StaticText`
    t =    54.69s Terminate dev.polski.grammarmatrix.ios:93346
    t =    55.72s Open dev.polski.grammarmatrix.ios
    t =    55.72s     Launch dev.polski.grammarmatrix.ios
2026-09-24 21:48:34.430 xcodebuild[72004:18841725] [MT] IDELaunchParametersSnapshot: debugger version lookup failed for path '<nil>': noURL
2026-09-24 21:48:34.430 xcodebuild[72004:18841725] [MT] IDELaunchParametersSnapshot: no debugger version
    t =    56.13s         Setting up automation session
    t =    57.20s         Wait for dev.polski.grammarmatrix.ios to idle
    t =    59.33s Tap "Прогресс" Button
    t =    59.33s     Wait for dev.polski.grammarmatrix.ios to idle
    t =    59.34s     Find the "Прогресс" Button
    t =    59.60s     Check for interrupting elements affecting "chart.bar" Button
    t =    59.84s         Wait for com.apple.springboard to idle
    t =    59.92s Ignoring failure to get hierarchy for remote element in process 75831 (Error getting main window kAXErrorServerNotFound)
    t =    59.92s Ignoring failure to get hierarchy for remote element in process 75831 (Error getting main window kAXErrorServerNotFound)
    t =    59.94s     Synthesize event
    t =    60.36s     Wait for dev.polski.grammarmatrix.ios to idle
    t =    62.03s Waiting 10.0s for "totalReviews" StaticText to exist
    t =    63.08s     Checking `Expect predicate `existsNoRetry == 1` for object "totalReviews" StaticText`
    t =    63.08s         Checking existence of `"totalReviews" StaticText`
    t =    66.48s Find the "totalReviews" StaticText
    t =    69.17s Tear Down
Test Case '-[PolskiGrammarUITests.PolskiGrammarUITests testNativeChainCompletionShowsFiveAnswersAndKeepsFiveRatings]' passed (69.818 seconds).
Test Case '-[PolskiGrammarUITests.PolskiGrammarUITests testNativeContrastSupportPairsHaveOrderedAccessibleNames]' started.
    t =     0.00s Start Test at 2026-09-24 21:48:48.532
    t =     0.10s Set Up
    t =     0.11s Open dev.polski.grammarmatrix.ios
    t =     0.11s     Launch dev.polski.grammarmatrix.ios
    t =     0.11s         Terminate dev.polski.grammarmatrix.ios:95556
2026-09-24 21:48:49.653 xcodebuild[72004:18841725] [MT] IDELaunchParametersSnapshot: debugger version lookup failed for path '<nil>': noURL
2026-09-24 21:48:49.654 xcodebuild[72004:18841725] [MT] IDELaunchParametersSnapshot: no debugger version
    t =     1.65s         Setting up automation session
    t =     2.68s         Wait for dev.polski.grammarmatrix.ios to idle
    t =     4.78s Tap "Матрица" Button
    t =     4.78s     Wait for dev.polski.grammarmatrix.ios to idle
    t =     4.80s     Find the "Матрица" Button
    t =     5.07s     Check for interrupting elements affecting "tablecells" Button
    t =     5.39s         Wait for com.apple.springboard to idle
    t =     5.54s Ignoring failure to get hierarchy for remote element in process 75831 (Error getting main window kAXErrorServerNotFound)
    t =     5.55s Ignoring failure to get hierarchy for remote element in process 75831 (Error getting main window kAXErrorServerNotFound)
    t =     5.56s     Synthesize event
    t =     6.00s     Wait for dev.polski.grammarmatrix.ios to idle
    t =     7.69s Checking existence of `"Было: moja żona; Стало: moją żonę" Any`
    t =    12.24s Swipe up Target Application 'dev.polski.grammarmatrix.ios'
    t =    12.24s     Wait for dev.polski.grammarmatrix.ios to idle
    t =    12.25s     Find the Target Application 'dev.polski.grammarmatrix.ios'
    t =    12.39s     Check for interrupting elements affecting "Polski Grammar Matrix" Application
    t =    12.57s         Wait for com.apple.springboard to idle
    t =    12.73s Ignoring failure to get hierarchy for remote element in process 75831 (Error getting main window kAXErrorServerNotFound)
    t =    12.74s Ignoring failure to get hierarchy for remote element in process 75831 (Error getting main window kAXErrorServerNotFound)
    t =    12.75s     Synthesize event
    t =    13.27s     Wait for dev.polski.grammarmatrix.ios to idle
    t =    15.39s Checking existence of `"Было: moja żona; Стало: moją żonę" Any`
    t =    19.13s Swipe up Target Application 'dev.polski.grammarmatrix.ios'
    t =    19.13s     Wait for dev.polski.grammarmatrix.ios to idle
    t =    19.38s     Find the Target Application 'dev.polski.grammarmatrix.ios'
    t =    19.50s     Check for interrupting elements affecting "Polski Grammar Matrix" Application
    t =    19.62s         Wait for com.apple.springboard to idle
    t =    19.72s Ignoring failure to get hierarchy for remote element in process 75831 (Error getting main window kAXErrorServerNotFound)
    t =    19.72s Ignoring failure to get hierarchy for remote element in process 75831 (Error getting main window kAXErrorServerNotFound)
    t =    19.73s     Synthesize event
    t =    20.21s     Wait for dev.polski.grammarmatrix.ios to idle
    t =    22.31s Checking existence of `"Было: moja żona; Стало: moją żonę" Any`
    t =    25.95s Swipe up Target Application 'dev.polski.grammarmatrix.ios'
    t =    25.95s     Wait for dev.polski.grammarmatrix.ios to idle
    t =    26.20s     Find the Target Application 'dev.polski.grammarmatrix.ios'
    t =    26.35s     Check for interrupting elements affecting "Polski Grammar Matrix" Application
    t =    26.51s         Wait for com.apple.springboard to idle
    t =    26.64s Ignoring failure to get hierarchy for remote element in process 75831 (Error getting main window kAXErrorServerNotFound)
    t =    26.64s Ignoring failure to get hierarchy for remote element in process 75831 (Error getting main window kAXErrorServerNotFound)
    t =    26.65s     Synthesize event
    t =    27.16s     Wait for dev.polski.grammarmatrix.ios to idle
    t =    29.32s Checking existence of `"Было: moja żona; Стало: moją żonę" Any`
    t =    32.07s Waiting 5.0s for "Было: moja żona; Стало: moją żonę" Any to exist
    t =    33.09s     Checking `Expect predicate `existsNoRetry == 1` for object "Было: moja żona; Стало: moją żonę" Any`
    t =    33.10s         Checking existence of `"Было: moja żona; Стало: moją żonę" Any`
    t =    35.31s Checking existence of `"Было: moja żona; Стало: moją żoną" Any`
    t =    37.67s Waiting 5.0s for "Было: moja żona; Стало: moją żoną" Any to exist
    t =    38.70s     Checking `Expect predicate `existsNoRetry == 1` for object "Было: moja żona; Стало: moją żoną" Any`
    t =    38.70s         Checking existence of `"Было: moja żona; Стало: moją żoną" Any`
    t =    41.51s Checking existence of `"Было: żona; Стало: żonie" Any`
    t =    46.27s Waiting 5.0s for "Было: żona; Стало: żonie" Any to exist
    t =    47.31s     Checking `Expect predicate `existsNoRetry == 1` for object "Было: żona; Стало: żonie" Any`
    t =    47.31s         Checking existence of `"Было: żona; Стало: żonie" Any`
    t =    50.54s Checking existence of `"Было: moją żonę; Стало: jego żonę" Any`
    t =    53.94s Waiting 5.0s for "Было: moją żonę; Стало: jego żonę" Any to exist
    t =    54.98s     Checking `Expect predicate `existsNoRetry == 1` for object "Было: moją żonę; Стало: jego żonę" Any`
    t =    54.98s         Checking existence of `"Было: moją żonę; Стало: jego żonę" Any`
    t =    58.10s Checking existence of `"Было: moją żonę; Стало: ich żonę" Any`
    t =    63.38s Swipe up Target Application 'dev.polski.grammarmatrix.ios'
    t =    63.38s     Wait for dev.polski.grammarmatrix.ios to idle
    t =    63.39s     Find the Target Application 'dev.polski.grammarmatrix.ios'
    t =    63.53s     Check for interrupting elements affecting "Polski Grammar Matrix" Application
    t =    63.68s         Wait for com.apple.springboard to idle
    t =    63.80s Ignoring failure to get hierarchy for remote element in process 75831 (Error getting main window kAXErrorServerNotFound)
    t =    63.81s Ignoring failure to get hierarchy for remote element in process 75831 (Error getting main window kAXErrorServerNotFound)
    t =    63.82s     Synthesize event
    t =    64.34s     Wait for dev.polski.grammarmatrix.ios to idle
    t =    64.85s Checking existence of `"Было: moją żonę; Стало: ich żonę" Any`
    t =    68.09s Waiting 5.0s for "Было: moją żonę; Стало: ich żonę" Any to exist
    t =    69.13s     Checking `Expect predicate `existsNoRetry == 1` for object "Было: moją żonę; Стало: ich żonę" Any`
    t =    69.14s         Checking existence of `"Было: moją żonę; Стало: ich żonę" Any`
    t =    71.96s Tear Down
Test Case '-[PolskiGrammarUITests.PolskiGrammarUITests testNativeContrastSupportPairsHaveOrderedAccessibleNames]' passed (72.557 seconds).
Test Case '-[PolskiGrammarUITests.PolskiGrammarUITests testNativeGeneratedCaseContrastKeepsFullWordsInSemantics]' started.
    t =     0.00s Start Test at 2026-09-24 21:50:01.090
    t =     0.09s Set Up
    t =     0.09s Open dev.polski.grammarmatrix.ios
    t =     0.09s     Launch dev.polski.grammarmatrix.ios
    t =     0.09s         Terminate dev.polski.grammarmatrix.ios:96184
2026-09-24 21:50:02.235 xcodebuild[72004:18841725] [MT] IDELaunchParametersSnapshot: debugger version lookup failed for path '<nil>': noURL
2026-09-24 21:50:02.235 xcodebuild[72004:18841725] [MT] IDELaunchParametersSnapshot: no debugger version
    t =     1.80s         Setting up automation session
    t =     2.90s         Wait for dev.polski.grammarmatrix.ios to idle
    t =     4.97s Tap "Матрица" Button
    t =     4.97s     Wait for dev.polski.grammarmatrix.ios to idle
    t =     4.98s     Find the "Матрица" Button
    t =     5.32s     Check for interrupting elements affecting "tablecells" Button
    t =     5.73s         Wait for com.apple.springboard to idle
    t =     5.94s Ignoring failure to get hierarchy for remote element in process 75831 (Error getting main window kAXErrorServerNotFound)
    t =     5.95s Ignoring failure to get hierarchy for remote element in process 75831 (Error getting main window kAXErrorServerNotFound)
    t =     5.97s     Synthesize event
    t =     6.42s     Wait for dev.polski.grammarmatrix.ios to idle
    t =     8.13s Waiting 10.0s for Button (First Match) to exist
    t =     9.23s     Checking `Expect predicate `existsNoRetry == 1` for object Button (First Match)`
    t =     9.23s         Checking existence of `Button (First Match)`
    t =    10.67s Tap Button (First Match)
    t =    10.67s     Wait for dev.polski.grammarmatrix.ios to idle
    t =    10.68s     Find the Button (First Match)
    t =    12.30s     Check for interrupting elements affecting "Раздел, Карта системы" Button
    t =    12.60s         Wait for com.apple.springboard to idle
    t =    12.74s Ignoring failure to get hierarchy for remote element in process 75831 (Error getting main window kAXErrorServerNotFound)
    t =    12.76s Ignoring failure to get hierarchy for remote element in process 75831 (Error getting main window kAXErrorServerNotFound)
    t =    12.78s     Synthesize event
    t =    13.22s     Wait for dev.polski.grammarmatrix.ios to idle
    t =    14.06s Tap "Падежи и окончания" Button
    t =    14.06s     Wait for dev.polski.grammarmatrix.ios to idle
    t =    14.12s     Find the "Падежи и окончания" Button
    t =    14.39s     Check for interrupting elements affecting "Падежи и окончания" Button
    t =    14.61s         Wait for com.apple.springboard to idle
    t =    14.77s Ignoring failure to get hierarchy for remote element in process 75831 (Error getting main window kAXErrorServerNotFound)
    t =    14.78s Ignoring failure to get hierarchy for remote element in process 75831 (Error getting main window kAXErrorServerNotFound)
    t =    14.80s     Synthesize event
    t =    15.20s     Wait for dev.polski.grammarmatrix.ios to idle
    t =    16.23s Checking existence of `"Было: moja piękna żona; Стало: moją piękną żonę" Any`
    t =    20.72s Swipe up Target Application 'dev.polski.grammarmatrix.ios'
    t =    20.72s     Wait for dev.polski.grammarmatrix.ios to idle
    t =    20.73s     Find the Target Application 'dev.polski.grammarmatrix.ios'
    t =    20.93s     Check for interrupting elements affecting "Polski Grammar Matrix" Application
    t =    21.12s         Wait for com.apple.springboard to idle
    t =    21.24s Ignoring failure to get hierarchy for remote element in process 75831 (Error getting main window kAXErrorServerNotFound)
    t =    21.25s Ignoring failure to get hierarchy for remote element in process 75831 (Error getting main window kAXErrorServerNotFound)
    t =    21.26s     Synthesize event
    t =    21.79s     Wait for dev.polski.grammarmatrix.ios to idle
    t =    23.98s Checking existence of `"Было: moja piękna żona; Стало: moją piękną żonę" Any`
    t =    27.29s Waiting 5.0s for "Было: moja piękna żona; Стало: moją piękną żonę" Any to exist
    t =    28.34s     Checking `Expect predicate `existsNoRetry == 1` for object "Было: moja piękna żona; Стало: moją piękną żonę" Any`
    t =    28.34s         Checking existence of `"Было: moja piękna żona; Стало: moją piękną żonę" Any`
    t =    31.24s Tear Down
Test Case '-[PolskiGrammarUITests.PolskiGrammarUITests testNativeGeneratedCaseContrastKeepsFullWordsInSemantics]' passed (31.618 seconds).
Test Case '-[PolskiGrammarUITests.PolskiGrammarUITests testNativePronounTeachingShowsCompactContextsAndOwnerDemo]' started.
    t =     0.00s Start Test at 2026-09-24 21:50:32.708
    t =     0.09s Set Up
    t =     0.09s Open dev.polski.grammarmatrix.ios
    t =     0.10s     Launch dev.polski.grammarmatrix.ios
    t =     0.10s         Terminate dev.polski.grammarmatrix.ios:845
2026-09-24 21:50:33.883 xcodebuild[72004:18841725] [MT] IDELaunchParametersSnapshot: debugger version lookup failed for path '<nil>': noURL
2026-09-24 21:50:33.883 xcodebuild[72004:18841725] [MT] IDELaunchParametersSnapshot: no debugger version
    t =     1.83s         Setting up automation session
    t =     2.83s         Wait for dev.polski.grammarmatrix.ios to idle
    t =     4.90s Tap "Матрица" Button
    t =     4.90s     Wait for dev.polski.grammarmatrix.ios to idle
    t =     4.91s     Find the "Матрица" Button
    t =     5.16s     Check for interrupting elements affecting "tablecells" Button
    t =     5.44s         Wait for com.apple.springboard to idle
    t =     5.54s Ignoring failure to get hierarchy for remote element in process 75831 (Error getting main window kAXErrorServerNotFound)
    t =     5.55s Ignoring failure to get hierarchy for remote element in process 75831 (Error getting main window kAXErrorServerNotFound)
    t =     5.56s     Synthesize event
    t =     5.96s     Wait for dev.polski.grammarmatrix.ios to idle
    t =     7.66s Waiting 10.0s for Button (First Match) to exist
    t =     8.71s     Checking `Expect predicate `existsNoRetry == 1` for object Button (First Match)`
    t =     8.71s         Checking existence of `Button (First Match)`
    t =     9.77s Tap Button (First Match)
    t =     9.77s     Wait for dev.polski.grammarmatrix.ios to idle
    t =     9.78s     Find the Button (First Match)
    t =    11.22s     Check for interrupting elements affecting "Раздел, Карта системы" Button
    t =    11.39s         Wait for com.apple.springboard to idle
    t =    11.53s Ignoring failure to get hierarchy for remote element in process 75831 (Error getting main window kAXErrorServerNotFound)
    t =    11.53s Ignoring failure to get hierarchy for remote element in process 75831 (Error getting main window kAXErrorServerNotFound)
    t =    11.55s     Synthesize event
    t =    11.96s     Wait for dev.polski.grammarmatrix.ios to idle
    t =    12.81s Tap "Местоимения" Button
    t =    12.81s     Wait for dev.polski.grammarmatrix.ios to idle
    t =    12.86s     Find the "Местоимения" Button
    t =    13.13s     Check for interrupting elements affecting "Местоимения" Button
    t =    13.33s         Wait for com.apple.springboard to idle
    t =    13.45s Ignoring failure to get hierarchy for remote element in process 75831 (Error getting main window kAXErrorServerNotFound)
    t =    13.46s Ignoring failure to get hierarchy for remote element in process 75831 (Error getting main window kAXErrorServerNotFound)
    t =    13.47s     Synthesize event
    t =    13.88s     Wait for dev.polski.grammarmatrix.ios to idle
    t =    14.85s Waiting 5.0s for "После предлогов у местоимений третьего лица появляется n-." StaticText to exist
    t =    15.89s     Checking `Expect predicate `existsNoRetry == 1` for object "После предлогов у местоимений третьего лица появляется n-." StaticText`
    t =    15.89s         Checking existence of `"После предлогов у местоимений третьего лица появляется n-." StaticText`
    t =    16.13s Waiting 5.0s for "ja" StaticText to exist
    t =    17.18s     Checking `Expect predicate `existsNoRetry == 1` for object "ja" StaticText`
    t =    17.19s         Checking existence of `"ja" StaticText`
    t =    17.38s Checking existence of `"Было: ja; Стало: mnie" Any`
    t =    20.77s Waiting 5.0s for "Было: ja; Стало: mnie" Any to exist
    t =    21.82s     Checking `Expect predicate `existsNoRetry == 1` for object "Было: ja; Стало: mnie" Any`
    t =    21.83s         Checking existence of `"Было: ja; Стало: mnie" Any`
    t =    25.16s Checking existence of `"Было: ja; Стало: ze mną" Any`
    t =    28.89s Waiting 5.0s for "Было: ja; Стало: ze mną" Any to exist
    t =    29.94s     Checking `Expect predicate `existsNoRetry == 1` for object "Было: ja; Стало: ze mną" Any`
    t =    29.94s         Checking existence of `"Было: ja; Стало: ze mną" Any`
    t =    33.45s Checking existence of `"mój — мой" Any`
    t =    37.57s Swipe up Target Application 'dev.polski.grammarmatrix.ios'
    t =    37.57s     Wait for dev.polski.grammarmatrix.ios to idle
    t =    37.59s     Find the Target Application 'dev.polski.grammarmatrix.ios'
    t =    37.73s     Check for interrupting elements affecting "Polski Grammar Matrix" Application
    t =    37.91s         Wait for com.apple.springboard to idle
    t =    38.03s Ignoring failure to get hierarchy for remote element in process 75831 (Error getting main window kAXErrorServerNotFound)
    t =    38.04s Ignoring failure to get hierarchy for remote element in process 75831 (Error getting main window kAXErrorServerNotFound)
    t =    38.04s     Synthesize event
    t =    38.57s     Wait for dev.polski.grammarmatrix.ios to idle
    t =    40.77s Checking existence of `"mój — мой" Any`
    t =    45.46s Swipe up Target Application 'dev.polski.grammarmatrix.ios'
    t =    45.46s     Wait for dev.polski.grammarmatrix.ios to idle
    t =    45.53s     Find the Target Application 'dev.polski.grammarmatrix.ios'
    t =    45.68s     Check for interrupting elements affecting "Polski Grammar Matrix" Application
    t =    45.88s         Wait for com.apple.springboard to idle
    t =    46.03s Ignoring failure to get hierarchy for remote element in process 75831 (Error getting main window kAXErrorServerNotFound)
    t =    46.04s Ignoring failure to get hierarchy for remote element in process 75831 (Error getting main window kAXErrorServerNotFound)
    t =    46.05s     Synthesize event
    t =    46.61s     Wait for dev.polski.grammarmatrix.ios to idle
    t =    48.76s Checking existence of `"mój — мой" Any`
    t =    53.83s Swipe up Target Application 'dev.polski.grammarmatrix.ios'
    t =    53.83s     Wait for dev.polski.grammarmatrix.ios to idle
    t =    53.88s     Find the Target Application 'dev.polski.grammarmatrix.ios'
    t =    54.05s     Check for interrupting elements affecting "Polski Grammar Matrix" Application
    t =    54.24s         Wait for com.apple.springboard to idle
    t =    54.39s Ignoring failure to get hierarchy for remote element in process 75831 (Error getting main window kAXErrorServerNotFound)
    t =    54.40s Ignoring failure to get hierarchy for remote element in process 75831 (Error getting main window kAXErrorServerNotFound)
    t =    54.41s     Synthesize event
    t =    55.00s     Wait for dev.polski.grammarmatrix.ios to idle
    t =    57.15s Checking existence of `"mój — мой" Any`
    t =    61.00s Swipe up Target Application 'dev.polski.grammarmatrix.ios'
    t =    61.00s     Wait for dev.polski.grammarmatrix.ios to idle
    t =    61.06s     Find the Target Application 'dev.polski.grammarmatrix.ios'
    t =    61.20s     Check for interrupting elements affecting "Polski Grammar Matrix" Application
    t =    61.34s         Wait for com.apple.springboard to idle
    t =    61.42s Ignoring failure to get hierarchy for remote element in process 75831 (Error getting main window kAXErrorServerNotFound)
    t =    61.43s Ignoring failure to get hierarchy for remote element in process 75831 (Error getting main window kAXErrorServerNotFound)
    t =    61.43s     Synthesize event
    t =    61.91s     Wait for dev.polski.grammarmatrix.ios to idle
    t =    64.10s Checking existence of `"mój — мой" Any`
    t =    67.47s Swipe up Target Application 'dev.polski.grammarmatrix.ios'
    t =    67.47s     Wait for dev.polski.grammarmatrix.ios to idle
    t =    67.49s     Find the Target Application 'dev.polski.grammarmatrix.ios'
    t =    67.63s     Check for interrupting elements affecting "Polski Grammar Matrix" Application
    t =    67.78s         Wait for com.apple.springboard to idle
    t =    67.90s Ignoring failure to get hierarchy for remote element in process 75831 (Error getting main window kAXErrorServerNotFound)
    t =    67.91s Ignoring failure to get hierarchy for remote element in process 75831 (Error getting main window kAXErrorServerNotFound)
    t =    67.92s     Synthesize event
    t =    68.44s     Wait for dev.polski.grammarmatrix.ios to idle
    t =    70.63s Checking existence of `"mój — мой" Any`
    t =    74.83s Swipe up Target Application 'dev.polski.grammarmatrix.ios'
    t =    74.83s     Wait for dev.polski.grammarmatrix.ios to idle
    t =    74.90s     Find the Target Application 'dev.polski.grammarmatrix.ios'
    t =    75.04s     Check for interrupting elements affecting "Polski Grammar Matrix" Application
    t =    75.16s         Wait for com.apple.springboard to idle
    t =    75.24s Ignoring failure to get hierarchy for remote element in process 75831 (Error getting main window kAXErrorServerNotFound)
    t =    75.24s Ignoring failure to get hierarchy for remote element in process 75831 (Error getting main window kAXErrorServerNotFound)
    t =    75.25s     Synthesize event
    t =    75.73s     Wait for dev.polski.grammarmatrix.ios to idle
    t =    77.83s Checking existence of `"mój — мой" Any`
    t =    82.39s Swipe up Target Application 'dev.polski.grammarmatrix.ios'
    t =    82.39s     Wait for dev.polski.grammarmatrix.ios to idle
    t =    82.54s     Find the Target Application 'dev.polski.grammarmatrix.ios'
    t =    82.68s     Check for interrupting elements affecting "Polski Grammar Matrix" Application
    t =    82.83s         Wait for com.apple.springboard to idle
    t =    82.93s Ignoring failure to get hierarchy for remote element in process 75831 (Error getting main window kAXErrorServerNotFound)
    t =    82.94s Ignoring failure to get hierarchy for remote element in process 75831 (Error getting main window kAXErrorServerNotFound)
    t =    82.95s     Synthesize event
    t =    83.44s     Wait for dev.polski.grammarmatrix.ios to idle
    t =    85.54s Checking existence of `"mój — мой" Any`
    t =    91.78s Swipe up Target Application 'dev.polski.grammarmatrix.ios'
    t =    91.78s     Wait for dev.polski.grammarmatrix.ios to idle
    t =    91.84s     Find the Target Application 'dev.polski.grammarmatrix.ios'
    t =    91.97s     Check for interrupting elements affecting "Polski Grammar Matrix" Application
    t =    92.15s         Wait for com.apple.springboard to idle
    t =    92.32s Ignoring failure to get hierarchy for remote element in process 75831 (Error getting main window kAXErrorServerNotFound)
    t =    92.33s Ignoring failure to get hierarchy for remote element in process 75831 (Error getting main window kAXErrorServerNotFound)
    t =    92.35s     Synthesize event
    t =    92.92s     Wait for dev.polski.grammarmatrix.ios to idle
    t =    95.03s Checking existence of `"mój — мой" Any`
    t =    98.90s Swipe up Target Application 'dev.polski.grammarmatrix.ios'
    t =    98.90s     Wait for dev.polski.grammarmatrix.ios to idle
    t =    98.98s     Find the Target Application 'dev.polski.grammarmatrix.ios'
    t =    99.08s     Check for interrupting elements affecting "Polski Grammar Matrix" Application
    t =    99.17s         Wait for com.apple.springboard to idle
    t =    99.24s Ignoring failure to get hierarchy for remote element in process 75831 (Error getting main window kAXErrorServerNotFound)
    t =    99.24s Ignoring failure to get hierarchy for remote element in process 75831 (Error getting main window kAXErrorServerNotFound)
    t =    99.25s     Synthesize event
    t =    99.71s     Wait for dev.polski.grammarmatrix.ios to idle
    t =   101.82s Checking existence of `"mój — мой" Any`
    t =   104.66s Swipe up Target Application 'dev.polski.grammarmatrix.ios'
    t =   104.66s     Wait for dev.polski.grammarmatrix.ios to idle
    t =   104.69s     Find the Target Application 'dev.polski.grammarmatrix.ios'
    t =   104.89s     Check for interrupting elements affecting "Polski Grammar Matrix" Application
    t =   105.07s         Wait for com.apple.springboard to idle
    t =   105.17s Ignoring failure to get hierarchy for remote element in process 75831 (Error getting main window kAXErrorServerNotFound)
    t =   105.17s Ignoring failure to get hierarchy for remote element in process 75831 (Error getting main window kAXErrorServerNotFound)
    t =   105.18s     Synthesize event
    t =   105.66s     Wait for dev.polski.grammarmatrix.ios to idle
    t =   107.79s Checking existence of `"mój — мой" Any`
    t =   112.41s Swipe up Target Application 'dev.polski.grammarmatrix.ios'
    t =   112.41s     Wait for dev.polski.grammarmatrix.ios to idle
    t =   112.48s     Find the Target Application 'dev.polski.grammarmatrix.ios'
    t =   112.63s     Check for interrupting elements affecting "Polski Grammar Matrix" Application
    t =   112.79s         Wait for com.apple.springboard to idle
    t =   112.87s Ignoring failure to get hierarchy for remote element in process 75831 (Error getting main window kAXErrorServerNotFound)
    t =   112.88s Ignoring failure to get hierarchy for remote element in process 75831 (Error getting main window kAXErrorServerNotFound)
    t =   112.88s     Synthesize event
    t =   113.37s     Wait for dev.polski.grammarmatrix.ios to idle
    t =   115.47s Checking existence of `"mój — мой" Any`
    t =   119.52s Swipe up Target Application 'dev.polski.grammarmatrix.ios'
    t =   119.52s     Wait for dev.polski.grammarmatrix.ios to idle
    t =   119.59s     Find the Target Application 'dev.polski.grammarmatrix.ios'
    t =   119.74s     Check for interrupting elements affecting "Polski Grammar Matrix" Application
    t =   119.90s         Wait for com.apple.springboard to idle
    t =   120.02s Ignoring failure to get hierarchy for remote element in process 75831 (Error getting main window kAXErrorServerNotFound)
    t =   120.03s Ignoring failure to get hierarchy for remote element in process 75831 (Error getting main window kAXErrorServerNotFound)
    t =   120.04s     Synthesize event
    t =   120.57s     Wait for dev.polski.grammarmatrix.ios to idle
    t =   122.68s Checking existence of `"mój — мой" Any`
    t =   125.96s Waiting 5.0s for "mój — мой" Any to exist
    t =   126.99s     Checking `Expect predicate `existsNoRetry == 1` for object "mój — мой" Any`
    t =   126.99s         Checking existence of `"mój — мой" Any`
    t =   130.04s Checking existence of `"Было: moja piękna żona; Стало: moją piękną żonę" Any`
    t =   133.03s Waiting 5.0s for "Было: moja piękna żona; Стало: moją piękną żonę" Any to exist
    t =   134.07s     Checking `Expect predicate `existsNoRetry == 1` for object "Было: moja piękna żona; Стало: moją piękną żonę" Any`
    t =   134.07s         Checking existence of `"Было: moja piękna żona; Стало: moją piękną żonę" Any`
    t =   136.81s Checking existence of `"Было: moja piękna żona; Стало: mojej pięknej żony" Any`
    t =   139.59s Waiting 5.0s for "Было: moja piękna żona; Стало: mojej pięknej żony" Any to exist
    t =   140.63s     Checking `Expect predicate `existsNoRetry == 1` for object "Было: moja piękna żona; Стало: mojej pięknej żony" Any`
    t =   140.63s         Checking existence of `"Было: moja piękna żona; Стало: mojej pięknej żony" Any`
    t =   144.00s Checking existence of `"Тренировать смену владельца" Button`
    t =   144.14s Swipe up Target Application 'dev.polski.grammarmatrix.ios'
    t =   144.14s     Wait for dev.polski.grammarmatrix.ios to idle
    t =   144.15s     Find the Target Application 'dev.polski.grammarmatrix.ios'
    t =   144.27s     Check for interrupting elements affecting "Polski Grammar Matrix" Application
    t =   144.42s         Wait for com.apple.springboard to idle
    t =   144.55s Ignoring failure to get hierarchy for remote element in process 75831 (Error getting main window kAXErrorServerNotFound)
    t =   144.56s Ignoring failure to get hierarchy for remote element in process 75831 (Error getting main window kAXErrorServerNotFound)
    t =   144.57s     Synthesize event
    t =   145.06s     Wait for dev.polski.grammarmatrix.ios to idle
    t =   147.23s Checking existence of `"Тренировать смену владельца" Button`
    t =   147.39s Swipe up Target Application 'dev.polski.grammarmatrix.ios'
    t =   147.39s     Wait for dev.polski.grammarmatrix.ios to idle
    t =   147.40s     Find the Target Application 'dev.polski.grammarmatrix.ios'
    t =   147.54s     Check for interrupting elements affecting "Polski Grammar Matrix" Application
    t =   147.67s         Wait for com.apple.springboard to idle
    t =   147.79s Ignoring failure to get hierarchy for remote element in process 75831 (Error getting main window kAXErrorServerNotFound)
    t =   147.80s Ignoring failure to get hierarchy for remote element in process 75831 (Error getting main window kAXErrorServerNotFound)
    t =   147.81s     Synthesize event
    t =   148.37s     Wait for dev.polski.grammarmatrix.ios to idle
    t =   150.46s Checking existence of `"Тренировать смену владельца" Button`
    t =   150.69s Swipe up Target Application 'dev.polski.grammarmatrix.ios'
    t =   150.69s     Wait for dev.polski.grammarmatrix.ios to idle
    t =   150.70s     Find the Target Application 'dev.polski.grammarmatrix.ios'
    t =   150.89s     Check for interrupting elements affecting "Polski Grammar Matrix" Application
    t =   151.07s         Wait for com.apple.springboard to idle
    t =   151.24s Ignoring failure to get hierarchy for remote element in process 75831 (Error getting main window kAXErrorServerNotFound)
    t =   151.25s Ignoring failure to get hierarchy for remote element in process 75831 (Error getting main window kAXErrorServerNotFound)
    t =   151.27s     Synthesize event
    t =   151.81s     Wait for dev.polski.grammarmatrix.ios to idle
    t =   153.92s Checking existence of `"Тренировать смену владельца" Button`
    t =   154.12s Swipe up Target Application 'dev.polski.grammarmatrix.ios'
    t =   154.12s     Wait for dev.polski.grammarmatrix.ios to idle
    t =   154.12s     Find the Target Application 'dev.polski.grammarmatrix.ios'
    t =   154.24s     Check for interrupting elements affecting "Polski Grammar Matrix" Application
    t =   154.38s         Wait for com.apple.springboard to idle
    t =   154.46s Ignoring failure to get hierarchy for remote element in process 75831 (Error getting main window kAXErrorServerNotFound)
    t =   154.46s Ignoring failure to get hierarchy for remote element in process 75831 (Error getting main window kAXErrorServerNotFound)
    t =   154.47s     Synthesize event
    t =   154.99s     Wait for dev.polski.grammarmatrix.ios to idle
    t =   157.10s Checking existence of `"Тренировать смену владельца" Button`
    t =   157.27s Waiting 5.0s for "Тренировать смену владельца" Button to exist
    t =   158.32s     Checking `Expect predicate `existsNoRetry == 1` for object "Тренировать смену владельца" Button`
    t =   158.32s         Checking existence of `"Тренировать смену владельца" Button`
    t =   158.50s Tear Down
Test Case '-[PolskiGrammarUITests.PolskiGrammarUITests testNativePronounTeachingShowsCompactContextsAndOwnerDemo]' passed (159.232 seconds).
Test Case '-[PolskiGrammarUITests.PolskiGrammarUITests testNativeTrainingMatrixAndProgress]' started.
    t =     0.00s Start Test at 2026-09-24 21:53:11.942
    t =     0.09s Set Up
    t =     0.09s Open dev.polski.grammarmatrix.ios
    t =     0.09s     Launch dev.polski.grammarmatrix.ios
    t =     0.09s         Terminate dev.polski.grammarmatrix.ios:2677
2026-09-24 21:53:13.121 xcodebuild[72004:18841725] [MT] IDELaunchParametersSnapshot: debugger version lookup failed for path '<nil>': noURL
2026-09-24 21:53:13.122 xcodebuild[72004:18841725] [MT] IDELaunchParametersSnapshot: no debugger version
    t =     1.84s         Setting up automation session
    t =     2.94s         Wait for dev.polski.grammarmatrix.ios to idle
    t =     5.07s Tap "Прогресс" Button
    t =     5.07s     Wait for dev.polski.grammarmatrix.ios to idle
    t =     5.08s     Find the "Прогресс" Button
    t =     5.38s     Check for interrupting elements affecting "chart.bar" Button
    t =     5.66s         Wait for com.apple.springboard to idle
    t =     5.76s Ignoring failure to get hierarchy for remote element in process 75831 (Error getting main window kAXErrorServerNotFound)
    t =     5.77s Ignoring failure to get hierarchy for remote element in process 75831 (Error getting main window kAXErrorServerNotFound)
    t =     5.78s     Synthesize event
    t =     6.17s     Wait for dev.polski.grammarmatrix.ios to idle
    t =     7.81s Waiting 10.0s for "totalReviews" Any to exist
    t =     8.86s     Checking `Expect predicate `existsNoRetry == 1` for object "totalReviews" Any`
    t =     8.87s         Checking existence of `"totalReviews" Any`
    t =    11.10s Find the "totalReviews" Any
    t =    13.58s Tap "Тренировка" Button
    t =    13.58s     Wait for dev.polski.grammarmatrix.ios to idle
    t =    13.59s     Find the "Тренировка" Button
    t =    13.74s     Check for interrupting elements affecting "square.stack" Button
    t =    13.89s         Wait for com.apple.springboard to idle
    t =    14.00s Ignoring failure to get hierarchy for remote element in process 75831 (Error getting main window kAXErrorServerNotFound)
    t =    14.00s Ignoring failure to get hierarchy for remote element in process 75831 (Error getting main window kAXErrorServerNotFound)
    t =    14.01s     Synthesize event
    t =    14.40s     Wait for dev.polski.grammarmatrix.ios to idle
    t =    16.00s Waiting 20.0s for "To jest moja piękna żona." StaticText to exist
    t =    17.07s     Checking `Expect predicate `existsNoRetry == 1` for object "To jest moja piękna żona." StaticText`
    t =    17.07s         Checking existence of `"To jest moja piękna żona." StaticText`
    t =    17.23s Checking existence of `"Widzę moją piękną żonę." StaticText`
    t =    17.38s Checking existence of `"Перейти к заданию" Button`
    t =    17.51s Checking existence of `"Перейти к заданию" Button`
    t =    17.65s Checking existence of `"revealAnswer" Button`
    t =    17.80s Checking existence of `"revealAnswer" Button`
    t =    17.97s Tap "revealAnswer" Button
    t =    17.97s     Wait for dev.polski.grammarmatrix.ios to idle
    t =    17.98s     Find the "revealAnswer" Button
    t =    18.15s     Check for interrupting elements affecting "revealAnswer" Button
    t =    18.31s         Wait for com.apple.springboard to idle
    t =    18.40s Ignoring failure to get hierarchy for remote element in process 75831 (Error getting main window kAXErrorServerNotFound)
    t =    18.40s Ignoring failure to get hierarchy for remote element in process 75831 (Error getting main window kAXErrorServerNotFound)
    t =    18.41s     Synthesize event
    t =    18.83s     Wait for dev.polski.grammarmatrix.ios to idle
    t =    18.88s Waiting 5.0s for "Widzę moją piękną żonę." StaticText to exist
    t =    19.91s     Checking `Expect predicate `existsNoRetry == 1` for object "Widzę moją piękną żonę." StaticText`
    t =    19.91s         Checking existence of `"Widzę moją piękną żonę." StaticText`
    t =    20.07s Checking existence of `"rateGood" Button`
    t =    20.21s Checking existence of `"rateGood" Button`
    t =    20.36s Tap "rateGood" Button
    t =    20.36s     Wait for dev.polski.grammarmatrix.ios to idle
    t =    20.37s     Find the "rateGood" Button
    t =    20.58s     Check for interrupting elements affecting "rateGood" Button
    t =    20.72s         Wait for com.apple.springboard to idle
    t =    20.82s Ignoring failure to get hierarchy for remote element in process 75831 (Error getting main window kAXErrorServerNotFound)
    t =    20.82s Ignoring failure to get hierarchy for remote element in process 75831 (Error getting main window kAXErrorServerNotFound)
    t =    20.83s     Synthesize event
    t =    21.22s     Wait for dev.polski.grammarmatrix.ios to idle
    t =    21.62s Swipe down Target Application 'dev.polski.grammarmatrix.ios'
    t =    21.62s     Wait for dev.polski.grammarmatrix.ios to idle
    t =    21.64s     Find the Target Application 'dev.polski.grammarmatrix.ios'
    t =    21.83s     Check for interrupting elements affecting "Polski Grammar Matrix" Application
    t =    22.05s         Wait for com.apple.springboard to idle
    t =    22.21s Ignoring failure to get hierarchy for remote element in process 75831 (Error getting main window kAXErrorServerNotFound)
    t =    22.22s Ignoring failure to get hierarchy for remote element in process 75831 (Error getting main window kAXErrorServerNotFound)
    t =    22.23s     Synthesize event
    t =    22.74s     Wait for dev.polski.grammarmatrix.ios to idle
    t =    23.23s Swipe down Target Application 'dev.polski.grammarmatrix.ios'
    t =    23.23s     Wait for dev.polski.grammarmatrix.ios to idle
    t =    23.23s     Find the Target Application 'dev.polski.grammarmatrix.ios'
    t =    23.39s     Check for interrupting elements affecting "Polski Grammar Matrix" Application
    t =    23.54s         Wait for com.apple.springboard to idle
    t =    23.67s Ignoring failure to get hierarchy for remote element in process 75831 (Error getting main window kAXErrorServerNotFound)
    t =    23.67s Ignoring failure to get hierarchy for remote element in process 75831 (Error getting main window kAXErrorServerNotFound)
    t =    23.68s     Synthesize event
    t =    24.19s     Wait for dev.polski.grammarmatrix.ios to idle
    t =    24.66s Swipe down Target Application 'dev.polski.grammarmatrix.ios'
    t =    24.66s     Wait for dev.polski.grammarmatrix.ios to idle
    t =    24.67s     Find the Target Application 'dev.polski.grammarmatrix.ios'
    t =    24.84s     Check for interrupting elements affecting "Polski Grammar Matrix" Application
    t =    24.99s         Wait for com.apple.springboard to idle
    t =    25.09s Ignoring failure to get hierarchy for remote element in process 75831 (Error getting main window kAXErrorServerNotFound)
    t =    25.09s Ignoring failure to get hierarchy for remote element in process 75831 (Error getting main window kAXErrorServerNotFound)
    t =    25.10s     Synthesize event
    t =    25.59s     Wait for dev.polski.grammarmatrix.ios to idle
    t =    26.09s Swipe down Target Application 'dev.polski.grammarmatrix.ios'
    t =    26.09s     Wait for dev.polski.grammarmatrix.ios to idle
    t =    26.10s     Find the Target Application 'dev.polski.grammarmatrix.ios'
    t =    26.23s     Check for interrupting elements affecting "Polski Grammar Matrix" Application
    t =    26.38s         Wait for com.apple.springboard to idle
    t =    26.47s Ignoring failure to get hierarchy for remote element in process 75831 (Error getting main window kAXErrorServerNotFound)
    t =    26.48s Ignoring failure to get hierarchy for remote element in process 75831 (Error getting main window kAXErrorServerNotFound)
    t =    26.49s     Synthesize event
    t =    26.98s     Wait for dev.polski.grammarmatrix.ios to idle
    t =    27.46s Waiting 5.0s for "1 / 5 · Вижу → Прошлое → Отрицание → Владелец → Говорю о" StaticText to exist
    t =    28.50s     Checking `Expect predicate `existsNoRetry == 1` for object "1 / 5 · Вижу → Прошлое → Отрицание → Владелец → Говорю о" StaticText`
    t =    28.50s         Checking existence of `"1 / 5 · Вижу → Прошлое → Отрицание → Владелец → Говорю о" StaticText`
    t =    28.70s Tap "Матрица" Button
    t =    28.70s     Wait for dev.polski.grammarmatrix.ios to idle
    t =    28.71s     Find the "Матрица" Button
    t =    28.86s     Check for interrupting elements affecting "tablecells" Button
    t =    29.02s         Wait for com.apple.springboard to idle
    t =    29.13s Ignoring failure to get hierarchy for remote element in process 75831 (Error getting main window kAXErrorServerNotFound)
    t =    29.14s Ignoring failure to get hierarchy for remote element in process 75831 (Error getting main window kAXErrorServerNotFound)
    t =    29.15s     Synthesize event
    t =    29.55s     Wait for dev.polski.grammarmatrix.ios to idle
    t =    31.23s Waiting 5.0s for "Что хочу сказать? → Какой падеж нужен? → Меняю всю группу" StaticText to exist
    t =    32.27s     Checking `Expect predicate `existsNoRetry == 1` for object "Что хочу сказать? → Какой падеж нужен? → Меняю всю группу" StaticText`
    t =    32.27s         Checking existence of `"Что хочу сказать? → Какой падеж нужен? → Меняю всю группу" StaticText`
    t =    32.40s Checking existence of `"вижу кого? что? → Widzę moją żonę. Окончания меняются во всей группе." StaticText`
    t =    32.50s Swipe up Target Application 'dev.polski.grammarmatrix.ios'
    t =    32.50s     Wait for dev.polski.grammarmatrix.ios to idle
    t =    32.51s     Find the Target Application 'dev.polski.grammarmatrix.ios'
    t =    32.60s     Check for interrupting elements affecting "Polski Grammar Matrix" Application
    t =    32.69s         Wait for com.apple.springboard to idle
    t =    32.74s Ignoring failure to get hierarchy for remote element in process 75831 (Error getting main window kAXErrorServerNotFound)
    t =    32.74s Ignoring failure to get hierarchy for remote element in process 75831 (Error getting main window kAXErrorServerNotFound)
    t =    32.75s     Synthesize event
    t =    33.22s     Wait for dev.polski.grammarmatrix.ios to idle
    t =    35.32s Checking existence of `"вижу кого? что? → Widzę moją żonę. Окончания меняются во всей группе." StaticText`
    t =    35.44s Swipe up Target Application 'dev.polski.grammarmatrix.ios'
    t =    35.44s     Wait for dev.polski.grammarmatrix.ios to idle
    t =    35.44s     Find the Target Application 'dev.polski.grammarmatrix.ios'
    t =    35.55s     Check for interrupting elements affecting "Polski Grammar Matrix" Application
    t =    35.65s         Wait for com.apple.springboard to idle
    t =    35.70s Ignoring failure to get hierarchy for remote element in process 75831 (Error getting main window kAXErrorServerNotFound)
    t =    35.71s Ignoring failure to get hierarchy for remote element in process 75831 (Error getting main window kAXErrorServerNotFound)
    t =    35.71s     Synthesize event
    t =    36.18s     Wait for dev.polski.grammarmatrix.ios to idle
    t =    38.27s Checking existence of `"вижу кого? что? → Widzę moją żonę. Окончания меняются во всей группе." StaticText`
    t =    38.37s Swipe up Target Application 'dev.polski.grammarmatrix.ios'
    t =    38.37s     Wait for dev.polski.grammarmatrix.ios to idle
    t =    38.37s     Find the Target Application 'dev.polski.grammarmatrix.ios'
    t =    38.47s     Check for interrupting elements affecting "Polski Grammar Matrix" Application
    t =    38.56s         Wait for com.apple.springboard to idle
    t =    38.61s Ignoring failure to get hierarchy for remote element in process 75831 (Error getting main window kAXErrorServerNotFound)
    t =    38.61s Ignoring failure to get hierarchy for remote element in process 75831 (Error getting main window kAXErrorServerNotFound)
    t =    38.62s     Synthesize event
    t =    39.08s     Wait for dev.polski.grammarmatrix.ios to idle
    t =    41.19s Checking existence of `"вижу кого? что? → Widzę moją żonę. Окончания меняются во всей группе." StaticText`
    t =    41.32s Waiting 5.0s for "вижу кого? что? → Widzę moją żonę. Окончания меняются во всей группе." StaticText to exist
    t =    42.36s     Checking `Expect predicate `existsNoRetry == 1` for object "вижу кого? что? → Widzę moją żonę. Окончания меняются во всей группе." StaticText`
    t =    42.36s         Checking existence of `"вижу кого? что? → Widzę moją żonę. Окончания меняются во всей группе." StaticText`
    t =    42.48s Checking existence of `"с моей женой → z moją żoną. Женское -ą — творительный." StaticText`
    t =    42.59s Waiting 5.0s for "с моей женой → z moją żoną. Женское -ą — творительный." StaticText to exist
    t =    43.63s     Checking `Expect predicate `existsNoRetry == 1` for object "с моей женой → z moją żoną. Женское -ą — творительный." StaticText`
    t =    43.63s         Checking existence of `"с моей женой → z moją żoną. Женское -ą — творительный." StaticText`
    t =    43.77s Checking existence of `"говорю о жене → mówię o żonie. Местный требует предлога." StaticText`
    t =    43.90s Waiting 5.0s for "говорю о жене → mówię o żonie. Местный требует предлога." StaticText to exist
    t =    44.91s     Checking `Expect predicate `existsNoRetry == 1` for object "говорю о жене → mówię o żonie. Местный требует предлога." StaticText`
    t =    44.91s         Checking existence of `"говорю о жене → mówię o żonie. Местный требует предлога." StaticText`
    t =    45.03s Checking existence of `"мой / его / их → moją / jego / ich żonę. jego, jej, ich не склоняются." StaticText`
    t =    45.12s Waiting 5.0s for "мой / его / их → moją / jego / ich żonę. jego, jej, ich не склоняются." StaticText to exist
    t =    46.16s     Checking `Expect predicate `existsNoRetry == 1` for object "мой / его / их → moją / jego / ich żonę. jego, jej, ich не склоняются." StaticText`
    t =    46.16s         Checking existence of `"мой / его / их → moją / jego / ich żonę. jego, jej, ich не склоняются." StaticText`
    t =    46.26s Tap "Прогресс" Button
    t =    46.26s     Wait for dev.polski.grammarmatrix.ios to idle
    t =    46.26s     Find the "Прогресс" Button
    t =    46.35s     Check for interrupting elements affecting "chart.bar" Button
    t =    46.47s         Wait for com.apple.springboard to idle
    t =    46.55s Ignoring failure to get hierarchy for remote element in process 75831 (Error getting main window kAXErrorServerNotFound)
    t =    46.55s Ignoring failure to get hierarchy for remote element in process 75831 (Error getting main window kAXErrorServerNotFound)
    t =    46.56s     Synthesize event
    t =    46.92s     Wait for dev.polski.grammarmatrix.ios to idle
    t =    47.83s Checking existence of `"Экспортировать JSON" Button`
    t =    47.97s Swipe up Target Application 'dev.polski.grammarmatrix.ios'
    t =    47.97s     Wait for dev.polski.grammarmatrix.ios to idle
    t =    47.98s     Find the Target Application 'dev.polski.grammarmatrix.ios'
    t =    48.10s     Check for interrupting elements affecting "Polski Grammar Matrix" Application
    t =    48.20s         Wait for com.apple.springboard to idle
    t =    48.26s Ignoring failure to get hierarchy for remote element in process 75831 (Error getting main window kAXErrorServerNotFound)
    t =    48.26s Ignoring failure to get hierarchy for remote element in process 75831 (Error getting main window kAXErrorServerNotFound)
    t =    48.26s     Synthesize event
    t =    48.75s     Wait for dev.polski.grammarmatrix.ios to idle
    t =    50.86s Checking existence of `"Экспортировать JSON" Button`
    t =    50.99s Waiting 5.0s for "Экспортировать JSON" Button to exist
    t =    52.02s     Checking `Expect predicate `existsNoRetry == 1` for object "Экспортировать JSON" Button`
    t =    52.02s         Checking existence of `"Экспортировать JSON" Button`
    t =    52.15s Terminate dev.polski.grammarmatrix.ios:10732
    t =    53.24s Open dev.polski.grammarmatrix.ios
    t =    53.24s     Launch dev.polski.grammarmatrix.ios
2026-09-24 21:54:05.185 xcodebuild[72004:18841725] [MT] IDELaunchParametersSnapshot: debugger version lookup failed for path '<nil>': noURL
2026-09-24 21:54:05.185 xcodebuild[72004:18841725] [MT] IDELaunchParametersSnapshot: no debugger version
    t =    53.66s         Setting up automation session
    t =    54.65s         Wait for dev.polski.grammarmatrix.ios to idle
    t =    56.71s Tap "Прогресс" Button
    t =    56.71s     Wait for dev.polski.grammarmatrix.ios to idle
    t =    56.72s     Find the "Прогресс" Button
    t =    56.97s     Check for interrupting elements affecting "chart.bar" Button
    t =    57.15s         Wait for com.apple.springboard to idle
    t =    57.20s Ignoring failure to get hierarchy for remote element in process 75831 (Error getting main window kAXErrorServerNotFound)
    t =    57.20s Ignoring failure to get hierarchy for remote element in process 75831 (Error getting main window kAXErrorServerNotFound)
    t =    57.21s     Synthesize event
    t =    57.58s     Wait for dev.polski.grammarmatrix.ios to idle
    t =    59.18s Waiting 10.0s for "totalReviews" Any to exist
    t =    60.21s     Checking `Expect predicate `existsNoRetry == 1` for object "totalReviews" Any`
    t =    60.21s         Checking existence of `"totalReviews" Any`
    t =    62.47s Find the "totalReviews" Any
    t =    64.38s Tear Down
Test Case '-[PolskiGrammarUITests.PolskiGrammarUITests testNativeTrainingMatrixAndProgress]' passed (64.827 seconds).
Test Case '-[PolskiGrammarUITests.PolskiGrammarUITests testNativeVerbGenderControlChangesSelectedSubjectOnly]' started.
    t =     0.00s Start Test at 2026-09-24 21:54:16.770
    t =     0.06s Set Up
    t =     0.06s Open dev.polski.grammarmatrix.ios
    t =     0.06s     Launch dev.polski.grammarmatrix.ios
    t =     0.06s         Terminate dev.polski.grammarmatrix.ios:14220
2026-09-24 21:54:17.930 xcodebuild[72004:18841725] [MT] IDELaunchParametersSnapshot: debugger version lookup failed for path '<nil>': noURL
2026-09-24 21:54:17.930 xcodebuild[72004:18841725] [MT] IDELaunchParametersSnapshot: no debugger version
    t =     1.38s         Setting up automation session
    t =     2.53s         Wait for dev.polski.grammarmatrix.ios to idle
    t =     4.50s Tap "Матрица" Button
    t =     4.50s     Wait for dev.polski.grammarmatrix.ios to idle
    t =     4.51s     Find the "Матрица" Button
    t =     4.70s     Check for interrupting elements affecting "tablecells" Button
    t =     4.95s         Wait for com.apple.springboard to idle
    t =     5.02s Ignoring failure to get hierarchy for remote element in process 75831 (Error getting main window kAXErrorServerNotFound)
    t =     5.02s Ignoring failure to get hierarchy for remote element in process 75831 (Error getting main window kAXErrorServerNotFound)
    t =     5.03s     Synthesize event
    t =     5.37s     Wait for dev.polski.grammarmatrix.ios to idle
    t =     7.01s Waiting 10.0s for Button (First Match) to exist
    t =     8.04s     Checking `Expect predicate `existsNoRetry == 1` for object Button (First Match)`
    t =     8.04s         Checking existence of `Button (First Match)`
    t =     8.80s Tap Button (First Match)
    t =     8.80s     Wait for dev.polski.grammarmatrix.ios to idle
    t =     8.80s     Find the Button (First Match)
    t =     9.47s     Check for interrupting elements affecting "Раздел, Карта системы" Button
    t =     9.57s         Wait for com.apple.springboard to idle
    t =     9.62s Ignoring failure to get hierarchy for remote element in process 75831 (Error getting main window kAXErrorServerNotFound)
    t =     9.62s Ignoring failure to get hierarchy for remote element in process 75831 (Error getting main window kAXErrorServerNotFound)
    t =     9.64s     Synthesize event
    t =     9.98s     Wait for dev.polski.grammarmatrix.ios to idle
    t =    10.81s Tap "Времена и лица" Button
    t =    10.81s     Wait for dev.polski.grammarmatrix.ios to idle
    t =    10.82s     Find the "Времена и лица" Button
    t =    11.01s     Check for interrupting elements affecting "Времена и лица" Button
    t =    11.11s         Wait for com.apple.springboard to idle
    t =    11.19s Ignoring failure to get hierarchy for remote element in process 75831 (Error getting main window kAXErrorServerNotFound)
    t =    11.19s Ignoring failure to get hierarchy for remote element in process 75831 (Error getting main window kAXErrorServerNotFound)
    t =    11.20s     Synthesize event
    t =    11.57s     Wait for dev.polski.grammarmatrix.ios to idle
    t =    12.55s Waiting 5.0s for "Составное будущее: będę + инфинитив или форма на -ł. У być: będę, без второго глагола." StaticText to exist
    t =    13.58s     Checking `Expect predicate `existsNoRetry == 1` for object "Составное будущее: będę + инфинитив или форма на -ł. У być: będę, без второго глагола." StaticText`
    t =    13.59s         Checking existence of `"Составное будущее: będę + инфинитив или форма на -ł. У być: będę, без второго глагола." StaticText`
    t =    13.75s Waiting 5.0s for Button (First Match) to exist
    t =    14.78s     Checking `Expect predicate `existsNoRetry == 1` for object Button (First Match)`
    t =    14.78s         Checking existence of `Button (First Match)`
    t =    15.69s Tap Button (First Match)
    t =    15.69s     Wait for dev.polski.grammarmatrix.ios to idle
    t =    15.70s     Find the Button (First Match)
    t =    16.36s     Check for interrupting elements affecting "Род, Мужской" Button
    t =    16.49s         Wait for com.apple.springboard to idle
    t =    16.55s Ignoring failure to get hierarchy for remote element in process 75831 (Error getting main window kAXErrorServerNotFound)
    t =    16.55s Ignoring failure to get hierarchy for remote element in process 75831 (Error getting main window kAXErrorServerNotFound)
    t =    16.56s     Synthesize event
    t =    16.90s     Wait for dev.polski.grammarmatrix.ios to idle
    t =    17.70s Tap "Мужской" Button
    t =    17.70s     Wait for dev.polski.grammarmatrix.ios to idle
    t =    17.71s     Find the "Мужской" Button
    t =    17.91s     Check for interrupting elements affecting "Мужской" Button
    t =    18.01s         Wait for com.apple.springboard to idle
    t =    18.06s Ignoring failure to get hierarchy for remote element in process 75831 (Error getting main window kAXErrorServerNotFound)
    t =    18.06s Ignoring failure to get hierarchy for remote element in process 75831 (Error getting main window kAXErrorServerNotFound)
    t =    18.07s     Synthesize event
    t =    18.40s     Wait for dev.polski.grammarmatrix.ios to idle
    t =    19.21s Checking existence of `"Было: robić; Стало: robiłem" Any`
    t =    20.84s Checking existence of `"Было: robić; Стало: będę robić" Any`
    t =    22.51s Waiting 5.0s for "Было: robić; Стало: robiłem" Any to exist
    t =    23.54s     Checking `Expect predicate `existsNoRetry == 1` for object "Было: robić; Стало: robiłem" Any`
    t =    23.54s         Checking existence of `"Было: robić; Стало: robiłem" Any`
    t =    24.85s Waiting 5.0s for "Было: robić; Стало: będę robić" Any to exist
    t =    25.88s     Checking `Expect predicate `existsNoRetry == 1` for object "Было: robić; Стало: będę robić" Any`
    t =    25.88s         Checking existence of `"Было: robić; Стало: będę robić" Any`
    t =    27.31s Find the "Род, Мужской" Button
    t =    28.04s Find the "Род, Мужской" Button
    t =    28.73s Tap "Род, Мужской" Button
    t =    28.73s     Wait for dev.polski.grammarmatrix.ios to idle
    t =    28.74s     Find the "Род, Мужской" Button
    t =    29.38s     Check for interrupting elements affecting "Род, Мужской" Button
    t =    29.49s         Wait for com.apple.springboard to idle
    t =    29.55s Ignoring failure to get hierarchy for remote element in process 75831 (Error getting main window kAXErrorServerNotFound)
    t =    29.55s Ignoring failure to get hierarchy for remote element in process 75831 (Error getting main window kAXErrorServerNotFound)
    t =    29.56s     Synthesize event
    t =    29.90s     Wait for dev.polski.grammarmatrix.ios to idle
    t =    30.71s Tap "Женский" Button
    t =    30.72s     Wait for dev.polski.grammarmatrix.ios to idle
    t =    30.73s     Find the "Женский" Button
    t =    30.90s     Check for interrupting elements affecting "Женский" Button
    t =    31.02s         Wait for com.apple.springboard to idle
    t =    31.09s Ignoring failure to get hierarchy for remote element in process 75831 (Error getting main window kAXErrorServerNotFound)
    t =    31.10s Ignoring failure to get hierarchy for remote element in process 75831 (Error getting main window kAXErrorServerNotFound)
    t =    31.11s     Synthesize event
    t =    31.46s     Wait for dev.polski.grammarmatrix.ios to idle
    t =    32.26s Checking existence of `"Было: robić; Стало: robiłam" Any`
    t =    34.13s Waiting 5.0s for "Было: robić; Стало: robiłam" Any to exist
    t =    35.16s     Checking `Expect predicate `existsNoRetry == 1` for object "Было: robić; Стало: robiłam" Any`
    t =    35.16s         Checking existence of `"Было: robić; Стало: robiłam" Any`
    t =    36.64s Checking existence of `"Было: robić; Стало: robiłem" Any`
    t =    38.64s Checking existence of `"on — он" StaticText`
    t =    38.73s Swipe up Target Application 'dev.polski.grammarmatrix.ios'
    t =    38.73s     Wait for dev.polski.grammarmatrix.ios to idle
    t =    38.73s     Find the Target Application 'dev.polski.grammarmatrix.ios'
    t =    38.81s     Check for interrupting elements affecting "Polski Grammar Matrix" Application
    t =    38.91s         Wait for com.apple.springboard to idle
    t =    38.97s Ignoring failure to get hierarchy for remote element in process 75831 (Error getting main window kAXErrorServerNotFound)
    t =    38.97s Ignoring failure to get hierarchy for remote element in process 75831 (Error getting main window kAXErrorServerNotFound)
    t =    38.98s     Synthesize event
    t =    39.45s     Wait for dev.polski.grammarmatrix.ios to idle
    t =    41.64s Checking existence of `"on — он" StaticText`
    t =    41.75s Waiting 5.0s for "on — он" StaticText to exist
    t =    42.78s     Checking `Expect predicate `existsNoRetry == 1` for object "on — он" StaticText`
    t =    42.78s         Checking existence of `"on — он" StaticText`
    t =    42.90s Waiting 5.0s for "Было: robić; Стало: robił" Any to exist
    t =    43.93s     Checking `Expect predicate `existsNoRetry == 1` for object "Было: robić; Стало: robił" Any`
    t =    43.93s         Checking existence of `"Было: robić; Стало: robił" Any`
    t =    45.29s Tear Down
Test Case '-[PolskiGrammarUITests.PolskiGrammarUITests testNativeVerbGenderControlChangesSelectedSubjectOnly]' passed (45.589 seconds).
Test Case '-[PolskiGrammarUITests.PolskiGrammarUITests testNativeVocabularyRevealAndBinaryRating]' started.
    t =     0.00s Start Test at 2026-09-24 21:55:02.359
    t =     0.06s Set Up
    t =     0.06s Open dev.polski.grammarmatrix.ios
    t =     0.06s     Launch dev.polski.grammarmatrix.ios
    t =     0.06s         Terminate dev.polski.grammarmatrix.ios:14865
2026-09-24 21:55:03.435 xcodebuild[72004:18841725] [MT] IDELaunchParametersSnapshot: debugger version lookup failed for path '<nil>': noURL
2026-09-24 21:55:03.435 xcodebuild[72004:18841725] [MT] IDELaunchParametersSnapshot: no debugger version
    t =     1.49s         Setting up automation session
    t =     2.48s         Wait for dev.polski.grammarmatrix.ios to idle
    t =     4.48s Tap "Слова" Button
    t =     4.48s     Wait for dev.polski.grammarmatrix.ios to idle
    t =     4.48s     Find the "Слова" Button
    t =     4.68s     Check for interrupting elements affecting "character.book.closed" Button
    t =     4.88s         Wait for com.apple.springboard to idle
    t =     4.94s Ignoring failure to get hierarchy for remote element in process 75831 (Error getting main window kAXErrorServerNotFound)
    t =     4.94s Ignoring failure to get hierarchy for remote element in process 75831 (Error getting main window kAXErrorServerNotFound)
    t =     4.95s     Synthesize event
    t =     5.30s     Wait for dev.polski.grammarmatrix.ios to idle
    t =     7.01s Checking existence of `"vocabularySelect-noun.wife" Button`
    t =     7.16s Find the "vocabularySelect-noun.wife" Button
    t =     7.35s Waiting 5.0s for "vocabularySelect-noun.wife" Button to exist
    t =     8.38s     Checking `Expect predicate `existsNoRetry == 1` for object "vocabularySelect-noun.wife" Button`
    t =     8.38s         Checking existence of `"vocabularySelect-noun.wife" Button`
    t =     8.50s Find the "vocabularySelect-noun.wife" Button
    t =     8.60s Find the "vocabularyReveal" Button
    t =     8.73s Waiting 5.0s for "vocabularyReveal" Button to exist
    t =     9.77s     Checking `Expect predicate `existsNoRetry == 1` for object "vocabularyReveal" Button`
    t =     9.78s         Checking existence of `"vocabularyReveal" Button`
    t =     9.92s Checking existence of `"vocabularyAgain" Button`
    t =    10.03s Tap "vocabularyReveal" Button
    t =    10.03s     Wait for dev.polski.grammarmatrix.ios to idle
    t =    10.04s     Find the "vocabularyReveal" Button
    t =    10.18s     Check for interrupting elements affecting "vocabularyReveal" Button
    t =    10.28s         Wait for com.apple.springboard to idle
    t =    10.34s Ignoring failure to get hierarchy for remote element in process 75831 (Error getting main window kAXErrorServerNotFound)
    t =    10.34s Ignoring failure to get hierarchy for remote element in process 75831 (Error getting main window kAXErrorServerNotFound)
    t =    10.35s     Synthesize event
    t =    10.70s     Wait for dev.polski.grammarmatrix.ios to idle
    t =    10.95s Find the "vocabularyAgain" Button
    t =    11.13s Find the "vocabularyAgain" Button
    t =    11.29s Find the "vocabularyGood" Button
    t =    11.48s Find the Target Application 'dev.polski.grammarmatrix.ios'
    t =    11.76s Added attachment named 'native-vocabulary-iphone'
    t =    11.77s Tap "vocabularyAgain" Button
    t =    11.77s     Wait for dev.polski.grammarmatrix.ios to idle
    t =    11.77s     Find the "vocabularyAgain" Button
    t =    11.91s     Check for interrupting elements affecting "vocabularyAgain" Button
    t =    12.04s         Wait for com.apple.springboard to idle
    t =    12.10s Ignoring failure to get hierarchy for remote element in process 75831 (Error getting main window kAXErrorServerNotFound)
    t =    12.10s Ignoring failure to get hierarchy for remote element in process 75831 (Error getting main window kAXErrorServerNotFound)
    t =    12.11s     Synthesize event
    t =    12.45s     Wait for dev.polski.grammarmatrix.ios to idle
    t =    12.46s Waiting 5.0s for "Мой словарь · 1" StaticText to exist
    t =    13.49s     Checking `Expect predicate `existsNoRetry == 1` for object "Мой словарь · 1" StaticText`
    t =    13.49s         Checking existence of `"Мой словарь · 1" StaticText`
    t =    13.60s Terminate dev.polski.grammarmatrix.ios:17366
    t =    14.69s Open dev.polski.grammarmatrix.ios
    t =    14.70s     Launch dev.polski.grammarmatrix.ios
2026-09-24 21:55:17.057 xcodebuild[72004:18841725] [MT] IDELaunchParametersSnapshot: debugger version lookup failed for path '<nil>': noURL
2026-09-24 21:55:17.057 xcodebuild[72004:18841725] [MT] IDELaunchParametersSnapshot: no debugger version
    t =    14.93s         Setting up automation session
    t =    16.02s         Wait for dev.polski.grammarmatrix.ios to idle
    t =    18.09s Tap "Слова" Button
    t =    18.09s     Wait for dev.polski.grammarmatrix.ios to idle
    t =    18.10s     Find the "Слова" Button
    t =    18.31s     Check for interrupting elements affecting "character.book.closed" Button
    t =    18.49s         Wait for com.apple.springboard to idle
    t =    18.59s Ignoring failure to get hierarchy for remote element in process 75831 (Error getting main window kAXErrorServerNotFound)
    t =    18.59s Ignoring failure to get hierarchy for remote element in process 75831 (Error getting main window kAXErrorServerNotFound)
    t =    18.60s     Synthesize event
    t =    18.96s     Wait for dev.polski.grammarmatrix.ios to idle
    t =    20.63s Waiting 10.0s for "Мой словарь · 1" StaticText to exist
    t =    21.67s     Checking `Expect predicate `existsNoRetry == 1` for object "Мой словарь · 1" StaticText`
    t =    21.67s         Checking existence of `"Мой словарь · 1" StaticText`
    t =    21.82s Tear Down
Test Case '-[PolskiGrammarUITests.PolskiGrammarUITests testNativeVocabularyRevealAndBinaryRating]' passed (22.091 seconds).
Test Case '-[PolskiGrammarUITests.PolskiGrammarUITests testS6VocabularyFileImporterCancellationKeepsSelection]' started.
    t =     0.00s Start Test at 2026-09-24 21:55:24.452
    t =     0.08s Set Up
    t =     0.08s Open dev.polski.grammarmatrix.ios
    t =     0.08s     Launch dev.polski.grammarmatrix.ios
    t =     0.09s         Terminate dev.polski.grammarmatrix.ios:18022
2026-09-24 21:55:25.606 xcodebuild[72004:18841725] [MT] IDELaunchParametersSnapshot: debugger version lookup failed for path '<nil>': noURL
2026-09-24 21:55:25.606 xcodebuild[72004:18841725] [MT] IDELaunchParametersSnapshot: no debugger version
    t =     1.37s         Setting up automation session
    t =     2.46s         Wait for dev.polski.grammarmatrix.ios to idle
    t =     4.47s Tap "Слова" Button
    t =     4.47s     Wait for dev.polski.grammarmatrix.ios to idle
    t =     4.48s     Find the "Слова" Button
    t =     4.70s     Check for interrupting elements affecting "character.book.closed" Button
    t =     4.98s         Wait for com.apple.springboard to idle
    t =     5.08s Ignoring failure to get hierarchy for remote element in process 75831 (Error getting main window kAXErrorServerNotFound)
    t =     5.08s Ignoring failure to get hierarchy for remote element in process 75831 (Error getting main window kAXErrorServerNotFound)
    t =     5.09s     Synthesize event
    t =     5.48s     Wait for dev.polski.grammarmatrix.ios to idle
    t =     7.12s Waiting 10.0s for StaticText (First Match) to exist
    t =     8.14s     Checking `Expect predicate `existsNoRetry == 1` for object StaticText (First Match)`
    t =     8.15s         Checking existence of `StaticText (First Match)`
    t =     9.80s Find the StaticText (First Match)
    t =    12.52s Tap "Импортировать словарь JSON" Button
    t =    12.52s     Wait for dev.polski.grammarmatrix.ios to idle
    t =    12.57s     Find the "Импортировать словарь JSON" Button
    t =    12.93s     Check for interrupting elements affecting "Импортировать словарь JSON" Button
    t =    13.16s         Wait for com.apple.springboard to idle
    t =    13.32s Ignoring failure to get hierarchy for remote element in process 75831 (Error getting main window kAXErrorServerNotFound)
    t =    13.33s Ignoring failure to get hierarchy for remote element in process 75831 (Error getting main window kAXErrorServerNotFound)
    t =    13.34s     Synthesize event
    t =    13.75s     Wait for dev.polski.grammarmatrix.ios to idle
    t =    14.01s Waiting 10.0s for "Отменить" Button to exist
    t =    15.05s     Checking `Expect predicate `existsNoRetry == 1` for object "Отменить" Button`
    t =    15.06s         Checking existence of `"Отменить" Button`
    t =    18.60s         Capturing element debug description
    t =    19.06s     Checking `Expect predicate `existsNoRetry == 1` for object "Отменить" Button`
    t =    19.07s         Checking existence of `"Отменить" Button`
    t =    22.97s         Capturing element debug description
    t =    23.07s     Checking `Expect predicate `existsNoRetry == 1` for object "Отменить" Button`
    t =    23.08s         Checking existence of `"Отменить" Button`
    t =    24.35s         Capturing element debug description
    t =    24.36s     Checking existence of `"Отменить" Button`
    t =    30.19s Tap "Отменить" Button
    t =    30.19s     Wait for dev.polski.grammarmatrix.ios to idle
    t =    30.20s     Find the "Отменить" Button
    t =    32.63s     Check for interrupting elements affecting "Отменить" Button
    t =    32.95s         Wait for com.apple.springboard to idle
    t =    33.09s Ignoring failure to get hierarchy for remote element in process 75831 (Error getting main window kAXErrorServerNotFound)
    t =    33.09s Ignoring failure to get hierarchy for remote element in process 75831 (Error getting main window kAXErrorServerNotFound)
    t =    33.11s     Synthesize event
    t =    33.54s     Wait for dev.polski.grammarmatrix.ios to idle
    t =    33.71s Find the "Мой словарь · 1" StaticText
    t =    36.71s     Find the "Мой словарь · 1" StaticText (retry 1)
    t =    37.92s Tear Down
Test Case '-[PolskiGrammarUITests.PolskiGrammarUITests testS6VocabularyFileImporterCancellationKeepsSelection]' passed (40.533 seconds).
Test Case '-[PolskiGrammarUITests.PolskiGrammarUITests testTypedPolishAnswerUsesNativeInput]' started.
    t =     0.00s Start Test at 2026-09-24 21:56:04.984
    t =     0.08s Set Up
    t =     0.08s Open dev.polski.grammarmatrix.ios
    t =     0.08s     Launch dev.polski.grammarmatrix.ios
    t =     0.08s         Terminate dev.polski.grammarmatrix.ios:18713
2026-09-24 21:56:06.139 xcodebuild[72004:18841725] [MT] IDELaunchParametersSnapshot: debugger version lookup failed for path '<nil>': noURL
2026-09-24 21:56:06.139 xcodebuild[72004:18841725] [MT] IDELaunchParametersSnapshot: no debugger version
    t =     1.82s         Setting up automation session
    t =     2.78s         Wait for dev.polski.grammarmatrix.ios to idle
    t =     4.87s Tap "Прогресс" Button
    t =     4.87s     Wait for dev.polski.grammarmatrix.ios to idle
    t =     4.88s     Find the "Прогресс" Button
    t =     5.12s     Check for interrupting elements affecting "chart.bar" Button
    t =     5.33s         Wait for com.apple.springboard to idle
    t =     5.42s Ignoring failure to get hierarchy for remote element in process 75831 (Error getting main window kAXErrorServerNotFound)
    t =     5.42s Ignoring failure to get hierarchy for remote element in process 75831 (Error getting main window kAXErrorServerNotFound)
    t =     5.43s     Synthesize event
    t =     5.79s     Wait for dev.polski.grammarmatrix.ios to idle
    t =     7.40s Find the "Сбросить прогресс" Button
    t =     8.56s     Find the "Сбросить прогресс" Button (retry 1)
    t =     9.68s     Find the "Сбросить прогресс" Button (retry 2)
    t =     9.80s Swipe up Target Application 'dev.polski.grammarmatrix.ios'
    t =     9.80s     Wait for dev.polski.grammarmatrix.ios to idle
    t =     9.80s     Find the Target Application 'dev.polski.grammarmatrix.ios'
    t =     9.90s     Check for interrupting elements affecting "Polski Grammar Matrix" Application
    t =    10.01s         Wait for com.apple.springboard to idle
    t =    10.08s Ignoring failure to get hierarchy for remote element in process 75831 (Error getting main window kAXErrorServerNotFound)
    t =    10.09s Ignoring failure to get hierarchy for remote element in process 75831 (Error getting main window kAXErrorServerNotFound)
    t =    10.09s     Synthesize event
    t =    10.57s     Wait for dev.polski.grammarmatrix.ios to idle
    t =    12.67s Find the "Сбросить прогресс" Button
    t =    12.87s Waiting 5.0s for "Сбросить прогресс" Button to exist
    t =    13.90s     Checking `Expect predicate `existsNoRetry == 1` for object "Сбросить прогресс" Button`
    t =    13.90s         Checking existence of `"Сбросить прогресс" Button`
    t =    14.02s Tap "Сбросить прогресс" Button
    t =    14.02s     Wait for dev.polski.grammarmatrix.ios to idle
    t =    14.03s     Find the "Сбросить прогресс" Button
    t =    14.18s     Check for interrupting elements affecting "Сбросить прогресс" Button
    t =    14.33s         Wait for com.apple.springboard to idle
    t =    14.44s Ignoring failure to get hierarchy for remote element in process 75831 (Error getting main window kAXErrorServerNotFound)
    t =    14.44s Ignoring failure to get hierarchy for remote element in process 75831 (Error getting main window kAXErrorServerNotFound)
    t =    14.45s     Synthesize event
    t =    14.84s     Wait for dev.polski.grammarmatrix.ios to idle
    t =    14.85s Waiting 5.0s for "Сбросить весь прогресс?" Alert to exist
    t =    15.88s     Checking `Expect predicate `existsNoRetry == 1` for object "Сбросить весь прогресс?" Alert`
    t =    15.88s         Checking existence of `"Сбросить весь прогресс?" Alert`
    t =    16.09s Tap "Сбросить" Button
    t =    16.09s     Wait for dev.polski.grammarmatrix.ios to idle
    t =    16.10s     Find the "Сбросить" Button
    t =    16.36s     Check for interrupting elements affecting "Сбросить" Button
    t =    16.71s         Wait for com.apple.springboard to idle
    t =    18.20s Ignoring failure to get hierarchy for remote element in process 75831 (Error getting main window kAXErrorServerNotFound)
    t =    18.21s Ignoring failure to get hierarchy for remote element in process 75831 (Error getting main window kAXErrorServerNotFound)
    t =    18.22s     Synthesize event
    t =    18.63s     Wait for dev.polski.grammarmatrix.ios to idle
    t =    18.93s Waiting 2.0s for "Сообщение" Alert to exist
    t =    19.96s     Checking `Expect predicate `existsNoRetry == 1` for object "Сообщение" Alert`
    t =    19.96s         Checking existence of `"Сообщение" Alert`
    t =    20.25s         Capturing element debug description
    t =    20.93s     Checking `Expect predicate `existsNoRetry == 1` for object "Сообщение" Alert`
    t =    20.93s         Checking existence of `"Сообщение" Alert`
    t =    21.06s         Capturing element debug description
    t =    21.06s     Checking existence of `"Сообщение" Alert`
    t =    21.19s Collecting debug information to assist test failure triage
    t =    21.19s     Requesting snapshot of accessibility hierarchy for app with pid 22367
    t =    21.30s Tap "Тренировка" Button
    t =    21.30s     Wait for dev.polski.grammarmatrix.ios to idle
    t =    21.31s     Find the "Тренировка" Button
    t =    21.43s     Check for interrupting elements affecting "square.stack" Button
    t =    21.56s         Wait for com.apple.springboard to idle
    t =    21.64s Ignoring failure to get hierarchy for remote element in process 75831 (Error getting main window kAXErrorServerNotFound)
    t =    21.64s Ignoring failure to get hierarchy for remote element in process 75831 (Error getting main window kAXErrorServerNotFound)
    t =    21.65s     Synthesize event
    t =    22.02s     Wait for dev.polski.grammarmatrix.ios to idle
    t =    22.79s Waiting 20.0s for "To jest moja piękna żona." StaticText to exist
    t =    23.81s     Checking `Expect predicate `existsNoRetry == 1` for object "To jest moja piękna żona." StaticText`
    t =    23.81s         Checking existence of `"To jest moja piękna żona." StaticText`
    t =    23.95s Checking existence of `"Перейти к заданию" Button`
    t =    24.07s Find the "Перейти к заданию" Button
    t =    24.30s Checking existence of `"continueIntroduction" Button`
    t =    24.42s Tap "continueIntroduction" Button
    t =    24.42s     Wait for dev.polski.grammarmatrix.ios to idle
    t =    24.43s     Find the "continueIntroduction" Button
    t =    24.57s     Check for interrupting elements affecting "continueIntroduction" Button
    t =    24.70s         Wait for com.apple.springboard to idle
    t =    24.76s Ignoring failure to get hierarchy for remote element in process 75831 (Error getting main window kAXErrorServerNotFound)
    t =    24.76s Ignoring failure to get hierarchy for remote element in process 75831 (Error getting main window kAXErrorServerNotFound)
    t =    24.77s     Synthesize event
    t =    25.14s     Wait for dev.polski.grammarmatrix.ios to idle
    t =    25.18s Checking existence of `Button (First Match)`
    t =    26.49s Tap Button (First Match)
    t =    26.49s     Wait for dev.polski.grammarmatrix.ios to idle
    t =    26.50s     Find the Button (First Match)
    t =    27.44s     Check for interrupting elements affecting "Ответ, Вслух / про себя" Button
    t =    27.59s         Wait for com.apple.springboard to idle
    t =    27.68s Ignoring failure to get hierarchy for remote element in process 75831 (Error getting main window kAXErrorServerNotFound)
    t =    27.68s Ignoring failure to get hierarchy for remote element in process 75831 (Error getting main window kAXErrorServerNotFound)
    t =    27.69s     Synthesize event
    t =    28.09s     Wait for dev.polski.grammarmatrix.ios to idle
    t =    28.92s Tap "Напечатать" Button
    t =    28.92s     Wait for dev.polski.grammarmatrix.ios to idle
    t =    28.92s     Find the "Напечатать" Button
    t =    29.12s     Check for interrupting elements affecting "Напечатать" Button
    t =    29.24s         Wait for com.apple.springboard to idle
    t =    29.31s Ignoring failure to get hierarchy for remote element in process 75831 (Error getting main window kAXErrorServerNotFound)
    t =    29.31s Ignoring failure to get hierarchy for remote element in process 75831 (Error getting main window kAXErrorServerNotFound)
    t =    29.32s     Synthesize event
    t =    29.68s     Wait for dev.polski.grammarmatrix.ios to idle
    t =    30.50s Waiting 5.0s for "typedAnswer" Any to exist
    t =    31.55s     Checking `Expect predicate `existsNoRetry == 1` for object "typedAnswer" Any`
    t =    31.55s         Checking existence of `"typedAnswer" Any`
    t =    33.75s Tap "typedAnswer" Any
    t =    33.75s     Wait for dev.polski.grammarmatrix.ios to idle
    t =    33.76s     Find the "typedAnswer" Any
    t =    36.47s     Check for interrupting elements affecting "typedAnswer" TextField
    t =    36.58s         Wait for com.apple.springboard to idle
    t =    36.64s Ignoring failure to get hierarchy for remote element in process 75831 (Error getting main window kAXErrorServerNotFound)
    t =    36.65s Ignoring failure to get hierarchy for remote element in process 75831 (Error getting main window kAXErrorServerNotFound)
    t =    36.88s     Synthesize event
    t =    37.30s     Wait for dev.polski.grammarmatrix.ios to idle
<unknown>:0: warning: -[PolskiGrammarUITests.PolskiGrammarUITests testTypedPolishAnswerUsesNativeInput] : Invalid frame dimension (negative or non-finite).
    t =    37.90s Type 'Widzę moją piękną ...' into "typedAnswer" TextField
    t =    37.90s     Wait for dev.polski.grammarmatrix.ios to idle
    t =    38.21s     Find the "typedAnswer" TextField
    t =    42.78s     Check for interrupting elements affecting "typedAnswer" TextField
    t =    43.05s         Wait for com.apple.springboard to idle
    t =    43.15s Ignoring failure to get hierarchy for remote element in process 75831 (Error getting main window kAXErrorServerNotFound)
    t =    43.15s Ignoring failure to get hierarchy for remote element in process 75831 (Error getting main window kAXErrorServerNotFound)
    t =    43.38s     Synthesize event
    t =    44.09s     Wait for dev.polski.grammarmatrix.ios to idle
    t =    45.02s Find the "typedAnswer" TextField
    t =    52.50s Find the "revealAnswer" Button
    t =    53.02s Find the Keyboard (First Match)
TYPED_REVEAL_FRAME: (849.5, 933.0, 158.5, 36.0), KEYBOARD: (0.0, 1028.0, 1032.0, 345.0)
    t =    53.29s Find the "revealAnswer" Button
    t =    53.75s Find the Target Application 'dev.polski.grammarmatrix.ios'
    t =    53.96s Checking existence of `Keyboard (First Match)`
    t =    54.22s Find the "revealAnswer" Button
    t =    54.64s Find the Keyboard (First Match)
    t =    54.91s Tap "revealAnswer" Button
    t =    54.91s     Wait for dev.polski.grammarmatrix.ios to idle
    t =    54.94s     Find the "revealAnswer" Button
    t =    55.32s     Check for interrupting elements affecting "revealAnswer" Button
    t =    55.55s         Wait for com.apple.springboard to idle
    t =    55.77s Ignoring failure to get hierarchy for remote element in process 75831 (Error getting main window kAXErrorServerNotFound)
    t =    55.79s Ignoring failure to get hierarchy for remote element in process 75831 (Error getting main window kAXErrorServerNotFound)
    t =    55.81s     Synthesize event
    t =    56.31s     Wait for dev.polski.grammarmatrix.ios to idle
    t =    56.95s Checking existence of `"Совпадает с правильным вариантом" StaticText`
    t =    57.23s Waiting 5.0s for "Совпадает с правильным вариантом" StaticText to exist
    t =    58.30s     Checking `Expect predicate `existsNoRetry == 1` for object "Совпадает с правильным вариантом" StaticText`
    t =    58.30s         Checking existence of `"Совпадает с правильным вариантом" StaticText`
    t =    58.58s Tear Down
Test Case '-[PolskiGrammarUITests.PolskiGrammarUITests testTypedPolishAnswerUsesNativeInput]' passed (60.011 seconds).
Test Suite 'PolskiGrammarUITests' passed at 2026-09-24 21:57:04.996.
	 Executed 14 tests, with 0 failures (0 unexpected) in 883.411 (883.421) seconds
Test Suite 'PolskiGrammarUITests.xctest' passed at 2026-09-24 21:57:04.996.
	 Executed 14 tests, with 0 failures (0 unexpected) in 883.411 (883.422) seconds
Test Suite 'All tests' passed at 2026-09-24 21:57:04.997.
	 Executed 14 tests, with 0 failures (0 unexpected) in 883.411 (883.422) seconds
2026-09-24 21:59:17.371 xcodebuild[72004:18841725] [MT] IDETestOperationsObserverDebug: 1030.558 elapsed -- Testing started completed.
2026-09-24 21:59:17.371 xcodebuild[72004:18841725] [MT] IDETestOperationsObserverDebug: 0.000 sec, +0.000 sec -- start
2026-09-24 21:59:17.372 xcodebuild[72004:18841725] [MT] IDETestOperationsObserverDebug: 1030.558 sec, +1030.558 sec -- end
Testing started
In flight operation:   <DVTOperationGroup: 0x81695b300; state = AREfc>
     <IDEBuildOperationGroup: 0x81693ae80; state = AReFc>
         <DVTOperationGroup: 0x81693bd80; state = AReFc>
             <IDEXCBuildSupportCore.IDEXCBuildServiceBuildOperation:0x814be3c00:AReFc>
         <__DVTSwiftAsyncOperation: 0x816958780; state = AReFc>
         <DVTOperation: 0x813b303c0; state = aReFc>
         <__DVTSwiftAsyncOperation: 0x81693bc00; state = AReFc>
         <DVTOperation: 0x813b30000; state = aReFc>
         <__DVTSwiftAsyncOperation: 0x816958600; state = AReFc>
         <DVTOperation: 0x813b30280; state = aReFc>
         <__DVTSwiftAsyncOperation: 0x816959200; state = AReFc>
         <DVTOperation: 0x813b30140; state = aReFc>
     <DVTOperationGroup: 0x81695b480; state = AREf!c, blocking { waiting for record to finish saving }>
         <DVTOperation: 0x813b32080; name = 'Remove Log If Needed', state = aReFc>
         <DVTOperationGroup: 0x81695b600; state = AREfc>
             <DVTOperationGroup: 0x81695b780; state = AREfc>
                 <DVTOperationGroup: 0x81695ae80; state = AREfc>
                     <DVTOperationGroup: 0x81695a100; state = AReF!c, blocking { Blocking finish to clean up test session. }>
                         <DVTOperation: 0x813b31540; state = aReFc>
                         <XCTHOperationGroup: 0x81695a400>
                     <DVTOperation: 0x813b31e00; state = arefc>
                     <DVTOperation: 0x813b31a40; state = aReFc>
                     <IDESchemeActionResultOperation: 0x81695a700; state = Arefc>
                     <__DVTSwiftAsyncOperation: 0x81695ad00; state = AReFc>
                     <__DVTSwiftAsyncOperation: 0x81695b000; state = AReFc>
                     <DVTOperation: 0x813b31cc0; state = arefc>
                     <__DVTSwiftAsyncOperation: 0x81695a880; state = AReFc>
                     <__DVTSwiftAsyncOperation: 0x81695ab80; state = AReFc>
                     <DVTOperation: 0x813b31b80; state = aReFc>
             <DVTOperation: 0x813b31f40; state = aReFc>
         <_IDETestingFinalizeLogsOperation: 0x813b321c0; name = 'Finalize test log', state = aref!c, blocking { waiting for test log to finish recording }>
<DVTOperationGroup: 0x81695b300; state = AREfc> created at:
  0   -[DVTOperation init] (in DVTFoundation)
  1   -[DVTOperationGroup init] (in DVTFoundation)
  2   +[DVTOperationGroup operationGroupWithSuboperations:] (in DVTFoundation)
  3   -[IDEScheme _groupAndImposeDependenciesForOrderedOperations:] (in IDEFoundation)
  4   -[IDEScheme _executionOperationForSchemeOperationParameters:build:onlyBuild:buildParameters:title:buildLog:dontActuallyRunCommands:restorePersistedBuildResults:deviceAvailableChecker:error:actionCallbackBlock:] (in IDEFoundation)
  5   -[IDEScheme(TestSchemeAction) schemeTestActionOperationForSchemeOperationParameters:onlyBuild:buildLog:deviceAvailableChecker:buildParameters:shouldBuild:restorePersistedBuildResults:error:completionBlock:] (in IDEFoundation)
  6   -[IDEScheme buildAndActionTaskForSchemeOperationParameters:shouldBuild:onlyBuild:buildParameters:buildLog:deviceAvailableChecker:restorePersistedBuildResults:dontActuallyRunCommands:error:completionBlock:] (in IDEFoundation)
  7   -[IDEScheme schemeOperationForSchemeOperationParameters:buildLog:overridingProperties:overridingBuildConfiguration:dontActuallyRunCommands:restorePersistedBuildResults:deviceAvailableChecker:error:completionBlock:] (in IDEFoundation)
  8   -[IDEScheme schemeOperationForSchemeOperationParameters:buildLog:overridingProperties:overridingBuildConfiguration:dontActuallyRunCommands:restorePersistedBuildResults:error:completionBlock:] (in IDEFoundation)
  9   -[Xcode3CommandLineBuildTool(TestSchemeAction) buildForTestSchemeCommandWantsSkip:buildAction:isProjectBuild:title:buildLog:isMoreDestinationsPending:runDestinations:runDestination:schemeCommand:executionEnvironment:restorePersistedBuildResults:operationToEnqueue:error:] (in Xcode3Core)
 10   -[Xcode3CommandLineBuildTool doSchemeBuildWithRunDestinations:runDestinationIdx:wantsSkip:buildActionTimingSection:timingSection:buildAction:isMoreDesinationsPending:actionResultBlock:title:buildLog:executionEnvironment:restorePersistedBuildResults:operationToEnqueue:error:] (in Xcode3Core)
 11   -[Xcode3CommandLineBuildTool doBuildForBuildAction:timingSection:colorize:colorizeFailure:error:] (in Xcode3Core)
 12   -[Xcode3CommandLineBuildTool _buildWithTimingSection:] (in Xcode3Core)
 13   -[Xcode3CommandLineBuildTool run] (in Xcode3Core)
 14   XcodeBuildMain (in libxcodebuildLoader.dylib)
 15   -[XcodebuildPreIDEHandler loadXcode3ProjectSupportAndRunXcode3CommandLineBuildToolWithArguments:] (in xcodebuild)
 16   -[XcodebuildPreIDEHandler runWithArguments:] (in xcodebuild)
 17   main (in xcodebuild)
 18   start (in dyld)

<IDEBuildOperationGroup: 0x81693ae80; state = AReFc> created at:
  0   -[DVTOperation init] (in DVTFoundation)
  1   -[DVTOperationGroup init] (in DVTFoundation)
  2   -[IDEBuildOperationGroup initWithBuildOperations:otherOperations:buildLog:] (in IDEFoundation)
  3   -[IDEBuildOperationGroup initWithBuildOperations:buildLog:] (in IDEFoundation)
  4   -[IDEScheme _buildOperationGroupForSchemeOperationParameters:primaryBuildParameters:variantSpecifiers:buildLog:dontActuallyRunCommands:restorePersistedBuildResults:schemeActionRecord:error:] (in IDEFoundation)
  5   -[IDEScheme _executionOperationForSchemeOperationParameters:build:onlyBuild:buildParameters:title:buildLog:dontActuallyRunCommands:restorePersistedBuildResults:deviceAvailableChecker:error:actionCallbackBlock:] (in IDEFoundation)
  6   -[IDEScheme(TestSchemeAction) schemeTestActionOperationForSchemeOperationParameters:onlyBuild:buildLog:deviceAvailableChecker:buildParameters:shouldBuild:restorePersistedBuildResults:error:completionBlock:] (in IDEFoundation)
  7   -[IDEScheme buildAndActionTaskForSchemeOperationParameters:shouldBuild:onlyBuild:buildParameters:buildLog:deviceAvailableChecker:restorePersistedBuildResults:dontActuallyRunCommands:error:completionBlock:] (in IDEFoundation)
  8   -[IDEScheme schemeOperationForSchemeOperationParameters:buildLog:overridingProperties:overridingBuildConfiguration:dontActuallyRunCommands:restorePersistedBuildResults:deviceAvailableChecker:error:completionBlock:] (in IDEFoundation)
  9   -[IDEScheme schemeOperationForSchemeOperationParameters:buildLog:overridingProperties:overridingBuildConfiguration:dontActuallyRunCommands:restorePersistedBuildResults:error:completionBlock:] (in IDEFoundation)
 10   -[Xcode3CommandLineBuildTool(TestSchemeAction) buildForTestSchemeCommandWantsSkip:buildAction:isProjectBuild:title:buildLog:isMoreDestinationsPending:runDestinations:runDestination:schemeCommand:executionEnvironment:restorePersistedBuildResults:operationToEnqueue:error:] (in Xcode3Core)
 11   -[Xcode3CommandLineBuildTool doSchemeBuildWithRunDestinations:runDestinationIdx:wantsSkip:buildActionTimingSection:timingSection:buildAction:isMoreDesinationsPending:actionResultBlock:title:buildLog:executionEnvironment:restorePersistedBuildResults:operationToEnqueue:error:] (in Xcode3Core)
 12   -[Xcode3CommandLineBuildTool doBuildForBuildAction:timingSection:colorize:colorizeFailure:error:] (in Xcode3Core)
 13   -[Xcode3CommandLineBuildTool _buildWithTimingSection:] (in Xcode3Core)
 14   -[Xcode3CommandLineBuildTool run] (in Xcode3Core)
 15   XcodeBuildMain (in libxcodebuildLoader.dylib)
 16   -[XcodebuildPreIDEHandler loadXcode3ProjectSupportAndRunXcode3CommandLineBuildToolWithArguments:] (in xcodebuild)
 17   -[XcodebuildPreIDEHandler runWithArguments:] (in xcodebuild)
 18   main (in xcodebuild)
 19   start (in dyld)

<DVTOperationGroup: 0x81693bd80; state = AReFc> created at:
  0   -[DVTOperation init] (in DVTFoundation)
  1   -[DVTOperationGroup init] (in DVTFoundation)
  2   +[DVTOperationGroup operationGroupWithSuboperations:] (in DVTFoundation)
  3   -[IDEBuildOperationGroup initWithBuildOperations:otherOperations:buildLog:] (in IDEFoundation)
  4   -[IDEBuildOperationGroup initWithBuildOperations:buildLog:] (in IDEFoundation)
  5   -[IDEScheme _buildOperationGroupForSchemeOperationParameters:primaryBuildParameters:variantSpecifiers:buildLog:dontActuallyRunCommands:restorePersistedBuildResults:schemeActionRecord:error:] (in IDEFoundation)
  6   -[IDEScheme _executionOperationForSchemeOperationParameters:build:onlyBuild:buildParameters:title:buildLog:dontActuallyRunCommands:restorePersistedBuildResults:deviceAvailableChecker:error:actionCallbackBlock:] (in IDEFoundation)
  7   -[IDEScheme(TestSchemeAction) schemeTestActionOperationForSchemeOperationParameters:onlyBuild:buildLog:deviceAvailableChecker:buildParameters:shouldBuild:restorePersistedBuildResults:error:completionBlock:] (in IDEFoundation)
  8   -[IDEScheme buildAndActionTaskForSchemeOperationParameters:shouldBuild:onlyBuild:buildParameters:buildLog:deviceAvailableChecker:restorePersistedBuildResults:dontActuallyRunCommands:error:completionBlock:] (in IDEFoundation)
  9   -[IDEScheme schemeOperationForSchemeOperationParameters:buildLog:overridingProperties:overridingBuildConfiguration:dontActuallyRunCommands:restorePersistedBuildResults:deviceAvailableChecker:error:completionBlock:] (in IDEFoundation)
 10   -[IDEScheme schemeOperationForSchemeOperationParameters:buildLog:overridingProperties:overridingBuildConfiguration:dontActuallyRunCommands:restorePersistedBuildResults:error:completionBlock:] (in IDEFoundation)
 11   -[Xcode3CommandLineBuildTool(TestSchemeAction) buildForTestSchemeCommandWantsSkip:buildAction:isProjectBuild:title:buildLog:isMoreDestinationsPending:runDestinations:runDestination:schemeCommand:executionEnvironment:restorePersistedBuildResults:operationToEnqueue:error:] (in Xcode3Core)
 12   -[Xcode3CommandLineBuildTool doSchemeBuildWithRunDestinations:runDestinationIdx:wantsSkip:buildActionTimingSection:timingSection:buildAction:isMoreDesinationsPending:actionResultBlock:title:buildLog:executionEnvironment:restorePersistedBuildResults:operationToEnqueue:error:] (in Xcode3Core)
 13   -[Xcode3CommandLineBuildTool doBuildForBuildAction:timingSection:colorize:colorizeFailure:error:] (in Xcode3Core)
 14   -[Xcode3CommandLineBuildTool _buildWithTimingSection:] (in Xcode3Core)
 15   -[Xcode3CommandLineBuildTool run] (in Xcode3Core)
 16   XcodeBuildMain (in libxcodebuildLoader.dylib)
 17   -[XcodebuildPreIDEHandler loadXcode3ProjectSupportAndRunXcode3CommandLineBuildToolWithArguments:] (in xcodebuild)
 18   -[XcodebuildPreIDEHandler runWithArguments:] (in xcodebuild)
 19   main (in xcodebuild)
 20   start (in dyld)

<IDEXCBuildSupportCore.IDEXCBuildServiceBuildOperation:0x814be3c00:AReFc> created at:
  0   -[DVTOperation init] (in DVTFoundation)
  1   -[IDEBuildOperation initWithConfiguration:] (in IDEFoundation)
  2   IDEXCBuildServiceBuildOperation.init(configuration:) (in IDEXCBuildSupportCore)
  3   @objc IDEXCBuildServiceBuildOperation.init(configuration:) (in IDEXCBuildSupportCore)
  4   -[IDEScheme _buildOperationGroupForSchemeOperationParameters:primaryBuildParameters:variantSpecifiers:buildLog:dontActuallyRunCommands:restorePersistedBuildResults:schemeActionRecord:error:] (in IDEFoundation)
  5   -[IDEScheme _executionOperationForSchemeOperationParameters:build:onlyBuild:buildParameters:title:buildLog:dontActuallyRunCommands:restorePersistedBuildResults:deviceAvailableChecker:error:actionCallbackBlock:] (in IDEFoundation)
  6   -[IDEScheme(TestSchemeAction) schemeTestActionOperationForSchemeOperationParameters:onlyBuild:buildLog:deviceAvailableChecker:buildParameters:shouldBuild:restorePersistedBuildResults:error:completionBlock:] (in IDEFoundation)
  7   -[IDEScheme buildAndActionTaskForSchemeOperationParameters:shouldBuild:onlyBuild:buildParameters:buildLog:deviceAvailableChecker:restorePersistedBuildResults:dontActuallyRunCommands:error:completionBlock:] (in IDEFoundation)
  8   -[IDEScheme schemeOperationForSchemeOperationParameters:buildLog:overridingProperties:overridingBuildConfiguration:dontActuallyRunCommands:restorePersistedBuildResults:deviceAvailableChecker:error:completionBlock:] (in IDEFoundation)
  9   -[IDEScheme schemeOperationForSchemeOperationParameters:buildLog:overridingProperties:overridingBuildConfiguration:dontActuallyRunCommands:restorePersistedBuildResults:error:completionBlock:] (in IDEFoundation)
 10   -[Xcode3CommandLineBuildTool(TestSchemeAction) buildForTestSchemeCommandWantsSkip:buildAction:isProjectBuild:title:buildLog:isMoreDestinationsPending:runDestinations:runDestination:schemeCommand:executionEnvironment:restorePersistedBuildResults:operationToEnqueue:error:] (in Xcode3Core)
 11   -[Xcode3CommandLineBuildTool doSchemeBuildWithRunDestinations:runDestinationIdx:wantsSkip:buildActionTimingSection:timingSection:buildAction:isMoreDesinationsPending:actionResultBlock:title:buildLog:executionEnvironment:restorePersistedBuildResults:operationToEnqueue:error:] (in Xcode3Core)
 12   -[Xcode3CommandLineBuildTool doBuildForBuildAction:timingSection:colorize:colorizeFailure:error:] (in Xcode3Core)
 13   -[Xcode3CommandLineBuildTool _buildWithTimingSection:] (in Xcode3Core)
 14   -[Xcode3CommandLineBuildTool run] (in Xcode3Core)
 15   XcodeBuildMain (in libxcodebuildLoader.dylib)
 16   -[XcodebuildPreIDEHandler loadXcode3ProjectSupportAndRunXcode3CommandLineBuildToolWithArguments:] (in xcodebuild)
 17   -[XcodebuildPreIDEHandler runWithArguments:] (in xcodebuild)
 18   main (in xcodebuild)
 19   start (in dyld)

<__DVTSwiftAsyncOperation: 0x816958780; state = AReFc> created at:
  0   -[DVTOperation init] (in DVTFoundation)
  1   @objc DVTAsyncOperation.init() (in DVTFoundation)
  2   @objc static DVTOperation.operationWithMainThreadBlock(_:) (in DVTFoundation)
  3   -[IDESchemeAction _setUpOperationsForPackageLoadingInWorkspace:handlePreActionsActivityLogSection:isCleanOperation:] (in IDEFoundation)
  4   -[IDESchemeAction setUpActionDependenciesForCorePhaseOperation:shouldRunPostActionsBlock:prePhaseEnvironmentPopulationBlock:postPhaseEnvironmentPopulationBlock:handlePreActionsActivityLogSection:handlePostActionsActivityLogSection:buildParameters:schemeActionResultOperation:error:] (in IDEFoundation)
  5   -[IDEScheme _buildOperationGroupForSchemeOperationParameters:primaryBuildParameters:variantSpecifiers:buildLog:dontActuallyRunCommands:restorePersistedBuildResults:schemeActionRecord:error:] (in IDEFoundation)
  6   -[IDEScheme _executionOperationForSchemeOperationParameters:build:onlyBuild:buildParameters:title:buildLog:dontActuallyRunCommands:restorePersistedBuildResults:deviceAvailableChecker:error:actionCallbackBlock:] (in IDEFoundation)
  7   -[IDEScheme(TestSchemeAction) schemeTestActionOperationForSchemeOperationParameters:onlyBuild:buildLog:deviceAvailableChecker:buildParameters:shouldBuild:restorePersistedBuildResults:error:completionBlock:] (in IDEFoundation)
  8   -[IDEScheme buildAndActionTaskForSchemeOperationParameters:shouldBuild:onlyBuild:buildParameters:buildLog:deviceAvailableChecker:restorePersistedBuildResults:dontActuallyRunCommands:error:completionBlock:] (in IDEFoundation)
  9   -[IDEScheme schemeOperationForSchemeOperationParameters:buildLog:overridingProperties:overridingBuildConfiguration:dontActuallyRunCommands:restorePersistedBuildResults:deviceAvailableChecker:error:completionBlock:] (in IDEFoundation)
 10   -[IDEScheme schemeOperationForSchemeOperationParameters:buildLog:overridingProperties:overridingBuildConfiguration:dontActuallyRunCommands:restorePersistedBuildResults:error:completionBlock:] (in IDEFoundation)
 11   -[Xcode3CommandLineBuildTool(TestSchemeAction) buildForTestSchemeCommandWantsSkip:buildAction:isProjectBuild:title:buildLog:isMoreDestinationsPending:runDestinations:runDestination:schemeCommand:executionEnvironment:restorePersistedBuildResults:operationToEnqueue:error:] (in Xcode3Core)
 12   -[Xcode3CommandLineBuildTool doSchemeBuildWithRunDestinations:runDestinationIdx:wantsSkip:buildActionTimingSection:timingSection:buildAction:isMoreDesinationsPending:actionResultBlock:title:buildLog:executionEnvironment:restorePersistedBuildResults:operationToEnqueue:error:] (in Xcode3Core)
 13   -[Xcode3CommandLineBuildTool doBuildForBuildAction:timingSection:colorize:colorizeFailure:error:] (in Xcode3Core)
 14   -[Xcode3CommandLineBuildTool _buildWithTimingSection:] (in Xcode3Core)
 15   -[Xcode3CommandLineBuildTool run] (in Xcode3Core)
 16   XcodeBuildMain (in libxcodebuildLoader.dylib)
 17   -[XcodebuildPreIDEHandler loadXcode3ProjectSupportAndRunXcode3CommandLineBuildToolWithArguments:] (in xcodebuild)
 18   -[XcodebuildPreIDEHandler runWithArguments:] (in xcodebuild)
 19   main (in xcodebuild)
 20   start (in dyld)

<DVTOperation: 0x813b303c0; state = aReFc> created at:
  0   -[DVTOperation init] (in DVTFoundation)
  1   +[DVTOperation(DVTConveniences) operationWithBlock:] (in DVTFoundation)
  2   -[IDESchemeAction setUpActionDependenciesForCorePhaseOperation:shouldRunPostActionsBlock:prePhaseEnvironmentPopulationBlock:postPhaseEnvironmentPopulationBlock:handlePreActionsActivityLogSection:handlePostActionsActivityLogSection:buildParameters:schemeActionResultOperation:error:] (in IDEFoundation)
  3   -[IDEScheme _buildOperationGroupForSchemeOperationParameters:primaryBuildParameters:variantSpecifiers:buildLog:dontActuallyRunCommands:restorePersistedBuildResults:schemeActionRecord:error:] (in IDEFoundation)
  4   -[IDEScheme _executionOperationForSchemeOperationParameters:build:onlyBuild:buildParameters:title:buildLog:dontActuallyRunCommands:restorePersistedBuildResults:deviceAvailableChecker:error:actionCallbackBlock:] (in IDEFoundation)
  5   -[IDEScheme(TestSchemeAction) schemeTestActionOperationForSchemeOperationParameters:onlyBuild:buildLog:deviceAvailableChecker:buildParameters:shouldBuild:restorePersistedBuildResults:error:completionBlock:] (in IDEFoundation)
  6   -[IDEScheme buildAndActionTaskForSchemeOperationParameters:shouldBuild:onlyBuild:buildParameters:buildLog:deviceAvailableChecker:restorePersistedBuildResults:dontActuallyRunCommands:error:completionBlock:] (in IDEFoundation)
  7   -[IDEScheme schemeOperationForSchemeOperationParameters:buildLog:overridingProperties:overridingBuildConfiguration:dontActuallyRunCommands:restorePersistedBuildResults:deviceAvailableChecker:error:completionBlock:] (in IDEFoundation)
  8   -[IDEScheme schemeOperationForSchemeOperationParameters:buildLog:overridingProperties:overridingBuildConfiguration:dontActuallyRunCommands:restorePersistedBuildResults:error:completionBlock:] (in IDEFoundation)
  9   -[Xcode3CommandLineBuildTool(TestSchemeAction) buildForTestSchemeCommandWantsSkip:buildAction:isProjectBuild:title:buildLog:isMoreDestinationsPending:runDestinations:runDestination:schemeCommand:executionEnvironment:restorePersistedBuildResults:operationToEnqueue:error:] (in Xcode3Core)
 10   -[Xcode3CommandLineBuildTool doSchemeBuildWithRunDestinations:runDestinationIdx:wantsSkip:buildActionTimingSection:timingSection:buildAction:isMoreDesinationsPending:actionResultBlock:title:buildLog:executionEnvironment:restorePersistedBuildResults:operationToEnqueue:error:] (in Xcode3Core)
 11   -[Xcode3CommandLineBuildTool doBuildForBuildAction:timingSection:colorize:colorizeFailure:error:] (in Xcode3Core)
 12   -[Xcode3CommandLineBuildTool _buildWithTimingSection:] (in Xcode3Core)
 13   -[Xcode3CommandLineBuildTool run] (in Xcode3Core)
 14   XcodeBuildMain (in libxcodebuildLoader.dylib)
 15   -[XcodebuildPreIDEHandler loadXcode3ProjectSupportAndRunXcode3CommandLineBuildToolWithArguments:] (in xcodebuild)
 16   -[XcodebuildPreIDEHandler runWithArguments:] (in xcodebuild)
 17   main (in xcodebuild)
 18   start (in dyld)

<__DVTSwiftAsyncOperation: 0x81693bc00; state = AReFc> created at:
  0   -[DVTOperation init] (in DVTFoundation)
  1   @objc DVTAsyncOperation.init() (in DVTFoundation)
  2   static DVTOperation.awaiting(_:) (in DVTFoundation)
  3   @objc static IDESchemeAction.operationToWaitForFinishedLoadingOperation(of:) (in IDEFoundation)
  4   -[IDESchemeAction setUpActionDependenciesForCorePhaseOperation:shouldRunPostActionsBlock:prePhaseEnvironmentPopulationBlock:postPhaseEnvironmentPopulationBlock:handlePreActionsActivityLogSection:handlePostActionsActivityLogSection:buildParameters:schemeActionResultOperation:error:] (in IDEFoundation)
  5   -[IDEScheme _buildOperationGroupForSchemeOperationParameters:primaryBuildParameters:variantSpecifiers:buildLog:dontActuallyRunCommands:restorePersistedBuildResults:schemeActionRecord:error:] (in IDEFoundation)
  6   -[IDEScheme _executionOperationForSchemeOperationParameters:build:onlyBuild:buildParameters:title:buildLog:dontActuallyRunCommands:restorePersistedBuildResults:deviceAvailableChecker:error:actionCallbackBlock:] (in IDEFoundation)
  7   -[IDEScheme(TestSchemeAction) schemeTestActionOperationForSchemeOperationParameters:onlyBuild:buildLog:deviceAvailableChecker:buildParameters:shouldBuild:restorePersistedBuildResults:error:completionBlock:] (in IDEFoundation)
  8   -[IDEScheme buildAndActionTaskForSchemeOperationParameters:shouldBuild:onlyBuild:buildParameters:buildLog:deviceAvailableChecker:restorePersistedBuildResults:dontActuallyRunCommands:error:completionBlock:] (in IDEFoundation)
  9   -[IDEScheme schemeOperationForSchemeOperationParameters:buildLog:overridingProperties:overridingBuildConfiguration:dontActuallyRunCommands:restorePersistedBuildResults:deviceAvailableChecker:error:completionBlock:] (in IDEFoundation)
 10   -[IDEScheme schemeOperationForSchemeOperationParameters:buildLog:overridingProperties:overridingBuildConfiguration:dontActuallyRunCommands:restorePersistedBuildResults:error:completionBlock:] (in IDEFoundation)
 11   -[Xcode3CommandLineBuildTool(TestSchemeAction) buildForTestSchemeCommandWantsSkip:buildAction:isProjectBuild:title:buildLog:isMoreDestinationsPending:runDestinations:runDestination:schemeCommand:executionEnvironment:restorePersistedBuildResults:operationToEnqueue:error:] (in Xcode3Core)
 12   -[Xcode3CommandLineBuildTool doSchemeBuildWithRunDestinations:runDestinationIdx:wantsSkip:buildActionTimingSection:timingSection:buildAction:isMoreDesinationsPending:actionResultBlock:title:buildLog:executionEnvironment:restorePersistedBuildResults:operationToEnqueue:error:] (in Xcode3Core)
 13   -[Xcode3CommandLineBuildTool doBuildForBuildAction:timingSection:colorize:colorizeFailure:error:] (in Xcode3Core)
 14   -[Xcode3CommandLineBuildTool _buildWithTimingSection:] (in Xcode3Core)
 15   -[Xcode3CommandLineBuildTool run] (in Xcode3Core)
 16   XcodeBuildMain (in libxcodebuildLoader.dylib)
 17   -[XcodebuildPreIDEHandler loadXcode3ProjectSupportAndRunXcode3CommandLineBuildToolWithArguments:] (in xcodebuild)
 18   -[XcodebuildPreIDEHandler runWithArguments:] (in xcodebuild)
 19   main (in xcodebuild)
 20   start (in dyld)

<DVTOperation: 0x813b30000; state = aReFc> created at:
  0   -[DVTOperation init] (in DVTFoundation)
  1   +[DVTOperation(DVTConveniences) operationWithBlock:] (in DVTFoundation)
  2   -[IDESchemeAction setUpActionDependenciesForCorePhaseOperation:shouldRunPostActionsBlock:prePhaseEnvironmentPopulationBlock:postPhaseEnvironmentPopulationBlock:handlePreActionsActivityLogSection:handlePostActionsActivityLogSection:buildParameters:schemeActionResultOperation:error:] (in IDEFoundation)
  3   -[IDEScheme _buildOperationGroupForSchemeOperationParameters:primaryBuildParameters:variantSpecifiers:buildLog:dontActuallyRunCommands:restorePersistedBuildResults:schemeActionRecord:error:] (in IDEFoundation)
  4   -[IDEScheme _executionOperationForSchemeOperationParameters:build:onlyBuild:buildParameters:title:buildLog:dontActuallyRunCommands:restorePersistedBuildResults:deviceAvailableChecker:error:actionCallbackBlock:] (in IDEFoundation)
  5   -[IDEScheme(TestSchemeAction) schemeTestActionOperationForSchemeOperationParameters:onlyBuild:buildLog:deviceAvailableChecker:buildParameters:shouldBuild:restorePersistedBuildResults:error:completionBlock:] (in IDEFoundation)
  6   -[IDEScheme buildAndActionTaskForSchemeOperationParameters:shouldBuild:onlyBuild:buildParameters:buildLog:deviceAvailableChecker:restorePersistedBuildResults:dontActuallyRunCommands:error:completionBlock:] (in IDEFoundation)
  7   -[IDEScheme schemeOperationForSchemeOperationParameters:buildLog:overridingProperties:overridingBuildConfiguration:dontActuallyRunCommands:restorePersistedBuildResults:deviceAvailableChecker:error:completionBlock:] (in IDEFoundation)
  8   -[IDEScheme schemeOperationForSchemeOperationParameters:buildLog:overridingProperties:overridingBuildConfiguration:dontActuallyRunCommands:restorePersistedBuildResults:error:completionBlock:] (in IDEFoundation)
  9   -[Xcode3CommandLineBuildTool(TestSchemeAction) buildForTestSchemeCommandWantsSkip:buildAction:isProjectBuild:title:buildLog:isMoreDestinationsPending:runDestinations:runDestination:schemeCommand:executionEnvironment:restorePersistedBuildResults:operationToEnqueue:error:] (in Xcode3Core)
 10   -[Xcode3CommandLineBuildTool doSchemeBuildWithRunDestinations:runDestinationIdx:wantsSkip:buildActionTimingSection:timingSection:buildAction:isMoreDesinationsPending:actionResultBlock:title:buildLog:executionEnvironment:restorePersistedBuildResults:operationToEnqueue:error:] (in Xcode3Core)
 11   -[Xcode3CommandLineBuildTool doBuildForBuildAction:timingSection:colorize:colorizeFailure:error:] (in Xcode3Core)
 12   -[Xcode3CommandLineBuildTool _buildWithTimingSection:] (in Xcode3Core)
 13   -[Xcode3CommandLineBuildTool run] (in Xcode3Core)
 14   XcodeBuildMain (in libxcodebuildLoader.dylib)
 15   -[XcodebuildPreIDEHandler loadXcode3ProjectSupportAndRunXcode3CommandLineBuildToolWithArguments:] (in xcodebuild)
 16   -[XcodebuildPreIDEHandler runWithArguments:] (in xcodebuild)
 17   main (in xcodebuild)
 18   start (in dyld)

<__DVTSwiftAsyncOperation: 0x816958600; state = AReFc> created at:
  0   -[DVTOperation init] (in DVTFoundation)
  1   @objc DVTAsyncOperation.init() (in DVTFoundation)
  2   static DVTOperation.awaiting(_:) (in DVTFoundation)
  3   @objc static IDESchemeAction.operationToWaitForFinishedLoadingOperation(of:) (in IDEFoundation)
  4   -[IDESchemeAction _setUpOperationsForPackageLoadingInWorkspace:handlePreActionsActivityLogSection:isCleanOperation:] (in IDEFoundation)
  5   -[IDESchemeAction setUpActionDependenciesForCorePhaseOperation:shouldRunPostActionsBlock:prePhaseEnvironmentPopulationBlock:postPhaseEnvironmentPopulationBlock:handlePreActionsActivityLogSection:handlePostActionsActivityLogSection:buildParameters:schemeActionResultOperation:error:] (in IDEFoundation)
  6   -[IDEScheme _buildOperationGroupForSchemeOperationParameters:primaryBuildParameters:variantSpecifiers:buildLog:dontActuallyRunCommands:restorePersistedBuildResults:schemeActionRecord:error:] (in IDEFoundation)
  7   -[IDEScheme _executionOperationForSchemeOperationParameters:build:onlyBuild:buildParameters:title:buildLog:dontActuallyRunCommands:restorePersistedBuildResults:deviceAvailableChecker:error:actionCallbackBlock:] (in IDEFoundation)
  8   -[IDEScheme(TestSchemeAction) schemeTestActionOperationForSchemeOperationParameters:onlyBuild:buildLog:deviceAvailableChecker:buildParameters:shouldBuild:restorePersistedBuildResults:error:completionBlock:] (in IDEFoundation)
  9   -[IDEScheme buildAndActionTaskForSchemeOperationParameters:shouldBuild:onlyBuild:buildParameters:buildLog:deviceAvailableChecker:restorePersistedBuildResults:dontActuallyRunCommands:error:completionBlock:] (in IDEFoundation)
 10   -[IDEScheme schemeOperationForSchemeOperationParameters:buildLog:overridingProperties:overridingBuildConfiguration:dontActuallyRunCommands:restorePersistedBuildResults:deviceAvailableChecker:error:completionBlock:] (in IDEFoundation)
 11   -[IDEScheme schemeOperationForSchemeOperationParameters:buildLog:overridingProperties:overridingBuildConfiguration:dontActuallyRunCommands:restorePersistedBuildResults:error:completionBlock:] (in IDEFoundation)
 12   -[Xcode3CommandLineBuildTool(TestSchemeAction) buildForTestSchemeCommandWantsSkip:buildAction:isProjectBuild:title:buildLog:isMoreDestinationsPending:runDestinations:runDestination:schemeCommand:executionEnvironment:restorePersistedBuildResults:operationToEnqueue:error:] (in Xcode3Core)
 13   -[Xcode3CommandLineBuildTool doSchemeBuildWithRunDestinations:runDestinationIdx:wantsSkip:buildActionTimingSection:timingSection:buildAction:isMoreDesinationsPending:actionResultBlock:title:buildLog:executionEnvironment:restorePersistedBuildResults:operationToEnqueue:error:] (in Xcode3Core)
 14   -[Xcode3CommandLineBuildTool doBuildForBuildAction:timingSection:colorize:colorizeFailure:error:] (in Xcode3Core)
 15   -[Xcode3CommandLineBuildTool _buildWithTimingSection:] (in Xcode3Core)
 16   -[Xcode3CommandLineBuildTool run] (in Xcode3Core)
 17   XcodeBuildMain (in libxcodebuildLoader.dylib)
 18   -[XcodebuildPreIDEHandler loadXcode3ProjectSupportAndRunXcode3CommandLineBuildToolWithArguments:] (in xcodebuild)
 19   -[XcodebuildPreIDEHandler runWithArguments:] (in xcodebuild)
 20   main (in xcodebuild)
 21   start (in dyld)

<DVTOperation: 0x813b30280; state = aReFc> created at:
  0   -[DVTOperation init] (in DVTFoundation)
  1   +[DVTOperation(DVTConveniences) operationWithBlock:] (in DVTFoundation)
  2   -[IDESchemeAction setUpActionDependenciesForCorePhaseOperation:shouldRunPostActionsBlock:prePhaseEnvironmentPopulationBlock:postPhaseEnvironmentPopulationBlock:handlePreActionsActivityLogSection:handlePostActionsActivityLogSection:buildParameters:schemeActionResultOperation:error:] (in IDEFoundation)
  3   -[IDEScheme _buildOperationGroupForSchemeOperationParameters:primaryBuildParameters:variantSpecifiers:buildLog:dontActuallyRunCommands:restorePersistedBuildResults:schemeActionRecord:error:] (in IDEFoundation)
  4   -[IDEScheme _executionOperationForSchemeOperationParameters:build:onlyBuild:buildParameters:title:buildLog:dontActuallyRunCommands:restorePersistedBuildResults:deviceAvailableChecker:error:actionCallbackBlock:] (in IDEFoundation)
  5   -[IDEScheme(TestSchemeAction) schemeTestActionOperationForSchemeOperationParameters:onlyBuild:buildLog:deviceAvailableChecker:buildParameters:shouldBuild:restorePersistedBuildResults:error:completionBlock:] (in IDEFoundation)
  6   -[IDEScheme buildAndActionTaskForSchemeOperationParameters:shouldBuild:onlyBuild:buildParameters:buildLog:deviceAvailableChecker:restorePersistedBuildResults:dontActuallyRunCommands:error:completionBlock:] (in IDEFoundation)
  7   -[IDEScheme schemeOperationForSchemeOperationParameters:buildLog:overridingProperties:overridingBuildConfiguration:dontActuallyRunCommands:restorePersistedBuildResults:deviceAvailableChecker:error:completionBlock:] (in IDEFoundation)
  8   -[IDEScheme schemeOperationForSchemeOperationParameters:buildLog:overridingProperties:overridingBuildConfiguration:dontActuallyRunCommands:restorePersistedBuildResults:error:completionBlock:] (in IDEFoundation)
  9   -[Xcode3CommandLineBuildTool(TestSchemeAction) buildForTestSchemeCommandWantsSkip:buildAction:isProjectBuild:title:buildLog:isMoreDestinationsPending:runDestinations:runDestination:schemeCommand:executionEnvironment:restorePersistedBuildResults:operationToEnqueue:error:] (in Xcode3Core)
 10   -[Xcode3CommandLineBuildTool doSchemeBuildWithRunDestinations:runDestinationIdx:wantsSkip:buildActionTimingSection:timingSection:buildAction:isMoreDesinationsPending:actionResultBlock:title:buildLog:executionEnvironment:restorePersistedBuildResults:operationToEnqueue:error:] (in Xcode3Core)
 11   -[Xcode3CommandLineBuildTool doBuildForBuildAction:timingSection:colorize:colorizeFailure:error:] (in Xcode3Core)
 12   -[Xcode3CommandLineBuildTool _buildWithTimingSection:] (in Xcode3Core)
 13   -[Xcode3CommandLineBuildTool run] (in Xcode3Core)
 14   XcodeBuildMain (in libxcodebuildLoader.dylib)
 15   -[XcodebuildPreIDEHandler loadXcode3ProjectSupportAndRunXcode3CommandLineBuildToolWithArguments:] (in xcodebuild)
 16   -[XcodebuildPreIDEHandler runWithArguments:] (in xcodebuild)
 17   main (in xcodebuild)
 18   start (in dyld)

<__DVTSwiftAsyncOperation: 0x816959200; state = AReFc> created at:
  0   -[DVTOperation init] (in DVTFoundation)
  1   @objc DVTAsyncOperation.init() (in DVTFoundation)
  2   @objc static DVTOperation.operationWithMainThreadBlock(_:) (in DVTFoundation)
  3   -[IDESchemeAction _setUpOperationsForPackageLoadingInWorkspace:handlePreActionsActivityLogSection:isCleanOperation:] (in IDEFoundation)
  4   -[IDESchemeAction setUpActionDependenciesForCorePhaseOperation:shouldRunPostActionsBlock:prePhaseEnvironmentPopulationBlock:postPhaseEnvironmentPopulationBlock:handlePreActionsActivityLogSection:handlePostActionsActivityLogSection:buildParameters:schemeActionResultOperation:error:] (in IDEFoundation)
  5   -[IDEScheme _buildOperationGroupForSchemeOperationParameters:primaryBuildParameters:variantSpecifiers:buildLog:dontActuallyRunCommands:restorePersistedBuildResults:schemeActionRecord:error:] (in IDEFoundation)
  6   -[IDEScheme _executionOperationForSchemeOperationParameters:build:onlyBuild:buildParameters:title:buildLog:dontActuallyRunCommands:restorePersistedBuildResults:deviceAvailableChecker:error:actionCallbackBlock:] (in IDEFoundation)
  7   -[IDEScheme(TestSchemeAction) schemeTestActionOperationForSchemeOperationParameters:onlyBuild:buildLog:deviceAvailableChecker:buildParameters:shouldBuild:restorePersistedBuildResults:error:completionBlock:] (in IDEFoundation)
  8   -[IDEScheme buildAndActionTaskForSchemeOperationParameters:shouldBuild:onlyBuild:buildParameters:buildLog:deviceAvailableChecker:restorePersistedBuildResults:dontActuallyRunCommands:error:completionBlock:] (in IDEFoundation)
  9   -[IDEScheme schemeOperationForSchemeOperationParameters:buildLog:overridingProperties:overridingBuildConfiguration:dontActuallyRunCommands:restorePersistedBuildResults:deviceAvailableChecker:error:completionBlock:] (in IDEFoundation)
 10   -[IDEScheme schemeOperationForSchemeOperationParameters:buildLog:overridingProperties:overridingBuildConfiguration:dontActuallyRunCommands:restorePersistedBuildResults:error:completionBlock:] (in IDEFoundation)
 11   -[Xcode3CommandLineBuildTool(TestSchemeAction) buildForTestSchemeCommandWantsSkip:buildAction:isProjectBuild:title:buildLog:isMoreDestinationsPending:runDestinations:runDestination:schemeCommand:executionEnvironment:restorePersistedBuildResults:operationToEnqueue:error:] (in Xcode3Core)
 12   -[Xcode3CommandLineBuildTool doSchemeBuildWithRunDestinations:runDestinationIdx:wantsSkip:buildActionTimingSection:timingSection:buildAction:isMoreDesinationsPending:actionResultBlock:title:buildLog:executionEnvironment:restorePersistedBuildResults:operationToEnqueue:error:] (in Xcode3Core)
 13   -[Xcode3CommandLineBuildTool doBuildForBuildAction:timingSection:colorize:colorizeFailure:error:] (in Xcode3Core)
 14   -[Xcode3CommandLineBuildTool _buildWithTimingSection:] (in Xcode3Core)
 15   -[Xcode3CommandLineBuildTool run] (in Xcode3Core)
 16   XcodeBuildMain (in libxcodebuildLoader.dylib)
 17   -[XcodebuildPreIDEHandler loadXcode3ProjectSupportAndRunXcode3CommandLineBuildToolWithArguments:] (in xcodebuild)
 18   -[XcodebuildPreIDEHandler runWithArguments:] (in xcodebuild)
 19   main (in xcodebuild)
 20   start (in dyld)

<DVTOperation: 0x813b30140; state = aReFc> created at:
  0   -[DVTOperation init] (in DVTFoundation)
  1   +[DVTOperation(DVTConveniences) operationWithBlock:] (in DVTFoundation)
  2   -[IDESchemeAction setUpActionDependenciesForCorePhaseOperation:shouldRunPostActionsBlock:prePhaseEnvironmentPopulationBlock:postPhaseEnvironmentPopulationBlock:handlePreActionsActivityLogSection:handlePostActionsActivityLogSection:buildParameters:schemeActionResultOperation:error:] (in IDEFoundation)
  3   -[IDEScheme _buildOperationGroupForSchemeOperationParameters:primaryBuildParameters:variantSpecifiers:buildLog:dontActuallyRunCommands:restorePersistedBuildResults:schemeActionRecord:error:] (in IDEFoundation)
  4   -[IDEScheme _executionOperationForSchemeOperationParameters:build:onlyBuild:buildParameters:title:buildLog:dontActuallyRunCommands:restorePersistedBuildResults:deviceAvailableChecker:error:actionCallbackBlock:] (in IDEFoundation)
  5   -[IDEScheme(TestSchemeAction) schemeTestActionOperationForSchemeOperationParameters:onlyBuild:buildLog:deviceAvailableChecker:buildParameters:shouldBuild:restorePersistedBuildResults:error:completionBlock:] (in IDEFoundation)
  6   -[IDEScheme buildAndActionTaskForSchemeOperationParameters:shouldBuild:onlyBuild:buildParameters:buildLog:deviceAvailableChecker:restorePersistedBuildResults:dontActuallyRunCommands:error:completionBlock:] (in IDEFoundation)
  7   -[IDEScheme schemeOperationForSchemeOperationParameters:buildLog:overridingProperties:overridingBuildConfiguration:dontActuallyRunCommands:restorePersistedBuildResults:deviceAvailableChecker:error:completionBlock:] (in IDEFoundation)
  8   -[IDEScheme schemeOperationForSchemeOperationParameters:buildLog:overridingProperties:overridingBuildConfiguration:dontActuallyRunCommands:restorePersistedBuildResults:error:completionBlock:] (in IDEFoundation)
  9   -[Xcode3CommandLineBuildTool(TestSchemeAction) buildForTestSchemeCommandWantsSkip:buildAction:isProjectBuild:title:buildLog:isMoreDestinationsPending:runDestinations:runDestination:schemeCommand:executionEnvironment:restorePersistedBuildResults:operationToEnqueue:error:] (in Xcode3Core)
 10   -[Xcode3CommandLineBuildTool doSchemeBuildWithRunDestinations:runDestinationIdx:wantsSkip:buildActionTimingSection:timingSection:buildAction:isMoreDesinationsPending:actionResultBlock:title:buildLog:executionEnvironment:restorePersistedBuildResults:operationToEnqueue:error:] (in Xcode3Core)
 11   -[Xcode3CommandLineBuildTool doBuildForBuildAction:timingSection:colorize:colorizeFailure:error:] (in Xcode3Core)
 12   -[Xcode3CommandLineBuildTool _buildWithTimingSection:] (in Xcode3Core)
 13   -[Xcode3CommandLineBuildTool run] (in Xcode3Core)
 14   XcodeBuildMain (in libxcodebuildLoader.dylib)
 15   -[XcodebuildPreIDEHandler loadXcode3ProjectSupportAndRunXcode3CommandLineBuildToolWithArguments:] (in xcodebuild)
 16   -[XcodebuildPreIDEHandler runWithArguments:] (in xcodebuild)
 17   main (in xcodebuild)
 18   start (in dyld)

<DVTOperationGroup: 0x81695b480; state = AReF!c> created at:
  0   -[DVTOperation init] (in DVTFoundation)
  1   -[DVTOperationGroup init] (in DVTFoundation)
  2   +[DVTOperationGroup operationGroupWithSuboperations:] (in DVTFoundation)
  3   -[IDETestSchemeAction testOperationWithSchemeOperationParameters:testManager:buildOperation:buildParameters:schemeCommand:actionRecord:testPlanRunSpecifications:deviceAvailableChecker:outError:actionCallbackBlock:] (in IDEFoundation)
  4   -[IDEScheme(TestSchemeAction) executionOperationForTestSchemeActionWithOperationParameters:command:buildOperationVariantSpecifiers:buildOperationGroup:schemeActionResult:buildParameters:shouldOnlyBuild:runDestination:orderedOperations:schemeActionRecord:deviceAvailableChecker:actionCallbackBlock:error:] (in IDEFoundation)
  5   -[IDEScheme _executionOperationForSchemeOperationParameters:build:onlyBuild:buildParameters:title:buildLog:dontActuallyRunCommands:restorePersistedBuildResults:deviceAvailableChecker:error:actionCallbackBlock:] (in IDEFoundation)
  6   -[IDEScheme(TestSchemeAction) schemeTestActionOperationForSchemeOperationParameters:onlyBuild:buildLog:deviceAvailableChecker:buildParameters:shouldBuild:restorePersistedBuildResults:error:completionBlock:] (in IDEFoundation)
  7   -[IDEScheme buildAndActionTaskForSchemeOperationParameters:shouldBuild:onlyBuild:buildParameters:buildLog:deviceAvailableChecker:restorePersistedBuildResults:dontActuallyRunCommands:error:completionBlock:] (in IDEFoundation)
  8   -[IDEScheme schemeOperationForSchemeOperationParameters:buildLog:overridingProperties:overridingBuildConfiguration:dontActuallyRunCommands:restorePersistedBuildResults:deviceAvailableChecker:error:completionBlock:] (in IDEFoundation)
  9   -[IDEScheme schemeOperationForSchemeOperationParameters:buildLog:overridingProperties:overridingBuildConfiguration:dontActuallyRunCommands:restorePersistedBuildResults:error:completionBlock:] (in IDEFoundation)
 10   -[Xcode3CommandLineBuildTool(TestSchemeAction) buildForTestSchemeCommandWantsSkip:buildAction:isProjectBuild:title:buildLog:isMoreDestinationsPending:runDestinations:runDestination:schemeCommand:executionEnvironment:restorePersistedBuildResults:operationToEnqueue:error:] (in Xcode3Core)
 11   -[Xcode3CommandLineBuildTool doSchemeBuildWithRunDestinations:runDestinationIdx:wantsSkip:buildActionTimingSection:timingSection:buildAction:isMoreDesinationsPending:actionResultBlock:title:buildLog:executionEnvironment:restorePersistedBuildResults:operationToEnqueue:error:] (in Xcode3Core)
 12   -[Xcode3CommandLineBuildTool doBuildForBuildAction:timingSection:colorize:colorizeFailure:error:] (in Xcode3Core)
 13   -[Xcode3CommandLineBuildTool _buildWithTimingSection:] (in Xcode3Core)
 14   -[Xcode3CommandLineBuildTool run] (in Xcode3Core)
 15   XcodeBuildMain (in libxcodebuildLoader.dylib)
 16   -[XcodebuildPreIDEHandler loadXcode3ProjectSupportAndRunXcode3CommandLineBuildToolWithArguments:] (in xcodebuild)
 17   -[XcodebuildPreIDEHandler runWithArguments:] (in xcodebuild)
 18   main (in xcodebuild)
 19   start (in dyld)

<DVTOperation: 0x813b32080; name = 'Remove Log If Needed', state = aReFc> created at:
  0   -[DVTOperation init] (in DVTFoundation)
  1   +[DVTOperation(DVTConveniences) operationWithBlock:] (in DVTFoundation)
  2   -[IDETestSchemeAction _removeLogIfNeededOperationWithLogStore:logRecord:buildOperation:] (in IDEFoundation)
  3   -[IDETestSchemeAction testOperationWithSchemeOperationParameters:testManager:buildOperation:buildParameters:schemeCommand:actionRecord:testPlanRunSpecifications:deviceAvailableChecker:outError:actionCallbackBlock:] (in IDEFoundation)
  4   -[IDEScheme(TestSchemeAction) executionOperationForTestSchemeActionWithOperationParameters:command:buildOperationVariantSpecifiers:buildOperationGroup:schemeActionResult:buildParameters:shouldOnlyBuild:runDestination:orderedOperations:schemeActionRecord:deviceAvailableChecker:actionCallbackBlock:error:] (in IDEFoundation)
  5   -[IDEScheme _executionOperationForSchemeOperationParameters:build:onlyBuild:buildParameters:title:buildLog:dontActuallyRunCommands:restorePersistedBuildResults:deviceAvailableChecker:error:actionCallbackBlock:] (in IDEFoundation)
  6   -[IDEScheme(TestSchemeAction) schemeTestActionOperationForSchemeOperationParameters:onlyBuild:buildLog:deviceAvailableChecker:buildParameters:shouldBuild:restorePersistedBuildResults:error:completionBlock:] (in IDEFoundation)
  7   -[IDEScheme buildAndActionTaskForSchemeOperationParameters:shouldBuild:onlyBuild:buildParameters:buildLog:deviceAvailableChecker:restorePersistedBuildResults:dontActuallyRunCommands:error:completionBlock:] (in IDEFoundation)
  8   -[IDEScheme schemeOperationForSchemeOperationParameters:buildLog:overridingProperties:overridingBuildConfiguration:dontActuallyRunCommands:restorePersistedBuildResults:deviceAvailableChecker:error:completionBlock:] (in IDEFoundation)
  9   -[IDEScheme schemeOperationForSchemeOperationParameters:buildLog:overridingProperties:overridingBuildConfiguration:dontActuallyRunCommands:restorePersistedBuildResults:error:completionBlock:] (in IDEFoundation)
 10   -[Xcode3CommandLineBuildTool(TestSchemeAction) buildForTestSchemeCommandWantsSkip:buildAction:isProjectBuild:title:buildLog:isMoreDestinationsPending:runDestinations:runDestination:schemeCommand:executionEnvironment:restorePersistedBuildResults:operationToEnqueue:error:] (in Xcode3Core)
 11   -[Xcode3CommandLineBuildTool doSchemeBuildWithRunDestinations:runDestinationIdx:wantsSkip:buildActionTimingSection:timingSection:buildAction:isMoreDesinationsPending:actionResultBlock:title:buildLog:executionEnvironment:restorePersistedBuildResults:operationToEnqueue:error:] (in Xcode3Core)
 12   -[Xcode3CommandLineBuildTool doBuildForBuildAction:timingSection:colorize:colorizeFailure:error:] (in Xcode3Core)
 13   -[Xcode3CommandLineBuildTool _buildWithTimingSection:] (in Xcode3Core)
 14   -[Xcode3CommandLineBuildTool run] (in Xcode3Core)
 15   XcodeBuildMain (in libxcodebuildLoader.dylib)
 16   -[XcodebuildPreIDEHandler loadXcode3ProjectSupportAndRunXcode3CommandLineBuildToolWithArguments:] (in xcodebuild)
 17   -[XcodebuildPreIDEHandler runWithArguments:] (in xcodebuild)
 18   main (in xcodebuild)
 19   start (in dyld)

<DVTOperationGroup: 0x81695b600; state = AReFc> created at:
  0   -[DVTOperation init] (in DVTFoundation)
  1   -[DVTOperationGroup init] (in DVTFoundation)
  2   +[DVTOperationGroup operationGroupWithSuboperations:] (in DVTFoundation)
  3   -[IDETestSchemeAction testOperationWithSchemeOperationParameters:testManager:buildOperation:buildParameters:schemeCommand:actionRecord:testPlanRunSpecifications:deviceAvailableChecker:outError:actionCallbackBlock:] (in IDEFoundation)
  4   -[IDEScheme(TestSchemeAction) executionOperationForTestSchemeActionWithOperationParameters:command:buildOperationVariantSpecifiers:buildOperationGroup:schemeActionResult:buildParameters:shouldOnlyBuild:runDestination:orderedOperations:schemeActionRecord:deviceAvailableChecker:actionCallbackBlock:error:] (in IDEFoundation)
  5   -[IDEScheme _executionOperationForSchemeOperationParameters:build:onlyBuild:buildParameters:title:buildLog:dontActuallyRunCommands:restorePersistedBuildResults:deviceAvailableChecker:error:actionCallbackBlock:] (in IDEFoundation)
  6   -[IDEScheme(TestSchemeAction) schemeTestActionOperationForSchemeOperationParameters:onlyBuild:buildLog:deviceAvailableChecker:buildParameters:shouldBuild:restorePersistedBuildResults:error:completionBlock:] (in IDEFoundation)
  7   -[IDEScheme buildAndActionTaskForSchemeOperationParameters:shouldBuild:onlyBuild:buildParameters:buildLog:deviceAvailableChecker:restorePersistedBuildResults:dontActuallyRunCommands:error:completionBlock:] (in IDEFoundation)
  8   -[IDEScheme schemeOperationForSchemeOperationParameters:buildLog:overridingProperties:overridingBuildConfiguration:dontActuallyRunCommands:restorePersistedBuildResults:deviceAvailableChecker:error:completionBlock:] (in IDEFoundation)
  9   -[IDEScheme schemeOperationForSchemeOperationParameters:buildLog:overridingProperties:overridingBuildConfiguration:dontActuallyRunCommands:restorePersistedBuildResults:error:completionBlock:] (in IDEFoundation)
 10   -[Xcode3CommandLineBuildTool(TestSchemeAction) buildForTestSchemeCommandWantsSkip:buildAction:isProjectBuild:title:buildLog:isMoreDestinationsPending:runDestinations:runDestination:schemeCommand:executionEnvironment:restorePersistedBuildResults:operationToEnqueue:error:] (in Xcode3Core)
 11   -[Xcode3CommandLineBuildTool doSchemeBuildWithRunDestinations:runDestinationIdx:wantsSkip:buildActionTimingSection:timingSection:buildAction:isMoreDesinationsPending:actionResultBlock:title:buildLog:executionEnvironment:restorePersistedBuildResults:operationToEnqueue:error:] (in Xcode3Core)
 12   -[Xcode3CommandLineBuildTool doBuildForBuildAction:timingSection:colorize:colorizeFailure:error:] (in Xcode3Core)
 13   -[Xcode3CommandLineBuildTool _buildWithTimingSection:] (in Xcode3Core)
 14   -[Xcode3CommandLineBuildTool run] (in Xcode3Core)
 15   XcodeBuildMain (in libxcodebuildLoader.dylib)
 16   -[XcodebuildPreIDEHandler loadXcode3ProjectSupportAndRunXcode3CommandLineBuildToolWithArguments:] (in xcodebuild)
 17   -[XcodebuildPreIDEHandler runWithArguments:] (in xcodebuild)
 18   main (in xcodebuild)
 19   start (in dyld)

<DVTOperationGroup: 0x81695b780; state = AReFc> created at:
  0   -[DVTOperation init] (in DVTFoundation)
  1   -[DVTOperationGroup init] (in DVTFoundation)
  2   +[DVTOperationGroup operationGroupWithSuboperations:] (in DVTFoundation)
  3   -[IDETestSchemeAction testOperationWithSchemeOperationParameters:testManager:buildOperation:buildParameters:schemeCommand:actionRecord:testPlanRunSpecifications:deviceAvailableChecker:outError:actionCallbackBlock:] (in IDEFoundation)
  4   -[IDEScheme(TestSchemeAction) executionOperationForTestSchemeActionWithOperationParameters:command:buildOperationVariantSpecifiers:buildOperationGroup:schemeActionResult:buildParameters:shouldOnlyBuild:runDestination:orderedOperations:schemeActionRecord:deviceAvailableChecker:actionCallbackBlock:error:] (in IDEFoundation)
  5   -[IDEScheme _executionOperationForSchemeOperationParameters:build:onlyBuild:buildParameters:title:buildLog:dontActuallyRunCommands:restorePersistedBuildResults:deviceAvailableChecker:error:actionCallbackBlock:] (in IDEFoundation)
  6   -[IDEScheme(TestSchemeAction) schemeTestActionOperationForSchemeOperationParameters:onlyBuild:buildLog:deviceAvailableChecker:buildParameters:shouldBuild:restorePersistedBuildResults:error:completionBlock:] (in IDEFoundation)
  7   -[IDEScheme buildAndActionTaskForSchemeOperationParameters:shouldBuild:onlyBuild:buildParameters:buildLog:deviceAvailableChecker:restorePersistedBuildResults:dontActuallyRunCommands:error:completionBlock:] (in IDEFoundation)
  8   -[IDEScheme schemeOperationForSchemeOperationParameters:buildLog:overridingProperties:overridingBuildConfiguration:dontActuallyRunCommands:restorePersistedBuildResults:deviceAvailableChecker:error:completionBlock:] (in IDEFoundation)
  9   -[IDEScheme schemeOperationForSchemeOperationParameters:buildLog:overridingProperties:overridingBuildConfiguration:dontActuallyRunCommands:restorePersistedBuildResults:error:completionBlock:] (in IDEFoundation)
 10   -[Xcode3CommandLineBuildTool(TestSchemeAction) buildForTestSchemeCommandWantsSkip:buildAction:isProjectBuild:title:buildLog:isMoreDestinationsPending:runDestinations:runDestination:schemeCommand:executionEnvironment:restorePersistedBuildResults:operationToEnqueue:error:] (in Xcode3Core)
 11   -[Xcode3CommandLineBuildTool doSchemeBuildWithRunDestinations:runDestinationIdx:wantsSkip:buildActionTimingSection:timingSection:buildAction:isMoreDesinationsPending:actionResultBlock:title:buildLog:executionEnvironment:restorePersistedBuildResults:operationToEnqueue:error:] (in Xcode3Core)
 12   -[Xcode3CommandLineBuildTool doBuildForBuildAction:timingSection:colorize:colorizeFailure:error:] (in Xcode3Core)
 13   -[Xcode3CommandLineBuildTool _buildWithTimingSection:] (in Xcode3Core)
 14   -[Xcode3CommandLineBuildTool run] (in Xcode3Core)
 15   XcodeBuildMain (in libxcodebuildLoader.dylib)
 16   -[XcodebuildPreIDEHandler loadXcode3ProjectSupportAndRunXcode3CommandLineBuildToolWithArguments:] (in xcodebuild)
 17   -[XcodebuildPreIDEHandler runWithArguments:] (in xcodebuild)
 18   main (in xcodebuild)
 19   start (in dyld)

<DVTOperationGroup: 0x81695ae80; state = AReFc> created at:
  0   -[DVTOperation init] (in DVTFoundation)
  1   -[DVTOperationGroup init] (in DVTFoundation)
  2   +[DVTOperationGroup operationGroupWithSuboperations:] (in DVTFoundation)
  3   -[IDETestSchemeAction testOperationWithSchemeOperationParameters:testManager:buildOperation:buildParameters:schemeCommand:actionRecord:testPlanRunSpecifications:deviceAvailableChecker:outError:actionCallbackBlock:] (in IDEFoundation)
  4   -[IDEScheme(TestSchemeAction) executionOperationForTestSchemeActionWithOperationParameters:command:buildOperationVariantSpecifiers:buildOperationGroup:schemeActionResult:buildParameters:shouldOnlyBuild:runDestination:orderedOperations:schemeActionRecord:deviceAvailableChecker:actionCallbackBlock:error:] (in IDEFoundation)
  5   -[IDEScheme _executionOperationForSchemeOperationParameters:build:onlyBuild:buildParameters:title:buildLog:dontActuallyRunCommands:restorePersistedBuildResults:deviceAvailableChecker:error:actionCallbackBlock:] (in IDEFoundation)
  6   -[IDEScheme(TestSchemeAction) schemeTestActionOperationForSchemeOperationParameters:onlyBuild:buildLog:deviceAvailableChecker:buildParameters:shouldBuild:restorePersistedBuildResults:error:completionBlock:] (in IDEFoundation)
  7   -[IDEScheme buildAndActionTaskForSchemeOperationParameters:shouldBuild:onlyBuild:buildParameters:buildLog:deviceAvailableChecker:restorePersistedBuildResults:dontActuallyRunCommands:error:completionBlock:] (in IDEFoundation)
  8   -[IDEScheme schemeOperationForSchemeOperationParameters:buildLog:overridingProperties:overridingBuildConfiguration:dontActuallyRunCommands:restorePersistedBuildResults:deviceAvailableChecker:error:completionBlock:] (in IDEFoundation)
  9   -[IDEScheme schemeOperationForSchemeOperationParameters:buildLog:overridingProperties:overridingBuildConfiguration:dontActuallyRunCommands:restorePersistedBuildResults:error:completionBlock:] (in IDEFoundation)
 10   -[Xcode3CommandLineBuildTool(TestSchemeAction) buildForTestSchemeCommandWantsSkip:buildAction:isProjectBuild:title:buildLog:isMoreDestinationsPending:runDestinations:runDestination:schemeCommand:executionEnvironment:restorePersistedBuildResults:operationToEnqueue:error:] (in Xcode3Core)
 11   -[Xcode3CommandLineBuildTool doSchemeBuildWithRunDestinations:runDestinationIdx:wantsSkip:buildActionTimingSection:timingSection:buildAction:isMoreDesinationsPending:actionResultBlock:title:buildLog:executionEnvironment:restorePersistedBuildResults:operationToEnqueue:error:] (in Xcode3Core)
 12   -[Xcode3CommandLineBuildTool doBuildForBuildAction:timingSection:colorize:colorizeFailure:error:] (in Xcode3Core)
 13   -[Xcode3CommandLineBuildTool _buildWithTimingSection:] (in Xcode3Core)
 14   -[Xcode3CommandLineBuildTool run] (in Xcode3Core)
 15   XcodeBuildMain (in libxcodebuildLoader.dylib)
 16   -[XcodebuildPreIDEHandler loadXcode3ProjectSupportAndRunXcode3CommandLineBuildToolWithArguments:] (in xcodebuild)
 17   -[XcodebuildPreIDEHandler runWithArguments:] (in xcodebuild)
 18   main (in xcodebuild)
 19   start (in dyld)

<DVTOperationGroup: 0x81695a100; state = AReFc> created at:
  0   -[DVTOperation init] (in DVTFoundation)
  1   -[DVTOperationGroup init] (in DVTFoundation)
  2   -[IDETestRunSession testOperationForTestRunSpecificationGroups:executionEnvironment:invocationRecord:actionRecord:schemeIdentifier:outSchemeActionResultOperation:launchParametersBlock:actionCallbackBlock:error:] (in IDEFoundation)
  3   -[IDETestManager testOperationForTestRunSpecificationGroups:executionEnvironment:runDestinationPool:invocationRecord:actionRecord:schemeIdentifier:outSchemeActionResultOperation:launchParametersBlock:actionCallbackBlock:error:] (in IDEFoundation)
  4   -[IDETestSchemeAction testOperationWithSchemeOperationParameters:testManager:buildOperation:buildParameters:schemeCommand:actionRecord:testPlanRunSpecifications:deviceAvailableChecker:outError:actionCallbackBlock:] (in IDEFoundation)
  5   -[IDEScheme(TestSchemeAction) executionOperationForTestSchemeActionWithOperationParameters:command:buildOperationVariantSpecifiers:buildOperationGroup:schemeActionResult:buildParameters:shouldOnlyBuild:runDestination:orderedOperations:schemeActionRecord:deviceAvailableChecker:actionCallbackBlock:error:] (in IDEFoundation)
  6   -[IDEScheme _executionOperationForSchemeOperationParameters:build:onlyBuild:buildParameters:title:buildLog:dontActuallyRunCommands:restorePersistedBuildResults:deviceAvailableChecker:error:actionCallbackBlock:] (in IDEFoundation)
  7   -[IDEScheme(TestSchemeAction) schemeTestActionOperationForSchemeOperationParameters:onlyBuild:buildLog:deviceAvailableChecker:buildParameters:shouldBuild:restorePersistedBuildResults:error:completionBlock:] (in IDEFoundation)
  8   -[IDEScheme buildAndActionTaskForSchemeOperationParameters:shouldBuild:onlyBuild:buildParameters:buildLog:deviceAvailableChecker:restorePersistedBuildResults:dontActuallyRunCommands:error:completionBlock:] (in IDEFoundation)
  9   -[IDEScheme schemeOperationForSchemeOperationParameters:buildLog:overridingProperties:overridingBuildConfiguration:dontActuallyRunCommands:restorePersistedBuildResults:deviceAvailableChecker:error:completionBlock:] (in IDEFoundation)
 10   -[IDEScheme schemeOperationForSchemeOperationParameters:buildLog:overridingProperties:overridingBuildConfiguration:dontActuallyRunCommands:restorePersistedBuildResults:error:completionBlock:] (in IDEFoundation)
 11   -[Xcode3CommandLineBuildTool(TestSchemeAction) buildForTestSchemeCommandWantsSkip:buildAction:isProjectBuild:title:buildLog:isMoreDestinationsPending:runDestinations:runDestination:schemeCommand:executionEnvironment:restorePersistedBuildResults:operationToEnqueue:error:] (in Xcode3Core)
 12   -[Xcode3CommandLineBuildTool doSchemeBuildWithRunDestinations:runDestinationIdx:wantsSkip:buildActionTimingSection:timingSection:buildAction:isMoreDesinationsPending:actionResultBlock:title:buildLog:executionEnvironment:restorePersistedBuildResults:operationToEnqueue:error:] (in Xcode3Core)
 13   -[Xcode3CommandLineBuildTool doBuildForBuildAction:timingSection:colorize:colorizeFailure:error:] (in Xcode3Core)
 14   -[Xcode3CommandLineBuildTool _buildWithTimingSection:] (in Xcode3Core)
 15   -[Xcode3CommandLineBuildTool run] (in Xcode3Core)
 16   XcodeBuildMain (in libxcodebuildLoader.dylib)
 17   -[XcodebuildPreIDEHandler loadXcode3ProjectSupportAndRunXcode3CommandLineBuildToolWithArguments:] (in xcodebuild)
 18   -[XcodebuildPreIDEHandler runWithArguments:] (in xcodebuild)
 19   main (in xcodebuild)
 20   start (in dyld)

<DVTOperation: 0x813b31540; state = aReFc> created at:
  0   -[DVTOperation init] (in DVTFoundation)
  1   +[DVTOperation(DVTConveniences) operationWithBlock:] (in DVTFoundation)
  2   -[IDETestRunSession testOperationForTestRunSpecificationGroups:executionEnvironment:invocationRecord:actionRecord:schemeIdentifier:outSchemeActionResultOperation:launchParametersBlock:actionCallbackBlock:error:] (in IDEFoundation)
  3   -[IDETestManager testOperationForTestRunSpecificationGroups:executionEnvironment:runDestinationPool:invocationRecord:actionRecord:schemeIdentifier:outSchemeActionResultOperation:launchParametersBlock:actionCallbackBlock:error:] (in IDEFoundation)
  4   -[IDETestSchemeAction testOperationWithSchemeOperationParameters:testManager:buildOperation:buildParameters:schemeCommand:actionRecord:testPlanRunSpecifications:deviceAvailableChecker:outError:actionCallbackBlock:] (in IDEFoundation)
  5   -[IDEScheme(TestSchemeAction) executionOperationForTestSchemeActionWithOperationParameters:command:buildOperationVariantSpecifiers:buildOperationGroup:schemeActionResult:buildParameters:shouldOnlyBuild:runDestination:orderedOperations:schemeActionRecord:deviceAvailableChecker:actionCallbackBlock:error:] (in IDEFoundation)
  6   -[IDEScheme _executionOperationForSchemeOperationParameters:build:onlyBuild:buildParameters:title:buildLog:dontActuallyRunCommands:restorePersistedBuildResults:deviceAvailableChecker:error:actionCallbackBlock:] (in IDEFoundation)
  7   -[IDEScheme(TestSchemeAction) schemeTestActionOperationForSchemeOperationParameters:onlyBuild:buildLog:deviceAvailableChecker:buildParameters:shouldBuild:restorePersistedBuildResults:error:completionBlock:] (in IDEFoundation)
  8   -[IDEScheme buildAndActionTaskForSchemeOperationParameters:shouldBuild:onlyBuild:buildParameters:buildLog:deviceAvailableChecker:restorePersistedBuildResults:dontActuallyRunCommands:error:completionBlock:] (in IDEFoundation)
  9   -[IDEScheme schemeOperationForSchemeOperationParameters:buildLog:overridingProperties:overridingBuildConfiguration:dontActuallyRunCommands:restorePersistedBuildResults:deviceAvailableChecker:error:completionBlock:] (in IDEFoundation)
 10   -[IDEScheme schemeOperationForSchemeOperationParameters:buildLog:overridingProperties:overridingBuildConfiguration:dontActuallyRunCommands:restorePersistedBuildResults:error:completionBlock:] (in IDEFoundation)
 11   -[Xcode3CommandLineBuildTool(TestSchemeAction) buildForTestSchemeCommandWantsSkip:buildAction:isProjectBuild:title:buildLog:isMoreDestinationsPending:runDestinations:runDestination:schemeCommand:executionEnvironment:restorePersistedBuildResults:operationToEnqueue:error:] (in Xcode3Core)
 12   -[Xcode3CommandLineBuildTool doSchemeBuildWithRunDestinations:runDestinationIdx:wantsSkip:buildActionTimingSection:timingSection:buildAction:isMoreDesinationsPending:actionResultBlock:title:buildLog:executionEnvironment:restorePersistedBuildResults:operationToEnqueue:error:] (in Xcode3Core)
 13   -[Xcode3CommandLineBuildTool doBuildForBuildAction:timingSection:colorize:colorizeFailure:error:] (in Xcode3Core)
 14   -[Xcode3CommandLineBuildTool _buildWithTimingSection:] (in Xcode3Core)
 15   -[Xcode3CommandLineBuildTool run] (in Xcode3Core)
 16   XcodeBuildMain (in libxcodebuildLoader.dylib)
 17   -[XcodebuildPreIDEHandler loadXcode3ProjectSupportAndRunXcode3CommandLineBuildToolWithArguments:] (in xcodebuild)
 18   -[XcodebuildPreIDEHandler runWithArguments:] (in xcodebuild)
 19   main (in xcodebuild)
 20   start (in dyld)

<DVTOperation: 0x813b31e00; state = aReFc> created at:
  0   -[DVTOperation init] (in DVTFoundation)
  1   +[DVTOperation(DVTConveniences) operationWithBlock:] (in DVTFoundation)
  2   -[IDESchemeAction setUpActionDependenciesForCorePhaseOperation:shouldRunPostActionsBlock:prePhaseEnvironmentPopulationBlock:postPhaseEnvironmentPopulationBlock:handlePreActionsActivityLogSection:handlePostActionsActivityLogSection:buildParameters:schemeActionResultOperation:error:] (in IDEFoundation)
  3   -[IDETestSchemeAction testOperationWithSchemeOperationParameters:testManager:buildOperation:buildParameters:schemeCommand:actionRecord:testPlanRunSpecifications:deviceAvailableChecker:outError:actionCallbackBlock:] (in IDEFoundation)
  4   -[IDEScheme(TestSchemeAction) executionOperationForTestSchemeActionWithOperationParameters:command:buildOperationVariantSpecifiers:buildOperationGroup:schemeActionResult:buildParameters:shouldOnlyBuild:runDestination:orderedOperations:schemeActionRecord:deviceAvailableChecker:actionCallbackBlock:error:] (in IDEFoundation)
  5   -[IDEScheme _executionOperationForSchemeOperationParameters:build:onlyBuild:buildParameters:title:buildLog:dontActuallyRunCommands:restorePersistedBuildResults:deviceAvailableChecker:error:actionCallbackBlock:] (in IDEFoundation)
  6   -[IDEScheme(TestSchemeAction) schemeTestActionOperationForSchemeOperationParameters:onlyBuild:buildLog:deviceAvailableChecker:buildParameters:shouldBuild:restorePersistedBuildResults:error:completionBlock:] (in IDEFoundation)
  7   -[IDEScheme buildAndActionTaskForSchemeOperationParameters:shouldBuild:onlyBuild:buildParameters:buildLog:deviceAvailableChecker:restorePersistedBuildResults:dontActuallyRunCommands:error:completionBlock:] (in IDEFoundation)
  8   -[IDEScheme schemeOperationForSchemeOperationParameters:buildLog:overridingProperties:overridingBuildConfiguration:dontActuallyRunCommands:restorePersistedBuildResults:deviceAvailableChecker:error:completionBlock:] (in IDEFoundation)
  9   -[IDEScheme schemeOperationForSchemeOperationParameters:buildLog:overridingProperties:overridingBuildConfiguration:dontActuallyRunCommands:restorePersistedBuildResults:error:completionBlock:] (in IDEFoundation)
 10   -[Xcode3CommandLineBuildTool(TestSchemeAction) buildForTestSchemeCommandWantsSkip:buildAction:isProjectBuild:title:buildLog:isMoreDestinationsPending:runDestinations:runDestination:schemeCommand:executionEnvironment:restorePersistedBuildResults:operationToEnqueue:error:] (in Xcode3Core)
 11   -[Xcode3CommandLineBuildTool doSchemeBuildWithRunDestinations:runDestinationIdx:wantsSkip:buildActionTimingSection:timingSection:buildAction:isMoreDesinationsPending:actionResultBlock:title:buildLog:executionEnvironment:restorePersistedBuildResults:operationToEnqueue:error:] (in Xcode3Core)
 12   -[Xcode3CommandLineBuildTool doBuildForBuildAction:timingSection:colorize:colorizeFailure:error:] (in Xcode3Core)
 13   -[Xcode3CommandLineBuildTool _buildWithTimingSection:] (in Xcode3Core)
 14   -[Xcode3CommandLineBuildTool run] (in Xcode3Core)
 15   XcodeBuildMain (in libxcodebuildLoader.dylib)
 16   -[XcodebuildPreIDEHandler loadXcode3ProjectSupportAndRunXcode3CommandLineBuildToolWithArguments:] (in xcodebuild)
 17   -[XcodebuildPreIDEHandler runWithArguments:] (in xcodebuild)
 18   main (in xcodebuild)
 19   start (in dyld)

<DVTOperation: 0x813b31a40; state = aReFc> created at:
  0   -[DVTOperation init] (in DVTFoundation)
  1   +[DVTOperation(DVTConveniences) operationWithBlock:] (in DVTFoundation)
  2   -[IDESchemeAction setUpActionDependenciesForCorePhaseOperation:shouldRunPostActionsBlock:prePhaseEnvironmentPopulationBlock:postPhaseEnvironmentPopulationBlock:handlePreActionsActivityLogSection:handlePostActionsActivityLogSection:buildParameters:schemeActionResultOperation:error:] (in IDEFoundation)
  3   -[IDETestSchemeAction testOperationWithSchemeOperationParameters:testManager:buildOperation:buildParameters:schemeCommand:actionRecord:testPlanRunSpecifications:deviceAvailableChecker:outError:actionCallbackBlock:] (in IDEFoundation)
  4   -[IDEScheme(TestSchemeAction) executionOperationForTestSchemeActionWithOperationParameters:command:buildOperationVariantSpecifiers:buildOperationGroup:schemeActionResult:buildParameters:shouldOnlyBuild:runDestination:orderedOperations:schemeActionRecord:deviceAvailableChecker:actionCallbackBlock:error:] (in IDEFoundation)
  5   -[IDEScheme _executionOperationForSchemeOperationParameters:build:onlyBuild:buildParameters:title:buildLog:dontActuallyRunCommands:restorePersistedBuildResults:deviceAvailableChecker:error:actionCallbackBlock:] (in IDEFoundation)
  6   -[IDEScheme(TestSchemeAction) schemeTestActionOperationForSchemeOperationParameters:onlyBuild:buildLog:deviceAvailableChecker:buildParameters:shouldBuild:restorePersistedBuildResults:error:completionBlock:] (in IDEFoundation)
  7   -[IDEScheme buildAndActionTaskForSchemeOperationParameters:shouldBuild:onlyBuild:buildParameters:buildLog:deviceAvailableChecker:restorePersistedBuildResults:dontActuallyRunCommands:error:completionBlock:] (in IDEFoundation)
  8   -[IDEScheme schemeOperationForSchemeOperationParameters:buildLog:overridingProperties:overridingBuildConfiguration:dontActuallyRunCommands:restorePersistedBuildResults:deviceAvailableChecker:error:completionBlock:] (in IDEFoundation)
  9   -[IDEScheme schemeOperationForSchemeOperationParameters:buildLog:overridingProperties:overridingBuildConfiguration:dontActuallyRunCommands:restorePersistedBuildResults:error:completionBlock:] (in IDEFoundation)
 10   -[Xcode3CommandLineBuildTool(TestSchemeAction) buildForTestSchemeCommandWantsSkip:buildAction:isProjectBuild:title:buildLog:isMoreDestinationsPending:runDestinations:runDestination:schemeCommand:executionEnvironment:restorePersistedBuildResults:operationToEnqueue:error:] (in Xcode3Core)
 11   -[Xcode3CommandLineBuildTool doSchemeBuildWithRunDestinations:runDestinationIdx:wantsSkip:buildActionTimingSection:timingSection:buildAction:isMoreDesinationsPending:actionResultBlock:title:buildLog:executionEnvironment:restorePersistedBuildResults:operationToEnqueue:error:] (in Xcode3Core)
 12   -[Xcode3CommandLineBuildTool doBuildForBuildAction:timingSection:colorize:colorizeFailure:error:] (in Xcode3Core)
 13   -[Xcode3CommandLineBuildTool _buildWithTimingSection:] (in Xcode3Core)
 14   -[Xcode3CommandLineBuildTool run] (in Xcode3Core)
 15   XcodeBuildMain (in libxcodebuildLoader.dylib)
 16   -[XcodebuildPreIDEHandler loadXcode3ProjectSupportAndRunXcode3CommandLineBuildToolWithArguments:] (in xcodebuild)
 17   -[XcodebuildPreIDEHandler runWithArguments:] (in xcodebuild)
 18   main (in xcodebuild)
 19   start (in dyld)

<IDESchemeActionResultOperation: 0x81695a700; state = AReFc> created at:
  0   -[DVTOperation init] (in DVTFoundation)
  1   +[IDESchemeActionResultOperation schemeActionResultOperationWithSchemeActionRecord:trackingExecutionOfOperation:actionCallbackBlock:schemeActionResultComputationBlock:] (in IDEFoundation)
  2   -[IDETestRunSession testOperationForTestRunSpecificationGroups:executionEnvironment:invocationRecord:actionRecord:schemeIdentifier:outSchemeActionResultOperation:launchParametersBlock:actionCallbackBlock:error:] (in IDEFoundation)
  3   -[IDETestManager testOperationForTestRunSpecificationGroups:executionEnvironment:runDestinationPool:invocationRecord:actionRecord:schemeIdentifier:outSchemeActionResultOperation:launchParametersBlock:actionCallbackBlock:error:] (in IDEFoundation)
  4   -[IDETestSchemeAction testOperationWithSchemeOperationParameters:testManager:buildOperation:buildParameters:schemeCommand:actionRecord:testPlanRunSpecifications:deviceAvailableChecker:outError:actionCallbackBlock:] (in IDEFoundation)
  5   -[IDEScheme(TestSchemeAction) executionOperationForTestSchemeActionWithOperationParameters:command:buildOperationVariantSpecifiers:buildOperationGroup:schemeActionResult:buildParameters:shouldOnlyBuild:runDestination:orderedOperations:schemeActionRecord:deviceAvailableChecker:actionCallbackBlock:error:] (in IDEFoundation)
  6   -[IDEScheme _executionOperationForSchemeOperationParameters:build:onlyBuild:buildParameters:title:buildLog:dontActuallyRunCommands:restorePersistedBuildResults:deviceAvailableChecker:error:actionCallbackBlock:] (in IDEFoundation)
  7   -[IDEScheme(TestSchemeAction) schemeTestActionOperationForSchemeOperationParameters:onlyBuild:buildLog:deviceAvailableChecker:buildParameters:shouldBuild:restorePersistedBuildResults:error:completionBlock:] (in IDEFoundation)
  8   -[IDEScheme buildAndActionTaskForSchemeOperationParameters:shouldBuild:onlyBuild:buildParameters:buildLog:deviceAvailableChecker:restorePersistedBuildResults:dontActuallyRunCommands:error:completionBlock:] (in IDEFoundation)
  9   -[IDEScheme schemeOperationForSchemeOperationParameters:buildLog:overridingProperties:overridingBuildConfiguration:dontActuallyRunCommands:restorePersistedBuildResults:deviceAvailableChecker:error:completionBlock:] (in IDEFoundation)
 10   -[IDEScheme schemeOperationForSchemeOperationParameters:buildLog:overridingProperties:overridingBuildConfiguration:dontActuallyRunCommands:restorePersistedBuildResults:error:completionBlock:] (in IDEFoundation)
 11   -[Xcode3CommandLineBuildTool(TestSchemeAction) buildForTestSchemeCommandWantsSkip:buildAction:isProjectBuild:title:buildLog:isMoreDestinationsPending:runDestinations:runDestination:schemeCommand:executionEnvironment:restorePersistedBuildResults:operationToEnqueue:error:] (in Xcode3Core)
 12   -[Xcode3CommandLineBuildTool doSchemeBuildWithRunDestinations:runDestinationIdx:wantsSkip:buildActionTimingSection:timingSection:buildAction:isMoreDesinationsPending:actionResultBlock:title:buildLog:executionEnvironment:restorePersistedBuildResults:operationToEnqueue:error:] (in Xcode3Core)
 13   -[Xcode3CommandLineBuildTool doBuildForBuildAction:timingSection:colorize:colorizeFailure:error:] (in Xcode3Core)
 14   -[Xcode3CommandLineBuildTool _buildWithTimingSection:] (in Xcode3Core)
 15   -[Xcode3CommandLineBuildTool run] (in Xcode3Core)
 16   XcodeBuildMain (in libxcodebuildLoader.dylib)
 17   -[XcodebuildPreIDEHandler loadXcode3ProjectSupportAndRunXcode3CommandLineBuildToolWithArguments:] (in xcodebuild)
 18   -[XcodebuildPreIDEHandler runWithArguments:] (in xcodebuild)
 19   main (in xcodebuild)
 20   start (in dyld)

<__DVTSwiftAsyncOperation: 0x81695ad00; state = AReFc> created at:
  0   -[DVTOperation init] (in DVTFoundation)
  1   @objc DVTAsyncOperation.init() (in DVTFoundation)
  2   static DVTOperation.awaiting(_:) (in DVTFoundation)
  3   @objc static IDESchemeAction.operationToWaitForFinishedLoadingOperation(of:) (in IDEFoundation)
  4   -[IDESchemeAction _setUpOperationsForPackageLoadingInWorkspace:handlePreActionsActivityLogSection:isCleanOperation:] (in IDEFoundation)
  5   -[IDESchemeAction setUpActionDependenciesForCorePhaseOperation:shouldRunPostActionsBlock:prePhaseEnvironmentPopulationBlock:postPhaseEnvironmentPopulationBlock:handlePreActionsActivityLogSection:handlePostActionsActivityLogSection:buildParameters:schemeActionResultOperation:error:] (in IDEFoundation)
  6   -[IDETestSchemeAction testOperationWithSchemeOperationParameters:testManager:buildOperation:buildParameters:schemeCommand:actionRecord:testPlanRunSpecifications:deviceAvailableChecker:outError:actionCallbackBlock:] (in IDEFoundation)
  7   -[IDEScheme(TestSchemeAction) executionOperationForTestSchemeActionWithOperationParameters:command:buildOperationVariantSpecifiers:buildOperationGroup:schemeActionResult:buildParameters:shouldOnlyBuild:runDestination:orderedOperations:schemeActionRecord:deviceAvailableChecker:actionCallbackBlock:error:] (in IDEFoundation)
  8   -[IDEScheme _executionOperationForSchemeOperationParameters:build:onlyBuild:buildParameters:title:buildLog:dontActuallyRunCommands:restorePersistedBuildResults:deviceAvailableChecker:error:actionCallbackBlock:] (in IDEFoundation)
  9   -[IDEScheme(TestSchemeAction) schemeTestActionOperationForSchemeOperationParameters:onlyBuild:buildLog:deviceAvailableChecker:buildParameters:shouldBuild:restorePersistedBuildResults:error:completionBlock:] (in IDEFoundation)
 10   -[IDEScheme buildAndActionTaskForSchemeOperationParameters:shouldBuild:onlyBuild:buildParameters:buildLog:deviceAvailableChecker:restorePersistedBuildResults:dontActuallyRunCommands:error:completionBlock:] (in IDEFoundation)
 11   -[IDEScheme schemeOperationForSchemeOperationParameters:buildLog:overridingProperties:overridingBuildConfiguration:dontActuallyRunCommands:restorePersistedBuildResults:deviceAvailableChecker:error:completionBlock:] (in IDEFoundation)
 12   -[IDEScheme schemeOperationForSchemeOperationParameters:buildLog:overridingProperties:overridingBuildConfiguration:dontActuallyRunCommands:restorePersistedBuildResults:error:completionBlock:] (in IDEFoundation)
 13   -[Xcode3CommandLineBuildTool(TestSchemeAction) buildForTestSchemeCommandWantsSkip:buildAction:isProjectBuild:title:buildLog:isMoreDestinationsPending:runDestinations:runDestination:schemeCommand:executionEnvironment:restorePersistedBuildResults:operationToEnqueue:error:] (in Xcode3Core)
 14   -[Xcode3CommandLineBuildTool doSchemeBuildWithRunDestinations:runDestinationIdx:wantsSkip:buildActionTimingSection:timingSection:buildAction:isMoreDesinationsPending:actionResultBlock:title:buildLog:executionEnvironment:restorePersistedBuildResults:operationToEnqueue:error:] (in Xcode3Core)
 15   -[Xcode3CommandLineBuildTool doBuildForBuildAction:timingSection:colorize:colorizeFailure:error:] (in Xcode3Core)
 16   -[Xcode3CommandLineBuildTool _buildWithTimingSection:] (in Xcode3Core)
 17   -[Xcode3CommandLineBuildTool run] (in Xcode3Core)
 18   XcodeBuildMain (in libxcodebuildLoader.dylib)
 19   -[XcodebuildPreIDEHandler loadXcode3ProjectSupportAndRunXcode3CommandLineBuildToolWithArguments:] (in xcodebuild)
 20   -[XcodebuildPreIDEHandler runWithArguments:] (in xcodebuild)
 21   main (in xcodebuild)
 22   start (in dyld)

<__DVTSwiftAsyncOperation: 0x81695b000; state = AReFc> created at:
  0   -[DVTOperation init] (in DVTFoundation)
  1   @objc DVTAsyncOperation.init() (in DVTFoundation)
  2   @objc static DVTOperation.operationWithMainThreadBlock(_:) (in DVTFoundation)
  3   -[IDESchemeAction _setUpOperationsForPackageLoadingInWorkspace:handlePreActionsActivityLogSection:isCleanOperation:] (in IDEFoundation)
  4   -[IDESchemeAction setUpActionDependenciesForCorePhaseOperation:shouldRunPostActionsBlock:prePhaseEnvironmentPopulationBlock:postPhaseEnvironmentPopulationBlock:handlePreActionsActivityLogSection:handlePostActionsActivityLogSection:buildParameters:schemeActionResultOperation:error:] (in IDEFoundation)
  5   -[IDETestSchemeAction testOperationWithSchemeOperationParameters:testManager:buildOperation:buildParameters:schemeCommand:actionRecord:testPlanRunSpecifications:deviceAvailableChecker:outError:actionCallbackBlock:] (in IDEFoundation)
  6   -[IDEScheme(TestSchemeAction) executionOperationForTestSchemeActionWithOperationParameters:command:buildOperationVariantSpecifiers:buildOperationGroup:schemeActionResult:buildParameters:shouldOnlyBuild:runDestination:orderedOperations:schemeActionRecord:deviceAvailableChecker:actionCallbackBlock:error:] (in IDEFoundation)
  7   -[IDEScheme _executionOperationForSchemeOperationParameters:build:onlyBuild:buildParameters:title:buildLog:dontActuallyRunCommands:restorePersistedBuildResults:deviceAvailableChecker:error:actionCallbackBlock:] (in IDEFoundation)
  8   -[IDEScheme(TestSchemeAction) schemeTestActionOperationForSchemeOperationParameters:onlyBuild:buildLog:deviceAvailableChecker:buildParameters:shouldBuild:restorePersistedBuildResults:error:completionBlock:] (in IDEFoundation)
  9   -[IDEScheme buildAndActionTaskForSchemeOperationParameters:shouldBuild:onlyBuild:buildParameters:buildLog:deviceAvailableChecker:restorePersistedBuildResults:dontActuallyRunCommands:error:completionBlock:] (in IDEFoundation)
 10   -[IDEScheme schemeOperationForSchemeOperationParameters:buildLog:overridingProperties:overridingBuildConfiguration:dontActuallyRunCommands:restorePersistedBuildResults:deviceAvailableChecker:error:completionBlock:] (in IDEFoundation)
 11   -[IDEScheme schemeOperationForSchemeOperationParameters:buildLog:overridingProperties:overridingBuildConfiguration:dontActuallyRunCommands:restorePersistedBuildResults:error:completionBlock:] (in IDEFoundation)
 12   -[Xcode3CommandLineBuildTool(TestSchemeAction) buildForTestSchemeCommandWantsSkip:buildAction:isProjectBuild:title:buildLog:isMoreDestinationsPending:runDestinations:runDestination:schemeCommand:executionEnvironment:restorePersistedBuildResults:operationToEnqueue:error:] (in Xcode3Core)
 13   -[Xcode3CommandLineBuildTool doSchemeBuildWithRunDestinations:runDestinationIdx:wantsSkip:buildActionTimingSection:timingSection:buildAction:isMoreDesinationsPending:actionResultBlock:title:buildLog:executionEnvironment:restorePersistedBuildResults:operationToEnqueue:error:] (in Xcode3Core)
 14   -[Xcode3CommandLineBuildTool doBuildForBuildAction:timingSection:colorize:colorizeFailure:error:] (in Xcode3Core)
 15   -[Xcode3CommandLineBuildTool _buildWithTimingSection:] (in Xcode3Core)
 16   -[Xcode3CommandLineBuildTool run] (in Xcode3Core)
 17   XcodeBuildMain (in libxcodebuildLoader.dylib)
 18   -[XcodebuildPreIDEHandler loadXcode3ProjectSupportAndRunXcode3CommandLineBuildToolWithArguments:] (in xcodebuild)
 19   -[XcodebuildPreIDEHandler runWithArguments:] (in xcodebuild)
 20   main (in xcodebuild)
 21   start (in dyld)

<DVTOperation: 0x813b31cc0; state = aReFc> created at:
  0   -[DVTOperation init] (in DVTFoundation)
  1   +[DVTOperation(DVTConveniences) operationWithBlock:] (in DVTFoundation)
  2   -[IDESchemeAction setUpActionDependenciesForCorePhaseOperation:shouldRunPostActionsBlock:prePhaseEnvironmentPopulationBlock:postPhaseEnvironmentPopulationBlock:handlePreActionsActivityLogSection:handlePostActionsActivityLogSection:buildParameters:schemeActionResultOperation:error:] (in IDEFoundation)
  3   -[IDETestSchemeAction testOperationWithSchemeOperationParameters:testManager:buildOperation:buildParameters:schemeCommand:actionRecord:testPlanRunSpecifications:deviceAvailableChecker:outError:actionCallbackBlock:] (in IDEFoundation)
  4   -[IDEScheme(TestSchemeAction) executionOperationForTestSchemeActionWithOperationParameters:command:buildOperationVariantSpecifiers:buildOperationGroup:schemeActionResult:buildParameters:shouldOnlyBuild:runDestination:orderedOperations:schemeActionRecord:deviceAvailableChecker:actionCallbackBlock:error:] (in IDEFoundation)
  5   -[IDEScheme _executionOperationForSchemeOperationParameters:build:onlyBuild:buildParameters:title:buildLog:dontActuallyRunCommands:restorePersistedBuildResults:deviceAvailableChecker:error:actionCallbackBlock:] (in IDEFoundation)
  6   -[IDEScheme(TestSchemeAction) schemeTestActionOperationForSchemeOperationParameters:onlyBuild:buildLog:deviceAvailableChecker:buildParameters:shouldBuild:restorePersistedBuildResults:error:completionBlock:] (in IDEFoundation)
  7   -[IDEScheme buildAndActionTaskForSchemeOperationParameters:shouldBuild:onlyBuild:buildParameters:buildLog:deviceAvailableChecker:restorePersistedBuildResults:dontActuallyRunCommands:error:completionBlock:] (in IDEFoundation)
  8   -[IDEScheme schemeOperationForSchemeOperationParameters:buildLog:overridingProperties:overridingBuildConfiguration:dontActuallyRunCommands:restorePersistedBuildResults:deviceAvailableChecker:error:completionBlock:] (in IDEFoundation)
  9   -[IDEScheme schemeOperationForSchemeOperationParameters:buildLog:overridingProperties:overridingBuildConfiguration:dontActuallyRunCommands:restorePersistedBuildResults:error:completionBlock:] (in IDEFoundation)
 10   -[Xcode3CommandLineBuildTool(TestSchemeAction) buildForTestSchemeCommandWantsSkip:buildAction:isProjectBuild:title:buildLog:isMoreDestinationsPending:runDestinations:runDestination:schemeCommand:executionEnvironment:restorePersistedBuildResults:operationToEnqueue:error:] (in Xcode3Core)
 11   -[Xcode3CommandLineBuildTool doSchemeBuildWithRunDestinations:runDestinationIdx:wantsSkip:buildActionTimingSection:timingSection:buildAction:isMoreDesinationsPending:actionResultBlock:title:buildLog:executionEnvironment:restorePersistedBuildResults:operationToEnqueue:error:] (in Xcode3Core)
 12   -[Xcode3CommandLineBuildTool doBuildForBuildAction:timingSection:colorize:colorizeFailure:error:] (in Xcode3Core)
 13   -[Xcode3CommandLineBuildTool _buildWithTimingSection:] (in Xcode3Core)
 14   -[Xcode3CommandLineBuildTool run] (in Xcode3Core)
 15   XcodeBuildMain (in libxcodebuildLoader.dylib)
 16   -[XcodebuildPreIDEHandler loadXcode3ProjectSupportAndRunXcode3CommandLineBuildToolWithArguments:] (in xcodebuild)
 17   -[XcodebuildPreIDEHandler runWithArguments:] (in xcodebuild)
 18   main (in xcodebuild)
 19   start (in dyld)

<__DVTSwiftAsyncOperation: 0x81695a880; state = AReFc> created at:
  0   -[DVTOperation init] (in DVTFoundation)
  1   @objc DVTAsyncOperation.init() (in DVTFoundation)
  2   static DVTOperation.awaiting(_:) (in DVTFoundation)
  3   @objc static IDESchemeAction.operationToWaitForFinishedLoadingOperation(of:) (in IDEFoundation)
  4   -[IDESchemeAction setUpActionDependenciesForCorePhaseOperation:shouldRunPostActionsBlock:prePhaseEnvironmentPopulationBlock:postPhaseEnvironmentPopulationBlock:handlePreActionsActivityLogSection:handlePostActionsActivityLogSection:buildParameters:schemeActionResultOperation:error:] (in IDEFoundation)
  5   -[IDETestSchemeAction testOperationWithSchemeOperationParameters:testManager:buildOperation:buildParameters:schemeCommand:actionRecord:testPlanRunSpecifications:deviceAvailableChecker:outError:actionCallbackBlock:] (in IDEFoundation)
  6   -[IDEScheme(TestSchemeAction) executionOperationForTestSchemeActionWithOperationParameters:command:buildOperationVariantSpecifiers:buildOperationGroup:schemeActionResult:buildParameters:shouldOnlyBuild:runDestination:orderedOperations:schemeActionRecord:deviceAvailableChecker:actionCallbackBlock:error:] (in IDEFoundation)
  7   -[IDEScheme _executionOperationForSchemeOperationParameters:build:onlyBuild:buildParameters:title:buildLog:dontActuallyRunCommands:restorePersistedBuildResults:deviceAvailableChecker:error:actionCallbackBlock:] (in IDEFoundation)
  8   -[IDEScheme(TestSchemeAction) schemeTestActionOperationForSchemeOperationParameters:onlyBuild:buildLog:deviceAvailableChecker:buildParameters:shouldBuild:restorePersistedBuildResults:error:completionBlock:] (in IDEFoundation)
  9   -[IDEScheme buildAndActionTaskForSchemeOperationParameters:shouldBuild:onlyBuild:buildParameters:buildLog:deviceAvailableChecker:restorePersistedBuildResults:dontActuallyRunCommands:error:completionBlock:] (in IDEFoundation)
 10   -[IDEScheme schemeOperationForSchemeOperationParameters:buildLog:overridingProperties:overridingBuildConfiguration:dontActuallyRunCommands:restorePersistedBuildResults:deviceAvailableChecker:error:completionBlock:] (in IDEFoundation)
 11   -[IDEScheme schemeOperationForSchemeOperationParameters:buildLog:overridingProperties:overridingBuildConfiguration:dontActuallyRunCommands:restorePersistedBuildResults:error:completionBlock:] (in IDEFoundation)
 12   -[Xcode3CommandLineBuildTool(TestSchemeAction) buildForTestSchemeCommandWantsSkip:buildAction:isProjectBuild:title:buildLog:isMoreDestinationsPending:runDestinations:runDestination:schemeCommand:executionEnvironment:restorePersistedBuildResults:operationToEnqueue:error:] (in Xcode3Core)
 13   -[Xcode3CommandLineBuildTool doSchemeBuildWithRunDestinations:runDestinationIdx:wantsSkip:buildActionTimingSection:timingSection:buildAction:isMoreDesinationsPending:actionResultBlock:title:buildLog:executionEnvironment:restorePersistedBuildResults:operationToEnqueue:error:] (in Xcode3Core)
 14   -[Xcode3CommandLineBuildTool doBuildForBuildAction:timingSection:colorize:colorizeFailure:error:] (in Xcode3Core)
 15   -[Xcode3CommandLineBuildTool _buildWithTimingSection:] (in Xcode3Core)
 16   -[Xcode3CommandLineBuildTool run] (in Xcode3Core)
 17   XcodeBuildMain (in libxcodebuildLoader.dylib)
 18   -[XcodebuildPreIDEHandler loadXcode3ProjectSupportAndRunXcode3CommandLineBuildToolWithArguments:] (in xcodebuild)
 19   -[XcodebuildPreIDEHandler runWithArguments:] (in xcodebuild)
 20   main (in xcodebuild)
 21   start (in dyld)

<__DVTSwiftAsyncOperation: 0x81695ab80; state = AReFc> created at:
  0   -[DVTOperation init] (in DVTFoundation)
  1   @objc DVTAsyncOperation.init() (in DVTFoundation)
  2   @objc static DVTOperation.operationWithMainThreadBlock(_:) (in DVTFoundation)
  3   -[IDESchemeAction _setUpOperationsForPackageLoadingInWorkspace:handlePreActionsActivityLogSection:isCleanOperation:] (in IDEFoundation)
  4   -[IDESchemeAction setUpActionDependenciesForCorePhaseOperation:shouldRunPostActionsBlock:prePhaseEnvironmentPopulationBlock:postPhaseEnvironmentPopulationBlock:handlePreActionsActivityLogSection:handlePostActionsActivityLogSection:buildParameters:schemeActionResultOperation:error:] (in IDEFoundation)
  5   -[IDETestSchemeAction testOperationWithSchemeOperationParameters:testManager:buildOperation:buildParameters:schemeCommand:actionRecord:testPlanRunSpecifications:deviceAvailableChecker:outError:actionCallbackBlock:] (in IDEFoundation)
  6   -[IDEScheme(TestSchemeAction) executionOperationForTestSchemeActionWithOperationParameters:command:buildOperationVariantSpecifiers:buildOperationGroup:schemeActionResult:buildParameters:shouldOnlyBuild:runDestination:orderedOperations:schemeActionRecord:deviceAvailableChecker:actionCallbackBlock:error:] (in IDEFoundation)
  7   -[IDEScheme _executionOperationForSchemeOperationParameters:build:onlyBuild:buildParameters:title:buildLog:dontActuallyRunCommands:restorePersistedBuildResults:deviceAvailableChecker:error:actionCallbackBlock:] (in IDEFoundation)
  8   -[IDEScheme(TestSchemeAction) schemeTestActionOperationForSchemeOperationParameters:onlyBuild:buildLog:deviceAvailableChecker:buildParameters:shouldBuild:restorePersistedBuildResults:error:completionBlock:] (in IDEFoundation)
  9   -[IDEScheme buildAndActionTaskForSchemeOperationParameters:shouldBuild:onlyBuild:buildParameters:buildLog:deviceAvailableChecker:restorePersistedBuildResults:dontActuallyRunCommands:error:completionBlock:] (in IDEFoundation)
 10   -[IDEScheme schemeOperationForSchemeOperationParameters:buildLog:overridingProperties:overridingBuildConfiguration:dontActuallyRunCommands:restorePersistedBuildResults:deviceAvailableChecker:error:completionBlock:] (in IDEFoundation)
 11   -[IDEScheme schemeOperationForSchemeOperationParameters:buildLog:overridingProperties:overridingBuildConfiguration:dontActuallyRunCommands:restorePersistedBuildResults:error:completionBlock:] (in IDEFoundation)
 12   -[Xcode3CommandLineBuildTool(TestSchemeAction) buildForTestSchemeCommandWantsSkip:buildAction:isProjectBuild:title:buildLog:isMoreDestinationsPending:runDestinations:runDestination:schemeCommand:executionEnvironment:restorePersistedBuildResults:operationToEnqueue:error:] (in Xcode3Core)
 13   -[Xcode3CommandLineBuildTool doSchemeBuildWithRunDestinations:runDestinationIdx:wantsSkip:buildActionTimingSection:timingSection:buildAction:isMoreDesinationsPending:actionResultBlock:title:buildLog:executionEnvironment:restorePersistedBuildResults:operationToEnqueue:error:] (in Xcode3Core)
 14   -[Xcode3CommandLineBuildTool doBuildForBuildAction:timingSection:colorize:colorizeFailure:error:] (in Xcode3Core)
 15   -[Xcode3CommandLineBuildTool _buildWithTimingSection:] (in Xcode3Core)
 16   -[Xcode3CommandLineBuildTool run] (in Xcode3Core)
 17   XcodeBuildMain (in libxcodebuildLoader.dylib)
 18   -[XcodebuildPreIDEHandler loadXcode3ProjectSupportAndRunXcode3CommandLineBuildToolWithArguments:] (in xcodebuild)
 19   -[XcodebuildPreIDEHandler runWithArguments:] (in xcodebuild)
 20   main (in xcodebuild)
 21   start (in dyld)

<DVTOperation: 0x813b31b80; state = aReFc> created at:
  0   -[DVTOperation init] (in DVTFoundation)
  1   +[DVTOperation(DVTConveniences) operationWithBlock:] (in DVTFoundation)
  2   -[IDESchemeAction setUpActionDependenciesForCorePhaseOperation:shouldRunPostActionsBlock:prePhaseEnvironmentPopulationBlock:postPhaseEnvironmentPopulationBlock:handlePreActionsActivityLogSection:handlePostActionsActivityLogSection:buildParameters:schemeActionResultOperation:error:] (in IDEFoundation)
  3   -[IDETestSchemeAction testOperationWithSchemeOperationParameters:testManager:buildOperation:buildParameters:schemeCommand:actionRecord:testPlanRunSpecifications:deviceAvailableChecker:outError:actionCallbackBlock:] (in IDEFoundation)
  4   -[IDEScheme(TestSchemeAction) executionOperationForTestSchemeActionWithOperationParameters:command:buildOperationVariantSpecifiers:buildOperationGroup:schemeActionResult:buildParameters:shouldOnlyBuild:runDestination:orderedOperations:schemeActionRecord:deviceAvailableChecker:actionCallbackBlock:error:] (in IDEFoundation)
  5   -[IDEScheme _executionOperationForSchemeOperationParameters:build:onlyBuild:buildParameters:title:buildLog:dontActuallyRunCommands:restorePersistedBuildResults:deviceAvailableChecker:error:actionCallbackBlock:] (in IDEFoundation)
  6   -[IDEScheme(TestSchemeAction) schemeTestActionOperationForSchemeOperationParameters:onlyBuild:buildLog:deviceAvailableChecker:buildParameters:shouldBuild:restorePersistedBuildResults:error:completionBlock:] (in IDEFoundation)
  7   -[IDEScheme buildAndActionTaskForSchemeOperationParameters:shouldBuild:onlyBuild:buildParameters:buildLog:deviceAvailableChecker:restorePersistedBuildResults:dontActuallyRunCommands:error:completionBlock:] (in IDEFoundation)
  8   -[IDEScheme schemeOperationForSchemeOperationParameters:buildLog:overridingProperties:overridingBuildConfiguration:dontActuallyRunCommands:restorePersistedBuildResults:deviceAvailableChecker:error:completionBlock:] (in IDEFoundation)
  9   -[IDEScheme schemeOperationForSchemeOperationParameters:buildLog:overridingProperties:overridingBuildConfiguration:dontActuallyRunCommands:restorePersistedBuildResults:error:completionBlock:] (in IDEFoundation)
 10   -[Xcode3CommandLineBuildTool(TestSchemeAction) buildForTestSchemeCommandWantsSkip:buildAction:isProjectBuild:title:buildLog:isMoreDestinationsPending:runDestinations:runDestination:schemeCommand:executionEnvironment:restorePersistedBuildResults:operationToEnqueue:error:] (in Xcode3Core)
 11   -[Xcode3CommandLineBuildTool doSchemeBuildWithRunDestinations:runDestinationIdx:wantsSkip:buildActionTimingSection:timingSection:buildAction:isMoreDesinationsPending:actionResultBlock:title:buildLog:executionEnvironment:restorePersistedBuildResults:operationToEnqueue:error:] (in Xcode3Core)
 12   -[Xcode3CommandLineBuildTool doBuildForBuildAction:timingSection:colorize:colorizeFailure:error:] (in Xcode3Core)
 13   -[Xcode3CommandLineBuildTool _buildWithTimingSection:] (in Xcode3Core)
 14   -[Xcode3CommandLineBuildTool run] (in Xcode3Core)
 15   XcodeBuildMain (in libxcodebuildLoader.dylib)
 16   -[XcodebuildPreIDEHandler loadXcode3ProjectSupportAndRunXcode3CommandLineBuildToolWithArguments:] (in xcodebuild)
 17   -[XcodebuildPreIDEHandler runWithArguments:] (in xcodebuild)
 18   main (in xcodebuild)
 19   start (in dyld)

<DVTOperation: 0x813b31f40; state = aReFc> created at:
  0   -[DVTOperation init] (in DVTFoundation)
  1   +[DVTOperation(DVTConveniences) operationWithBlock:] (in DVTFoundation)
  2   -[IDETestSchemeAction testOperationWithSchemeOperationParameters:testManager:buildOperation:buildParameters:schemeCommand:actionRecord:testPlanRunSpecifications:deviceAvailableChecker:outError:actionCallbackBlock:] (in IDEFoundation)
  3   -[IDEScheme(TestSchemeAction) executionOperationForTestSchemeActionWithOperationParameters:command:buildOperationVariantSpecifiers:buildOperationGroup:schemeActionResult:buildParameters:shouldOnlyBuild:runDestination:orderedOperations:schemeActionRecord:deviceAvailableChecker:actionCallbackBlock:error:] (in IDEFoundation)
  4   -[IDEScheme _executionOperationForSchemeOperationParameters:build:onlyBuild:buildParameters:title:buildLog:dontActuallyRunCommands:restorePersistedBuildResults:deviceAvailableChecker:error:actionCallbackBlock:] (in IDEFoundation)
  5   -[IDEScheme(TestSchemeAction) schemeTestActionOperationForSchemeOperationParameters:onlyBuild:buildLog:deviceAvailableChecker:buildParameters:shouldBuild:restorePersistedBuildResults:error:completionBlock:] (in IDEFoundation)
  6   -[IDEScheme buildAndActionTaskForSchemeOperationParameters:shouldBuild:onlyBuild:buildParameters:buildLog:deviceAvailableChecker:restorePersistedBuildResults:dontActuallyRunCommands:error:completionBlock:] (in IDEFoundation)
  7   -[IDEScheme schemeOperationForSchemeOperationParameters:buildLog:overridingProperties:overridingBuildConfiguration:dontActuallyRunCommands:restorePersistedBuildResults:deviceAvailableChecker:error:completionBlock:] (in IDEFoundation)
  8   -[IDEScheme schemeOperationForSchemeOperationParameters:buildLog:overridingProperties:overridingBuildConfiguration:dontActuallyRunCommands:restorePersistedBuildResults:error:completionBlock:] (in IDEFoundation)
  9   -[Xcode3CommandLineBuildTool(TestSchemeAction) buildForTestSchemeCommandWantsSkip:buildAction:isProjectBuild:title:buildLog:isMoreDestinationsPending:runDestinations:runDestination:schemeCommand:executionEnvironment:restorePersistedBuildResults:operationToEnqueue:error:] (in Xcode3Core)
 10   -[Xcode3CommandLineBuildTool doSchemeBuildWithRunDestinations:runDestinationIdx:wantsSkip:buildActionTimingSection:timingSection:buildAction:isMoreDesinationsPending:actionResultBlock:title:buildLog:executionEnvironment:restorePersistedBuildResults:operationToEnqueue:error:] (in Xcode3Core)
 11   -[Xcode3CommandLineBuildTool doBuildForBuildAction:timingSection:colorize:colorizeFailure:error:] (in Xcode3Core)
 12   -[Xcode3CommandLineBuildTool _buildWithTimingSection:] (in Xcode3Core)
 13   -[Xcode3CommandLineBuildTool run] (in Xcode3Core)
 14   XcodeBuildMain (in libxcodebuildLoader.dylib)
 15   -[XcodebuildPreIDEHandler loadXcode3ProjectSupportAndRunXcode3CommandLineBuildToolWithArguments:] (in xcodebuild)
 16   -[XcodebuildPreIDEHandler runWithArguments:] (in xcodebuild)
 17   main (in xcodebuild)
 18   start (in dyld)

<_IDETestingFinalizeLogsOperation: 0x813b321c0; name = 'Finalize test log', state = aReFc> created at:
  0   -[DVTOperation init] (in DVTFoundation)
  1   +[DVTOperation(DVTConveniences) operationWithBlock:] (in DVTFoundation)
  2   -[IDETestSchemeAction _finalizeLogOperationWithRecorder:launchLogsSectionRecorder:] (in IDEFoundation)
  3   -[IDETestSchemeAction testOperationWithSchemeOperationParameters:testManager:buildOperation:buildParameters:schemeCommand:actionRecord:testPlanRunSpecifications:deviceAvailableChecker:outError:actionCallbackBlock:] (in IDEFoundation)
  4   -[IDEScheme(TestSchemeAction) executionOperationForTestSchemeActionWithOperationParameters:command:buildOperationVariantSpecifiers:buildOperationGroup:schemeActionResult:buildParameters:shouldOnlyBuild:runDestination:orderedOperations:schemeActionRecord:deviceAvailableChecker:actionCallbackBlock:error:] (in IDEFoundation)
  5   -[IDEScheme _executionOperationForSchemeOperationParameters:build:onlyBuild:buildParameters:title:buildLog:dontActuallyRunCommands:restorePersistedBuildResults:deviceAvailableChecker:error:actionCallbackBlock:] (in IDEFoundation)
  6   -[IDEScheme(TestSchemeAction) schemeTestActionOperationForSchemeOperationParameters:onlyBuild:buildLog:deviceAvailableChecker:buildParameters:shouldBuild:restorePersistedBuildResults:error:completionBlock:] (in IDEFoundation)
  7   -[IDEScheme buildAndActionTaskForSchemeOperationParameters:shouldBuild:onlyBuild:buildParameters:buildLog:deviceAvailableChecker:restorePersistedBuildResults:dontActuallyRunCommands:error:completionBlock:] (in IDEFoundation)
  8   -[IDEScheme schemeOperationForSchemeOperationParameters:buildLog:overridingProperties:overridingBuildConfiguration:dontActuallyRunCommands:restorePersistedBuildResults:deviceAvailableChecker:error:completionBlock:] (in IDEFoundation)
  9   -[IDEScheme schemeOperationForSchemeOperationParameters:buildLog:overridingProperties:overridingBuildConfiguration:dontActuallyRunCommands:restorePersistedBuildResults:error:completionBlock:] (in IDEFoundation)
 10   -[Xcode3CommandLineBuildTool(TestSchemeAction) buildForTestSchemeCommandWantsSkip:buildAction:isProjectBuild:title:buildLog:isMoreDestinationsPending:runDestinations:runDestination:schemeCommand:executionEnvironment:restorePersistedBuildResults:operationToEnqueue:error:] (in Xcode3Core)
 11   -[Xcode3CommandLineBuildTool doSchemeBuildWithRunDestinations:runDestinationIdx:wantsSkip:buildActionTimingSection:timingSection:buildAction:isMoreDesinationsPending:actionResultBlock:title:buildLog:executionEnvironment:restorePersistedBuildResults:operationToEnqueue:error:] (in Xcode3Core)
 12   -[Xcode3CommandLineBuildTool doBuildForBuildAction:timingSection:colorize:colorizeFailure:error:] (in Xcode3Core)
 13   -[Xcode3CommandLineBuildTool _buildWithTimingSection:] (in Xcode3Core)
 14   -[Xcode3CommandLineBuildTool run] (in Xcode3Core)
 15   XcodeBuildMain (in libxcodebuildLoader.dylib)
 16   -[XcodebuildPreIDEHandler loadXcode3ProjectSupportAndR
Test session results, code coverage, and logs:
	/Users/german/Work/JS/polski-grammar-srs/kotlin/iosApp/build/FinalVirtualToolbarIPadFull/Logs/Test/Test-PolskiGrammar-2026.09.24_21-41-48-+0200.xcresult

** TEST SUCCEEDED **

unXcode3CommandLineBuildToolWithArguments:] (in xcodebuild)
 17   -[XcodebuildPreIDEHandler runWithArguments:] (in xcodebuild)
 18   main (in xcodebuild)
 19   start (in dyld)

