Command line invocation:
    /Applications/Xcode.app/Contents/Developer/usr/bin/xcodebuild test -project kotlin/iosApp/PolskiGrammar.xcodeproj -scheme PolskiGrammar -configuration Debug -destination "platform=iOS Simulator,id=1885365E-A680-4EAC-926F-08E58B95A83D" -derivedDataPath kotlin/iosApp/build/FinalVirtualIPadFix CODE_SIGNING_ALLOWED=NO -parallel-testing-enabled NO "-only-testing:PolskiGrammarUITests/PolskiGrammarUITests/testNativeVocabularyRevealAndBinaryRating" "-only-testing:PolskiGrammarUITests/PolskiGrammarUITests/testTypedPolishAnswerUsesNativeInput"

Build settings from command line:
    CODE_SIGNING_ALLOWED = NO

ComputePackagePrebuildTargetDependencyGraph

Prepare packages

CreateBuildRequest

SendProjectDescription

CreateBuildOperation

ComputeTargetDependencyGraph
note: Building targets in dependency order
note: Target dependency graph (2 targets)
    Target 'PolskiGrammarUITests' in project 'PolskiGrammar'
        ➜ Explicit dependency on target 'PolskiGrammar' in project 'PolskiGrammar'
    Target 'PolskiGrammar' in project 'PolskiGrammar' (no dependencies)

GatherProvisioningInputs

CreateBuildDescription

ExecuteExternalTool /Applications/Xcode.app/Contents/Developer/Toolchains/XcodeDefault.xctoolchain/usr/bin/clang -v -E -dM -isysroot /Applications/Xcode.app/Contents/Developer/Platforms/iPhoneSimulator.platform/Developer/SDKs/iPhoneSimulator27.0.sdk -x c -c /dev/null

ExecuteExternalTool /Applications/Xcode.app/Contents/Developer/Toolchains/XcodeDefault.xctoolchain/usr/bin/swiftc --version

ExecuteExternalTool /Applications/Xcode.app/Contents/Developer/usr/bin/actool --print-asset-tag-combinations --output-format xml1 /Users/german/Work/JS/polski-grammar-srs/kotlin/iosApp/PolskiGrammar/Assets.xcassets

ExecuteExternalTool /Applications/Xcode.app/Contents/Developer/Toolchains/XcodeDefault.xctoolchain/usr/bin/ld -version_details

ExecuteExternalTool /Applications/Xcode.app/Contents/Developer/usr/bin/actool --version --output-format xml1

Build description signature: 245aa5852c970f3d57bbc278c7117c06
Build description path: /Users/german/Work/JS/polski-grammar-srs/kotlin/iosApp/build/FinalVirtualIPadFix/Build/Intermediates.noindex/XCBuildData/245aa5852c970f3d57bbc278c7117c06.xcbuilddata
CreateBuildDirectory /Users/german/Work/JS/polski-grammar-srs/kotlin/iosApp/build/FinalVirtualIPadFix/CompilationCache.noindex
    cd /Users/german/Work/JS/polski-grammar-srs/kotlin/iosApp/PolskiGrammar.xcodeproj
    builtin-create-build-directory /Users/german/Work/JS/polski-grammar-srs/kotlin/iosApp/build/FinalVirtualIPadFix/CompilationCache.noindex

CreateBuildDirectory /Users/german/Work/JS/polski-grammar-srs/kotlin/iosApp/build/FinalVirtualIPadFix/ModuleCache.noindex
    cd /Users/german/Work/JS/polski-grammar-srs/kotlin/iosApp/PolskiGrammar.xcodeproj
    builtin-create-build-directory /Users/german/Work/JS/polski-grammar-srs/kotlin/iosApp/build/FinalVirtualIPadFix/ModuleCache.noindex

CreateBuildDirectory /Users/german/Work/JS/polski-grammar-srs/kotlin/iosApp/build/FinalVirtualIPadFix/SDKExplicitPrecompiledModules
    cd /Users/german/Work/JS/polski-grammar-srs/kotlin/iosApp/PolskiGrammar.xcodeproj
    builtin-create-build-directory /Users/german/Work/JS/polski-grammar-srs/kotlin/iosApp/build/FinalVirtualIPadFix/SDKExplicitPrecompiledModules

CreateBuildDirectory /Users/german/Work/JS/polski-grammar-srs/kotlin/iosApp/build/FinalVirtualIPadFix/Build/Products
    cd /Users/german/Work/JS/polski-grammar-srs/kotlin/iosApp/PolskiGrammar.xcodeproj
    builtin-create-build-directory /Users/german/Work/JS/polski-grammar-srs/kotlin/iosApp/build/FinalVirtualIPadFix/Build/Products

CreateBuildDirectory /Users/german/Work/JS/polski-grammar-srs/kotlin/iosApp/build/FinalVirtualIPadFix/Build/Intermediates.noindex
    cd /Users/german/Work/JS/polski-grammar-srs/kotlin/iosApp/PolskiGrammar.xcodeproj
    builtin-create-build-directory /Users/german/Work/JS/polski-grammar-srs/kotlin/iosApp/build/FinalVirtualIPadFix/Build/Intermediates.noindex

ClangStatCache /Applications/Xcode.app/Contents/Developer/Toolchains/XcodeDefault.xctoolchain/usr/bin/clang-stat-cache /Applications/Xcode.app/Contents/Developer/Platforms/iPhoneSimulator.platform/Developer/SDKs/iPhoneSimulator27.0.sdk /Users/german/Work/JS/polski-grammar-srs/kotlin/iosApp/build/FinalVirtualIPadFix/SDKStatCaches.noindex/iphonesimulator27.0-24A430-8dc58220667be655e1bcc261a7455254.sdkstatcache
    cd /Users/german/Work/JS/polski-grammar-srs/kotlin/iosApp/PolskiGrammar.xcodeproj
    /Applications/Xcode.app/Contents/Developer/Toolchains/XcodeDefault.xctoolchain/usr/bin/clang-stat-cache /Applications/Xcode.app/Contents/Developer/Platforms/iPhoneSimulator.platform/Developer/SDKs/iPhoneSimulator27.0.sdk -o /Users/german/Work/JS/polski-grammar-srs/kotlin/iosApp/build/FinalVirtualIPadFix/SDKStatCaches.noindex/iphonesimulator27.0-24A430-8dc58220667be655e1bcc261a7455254.sdkstatcache

CreateBuildDirectory /Users/german/Work/JS/polski-grammar-srs/kotlin/iosApp/build/FinalVirtualIPadFix/Build/Intermediates.noindex/PrecompiledHeaders
    cd /Users/german/Work/JS/polski-grammar-srs/kotlin/iosApp/PolskiGrammar.xcodeproj
    builtin-create-build-directory /Users/german/Work/JS/polski-grammar-srs/kotlin/iosApp/build/FinalVirtualIPadFix/Build/Intermediates.noindex/PrecompiledHeaders

CreateBuildDirectory /Users/german/Work/JS/polski-grammar-srs/kotlin/iosApp/build/FinalVirtualIPadFix/Build/Intermediates.noindex/ExplicitPrecompiledModules
    cd /Users/german/Work/JS/polski-grammar-srs/kotlin/iosApp/PolskiGrammar.xcodeproj
    builtin-create-build-directory /Users/german/Work/JS/polski-grammar-srs/kotlin/iosApp/build/FinalVirtualIPadFix/Build/Intermediates.noindex/ExplicitPrecompiledModules

CreateBuildDirectory /Users/german/Work/JS/polski-grammar-srs/kotlin/iosApp/build/FinalVirtualIPadFix/Build/Intermediates.noindex/SwiftExplicitPrecompiledModules
    cd /Users/german/Work/JS/polski-grammar-srs/kotlin/iosApp/PolskiGrammar.xcodeproj
    builtin-create-build-directory /Users/german/Work/JS/polski-grammar-srs/kotlin/iosApp/build/FinalVirtualIPadFix/Build/Intermediates.noindex/SwiftExplicitPrecompiledModules

CreateBuildDirectory /Users/german/Work/JS/polski-grammar-srs/kotlin/iosApp/build/FinalVirtualIPadFix/Build/Intermediates.noindex/EagerLinkingTBDs/Debug-iphonesimulator
    cd /Users/german/Work/JS/polski-grammar-srs/kotlin/iosApp/PolskiGrammar.xcodeproj
    builtin-create-build-directory /Users/german/Work/JS/polski-grammar-srs/kotlin/iosApp/build/FinalVirtualIPadFix/Build/Intermediates.noindex/EagerLinkingTBDs/Debug-iphonesimulator

CreateBuildDirectory /Users/german/Work/JS/polski-grammar-srs/kotlin/iosApp/build/FinalVirtualIPadFix/Build/Products/Debug-iphonesimulator
    cd /Users/german/Work/JS/polski-grammar-srs/kotlin/iosApp/PolskiGrammar.xcodeproj
    builtin-create-build-directory /Users/german/Work/JS/polski-grammar-srs/kotlin/iosApp/build/FinalVirtualIPadFix/Build/Products/Debug-iphonesimulator

WriteAuxiliaryFile /Users/german/Work/JS/polski-grammar-srs/kotlin/iosApp/build/FinalVirtualIPadFix/Build/Intermediates.noindex/PolskiGrammar.build/Debug-iphonesimulator/PolskiGrammar-23ee0051a95c59732cc842b37800d5f6-VFS-iphonesimulator/all-product-headers.yaml
    cd /Users/german/Work/JS/polski-grammar-srs/kotlin/iosApp/PolskiGrammar.xcodeproj
    write-file /Users/german/Work/JS/polski-grammar-srs/kotlin/iosApp/build/FinalVirtualIPadFix/Build/Intermediates.noindex/PolskiGrammar.build/Debug-iphonesimulator/PolskiGrammar-23ee0051a95c59732cc842b37800d5f6-VFS-iphonesimulator/all-product-headers.yaml

WriteAuxiliaryFile /Users/german/Work/JS/polski-grammar-srs/kotlin/iosApp/build/FinalVirtualIPadFix/Build/Intermediates.noindex/PolskiGrammar.build/Debug-iphonesimulator/PolskiGrammarUITests.build/empty-PolskiGrammarUITests.plist (in target 'PolskiGrammarUITests' from project 'PolskiGrammar')
    cd /Users/german/Work/JS/polski-grammar-srs/kotlin/iosApp
    write-file /Users/german/Work/JS/polski-grammar-srs/kotlin/iosApp/build/FinalVirtualIPadFix/Build/Intermediates.noindex/PolskiGrammar.build/Debug-iphonesimulator/PolskiGrammarUITests.build/empty-PolskiGrammarUITests.plist

WriteAuxiliaryFile /Users/german/Work/JS/polski-grammar-srs/kotlin/iosApp/build/FinalVirtualIPadFix/Build/Intermediates.noindex/PolskiGrammar.build/Debug-iphonesimulator/PolskiGrammarUITests.build/ProductTypeInfoPlistAdditions.plist (in target 'PolskiGrammarUITests' from project 'PolskiGrammar')
    cd /Users/german/Work/JS/polski-grammar-srs/kotlin/iosApp
    write-file /Users/german/Work/JS/polski-grammar-srs/kotlin/iosApp/build/FinalVirtualIPadFix/Build/Intermediates.noindex/PolskiGrammar.build/Debug-iphonesimulator/PolskiGrammarUITests.build/ProductTypeInfoPlistAdditions.plist

WriteAuxiliaryFile /Users/german/Work/JS/polski-grammar-srs/kotlin/iosApp/build/FinalVirtualIPadFix/Build/Intermediates.noindex/PolskiGrammar.build/Debug-iphonesimulator/PolskiGrammarUITests.build/PolskiGrammarUITests.hmap (in target 'PolskiGrammarUITests' from project 'PolskiGrammar')
    cd /Users/german/Work/JS/polski-grammar-srs/kotlin/iosApp
    write-file /Users/german/Work/JS/polski-grammar-srs/kotlin/iosApp/build/FinalVirtualIPadFix/Build/Intermediates.noindex/PolskiGrammar.build/Debug-iphonesimulator/PolskiGrammarUITests.build/PolskiGrammarUITests.hmap

WriteAuxiliaryFile /Users/german/Work/JS/polski-grammar-srs/kotlin/iosApp/build/FinalVirtualIPadFix/Build/Intermediates.noindex/PolskiGrammar.build/Debug-iphonesimulator/PolskiGrammarUITests.build/PolskiGrammarUITests.DependencyStaticMetadataFileList (in target 'PolskiGrammarUITests' from project 'PolskiGrammar')
    cd /Users/german/Work/JS/polski-grammar-srs/kotlin/iosApp
    write-file /Users/german/Work/JS/polski-grammar-srs/kotlin/iosApp/build/FinalVirtualIPadFix/Build/Intermediates.noindex/PolskiGrammar.build/Debug-iphonesimulator/PolskiGrammarUITests.build/PolskiGrammarUITests.DependencyStaticMetadataFileList

WriteAuxiliaryFile /Users/german/Work/JS/polski-grammar-srs/kotlin/iosApp/build/FinalVirtualIPadFix/Build/Intermediates.noindex/PolskiGrammar.build/Debug-iphonesimulator/PolskiGrammarUITests.build/PolskiGrammarUITests.DependencyMetadataFileList (in target 'PolskiGrammarUITests' from project 'PolskiGrammar')
    cd /Users/german/Work/JS/polski-grammar-srs/kotlin/iosApp
    write-file /Users/german/Work/JS/polski-grammar-srs/kotlin/iosApp/build/FinalVirtualIPadFix/Build/Intermediates.noindex/PolskiGrammar.build/Debug-iphonesimulator/PolskiGrammarUITests.build/PolskiGrammarUITests.DependencyMetadataFileList

WriteAuxiliaryFile /Users/german/Work/JS/polski-grammar-srs/kotlin/iosApp/build/FinalVirtualIPadFix/Build/Intermediates.noindex/PolskiGrammar.build/Debug-iphonesimulator/PolskiGrammarUITests.build/PolskiGrammarUITests-project-headers.hmap (in target 'PolskiGrammarUITests' from project 'PolskiGrammar')
    cd /Users/german/Work/JS/polski-grammar-srs/kotlin/iosApp
    write-file /Users/german/Work/JS/polski-grammar-srs/kotlin/iosApp/build/FinalVirtualIPadFix/Build/Intermediates.noindex/PolskiGrammar.build/Debug-iphonesimulator/PolskiGrammarUITests.build/PolskiGrammarUITests-project-headers.hmap

WriteAuxiliaryFile /Users/german/Work/JS/polski-grammar-srs/kotlin/iosApp/build/FinalVirtualIPadFix/Build/Intermediates.noindex/PolskiGrammar.build/Debug-iphonesimulator/PolskiGrammarUITests.build/PolskiGrammarUITests-own-target-headers.hmap (in target 'PolskiGrammarUITests' from project 'PolskiGrammar')
    cd /Users/german/Work/JS/polski-grammar-srs/kotlin/iosApp
    write-file /Users/german/Work/JS/polski-grammar-srs/kotlin/iosApp/build/FinalVirtualIPadFix/Build/Intermediates.noindex/PolskiGrammar.build/Debug-iphonesimulator/PolskiGrammarUITests.build/PolskiGrammarUITests-own-target-headers.hmap

WriteAuxiliaryFile /Users/german/Work/JS/polski-grammar-srs/kotlin/iosApp/build/FinalVirtualIPadFix/Build/Intermediates.noindex/PolskiGrammar.build/Debug-iphonesimulator/PolskiGrammarUITests.build/PolskiGrammarUITests-generated-files.hmap (in target 'PolskiGrammarUITests' from project 'PolskiGrammar')
    cd /Users/german/Work/JS/polski-grammar-srs/kotlin/iosApp
    write-file /Users/german/Work/JS/polski-grammar-srs/kotlin/iosApp/build/FinalVirtualIPadFix/Build/Intermediates.noindex/PolskiGrammar.build/Debug-iphonesimulator/PolskiGrammarUITests.build/PolskiGrammarUITests-generated-files.hmap

WriteAuxiliaryFile /Users/german/Work/JS/polski-grammar-srs/kotlin/iosApp/build/FinalVirtualIPadFix/Build/Intermediates.noindex/PolskiGrammar.build/Debug-iphonesimulator/PolskiGrammarUITests.build/PolskiGrammarUITests-all-target-headers.hmap (in target 'PolskiGrammarUITests' from project 'PolskiGrammar')
    cd /Users/german/Work/JS/polski-grammar-srs/kotlin/iosApp
    write-file /Users/german/Work/JS/polski-grammar-srs/kotlin/iosApp/build/FinalVirtualIPadFix/Build/Intermediates.noindex/PolskiGrammar.build/Debug-iphonesimulator/PolskiGrammarUITests.build/PolskiGrammarUITests-all-target-headers.hmap

WriteAuxiliaryFile /Users/german/Work/JS/polski-grammar-srs/kotlin/iosApp/build/FinalVirtualIPadFix/Build/Intermediates.noindex/PolskiGrammar.build/Debug-iphonesimulator/PolskiGrammarUITests.build/PolskiGrammarUITests-all-non-framework-target-headers.hmap (in target 'PolskiGrammarUITests' from project 'PolskiGrammar')
    cd /Users/german/Work/JS/polski-grammar-srs/kotlin/iosApp
    write-file /Users/german/Work/JS/polski-grammar-srs/kotlin/iosApp/build/FinalVirtualIPadFix/Build/Intermediates.noindex/PolskiGrammar.build/Debug-iphonesimulator/PolskiGrammarUITests.build/PolskiGrammarUITests-all-non-framework-target-headers.hmap

WriteAuxiliaryFile /Users/german/Work/JS/polski-grammar-srs/kotlin/iosApp/build/FinalVirtualIPadFix/Build/Intermediates.noindex/PolskiGrammar.build/Debug-iphonesimulator/PolskiGrammarUITests.build/Objects-normal/arm64/PolskiGrammarUITests.SwiftFileList (in target 'PolskiGrammarUITests' from project 'PolskiGrammar')
    cd /Users/german/Work/JS/polski-grammar-srs/kotlin/iosApp
    write-file /Users/german/Work/JS/polski-grammar-srs/kotlin/iosApp/build/FinalVirtualIPadFix/Build/Intermediates.noindex/PolskiGrammar.build/Debug-iphonesimulator/PolskiGrammarUITests.build/Objects-normal/arm64/PolskiGrammarUITests.SwiftFileList

WriteAuxiliaryFile /Users/german/Work/JS/polski-grammar-srs/kotlin/iosApp/build/FinalVirtualIPadFix/Build/Intermediates.noindex/PolskiGrammar.build/Debug-iphonesimulator/PolskiGrammarUITests.build/Objects-normal/arm64/PolskiGrammarUITests_const_extract_protocols.json (in target 'PolskiGrammarUITests' from project 'PolskiGrammar')
    cd /Users/german/Work/JS/polski-grammar-srs/kotlin/iosApp
    write-file /Users/german/Work/JS/polski-grammar-srs/kotlin/iosApp/build/FinalVirtualIPadFix/Build/Intermediates.noindex/PolskiGrammar.build/Debug-iphonesimulator/PolskiGrammarUITests.build/Objects-normal/arm64/PolskiGrammarUITests_const_extract_protocols.json

WriteAuxiliaryFile /Users/german/Work/JS/polski-grammar-srs/kotlin/iosApp/build/FinalVirtualIPadFix/Build/Intermediates.noindex/PolskiGrammar.build/Debug-iphonesimulator/PolskiGrammarUITests.build/Objects-normal/arm64/PolskiGrammarUITests.SwiftConstValuesFileList (in target 'PolskiGrammarUITests' from project 'PolskiGrammar')
    cd /Users/german/Work/JS/polski-grammar-srs/kotlin/iosApp
    write-file /Users/german/Work/JS/polski-grammar-srs/kotlin/iosApp/build/FinalVirtualIPadFix/Build/Intermediates.noindex/PolskiGrammar.build/Debug-iphonesimulator/PolskiGrammarUITests.build/Objects-normal/arm64/PolskiGrammarUITests.SwiftConstValuesFileList

WriteAuxiliaryFile /Users/german/Work/JS/polski-grammar-srs/kotlin/iosApp/build/FinalVirtualIPadFix/Build/Intermediates.noindex/PolskiGrammar.build/Debug-iphonesimulator/PolskiGrammarUITests.build/Objects-normal/arm64/PolskiGrammarUITests.LinkFileList (in target 'PolskiGrammarUITests' from project 'PolskiGrammar')
    cd /Users/german/Work/JS/polski-grammar-srs/kotlin/iosApp
    write-file /Users/german/Work/JS/polski-grammar-srs/kotlin/iosApp/build/FinalVirtualIPadFix/Build/Intermediates.noindex/PolskiGrammar.build/Debug-iphonesimulator/PolskiGrammarUITests.build/Objects-normal/arm64/PolskiGrammarUITests.LinkFileList

WriteAuxiliaryFile /Users/german/Work/JS/polski-grammar-srs/kotlin/iosApp/build/FinalVirtualIPadFix/Build/Intermediates.noindex/PolskiGrammar.build/Debug-iphonesimulator/PolskiGrammarUITests.build/Objects-normal/arm64/PolskiGrammarUITests-OutputFileMap.json (in target 'PolskiGrammarUITests' from project 'PolskiGrammar')
    cd /Users/german/Work/JS/polski-grammar-srs/kotlin/iosApp
    write-file /Users/german/Work/JS/polski-grammar-srs/kotlin/iosApp/build/FinalVirtualIPadFix/Build/Intermediates.noindex/PolskiGrammar.build/Debug-iphonesimulator/PolskiGrammarUITests.build/Objects-normal/arm64/PolskiGrammarUITests-OutputFileMap.json

WriteAuxiliaryFile /Users/german/Work/JS/polski-grammar-srs/kotlin/iosApp/build/FinalVirtualIPadFix/Build/Intermediates.noindex/PolskiGrammar.build/Debug-iphonesimulator/PolskiGrammar.build/empty-PolskiGrammar.plist (in target 'PolskiGrammar' from project 'PolskiGrammar')
    cd /Users/german/Work/JS/polski-grammar-srs/kotlin/iosApp
    write-file /Users/german/Work/JS/polski-grammar-srs/kotlin/iosApp/build/FinalVirtualIPadFix/Build/Intermediates.noindex/PolskiGrammar.build/Debug-iphonesimulator/PolskiGrammar.build/empty-PolskiGrammar.plist

WriteAuxiliaryFile /Users/german/Work/JS/polski-grammar-srs/kotlin/iosApp/build/FinalVirtualIPadFix/Build/Intermediates.noindex/PolskiGrammar.build/Debug-iphonesimulator/PolskiGrammar.build/Script-DF070EF247392F9D1B643D23.sh (in target 'PolskiGrammar' from project 'PolskiGrammar')
    cd /Users/german/Work/JS/polski-grammar-srs/kotlin/iosApp
    write-file /Users/german/Work/JS/polski-grammar-srs/kotlin/iosApp/build/FinalVirtualIPadFix/Build/Intermediates.noindex/PolskiGrammar.build/Debug-iphonesimulator/PolskiGrammar.build/Script-DF070EF247392F9D1B643D23.sh

WriteAuxiliaryFile /Users/german/Work/JS/polski-grammar-srs/kotlin/iosApp/build/FinalVirtualIPadFix/Build/Intermediates.noindex/PolskiGrammar.build/Debug-iphonesimulator/PolskiGrammar.build/PolskiGrammar.hmap (in target 'PolskiGrammar' from project 'PolskiGrammar')
    cd /Users/german/Work/JS/polski-grammar-srs/kotlin/iosApp
    write-file /Users/german/Work/JS/polski-grammar-srs/kotlin/iosApp/build/FinalVirtualIPadFix/Build/Intermediates.noindex/PolskiGrammar.build/Debug-iphonesimulator/PolskiGrammar.build/PolskiGrammar.hmap

WriteAuxiliaryFile /Users/german/Work/JS/polski-grammar-srs/kotlin/iosApp/build/FinalVirtualIPadFix/Build/Intermediates.noindex/PolskiGrammar.build/Debug-iphonesimulator/PolskiGrammar.build/PolskiGrammar.DependencyStaticMetadataFileList (in target 'PolskiGrammar' from project 'PolskiGrammar')
    cd /Users/german/Work/JS/polski-grammar-srs/kotlin/iosApp
    write-file /Users/german/Work/JS/polski-grammar-srs/kotlin/iosApp/build/FinalVirtualIPadFix/Build/Intermediates.noindex/PolskiGrammar.build/Debug-iphonesimulator/PolskiGrammar.build/PolskiGrammar.DependencyStaticMetadataFileList

WriteAuxiliaryFile /Users/german/Work/JS/polski-grammar-srs/kotlin/iosApp/build/FinalVirtualIPadFix/Build/Intermediates.noindex/PolskiGrammar.build/Debug-iphonesimulator/PolskiGrammar.build/PolskiGrammar.DependencyMetadataFileList (in target 'PolskiGrammar' from project 'PolskiGrammar')
    cd /Users/german/Work/JS/polski-grammar-srs/kotlin/iosApp
    write-file /Users/german/Work/JS/polski-grammar-srs/kotlin/iosApp/build/FinalVirtualIPadFix/Build/Intermediates.noindex/PolskiGrammar.build/Debug-iphonesimulator/PolskiGrammar.build/PolskiGrammar.DependencyMetadataFileList

WriteAuxiliaryFile /Users/german/Work/JS/polski-grammar-srs/kotlin/iosApp/build/FinalVirtualIPadFix/Build/Intermediates.noindex/PolskiGrammar.build/Debug-iphonesimulator/PolskiGrammar.build/PolskiGrammar-project-headers.hmap (in target 'PolskiGrammar' from project 'PolskiGrammar')
    cd /Users/german/Work/JS/polski-grammar-srs/kotlin/iosApp
    write-file /Users/german/Work/JS/polski-grammar-srs/kotlin/iosApp/build/FinalVirtualIPadFix/Build/Intermediates.noindex/PolskiGrammar.build/Debug-iphonesimulator/PolskiGrammar.build/PolskiGrammar-project-headers.hmap

WriteAuxiliaryFile /Users/german/Work/JS/polski-grammar-srs/kotlin/iosApp/build/FinalVirtualIPadFix/Build/Intermediates.noindex/PolskiGrammar.build/Debug-iphonesimulator/PolskiGrammar.build/PolskiGrammar-own-target-headers.hmap (in target 'PolskiGrammar' from project 'PolskiGrammar')
    cd /Users/german/Work/JS/polski-grammar-srs/kotlin/iosApp
    write-file /Users/german/Work/JS/polski-grammar-srs/kotlin/iosApp/build/FinalVirtualIPadFix/Build/Intermediates.noindex/PolskiGrammar.build/Debug-iphonesimulator/PolskiGrammar.build/PolskiGrammar-own-target-headers.hmap

WriteAuxiliaryFile /Users/german/Work/JS/polski-grammar-srs/kotlin/iosApp/build/FinalVirtualIPadFix/Build/Intermediates.noindex/PolskiGrammar.build/Debug-iphonesimulator/PolskiGrammar.build/PolskiGrammar-generated-files.hmap (in target 'PolskiGrammar' from project 'PolskiGrammar')
    cd /Users/german/Work/JS/polski-grammar-srs/kotlin/iosApp
    write-file /Users/german/Work/JS/polski-grammar-srs/kotlin/iosApp/build/FinalVirtualIPadFix/Build/Intermediates.noindex/PolskiGrammar.build/Debug-iphonesimulator/PolskiGrammar.build/PolskiGrammar-generated-files.hmap

WriteAuxiliaryFile /Users/german/Work/JS/polski-grammar-srs/kotlin/iosApp/build/FinalVirtualIPadFix/Build/Intermediates.noindex/PolskiGrammar.build/Debug-iphonesimulator/PolskiGrammar.build/PolskiGrammar-all-target-headers.hmap (in target 'PolskiGrammar' from project 'PolskiGrammar')
    cd /Users/german/Work/JS/polski-grammar-srs/kotlin/iosApp
    write-file /Users/german/Work/JS/polski-grammar-srs/kotlin/iosApp/build/FinalVirtualIPadFix/Build/Intermediates.noindex/PolskiGrammar.build/Debug-iphonesimulator/PolskiGrammar.build/PolskiGrammar-all-target-headers.hmap

WriteAuxiliaryFile /Users/german/Work/JS/polski-grammar-srs/kotlin/iosApp/build/FinalVirtualIPadFix/Build/Intermediates.noindex/PolskiGrammar.build/Debug-iphonesimulator/PolskiGrammar.build/PolskiGrammar-all-non-framework-target-headers.hmap (in target 'PolskiGrammar' from project 'PolskiGrammar')
    cd /Users/german/Work/JS/polski-grammar-srs/kotlin/iosApp
    write-file /Users/german/Work/JS/polski-grammar-srs/kotlin/iosApp/build/FinalVirtualIPadFix/Build/Intermediates.noindex/PolskiGrammar.build/Debug-iphonesimulator/PolskiGrammar.build/PolskiGrammar-all-non-framework-target-headers.hmap

WriteAuxiliaryFile /Users/german/Work/JS/polski-grammar-srs/kotlin/iosApp/build/FinalVirtualIPadFix/Build/Intermediates.noindex/PolskiGrammar.build/Debug-iphonesimulator/PolskiGrammar.build/PolskiGrammar-DebugDylibPath-normal-arm64.txt (in target 'PolskiGrammar' from project 'PolskiGrammar')
    cd /Users/german/Work/JS/polski-grammar-srs/kotlin/iosApp
    write-file /Users/german/Work/JS/polski-grammar-srs/kotlin/iosApp/build/FinalVirtualIPadFix/Build/Intermediates.noindex/PolskiGrammar.build/Debug-iphonesimulator/PolskiGrammar.build/PolskiGrammar-DebugDylibPath-normal-arm64.txt

WriteAuxiliaryFile /Users/german/Work/JS/polski-grammar-srs/kotlin/iosApp/build/FinalVirtualIPadFix/Build/Intermediates.noindex/PolskiGrammar.build/Debug-iphonesimulator/PolskiGrammar.build/PolskiGrammar-DebugDylibInstallName-normal-arm64.txt (in target 'PolskiGrammar' from project 'PolskiGrammar')
    cd /Users/german/Work/JS/polski-grammar-srs/kotlin/iosApp
    write-file /Users/german/Work/JS/polski-grammar-srs/kotlin/iosApp/build/FinalVirtualIPadFix/Build/Intermediates.noindex/PolskiGrammar.build/Debug-iphonesimulator/PolskiGrammar.build/PolskiGrammar-DebugDylibInstallName-normal-arm64.txt

WriteAuxiliaryFile /Users/german/Work/JS/polski-grammar-srs/kotlin/iosApp/build/FinalVirtualIPadFix/Build/Intermediates.noindex/PolskiGrammar.build/Debug-iphonesimulator/PolskiGrammar.build/Objects-normal/arm64/PolskiGrammar_const_extract_protocols.json (in target 'PolskiGrammar' from project 'PolskiGrammar')
    cd /Users/german/Work/JS/polski-grammar-srs/kotlin/iosApp
    write-file /Users/german/Work/JS/polski-grammar-srs/kotlin/iosApp/build/FinalVirtualIPadFix/Build/Intermediates.noindex/PolskiGrammar.build/Debug-iphonesimulator/PolskiGrammar.build/Objects-normal/arm64/PolskiGrammar_const_extract_protocols.json

WriteAuxiliaryFile /Users/german/Work/JS/polski-grammar-srs/kotlin/iosApp/build/FinalVirtualIPadFix/Build/Intermediates.noindex/PolskiGrammar.build/Debug-iphonesimulator/PolskiGrammar.build/Objects-normal/arm64/PolskiGrammar.SwiftFileList (in target 'PolskiGrammar' from project 'PolskiGrammar')
    cd /Users/german/Work/JS/polski-grammar-srs/kotlin/iosApp
    write-file /Users/german/Work/JS/polski-grammar-srs/kotlin/iosApp/build/FinalVirtualIPadFix/Build/Intermediates.noindex/PolskiGrammar.build/Debug-iphonesimulator/PolskiGrammar.build/Objects-normal/arm64/PolskiGrammar.SwiftFileList

WriteAuxiliaryFile /Users/german/Work/JS/polski-grammar-srs/kotlin/iosApp/build/FinalVirtualIPadFix/Build/Intermediates.noindex/PolskiGrammar.build/Debug-iphonesimulator/PolskiGrammar.build/Objects-normal/arm64/PolskiGrammar.SwiftConstValuesFileList (in target 'PolskiGrammar' from project 'PolskiGrammar')
    cd /Users/german/Work/JS/polski-grammar-srs/kotlin/iosApp
    write-file /Users/german/Work/JS/polski-grammar-srs/kotlin/iosApp/build/FinalVirtualIPadFix/Build/Intermediates.noindex/PolskiGrammar.build/Debug-iphonesimulator/PolskiGrammar.build/Objects-normal/arm64/PolskiGrammar.SwiftConstValuesFileList

WriteAuxiliaryFile /Users/german/Work/JS/polski-grammar-srs/kotlin/iosApp/build/FinalVirtualIPadFix/Build/Intermediates.noindex/PolskiGrammar.build/Debug-iphonesimulator/PolskiGrammar.build/Objects-normal/arm64/PolskiGrammar.LinkFileList (in target 'PolskiGrammar' from project 'PolskiGrammar')
    cd /Users/german/Work/JS/polski-grammar-srs/kotlin/iosApp
    write-file /Users/german/Work/JS/polski-grammar-srs/kotlin/iosApp/build/FinalVirtualIPadFix/Build/Intermediates.noindex/PolskiGrammar.build/Debug-iphonesimulator/PolskiGrammar.build/Objects-normal/arm64/PolskiGrammar.LinkFileList

WriteAuxiliaryFile /Users/german/Work/JS/polski-grammar-srs/kotlin/iosApp/build/FinalVirtualIPadFix/Build/Intermediates.noindex/PolskiGrammar.build/Debug-iphonesimulator/PolskiGrammar.build/Objects-normal/arm64/PolskiGrammar-OutputFileMap.json (in target 'PolskiGrammar' from project 'PolskiGrammar')
    cd /Users/german/Work/JS/polski-grammar-srs/kotlin/iosApp
    write-file /Users/german/Work/JS/polski-grammar-srs/kotlin/iosApp/build/FinalVirtualIPadFix/Build/Intermediates.noindex/PolskiGrammar.build/Debug-iphonesimulator/PolskiGrammar.build/Objects-normal/arm64/PolskiGrammar-OutputFileMap.json

MkDir /Users/german/Work/JS/polski-grammar-srs/kotlin/iosApp/build/FinalVirtualIPadFix/Build/Products/Debug-iphonesimulator/PolskiGrammar.app (in target 'PolskiGrammar' from project 'PolskiGrammar')
    cd /Users/german/Work/JS/polski-grammar-srs/kotlin/iosApp
    /bin/mkdir -p /Users/german/Work/JS/polski-grammar-srs/kotlin/iosApp/build/FinalVirtualIPadFix/Build/Products/Debug-iphonesimulator/PolskiGrammar.app

MkDir /Users/german/Work/JS/polski-grammar-srs/kotlin/iosApp/build/FinalVirtualIPadFix/Build/Products/Debug-iphonesimulator/PolskiGrammarUITests-Runner.app/PlugIns/PolskiGrammarUITests.xctest (in target 'PolskiGrammarUITests' from project 'PolskiGrammar')
    cd /Users/german/Work/JS/polski-grammar-srs/kotlin/iosApp
    /bin/mkdir -p /Users/german/Work/JS/polski-grammar-srs/kotlin/iosApp/build/FinalVirtualIPadFix/Build/Products/Debug-iphonesimulator/PolskiGrammarUITests-Runner.app/PlugIns/PolskiGrammarUITests.xctest

PhaseScriptExecution Build\ Kotlin\ framework /Users/german/Work/JS/polski-grammar-srs/kotlin/iosApp/build/FinalVirtualIPadFix/Build/Intermediates.noindex/PolskiGrammar.build/Debug-iphonesimulator/PolskiGrammar.build/Script-DF070EF247392F9D1B643D23.sh (in target 'PolskiGrammar' from project 'PolskiGrammar')
    cd /Users/german/Work/JS/polski-grammar-srs/kotlin/iosApp
    export ACTION\=build
    export AD_HOC_CODE_SIGNING_ALLOWED\=YES
    export AGGREGATE_TRACKED_DOMAINS\=YES
    export ALLOW_BUILD_REQUEST_OVERRIDES\=NO
    export ALLOW_TARGET_PLATFORM_SPECIALIZATION\=NO
    export ALTERNATE_GROUP\=staff
    export ALTERNATE_MODE\=u+w,go-w,a+rX
    export ALTERNATE_OWNER\=german
    export ALTERNATIVE_DISTRIBUTION_WEB\=NO
    export ALWAYS_EMBED_SWIFT_STANDARD_LIBRARIES\=NO
    export ALWAYS_SEARCH_USER_PATHS\=NO
    export ALWAYS_USE_SEPARATE_HEADERMAPS\=NO
    export APPLICATION_EXTENSION_API_ONLY\=NO
    export APPLY_RULES_IN_COPY_FILES\=NO
    export APPLY_RULES_IN_COPY_HEADERS\=NO
    export APP_SHORTCUTS_ENABLE_FLEXIBLE_MATCHING\=YES
    export ARCHS\=arm64
    export ARCHS_BASE\=arm64
    export ARCHS_STANDARD\=arm64\ x86_64
    export ARCHS_STANDARD_32_64_BIT\=arm64\ x86_64
    export ARCHS_STANDARD_64_BIT\=arm64\ x86_64
    export ARCHS_STANDARD_INCLUDING_64_BIT\=arm64\ x86_64
    export ARCHS_UNIVERSAL_IPHONE_OS\=arm64\ x86_64
    export ASSETCATALOG_COMPILER_APPICON_NAME\=AppIcon
    export ASSETCATALOG_COMPILER_GLOBAL_ACCENT_COLOR_NAME\=AccentColor
    export ASSETCATALOG_FILTER_FOR_DEVICE_MODEL\=iPad17,4-A
    export ASSETCATALOG_FILTER_FOR_DEVICE_OS_VERSION\=26.1
    export ASSETCATALOG_FILTER_FOR_THINNING_DEVICE_CONFIGURATION\=iPad17,4-A
    export AUTOMATICALLY_MERGE_DEPENDENCIES\=NO
    export AUTOMATION_APPLE_EVENTS\=NO
    export AVAILABLE_PLATFORMS\=android\ appletvos\ appletvsimulator\ driverkit\ freebsd\ iphoneos\ iphonesimulator\ linux\ macosx\ none\ openbsd\ qnx\ staticlinux\ watchos\ watchsimulator\ webassembly\ xros\ xrsimulator
    export BUILD_ACTIVE_RESOURCES_ONLY\=YES
    export BUILD_COMPONENTS\=headers\ build
    export BUILD_DIR\=/Users/german/Work/JS/polski-grammar-srs/kotlin/iosApp/build/FinalVirtualIPadFix/Build/Products
    export BUILD_LIBRARY_FOR_DISTRIBUTION\=NO
    export BUILD_ONLY_KNOWN_LOCALIZATIONS\=NO
    export BUILD_ROOT\=/Users/german/Work/JS/polski-grammar-srs/kotlin/iosApp/build/FinalVirtualIPadFix/Build/Products
    export BUILD_STYLE\=
    export BUILD_VARIANTS\=normal
    export BUILT_PRODUCTS_DIR\=/Users/german/Work/JS/polski-grammar-srs/kotlin/iosApp/build/FinalVirtualIPadFix/Build/Products/Debug-iphonesimulator
    export BUNDLE_CONTENTS_FOLDER_PATH_deep\=Contents/
    export BUNDLE_EXECUTABLE_FOLDER_NAME_deep\=MacOS
    export BUNDLE_EXTENSIONS_FOLDER_PATH\=Extensions
    export BUNDLE_FORMAT\=shallow
    export BUNDLE_FRAMEWORKS_FOLDER_PATH\=Frameworks
    export BUNDLE_PLUGINS_FOLDER_PATH\=PlugIns
    export BUNDLE_PRIVATE_HEADERS_FOLDER_PATH\=PrivateHeaders
    export BUNDLE_PUBLIC_HEADERS_FOLDER_PATH\=Headers
    export CACHE_ROOT\=/var/folders/w9/h4ncyn2j3z775qnrltrq35b40000gn/C/com.apple.DeveloperTools/27.0-27A266a/Xcode
    export CCHROOT\=/var/folders/w9/h4ncyn2j3z775qnrltrq35b40000gn/C/com.apple.DeveloperTools/27.0-27A266a/Xcode
    export CHMOD\=/bin/chmod
    export CHOWN\=chown
    export CLANG_ANALYZER_NONNULL\=YES
    export CLANG_ANALYZER_NUMBER_OBJECT_CONVERSION\=YES_AGGRESSIVE
    export CLANG_CACHE_FINE_GRAINED_OUTPUTS\=YES
    export CLANG_CXX_LANGUAGE_STANDARD\=gnu++14
    export CLANG_CXX_LIBRARY\=libc++
    export CLANG_ENABLE_EXPLICIT_MODULES\=YES
    export CLANG_ENABLE_MODULES\=YES
    export CLANG_ENABLE_OBJC_ARC\=YES
    export CLANG_ENABLE_OBJC_WEAK\=NO
    export CLANG_MODULES_BUILD_SESSION_FILE\=/Users/german/Work/JS/polski-grammar-srs/kotlin/iosApp/build/FinalVirtualIPadFix/ModuleCache.noindex/Session.modulevalidation
    export CLANG_WARN_BLOCK_CAPTURE_AUTORELEASING\=YES
    export CLANG_WARN_BOOL_CONVERSION\=YES
    export CLANG_WARN_COMMA\=YES
    export CLANG_WARN_CONSTANT_CONVERSION\=YES
    export CLANG_WARN_DEPRECATED_OBJC_IMPLEMENTATIONS\=YES
    export CLANG_WARN_DIRECT_OBJC_ISA_USAGE\=YES_ERROR
    export CLANG_WARN_DOCUMENTATION_COMMENTS\=YES
    export CLANG_WARN_EMPTY_BODY\=YES
    export CLANG_WARN_ENUM_CONVERSION\=YES
    export CLANG_WARN_INFINITE_RECURSION\=YES
    export CLANG_WARN_INT_CONVERSION\=YES
    export CLANG_WARN_NON_LITERAL_NULL_CONVERSION\=YES
    export CLANG_WARN_OBJC_IMPLICIT_RETAIN_SELF\=YES
    export CLANG_WARN_OBJC_LITERAL_CONVERSION\=YES
    export CLANG_WARN_OBJC_ROOT_CLASS\=YES_ERROR
    export CLANG_WARN_QUOTED_INCLUDE_IN_FRAMEWORK_HEADER\=YES
    export CLANG_WARN_RANGE_LOOP_ANALYSIS\=YES
    export CLANG_WARN_STRICT_PROTOTYPES\=YES
    export CLANG_WARN_SUSPICIOUS_MOVE\=YES
    export CLANG_WARN_UNGUARDED_AVAILABILITY\=YES_AGGRESSIVE
    export CLANG_WARN_UNREACHABLE_CODE\=YES
    export CLANG_WARN__DUPLICATE_METHOD_MATCH\=YES
    export CLASS_FILE_DIR\=/Users/german/Work/JS/polski-grammar-srs/kotlin/iosApp/build/FinalVirtualIPadFix/Build/Intermediates.noindex/PolskiGrammar.build/Debug-iphonesimulator/PolskiGrammar.build/JavaClasses
    export CLEAN_PRECOMPS\=YES
    export CLONE_HEADERS\=NO
    export CODESIGNING_FOLDER_PATH\=/Users/german/Work/JS/polski-grammar-srs/kotlin/iosApp/build/FinalVirtualIPadFix/Build/Products/Debug-iphonesimulator/PolskiGrammar.app
    export CODE_SIGNING_ALLOWED\=NO
    export CODE_SIGNING_REQUIRED\=YES
    export CODE_SIGN_CONTEXT_CLASS\=XCiPhoneSimulatorCodeSignContext
    export CODE_SIGN_IDENTITY\=-
    export CODE_SIGN_INJECT_BASE_ENTITLEMENTS\=YES
    export CODE_SIGN_STYLE\=Automatic
    export COLOR_DIAGNOSTICS\=NO
    export COMBINE_HIDPI_IMAGES\=NO
    export COMPILATION_CACHE_CAS_PATH\=/Users/german/Work/JS/polski-grammar-srs/kotlin/iosApp/build/FinalVirtualIPadFix/CompilationCache.noindex
    export COMPILATION_CACHE_KEEP_CAS_DIRECTORY\=YES
    export COMPILER_INDEX_STORE_ENABLE\=Default
    export COMPOSITE_SDK_DIRS\=/Users/german/Work/JS/polski-grammar-srs/kotlin/iosApp/build/FinalVirtualIPadFix/Build/Intermediates.noindex/CompositeSDKs
    export COMPRESS_PNG_FILES\=YES
    export CONFIGURATION\=Debug
    export CONFIGURATION_BUILD_DIR\=/Users/german/Work/JS/polski-grammar-srs/kotlin/iosApp/build/FinalVirtualIPadFix/Build/Products/Debug-iphonesimulator
    export CONFIGURATION_TEMP_DIR\=/Users/german/Work/JS/polski-grammar-srs/kotlin/iosApp/build/FinalVirtualIPadFix/Build/Intermediates.noindex/PolskiGrammar.build/Debug-iphonesimulator
    export CONTENTS_FOLDER_PATH\=PolskiGrammar.app
    export CONTENTS_FOLDER_PATH_SHALLOW_BUNDLE_NO\=PolskiGrammar.app/Contents
    export CONTENTS_FOLDER_PATH_SHALLOW_BUNDLE_YES\=PolskiGrammar.app
    export COPYING_PRESERVES_HFS_DATA\=NO
    export COPY_HEADERS_RUN_UNIFDEF\=NO
    export COPY_PHASE_STRIP\=NO
    export CORRESPONDING_DEVICE_PLATFORM_DIR\=/Applications/Xcode.app/Contents/Developer/Platforms/iPhoneOS.platform
    export CORRESPONDING_DEVICE_PLATFORM_NAME\=iphoneos
    export CORRESPONDING_DEVICE_SDK_DIR\=/Applications/Xcode.app/Contents/Developer/Platforms/iPhoneOS.platform/Developer/SDKs/iPhoneOS27.0.sdk
    export CORRESPONDING_DEVICE_SDK_NAME\=iphoneos27.0
    export CP\=/bin/cp
    export CREATE_INFOPLIST_SECTION_IN_BINARY\=NO
    export CURRENT_ARCH\=undefined_arch
    export CURRENT_VARIANT\=normal
    export DEAD_CODE_STRIPPING\=YES
    export DEBUGGING_SYMBOLS\=YES
    export DEBUG_INFORMATION_FORMAT\=dwarf
    export DEBUG_INFORMATION_VERSION\=compiler-default
    export DEFAULT_COMPILER\=com.apple.compilers.llvm.clang.1_0
    export DEFAULT_DEXT_INSTALL_PATH\=/System/Library/DriverExtensions
    export DEFAULT_KEXT_INSTALL_PATH\=/System/Library/Extensions
    export DEFINES_MODULE\=NO
    export DEPLOYMENT_LOCATION\=NO
    export DEPLOYMENT_POSTPROCESSING\=NO
    export DEPLOYMENT_TARGET_SETTING_NAME\=IPHONEOS_DEPLOYMENT_TARGET
    export DEPLOYMENT_TARGET_SUGGESTED_VALUES\=15.0\ 15.1\ 15.2\ 15.3\ 15.4\ 15.5\ 15.6\ 16.0\ 16.1\ 16.2\ 16.3\ 16.4\ 16.5\ 16.6\ 17.0\ 17.1\ 17.2\ 17.3\ 17.4\ 17.5\ 17.6\ 18.0\ 18.1\ 18.2\ 18.3\ 18.4\ 18.5\ 18.6\ 26.0\ 26.2\ 26.3\ 26.4\ 26.5\ 26.6\ 27.0
    export DERIVED_FILES_DIR\=/Users/german/Work/JS/polski-grammar-srs/kotlin/iosApp/build/FinalVirtualIPadFix/Build/Intermediates.noindex/PolskiGrammar.build/Debug-iphonesimulator/PolskiGrammar.build/DerivedSources
    export DERIVED_FILE_DIR\=/Users/german/Work/JS/polski-grammar-srs/kotlin/iosApp/build/FinalVirtualIPadFix/Build/Intermediates.noindex/PolskiGrammar.build/Debug-iphonesimulator/PolskiGrammar.build/DerivedSources
    export DERIVED_SOURCES_DIR\=/Users/german/Work/JS/polski-grammar-srs/kotlin/iosApp/build/FinalVirtualIPadFix/Build/Intermediates.noindex/PolskiGrammar.build/Debug-iphonesimulator/PolskiGrammar.build/DerivedSources
    export DEVELOPER_APPLICATIONS_DIR\=/Applications/Xcode.app/Contents/Developer/Applications
    export DEVELOPER_BIN_DIR\=/Applications/Xcode.app/Contents/Developer/usr/bin
    export DEVELOPER_DIR\=/Applications/Xcode.app/Contents/Developer
    export DEVELOPER_FRAMEWORKS_DIR\=/Applications/Xcode.app/Contents/Developer/Library/Frameworks
    export DEVELOPER_FRAMEWORKS_DIR_QUOTED\=/Applications/Xcode.app/Contents/Developer/Library/Frameworks
    export DEVELOPER_LIBRARY_DIR\=/Applications/Xcode.app/Contents/Developer/Library
    export DEVELOPER_SDK_DIR\=/Applications/Xcode.app/Contents/Developer/Platforms/MacOSX.platform/Developer/SDKs
    export DEVELOPER_TOOLS_DIR\=/Applications/Xcode.app/Contents/Developer/Tools
    export DEVELOPER_USR_DIR\=/Applications/Xcode.app/Contents/Developer/usr
    export DEVELOPMENT_LANGUAGE\=ru
    export DIAGNOSE_MISSING_TARGET_DEPENDENCIES\=YES
    export DIFF\=/usr/bin/diff
    export DOCUMENTATION_FOLDER_PATH\=PolskiGrammar.app/ru.lproj/Documentation
    export DONT_GENERATE_INFOPLIST_FILE\=NO
    export DSTROOT\=/tmp/PolskiGrammar.dst
    export DT_TOOLCHAIN_DIR\=/Applications/Xcode.app/Contents/Developer/Toolchains/XcodeDefault.xctoolchain
    export DWARF_DSYM_FILE_NAME\=PolskiGrammar.app.dSYM
    export DWARF_DSYM_FILE_SHOULD_ACCOMPANY_PRODUCT\=NO
    export DWARF_DSYM_FOLDER_PATH\=/Users/german/Work/JS/polski-grammar-srs/kotlin/iosApp/build/FinalVirtualIPadFix/Build/Products/Debug-iphonesimulator
    export DYNAMIC_LIBRARY_EXTENSION\=dylib
    export EAGER_COMPILATION_ALLOW_SCRIPTS\=NO
    export EAGER_LINKING\=NO
    export EFFECTIVE_PLATFORM_NAME\=-iphonesimulator
    export EFFECTIVE_SWIFT_VERSION\=5
    export EMBEDDED_CONTENT_CONTAINS_SWIFT\=NO
    export EMBED_ASSET_PACKS_IN_PRODUCT_BUNDLE\=NO
    export ENABLE_APP_SANDBOX\=NO
    export ENABLE_CODE_COVERAGE\=YES
    export ENABLE_COHORT_ARCHS\=YES
    export ENABLE_CPLUSPLUS_BOUNDS_SAFE_BUFFERS\=NO
    export ENABLE_C_BOUNDS_SAFETY\=NO
    export ENABLE_DEBUG_DYLIB\=YES
    export ENABLE_DEFAULT_HEADER_SEARCH_PATHS\=YES
    export ENABLE_DEFAULT_SEARCH_PATHS\=YES
    export ENABLE_ENHANCED_SECURITY\=NO
    export ENABLE_HARDENED_RUNTIME\=NO
    export ENABLE_HARDWARE_CHECKED_POINTER_ARITHMETIC_SLICE\=NO
    export ENABLE_HEADER_DEPENDENCIES\=YES
    export ENABLE_INCOMING_NETWORK_CONNECTIONS\=NO
    export ENABLE_ON_DEMAND_RESOURCES\=YES
    export ENABLE_OUTGOING_NETWORK_CONNECTIONS\=NO
    export ENABLE_POINTER_AUTHENTICATION\=NO
    export ENABLE_PREVIEWS\=NO
    export ENABLE_RESOURCE_ACCESS_AUDIO_INPUT\=NO
    export ENABLE_RESOURCE_ACCESS_BLUETOOTH\=NO
    export ENABLE_RESOURCE_ACCESS_CALENDARS\=NO
    export ENABLE_RESOURCE_ACCESS_CAMERA\=NO
    export ENABLE_RESOURCE_ACCESS_CONTACTS\=NO
    export ENABLE_RESOURCE_ACCESS_LOCATION\=NO
    export ENABLE_RESOURCE_ACCESS_PHOTO_LIBRARY\=NO
    export ENABLE_RESOURCE_ACCESS_PRINTING\=NO
    export ENABLE_RESOURCE_ACCESS_USB\=NO
    export ENABLE_SDK_IMPORTS\=NO
    export ENABLE_SECURITY_COMPILER_WARNINGS\=NO
    export ENABLE_STRICT_OBJC_MSGSEND\=YES
    export ENABLE_TESTABILITY\=YES
    export ENABLE_TESTING_SEARCH_PATHS\=NO
    export ENABLE_USER_SCRIPT_SANDBOXING\=NO
    export ENABLE_XOJIT_PREVIEWS\=YES
    export ENFORCE_VALID_ARCHS\=YES
    export ENTITLEMENTS_ALLOWED\=NO
    export ENTITLEMENTS_DESTINATION\=__entitlements
    export ENTITLEMENTS_REQUIRED\=NO
    export EXCLUDED_INSTALLSRC_SUBDIRECTORY_PATTERNS\=.DS_Store\ .svn\ .git\ .hg\ CVS
    export EXCLUDED_RECURSIVE_SEARCH_PATH_SUBDIRECTORIES\=\*.nib\ \*.lproj\ \*.framework\ \*.gch\ \*.xcode\*\ \*.xcassets\ \*.icon\ \(\*\)\ .DS_Store\ CVS\ .svn\ .git\ .hg\ \*.pbproj\ \*.pbxproj
    export EXECUTABLES_FOLDER_PATH\=PolskiGrammar.app/Executables
    export EXECUTABLE_BLANK_INJECTION_DYLIB_PATH\=PolskiGrammar.app/__preview.dylib
    export EXECUTABLE_DEBUG_DYLIB_INSTALL_NAME\=@rpath/PolskiGrammar.debug.dylib
    export EXECUTABLE_DEBUG_DYLIB_PATH\=PolskiGrammar.app/PolskiGrammar.debug.dylib
    export EXECUTABLE_FOLDER_PATH\=PolskiGrammar.app
    export EXECUTABLE_FOLDER_PATH_SHALLOW_BUNDLE_NO\=PolskiGrammar.app/MacOS
    export EXECUTABLE_FOLDER_PATH_SHALLOW_BUNDLE_YES\=PolskiGrammar.app
    export EXECUTABLE_NAME\=PolskiGrammar
    export EXECUTABLE_PATH\=PolskiGrammar.app/PolskiGrammar
    export EXTENSIONS_FOLDER_PATH\=PolskiGrammar.app/Extensions
    export FILE_LIST\=/Users/german/Work/JS/polski-grammar-srs/kotlin/iosApp/build/FinalVirtualIPadFix/Build/Intermediates.noindex/PolskiGrammar.build/Debug-iphonesimulator/PolskiGrammar.build/Objects/LinkFileList
    export FIXED_FILES_DIR\=/Users/german/Work/JS/polski-grammar-srs/kotlin/iosApp/build/FinalVirtualIPadFix/Build/Intermediates.noindex/PolskiGrammar.build/Debug-iphonesimulator/PolskiGrammar.build/FixedFiles
    export FRAMEWORKS_FOLDER_PATH\=PolskiGrammar.app/Frameworks
    export FRAMEWORK_FLAG_PREFIX\=-framework
    export FRAMEWORK_SEARCH_PATHS\=/Users/german/Work/JS/polski-grammar-srs/kotlin/iosApp/build/FinalVirtualIPadFix/Build/Products/Debug-iphonesimulator\ \ /Users/german/Work/JS/polski-grammar-srs/kotlin/iosApp/build/FinalVirtualIPadFix/Build/Products/Debug-iphonesimulator
    export FRAMEWORK_VERSION\=A
    export FULL_PRODUCT_NAME\=PolskiGrammar.app
    export FUSE_BUILD_PHASES\=YES
    export FUSE_BUILD_SCRIPT_PHASES\=NO
    export GCC3_VERSION\=3.3
    export GCC_C_LANGUAGE_STANDARD\=gnu11
    export GCC_DYNAMIC_NO_PIC\=NO
    export GCC_INLINES_ARE_PRIVATE_EXTERN\=YES
    export GCC_NO_COMMON_BLOCKS\=YES
    export GCC_OBJC_LEGACY_DISPATCH\=YES
    export GCC_OPTIMIZATION_LEVEL\=0
    export GCC_PFE_FILE_C_DIALECTS\=c\ objective-c\ c++\ objective-c++
    export GCC_PREPROCESSOR_DEFINITIONS\=DEBUG\=1\ 
    export GCC_SYMBOLS_PRIVATE_EXTERN\=NO
    export GCC_TREAT_WARNINGS_AS_ERRORS\=NO
    export GCC_VERSION\=com.apple.compilers.llvm.clang.1_0
    export GCC_VERSION_IDENTIFIER\=com_apple_compilers_llvm_clang_1_0
    export GCC_WARN_64_TO_32_BIT_CONVERSION\=YES
    export GCC_WARN_ABOUT_RETURN_TYPE\=YES_ERROR
    export GCC_WARN_UNDECLARED_SELECTOR\=YES
    export GCC_WARN_UNINITIALIZED_AUTOS\=YES_AGGRESSIVE
    export GCC_WARN_UNUSED_FUNCTION\=YES
    export GCC_WARN_UNUSED_VARIABLE\=YES
    export GENERATED_MODULEMAP_DIR\=/Users/german/Work/JS/polski-grammar-srs/kotlin/iosApp/build/FinalVirtualIPadFix/Build/Intermediates.noindex/GeneratedModuleMaps-iphonesimulator
    export GENERATE_INFOPLIST_FILE\=YES
    export GENERATE_INTERMEDIATE_TEXT_BASED_STUBS\=YES
    export GENERATE_PKGINFO_FILE\=YES
    export GENERATE_PRELINK_OBJECT_FILE\=NO
    export GENERATE_PROFILING_CODE\=NO
    export GENERATE_TEXT_BASED_STUBS\=NO
    export GID\=20
    export GROUP\=staff
    export HEADERMAP_INCLUDES_FLAT_ENTRIES_FOR_TARGET_BEING_BUILT\=YES
    export HEADERMAP_INCLUDES_FRAMEWORK_ENTRIES_FOR_ALL_PRODUCT_TYPES\=YES
    export HEADERMAP_INCLUDES_FRAMEWORK_ENTRIES_FOR_TARGETS_NOT_BEING_BUILT\=YES
    export HEADERMAP_INCLUDES_NONPUBLIC_NONPRIVATE_HEADERS\=YES
    export HEADERMAP_INCLUDES_PROJECT_HEADERS\=YES
    export HEADERMAP_USES_FRAMEWORK_PREFIX_ENTRIES\=YES
    export HEADERMAP_USES_VFS\=NO
    export HEADER_SEARCH_PATHS\=/Users/german/Work/JS/polski-grammar-srs/kotlin/iosApp/build/FinalVirtualIPadFix/Build/Products/Debug-iphonesimulator/include\ 
    export HOME\=/Users/german
    export HOST_ARCH\=arm64
    export HOST_PLATFORM\=macosx
    export ICONV\=/usr/bin/iconv
    export IMPLICIT_DEPENDENCY_DOMAIN\=default
    export INDEX_ENABLE_OPTIMIZATION_LEVEL_OVERRIDE\=YES
    export INDEX_STORE_COMPRESS\=NO
    export INDEX_STORE_ONLY_PROJECT_FILES\=NO
    export INFOPLIST_ENABLE_CFBUNDLEICONS_MERGE\=YES
    export INFOPLIST_EXPAND_BUILD_SETTINGS\=YES
    export INFOPLIST_KEY_CFBundleDisplayName\=Polski\ Grammar\ Matrix
    export INFOPLIST_KEY_UIApplicationSceneManifest_Generation\=YES
    export INFOPLIST_KEY_UILaunchScreen_Generation\=YES
    export INFOPLIST_KEY_UISupportedInterfaceOrientations\=UIInterfaceOrientationPortrait\ UIInterfaceOrientationPortraitUpsideDown\ UIInterfaceOrientationLandscapeLeft\ UIInterfaceOrientationLandscapeRight
    export INFOPLIST_OUTPUT_FORMAT\=binary
    export INFOPLIST_PATH\=PolskiGrammar.app/Info.plist
    export INFOPLIST_PREPROCESS\=NO
    export INFOSTRINGS_PATH\=PolskiGrammar.app/ru.lproj/InfoPlist.strings
    export INLINE_PRIVATE_FRAMEWORKS\=NO
    export INSTALLAPI_IGNORE_SKIP_INSTALL\=YES
    export INSTALLHDRS_COPY_PHASE\=NO
    export INSTALLHDRS_SCRIPT_PHASE\=NO
    export INSTALL_DIR\=/tmp/PolskiGrammar.dst/Applications
    export INSTALL_GROUP\=staff
    export INSTALL_MODE_FLAG\=u+w,go-w,a+rX
    export INSTALL_OWNER\=german
    export INSTALL_PATH\=/Applications
    export INSTALL_ROOT\=/tmp/PolskiGrammar.dst
    export IPHONEOS_DEPLOYMENT_TARGET\=17.0
    export IS_UNOPTIMIZED_BUILD\=YES
    export JAVAC_DEFAULT_FLAGS\=-J-Xms64m\ -J-XX:NewSize\=4M\ -J-Dfile.encoding\=UTF8
    export JAVA_APP_STUB\=/System/Library/Frameworks/JavaVM.framework/Resources/MacOS/JavaApplicationStub
    export JAVA_ARCHIVE_CLASSES\=YES
    export JAVA_ARCHIVE_TYPE\=JAR
    export JAVA_COMPILER\=/usr/bin/javac
    export JAVA_FOLDER_PATH\=PolskiGrammar.app/Java
    export JAVA_FRAMEWORK_RESOURCES_DIRS\=Resources
    export JAVA_JAR_FLAGS\=cv
    export JAVA_SOURCE_SUBDIR\=.
    export JAVA_USE_DEPENDENCIES\=YES
    export JAVA_ZIP_FLAGS\=-urg
    export JIKES_DEFAULT_FLAGS\=+E\ +OLDCSO
    export KEEP_PRIVATE_EXTERNS\=NO
    export LD_DEPENDENCY_INFO_FILE\=/Users/german/Work/JS/polski-grammar-srs/kotlin/iosApp/build/FinalVirtualIPadFix/Build/Intermediates.noindex/PolskiGrammar.build/Debug-iphonesimulator/PolskiGrammar.build/Objects-normal/undefined_arch/PolskiGrammar_dependency_info.dat
    export LD_EXPORT_GLOBAL_SYMBOLS\=YES
    export LD_EXPORT_SYMBOLS\=YES
    export LD_GENERATE_MAP_FILE\=NO
    export LD_MAP_FILE_PATH\=/Users/german/Work/JS/polski-grammar-srs/kotlin/iosApp/build/FinalVirtualIPadFix/Build/Intermediates.noindex/PolskiGrammar.build/Debug-iphonesimulator/PolskiGrammar.build/PolskiGrammar-LinkMap-normal-undefined_arch.txt
    export LD_NO_PIE\=NO
    export LD_QUOTE_LINKER_ARGUMENTS_FOR_COMPILER_DRIVER\=YES
    export LD_RUNPATH_SEARCH_PATHS\=\ @executable_path/Frameworks
    export LD_RUNPATH_SEARCH_PATHS_YES\=@loader_path/../Frameworks
    export LD_SHARED_CACHE_ELIGIBLE\=Automatic
    export LD_WARN_DUPLICATE_LIBRARIES\=NO
    export LD_WARN_UNUSED_DYLIBS\=NO
    export LEGACY_DEVELOPER_DIR\=/Applications/Xcode.app/Contents/PlugIns/Xcode3Core.ideplugin/Contents/SharedSupport/Developer
    export LEX\=lex
    export LIBRARY_DEXT_INSTALL_PATH\=/Library/DriverExtensions
    export LIBRARY_FLAG_NOSPACE\=YES
    export LIBRARY_FLAG_PREFIX\=-l
    export LIBRARY_KEXT_INSTALL_PATH\=/Library/Extensions
    export LIBRARY_SEARCH_PATHS\=/Users/german/Work/JS/polski-grammar-srs/kotlin/iosApp/build/FinalVirtualIPadFix/Build/Products/Debug-iphonesimulator\ 
    export LINKER_DISPLAYS_MANGLED_NAMES\=NO
    export LINK_FILE_LIST_normal_arm64\=/Users/german/Work/JS/polski-grammar-srs/kotlin/iosApp/build/FinalVirtualIPadFix/Build/Intermediates.noindex/PolskiGrammar.build/Debug-iphonesimulator/PolskiGrammar.build/Objects-normal/arm64/PolskiGrammar.LinkFileList
    export LINK_OBJC_RUNTIME\=YES
    export LINK_WITH_STANDARD_LIBRARIES\=YES
    export LLVM_TARGET_TRIPLE_OS_VERSION\=ios17.0
    export LLVM_TARGET_TRIPLE_SUFFIX\=-simulator
    export LLVM_TARGET_TRIPLE_VENDOR\=apple
    export LM_AUX_CONST_METADATA_LIST_PATH_normal_arm64\=/Users/german/Work/JS/polski-grammar-srs/kotlin/iosApp/build/FinalVirtualIPadFix/Build/Intermediates.noindex/PolskiGrammar.build/Debug-iphonesimulator/PolskiGrammar.build/Objects-normal/arm64/PolskiGrammar.SwiftConstValuesFileList
    export LOCALIZATION_EXPORT_SUPPORTED\=YES
    export LOCALIZATION_PREFERS_STRING_CATALOGS\=NO
    export LOCALIZED_RESOURCES_FOLDER_PATH\=PolskiGrammar.app/ru.lproj
    export LOCALIZED_STRING_CODE_COMMENTS\=NO
    export LOCALIZED_STRING_MACRO_NAMES\=NSLocalizedString\ CFCopyLocalizedString
    export LOCALIZED_STRING_SWIFTUI_SUPPORT\=YES
    export LOCAL_ADMIN_APPS_DIR\=/Applications/Utilities
    export LOCAL_APPS_DIR\=/Applications
    export LOCAL_DEVELOPER_DIR\=/Library/Developer
    export LOCAL_LIBRARY_DIR\=/Library
    export LOCROOT\=/Users/german/Work/JS/polski-grammar-srs/kotlin/iosApp
    export LOCSYMROOT\=/Users/german/Work/JS/polski-grammar-srs/kotlin/iosApp
    export MACH_O_TYPE\=mh_execute
    export MAC_OS_X_PRODUCT_BUILD_VERSION\=25G72
    export MAC_OS_X_VERSION_ACTUAL\=260600
    export MAC_OS_X_VERSION_MAJOR\=260000
    export MAC_OS_X_VERSION_MINOR\=260600
    export MAKE_MERGEABLE\=NO
    export MERGEABLE_LIBRARY\=NO
    export MERGED_BINARY_TYPE\=none
    export MERGE_LINKED_LIBRARIES\=NO
    export METAL_LIBRARY_FILE_BASE\=default
    export METAL_LIBRARY_OUTPUT_DIR\=/Users/german/Work/JS/polski-grammar-srs/kotlin/iosApp/build/FinalVirtualIPadFix/Build/Products/Debug-iphonesimulator/PolskiGrammar.app
    export MODULES_FOLDER_PATH\=PolskiGrammar.app/Modules
    export MODULE_CACHE_DIR\=/Users/german/Work/JS/polski-grammar-srs/kotlin/iosApp/build/FinalVirtualIPadFix/ModuleCache.noindex
    export MTL_ENABLE_DEBUG_INFO\=INCLUDE_SOURCE
    export MTL_FAST_MATH\=YES
    export NATIVE_ARCH\=arm64
    export NATIVE_ARCH_32_BIT\=arm
    export NATIVE_ARCH_64_BIT\=arm64
    export NATIVE_ARCH_ACTUAL\=arm64
    export NO_COMMON\=YES
    export OBJC_ABI_VERSION\=2
    export OBJECT_FILE_DIR\=/Users/german/Work/JS/polski-grammar-srs/kotlin/iosApp/build/FinalVirtualIPadFix/Build/Intermediates.noindex/PolskiGrammar.build/Debug-iphonesimulator/PolskiGrammar.build/Objects
    export OBJECT_FILE_DIR_normal\=/Users/german/Work/JS/polski-grammar-srs/kotlin/iosApp/build/FinalVirtualIPadFix/Build/Intermediates.noindex/PolskiGrammar.build/Debug-iphonesimulator/PolskiGrammar.build/Objects-normal
    export OBJROOT\=/Users/german/Work/JS/polski-grammar-srs/kotlin/iosApp/build/FinalVirtualIPadFix/Build/Intermediates.noindex
    export ONLY_ACTIVE_ARCH\=YES
    export ONLY_ARCH\=arm64
    export OS\=MACOS
    export OSAC\=/usr/bin/osacompile
    export OTHER_LDFLAGS\=\ -framework\ PolskiShared
    export PACKAGE_TYPE\=com.apple.package-type.wrapper.application
    export PASCAL_STRINGS\=YES
    export PATH\=/Applications/Xcode.app/Contents/SharedFrameworks/SwiftBuild.framework/Versions/A/PlugIns/SWBBuildService.bundle/Contents/PlugIns/SWBUniversalPlatformPlugin.bundle/Contents/Frameworks/SWBUniversalPlatform.framework/Resources:/Applications/Xcode.app/Contents/Developer/Toolchains/XcodeDefault.xctoolchain/usr/bin:/Applications/Xcode.app/Contents/Developer/Toolchains/XcodeDefault.xctoolchain/usr/local/bin:/Applications/Xcode.app/Contents/Developer/Toolchains/XcodeDefault.xctoolchain/usr/libexec:/Applications/Xcode.app/Contents/Developer/Platforms/iPhoneSimulator.platform/usr/bin:/Applications/Xcode.app/Contents/Developer/Platforms/iPhoneSimulator.platform/usr/local/bin:/Applications/Xcode.app/Contents/Developer/Platforms/iPhoneSimulator.platform/Developer/usr/bin:/Applications/Xcode.app/Contents/Developer/Platforms/iPhoneSimulator.platform/Developer/usr/local/bin:/Applications/Xcode.app/Contents/Developer/usr/bin:/Applications/Xcode.app/Contents/Developer/usr/local/bin:/usr/local/lib/node_modules/@openai/codex/node_modules/@openai/codex-darwin-x64/vendor/x86_64-apple-darwin/codex-path:/Users/german/.local/bin:/usr/local/opt/ffmpeg@7/bin:/Users/german/.antigravity/antigravity/bin:/Library/Frameworks/Python.framework/Versions/3.9/bin:/Library/Frameworks/Python.framework/Versions/2.7/bin:/Library/Frameworks/Python.framework/Versions/3.10/bin:/usr/local/bin:/System/Cryptexes/App/usr/bin:/usr/bin:/bin:/usr/sbin:/sbin:/var/run/com.apple.security.cryptexd/codex.system/bootstrap/usr/local/bin:/var/run/com.apple.security.cryptexd/codex.system/bootstrap/usr/bin:/var/run/com.apple.security.cryptexd/codex.system/bootstrap/usr/appleinternal/bin:/pkg/env/global/bin:/Library/Apple/usr/bin:/usr/local/share/dotnet:/Library/Frameworks/Mono.framework/Versions/Current/Commands:/Users/german/.codex/tmp/arg0/codex-arg06CBjtl:/Users/german/miniconda3/bin:/Users/german/miniconda3/condabin:/Applications/Orca.app/Contents/Resources/bin:/Users/german/.unity/bin:/Applications/Obsidian.app/Contents/MacOS:/Users/german/.volta/bin:/Users/german/.asdf/shims:/Users/german/.fnm/aliases/default/bin:/Users/german/.local/share/mise/shims:/Users/german/Library/pnpm:/Users/german/.yarn/bin:/Users/german/.bun/bin:/opt/homebrew/bin:/opt/homebrew/sbin:/usr/local/sbin:/nix/var/nix/profiles/default/bin:/Users/german/bin:/Users/german/.nix-profile/bin:/Users/german/.opencode/bin:/Users/german/.vite-plus/bin
    export PATH_PREFIXES_EXCLUDED_FROM_HEADER_DEPENDENCIES\=/usr/include\ /usr/local/include\ /System/Library/Frameworks\ /System/Library/PrivateFrameworks\ /Applications/Xcode.app/Contents/Developer/Headers\ /Applications/Xcode.app/Contents/Developer/SDKs\ /Applications/Xcode.app/Contents/Developer/Platforms
    export PBDEVELOPMENTPLIST_PATH\=PolskiGrammar.app/pbdevelopment.plist
    export PER_ARCH_MODULE_FILE_DIR\=/Users/german/Work/JS/polski-grammar-srs/kotlin/iosApp/build/FinalVirtualIPadFix/Build/Intermediates.noindex/PolskiGrammar.build/Debug-iphonesimulator/PolskiGrammar.build/Objects-normal/undefined_arch
    export PER_ARCH_OBJECT_FILE_DIR\=/Users/german/Work/JS/polski-grammar-srs/kotlin/iosApp/build/FinalVirtualIPadFix/Build/Intermediates.noindex/PolskiGrammar.build/Debug-iphonesimulator/PolskiGrammar.build/Objects-normal/undefined_arch
    export PER_VARIANT_OBJECT_FILE_DIR\=/Users/german/Work/JS/polski-grammar-srs/kotlin/iosApp/build/FinalVirtualIPadFix/Build/Intermediates.noindex/PolskiGrammar.build/Debug-iphonesimulator/PolskiGrammar.build/Objects-normal
    export PKGINFO_FILE_PATH\=/Users/german/Work/JS/polski-grammar-srs/kotlin/iosApp/build/FinalVirtualIPadFix/Build/Intermediates.noindex/PolskiGrammar.build/Debug-iphonesimulator/PolskiGrammar.build/PkgInfo
    export PKGINFO_PATH\=PolskiGrammar.app/PkgInfo
    export PLATFORM_DEVELOPER_APPLICATIONS_DIR\=/Applications/Xcode.app/Contents/Developer/Platforms/iPhoneSimulator.platform/Developer/Applications
    export PLATFORM_DEVELOPER_BIN_DIR\=/Applications/Xcode.app/Contents/Developer/Platforms/iPhoneSimulator.platform/Developer/usr/bin
    export PLATFORM_DEVELOPER_LIBRARY_DIR\=/Applications/Xcode.app/Contents/Developer/Platforms/iPhoneSimulator.platform/Developer/Library
    export PLATFORM_DEVELOPER_SDK_DIR\=/Applications/Xcode.app/Contents/Developer/Platforms/iPhoneSimulator.platform/Developer/SDKs
    export PLATFORM_DEVELOPER_TOOLS_DIR\=/Applications/Xcode.app/Contents/Developer/Platforms/iPhoneSimulator.platform/Developer/Tools
    export PLATFORM_DEVELOPER_USR_DIR\=/Applications/Xcode.app/Contents/Developer/Platforms/iPhoneSimulator.platform/Developer/usr
    export PLATFORM_DIR\=/Applications/Xcode.app/Contents/Developer/Platforms/iPhoneSimulator.platform
    export PLATFORM_DISPLAY_NAME\=iOS\ Simulator
    export PLATFORM_FAMILY_NAME\=iOS
    export PLATFORM_NAME\=iphonesimulator
    export PLATFORM_PREFERRED_ARCH\=x86_64
    export PLATFORM_PRODUCT_BUILD_VERSION\=24A430
    export PLATFORM_REQUIRES_SWIFT_AUTOLINK_EXTRACT\=NO
    export PLATFORM_REQUIRES_SWIFT_MODULEWRAP\=NO
    export PLATFORM_USES_DSYMS\=YES
    export PLIST_FILE_OUTPUT_FORMAT\=binary
    export PLUGINS_FOLDER_PATH\=PolskiGrammar.app/PlugIns
    export PRECOMPS_INCLUDE_HEADERS_FROM_BUILT_PRODUCTS_DIR\=YES
    export PRECOMP_DESTINATION_DIR\=/Users/german/Work/JS/polski-grammar-srs/kotlin/iosApp/build/FinalVirtualIPadFix/Build/Intermediates.noindex/PolskiGrammar.build/Debug-iphonesimulator/PolskiGrammar.build/PrefixHeaders
    export PRELINK_DEPENDENCY_INFO_FILE\=/Users/german/Work/JS/polski-grammar-srs/kotlin/iosApp/build/FinalVirtualIPadFix/Build/Intermediates.noindex/PolskiGrammar.build/Debug-iphonesimulator/PolskiGrammar.build/Objects-normal/undefined_arch/PolskiGrammar_prelink_dependency_info.dat
    export PRIVATE_HEADERS_FOLDER_PATH\=PolskiGrammar.app/PrivateHeaders
    export PROCESSED_INFOPLIST_PATH\=/Users/german/Work/JS/polski-grammar-srs/kotlin/iosApp/build/FinalVirtualIPadFix/Build/Intermediates.noindex/PolskiGrammar.build/Debug-iphonesimulator/PolskiGrammar.build/Objects-normal/undefined_arch/Processed-Info.plist
    export PRODUCT_BUNDLE_IDENTIFIER\=dev.polski.grammarmatrix.ios
    export PRODUCT_BUNDLE_PACKAGE_TYPE\=APPL
    export PRODUCT_MODULE_NAME\=PolskiGrammar
    export PRODUCT_NAME\=PolskiGrammar
    export PRODUCT_SETTINGS_PATH\=
    export PRODUCT_TYPE\=com.apple.product-type.application
    export PROFILING_CODE\=NO
    export PROJECT\=PolskiGrammar
    export PROJECT_DERIVED_FILE_DIR\=/Users/german/Work/JS/polski-grammar-srs/kotlin/iosApp/build/FinalVirtualIPadFix/Build/Intermediates.noindex/PolskiGrammar.build/DerivedSources
    export PROJECT_DIR\=/Users/german/Work/JS/polski-grammar-srs/kotlin/iosApp
    export PROJECT_FILE_PATH\=/Users/german/Work/JS/polski-grammar-srs/kotlin/iosApp/PolskiGrammar.xcodeproj
    export PROJECT_GUID\=23ee0051a95c59732cc842b37800d5f6
    export PROJECT_NAME\=PolskiGrammar
    export PROJECT_TEMP_DIR\=/Users/german/Work/JS/polski-grammar-srs/kotlin/iosApp/build/FinalVirtualIPadFix/Build/Intermediates.noindex/PolskiGrammar.build
    export PROJECT_TEMP_ROOT\=/Users/german/Work/JS/polski-grammar-srs/kotlin/iosApp/build/FinalVirtualIPadFix/Build/Intermediates.noindex
    export PROVISIONING_PROFILE_REQUIRED\=NO
    export PROVISIONING_PROFILE_REQUIRED_YES_YES\=YES
    export PROVISIONING_PROFILE_SUPPORTED\=YES
    export PUBLIC_HEADERS_FOLDER_PATH\=PolskiGrammar.app/Headers
    export RECOMMENDED_IPHONEOS_DEPLOYMENT_TARGET\=17.0
    export RECURSIVE_SEARCH_PATHS_FOLLOW_SYMLINKS\=YES
    export REMOVE_CVS_FROM_RESOURCES\=YES
    export REMOVE_GIT_FROM_RESOURCES\=YES
    export REMOVE_HEADERS_FROM_EMBEDDED_BUNDLES\=YES
    export REMOVE_HG_FROM_RESOURCES\=YES
    export REMOVE_STATIC_EXECUTABLES_FROM_EMBEDDED_BUNDLES\=YES
    export REMOVE_SVN_FROM_RESOURCES\=YES
    export RESCHEDULE_INDEPENDENT_HEADERS_PHASES\=YES
    export REZ_COLLECTOR_DIR\=/Users/german/Work/JS/polski-grammar-srs/kotlin/iosApp/build/FinalVirtualIPadFix/Build/Intermediates.noindex/PolskiGrammar.build/Debug-iphonesimulator/PolskiGrammar.build/ResourceManagerResources
    export REZ_OBJECTS_DIR\=/Users/german/Work/JS/polski-grammar-srs/kotlin/iosApp/build/FinalVirtualIPadFix/Build/Intermediates.noindex/PolskiGrammar.build/Debug-iphonesimulator/PolskiGrammar.build/ResourceManagerResources/Objects
    export REZ_SEARCH_PATHS\=/Users/german/Work/JS/polski-grammar-srs/kotlin/iosApp/build/FinalVirtualIPadFix/Build/Products/Debug-iphonesimulator\ 
    export RPATH_ORIGIN\=@loader_path
    export RUNTIME_EXCEPTION_ALLOW_DYLD_ENVIRONMENT_VARIABLES\=NO
    export RUNTIME_EXCEPTION_ALLOW_JIT\=NO
    export RUNTIME_EXCEPTION_ALLOW_UNSIGNED_EXECUTABLE_MEMORY\=NO
    export RUNTIME_EXCEPTION_DEBUGGING_TOOL\=NO
    export RUNTIME_EXCEPTION_DISABLE_EXECUTABLE_PAGE_PROTECTION\=NO
    export RUNTIME_EXCEPTION_DISABLE_LIBRARY_VALIDATION\=NO
    export SCANNING_PCM_KEEP_CACHE_DIRECTORY\=YES
    export SCAN_ALL_SOURCE_FILES_FOR_INCLUDES\=NO
    export SCRIPTS_FOLDER_PATH\=PolskiGrammar.app/Scripts
    export SCRIPT_INPUT_FILE_COUNT\=0
    export SCRIPT_INPUT_FILE_LIST_COUNT\=0
    export SCRIPT_OUTPUT_FILE_COUNT\=0
    export SCRIPT_OUTPUT_FILE_LIST_COUNT\=0
    export SDKROOT\=/Applications/Xcode.app/Contents/Developer/Platforms/iPhoneSimulator.platform/Developer/SDKs/iPhoneSimulator27.0.sdk
    export SDK_DIR\=/Applications/Xcode.app/Contents/Developer/Platforms/iPhoneSimulator.platform/Developer/SDKs/iPhoneSimulator27.0.sdk
    export SDK_DIR_iphonesimulator\=/Applications/Xcode.app/Contents/Developer/Platforms/iPhoneSimulator.platform/Developer/SDKs/iPhoneSimulator27.0.sdk
    export SDK_DIR_iphonesimulator27_0\=/Applications/Xcode.app/Contents/Developer/Platforms/iPhoneSimulator.platform/Developer/SDKs/iPhoneSimulator27.0.sdk
    export SDK_NAME\=iphonesimulator27.0
    export SDK_NAMES\=iphonesimulator27.0
    export SDK_PRODUCT_BUILD_VERSION\=24A430
    export SDK_STAT_CACHE_DIR\=/Users/german/Work/JS/polski-grammar-srs/kotlin/iosApp/build/FinalVirtualIPadFix
    export SDK_STAT_CACHE_ENABLE\=YES
    export SDK_STAT_CACHE_PATH\=/Users/german/Work/JS/polski-grammar-srs/kotlin/iosApp/build/FinalVirtualIPadFix/SDKStatCaches.noindex/iphonesimulator27.0-24A430-8dc58220667be655e1bcc261a7455254.sdkstatcache
    export SDK_VERSION\=27.0
    export SDK_VERSION_ACTUAL\=270000
    export SDK_VERSION_MAJOR\=270000
    export SDK_VERSION_MINOR\=270000
    export SED\=/usr/bin/sed
    export SEPARATE_STRIP\=NO
    export SEPARATE_SYMBOL_EDIT\=NO
    export SET_DIR_MODE_OWNER_GROUP\=YES
    export SET_FILE_MODE_OWNER_GROUP\=NO
    export SHALLOW_BUNDLE\=YES
    export SHALLOW_BUNDLE_TRIPLE\=ios-simulator
    export SHALLOW_BUNDLE_ios_macabi\=NO
    export SHALLOW_BUNDLE_macos\=NO
    export SHARED_DERIVED_FILE_DIR\=/Users/german/Work/JS/polski-grammar-srs/kotlin/iosApp/build/FinalVirtualIPadFix/Build/Products/Debug-iphonesimulator/DerivedSources
    export SHARED_FRAMEWORKS_FOLDER_PATH\=PolskiGrammar.app/SharedFrameworks
    export SHARED_PRECOMPS_DIR\=/Users/german/Work/JS/polski-grammar-srs/kotlin/iosApp/build/FinalVirtualIPadFix/Build/Intermediates.noindex/PrecompiledHeaders
    export SHARED_SUPPORT_FOLDER_PATH\=PolskiGrammar.app/SharedSupport
    export SKIP_COPYING_TEST_FRAMEWORKS\=YES
    export SKIP_INSTALL\=NO
    export SKIP_MERGEABLE_LIBRARY_BUNDLE_HOOK\=NO
    export SOURCE_ROOT\=/Users/german/Work/JS/polski-grammar-srs/kotlin/iosApp
    export SRCROOT\=/Users/german/Work/JS/polski-grammar-srs/kotlin/iosApp
    export STRINGSDATA_DIR\=/Users/german/Work/JS/polski-grammar-srs/kotlin/iosApp/build/FinalVirtualIPadFix/Build/Intermediates.noindex/PolskiGrammar.build/Debug-iphonesimulator/PolskiGrammar.build/Objects-normal/undefined_arch
    export STRINGSDATA_ROOT\=/Users/german/Work/JS/polski-grammar-srs/kotlin/iosApp/build/FinalVirtualIPadFix/Build/Intermediates.noindex/PolskiGrammar.build/Debug-iphonesimulator/PolskiGrammar.build
    export STRINGS_FILE_INFOPLIST_RENAME\=YES
    export STRINGS_FILE_OUTPUT_ENCODING\=binary
    export STRING_CATALOG_GENERATE_SYMBOLS\=NO
    export STRIP_BITCODE_FROM_COPIED_FILES\=NO
    export STRIP_INSTALLED_PRODUCT\=NO
    export STRIP_STYLE\=all
    export STRIP_SWIFT_SYMBOLS\=YES
    export SUPPORTED_DEVICE_FAMILIES\=1,2
    export SUPPORTED_PLATFORMS\=iphoneos\ iphonesimulator
    export SUPPORTS_MACCATALYST\=NO
    export SUPPORTS_ON_DEMAND_RESOURCES\=YES
    export SUPPORTS_TEXT_BASED_API\=NO
    export SUPPRESS_WARNINGS\=NO
    export SWIFTC_PASS_SDKROOT\=YES
    export SWIFTC_PASS_SYSROOT\=NO
    export SWIFT_ACTIVE_COMPILATION_CONDITIONS\=DEBUG
    export SWIFT_COLOR_DIAGNOSTICS\=NO
    export SWIFT_EMIT_CONST_VALUE_PROTOCOLS\=AnyResolverProviding\ AppEntity\ AppEnum\ AppExtension\ AppIntent\ AppIntentsPackage\ AppShortcutProviding\ AppShortcutsProvider\ AppUnionValue\ AppUnionValueCasesProviding\ DynamicOptionsProvider\ EntityQuery\ ExtensionPointDefining\ IntentValueQuery\ Resolver\ TransientEntity\ _AssistantIntentsProvider\ _GenerativeFunctionExtractable\ _IntentValueRepresentable
    export SWIFT_EMIT_LOC_STRINGS\=NO
    export SWIFT_ENABLE_EXPLICIT_MODULES\=YES
    export SWIFT_ENABLE_TESTABILITY\=YES
    export SWIFT_OPTIMIZATION_LEVEL\=-Onone
    export SWIFT_PLATFORM_TARGET_PREFIX\=ios
    export SWIFT_RESPONSE_FILE_PATH_normal_arm64\=/Users/german/Work/JS/polski-grammar-srs/kotlin/iosApp/build/FinalVirtualIPadFix/Build/Intermediates.noindex/PolskiGrammar.build/Debug-iphonesimulator/PolskiGrammar.build/Objects-normal/arm64/PolskiGrammar.SwiftFileList
    export SWIFT_VERSION\=5.0
    export SYMROOT\=/Users/german/Work/JS/polski-grammar-srs/kotlin/iosApp/build/FinalVirtualIPadFix/Build/Products
    export SYSROOT\=/Applications/Xcode.app/Contents/Developer/Platforms/iPhoneSimulator.platform/Developer/SDKs/iPhoneSimulator27.0.sdk
    export SYSTEM_ADMIN_APPS_DIR\=/Applications/Utilities
    export SYSTEM_APPS_DIR\=/Applications
    export SYSTEM_CORE_SERVICES_DIR\=/System/Library/CoreServices
    export SYSTEM_DEMOS_DIR\=/Applications/Extras
    export SYSTEM_DEVELOPER_APPS_DIR\=/Applications/Xcode.app/Contents/Developer/Applications
    export SYSTEM_DEVELOPER_BIN_DIR\=/Applications/Xcode.app/Contents/Developer/usr/bin
    export SYSTEM_DEVELOPER_DEMOS_DIR\=/Applications/Xcode.app/Contents/Developer/Applications/Utilities/Built\ Examples
    export SYSTEM_DEVELOPER_DIR\=/Applications/Xcode.app/Contents/Developer
    export SYSTEM_DEVELOPER_DOC_DIR\=/Applications/Xcode.app/Contents/Developer/ADC\ Reference\ Library
    export SYSTEM_DEVELOPER_GRAPHICS_TOOLS_DIR\=/Applications/Xcode.app/Contents/Developer/Applications/Graphics\ Tools
    export SYSTEM_DEVELOPER_JAVA_TOOLS_DIR\=/Applications/Xcode.app/Contents/Developer/Applications/Java\ Tools
    export SYSTEM_DEVELOPER_PERFORMANCE_TOOLS_DIR\=/Applications/Xcode.app/Contents/Developer/Applications/Performance\ Tools
    export SYSTEM_DEVELOPER_RELEASENOTES_DIR\=/Applications/Xcode.app/Contents/Developer/ADC\ Reference\ Library/releasenotes
    export SYSTEM_DEVELOPER_TOOLS\=/Applications/Xcode.app/Contents/Developer/Tools
    export SYSTEM_DEVELOPER_TOOLS_DOC_DIR\=/Applications/Xcode.app/Contents/Developer/ADC\ Reference\ Library/documentation/DeveloperTools
    export SYSTEM_DEVELOPER_TOOLS_RELEASENOTES_DIR\=/Applications/Xcode.app/Contents/Developer/ADC\ Reference\ Library/releasenotes/DeveloperTools
    export SYSTEM_DEVELOPER_USR_DIR\=/Applications/Xcode.app/Contents/Developer/usr
    export SYSTEM_DEVELOPER_UTILITIES_DIR\=/Applications/Xcode.app/Contents/Developer/Applications/Utilities
    export SYSTEM_DEXT_INSTALL_PATH\=/System/Library/DriverExtensions
    export SYSTEM_DOCUMENTATION_DIR\=/Library/Documentation
    export SYSTEM_EXTENSIONS_FOLDER_PATH\=PolskiGrammar.app/SystemExtensions
    export SYSTEM_EXTENSIONS_FOLDER_PATH_SHALLOW_BUNDLE_NO\=PolskiGrammar.app/Library/SystemExtensions
    export SYSTEM_EXTENSIONS_FOLDER_PATH_SHALLOW_BUNDLE_YES\=PolskiGrammar.app/SystemExtensions
    export SYSTEM_KEXT_INSTALL_PATH\=/System/Library/Extensions
    export SYSTEM_LIBRARY_DIR\=/System/Library
    export TAPI_DEMANGLE\=YES
    export TAPI_ENABLE_PROJECT_HEADERS\=NO
    export TAPI_LANGUAGE\=objective-c
    export TAPI_LANGUAGE_STANDARD\=compiler-default
    export TAPI_USE_SRCROOT\=YES
    export TAPI_VERIFY_MODE\=Pedantic
    export TARGETED_DEVICE_FAMILY\=1,2
    export TARGETNAME\=PolskiGrammar
    export TARGET_BUILD_DIR\=/Users/german/Work/JS/polski-grammar-srs/kotlin/iosApp/build/FinalVirtualIPadFix/Build/Products/Debug-iphonesimulator
    export TARGET_DEVICE_IDENTIFIER\=1885365E-A680-4EAC-926F-08E58B95A83D
    export TARGET_DEVICE_MODEL\=iPad17,4
    export TARGET_DEVICE_OS_VERSION\=26.1
    export TARGET_DEVICE_PLATFORM_NAME\=iphonesimulator
    export TARGET_NAME\=PolskiGrammar
    export TARGET_TEMP_DIR\=/Users/german/Work/JS/polski-grammar-srs/kotlin/iosApp/build/FinalVirtualIPadFix/Build/Intermediates.noindex/PolskiGrammar.build/Debug-iphonesimulator/PolskiGrammar.build
    export TEMP_DIR\=/Users/german/Work/JS/polski-grammar-srs/kotlin/iosApp/build/FinalVirtualIPadFix/Build/Intermediates.noindex/PolskiGrammar.build/Debug-iphonesimulator/PolskiGrammar.build
    export TEMP_FILES_DIR\=/Users/german/Work/JS/polski-grammar-srs/kotlin/iosApp/build/FinalVirtualIPadFix/Build/Intermediates.noindex/PolskiGrammar.build/Debug-iphonesimulator/PolskiGrammar.build
    export TEMP_FILE_DIR\=/Users/german/Work/JS/polski-grammar-srs/kotlin/iosApp/build/FinalVirtualIPadFix/Build/Intermediates.noindex/PolskiGrammar.build/Debug-iphonesimulator/PolskiGrammar.build
    export TEMP_ROOT\=/Users/german/Work/JS/polski-grammar-srs/kotlin/iosApp/build/FinalVirtualIPadFix/Build/Intermediates.noindex
    export TEMP_SANDBOX_DIR\=/Users/german/Work/JS/polski-grammar-srs/kotlin/iosApp/build/FinalVirtualIPadFix/Build/Intermediates.noindex/TemporaryTaskSandboxes
    export TEST_FRAMEWORK_SEARCH_PATHS\=\ /Applications/Xcode.app/Contents/Developer/Platforms/iPhoneSimulator.platform/Developer/Library/Frameworks\ /Applications/Xcode.app/Contents/Developer/Platforms/iPhoneSimulator.platform/Developer/SDKs/iPhoneSimulator27.0.sdk/Developer/Library/Frameworks
    export TEST_LIBRARY_SEARCH_PATHS\=\ /Applications/Xcode.app/Contents/Developer/Platforms/iPhoneSimulator.platform/Developer/usr/lib
    export TOOLCHAINS\=com.apple.dt.toolchain.XcodeDefault
    export TOOLCHAIN_DIR\=/Applications/Xcode.app/Contents/Developer/Toolchains/XcodeDefault.xctoolchain
    export TREAT_MISSING_BASELINES_AS_TEST_FAILURES\=NO
    export TREAT_MISSING_SCRIPT_PHASE_OUTPUTS_AS_ERRORS\=NO
    export UID\=501
    export UNINSTALLED_PRODUCTS_DIR\=/Users/german/Work/JS/polski-grammar-srs/kotlin/iosApp/build/FinalVirtualIPadFix/Build/Intermediates.noindex/UninstalledProducts
    export UNLOCALIZED_RESOURCES_FOLDER_PATH\=PolskiGrammar.app
    export UNLOCALIZED_RESOURCES_FOLDER_PATH_SHALLOW_BUNDLE_NO\=PolskiGrammar.app/Resources
    export UNLOCALIZED_RESOURCES_FOLDER_PATH_SHALLOW_BUNDLE_YES\=PolskiGrammar.app
    export UNSTRIPPED_PRODUCT\=NO
    export USER\=german
    export USER_APPS_DIR\=/Users/german/Applications
    export USER_LIBRARY_DIR\=/Users/german/Library
    export USE_DYNAMIC_NO_PIC\=YES
    export USE_HEADERMAP\=YES
    export USE_HEADER_SYMLINKS\=NO
    export VALIDATE_DEVELOPMENT_ASSET_PATHS\=YES_ERROR
    export VALIDATE_PRODUCT\=NO
    export VALID_ARCHS\=arm64\ x86_64
    export VERBOSE_PBXCP\=NO
    export VERSIONPLIST_PATH\=PolskiGrammar.app/version.plist
    export VERSION_INFO_BUILDER\=german
    export VERSION_INFO_FILE\=PolskiGrammar_vers.c
    export VERSION_INFO_STRING\=\"@\(\#\)PROGRAM:PolskiGrammar\ \ PROJECT:PolskiGrammar-\"
    export WORKSPACE_DIR\=/Users/german/Work/JS/polski-grammar-srs/kotlin/iosApp/PolskiGrammar.xcodeproj
    export WRAPPER_EXTENSION\=app
    export WRAPPER_NAME\=PolskiGrammar.app
    export WRAPPER_SUFFIX\=.app
    export WRAP_ASSET_PACKS_IN_SEPARATE_DIRECTORIES\=NO
    export XCODE_APP_SUPPORT_DIR\=/Applications/Xcode.app/Contents/Developer/Library/Xcode
    export XCODE_PRODUCT_BUILD_VERSION\=27A266a
    export XCODE_VERSION_ACTUAL\=2700
    export XCODE_VERSION_MAJOR\=2700
    export XCODE_VERSION_MINOR\=2700
    export XPCSERVICES_FOLDER_PATH\=PolskiGrammar.app/XPCServices
    export YACC\=yacc
    export _DISCOVER_COMMAND_LINE_LINKER_INPUTS\=YES
    export _DISCOVER_COMMAND_LINE_LINKER_INPUTS_INCLUDE_WL\=YES
    export _LD_MULTIARCH\=YES
    export _SWIFT_EXPLICIT_MODULES_ALLOW_CXX_INTEROP\=YES
    export _WRAPPER_CONTENTS_DIR_SHALLOW_BUNDLE_NO\=/Contents
    export _WRAPPER_PARENT_PATH_SHALLOW_BUNDLE_NO\=/..
    export _WRAPPER_RESOURCES_DIR_SHALLOW_BUNDLE_NO\=/Resources
    export __ARCHS__\=arm64\ x86_64
    export __DIAGNOSE_DEPRECATED_ARCHS\=YES
    export __DIAGNOSE_INVALID_DEPLOYMENT_TARGET_AS_ERROR\=YES
    export __IS_NOT_MACOS\=YES
    export __IS_NOT_MACOS_macosx\=NO
    export __IS_NOT_SIMULATOR\=NO
    export __IS_NOT_SIMULATOR_simulator\=NO
    export __ORIGINAL_SDK_DEFINED_LLVM_TARGET_TRIPLE_SYS\=ios
    export arch\=undefined_arch
    export variant\=normal
    /bin/sh -c /Users/german/Work/JS/polski-grammar-srs/kotlin/iosApp/build/FinalVirtualIPadFix/Build/Intermediates.noindex/PolskiGrammar.build/Debug-iphonesimulator/PolskiGrammar.build/Script-DF070EF247392F9D1B643D23.sh
> Task :shared:kmpPartiallyResolvedDependenciesChecker
> Task :shared:checkKotlinGradlePluginConfigurationErrors SKIPPED
> Task :shared:checkSandboxAndWriteProtection
> Task :shared:downloadKotlinNativeDistribution UP-TO-DATE
> Task :shared:generateCoursePackSource UP-TO-DATE
> Task :shared:compileKotlinIosSimulatorArm64 UP-TO-DATE
> Task :shared:checkSyntheticImportProjectIsCorrectlyIntegratedForEmbedAndSign SKIPPED
> Task :shared:checkSyntheticImportProjectIsCorrectlyIntegratedForEmbedSwiftExport SKIPPED
> Task :shared:generateSyntheticLinkageSwiftPMImportProjectForEmbedAndSignLinkage SKIPPED
> Task :shared:linkDebugFrameworkIosSimulatorArm64 UP-TO-DATE

BUILD SUCCESSFUL in 1s
6 actionable tasks: 2 executed, 4 up-to-date
Consider enabling configuration cache to speed up this build: https://docs.gradle.org/9.3.1/userguide/configuration_cache_enabling.html

Ld /Users/german/Work/JS/polski-grammar-srs/kotlin/iosApp/build/FinalVirtualIPadFix/Build/Products/Debug-iphonesimulator/PolskiGrammar.app/__preview.dylib normal (in target 'PolskiGrammar' from project 'PolskiGrammar')
    cd /Users/german/Work/JS/polski-grammar-srs/kotlin/iosApp
    /Applications/Xcode.app/Contents/Developer/Toolchains/XcodeDefault.xctoolchain/usr/bin/clang -Xlinker -reproducible -target arm64-apple-ios17.0-simulator -dynamiclib -isysroot /Applications/Xcode.app/Contents/Developer/Platforms/iPhoneSimulator.platform/Developer/SDKs/iPhoneSimulator27.0.sdk -O0 -Xlinker -no_warn_duplicate_libraries -L/Users/german/Work/JS/polski-grammar-srs/kotlin/iosApp/build/FinalVirtualIPadFix/Build/Products/Debug-iphonesimulator -F/Users/german/Work/JS/polski-grammar-srs/kotlin/iosApp/build/FinalVirtualIPadFix/Build/Products/Debug-iphonesimulator -install_name @rpath/PolskiGrammar.debug.dylib -Xlinker -dead_strip -rdynamic -Xlinker -no_deduplicate -Xlinker -objc_abi_version -Xlinker 2 -Xlinker -dependency_info -Xlinker /Users/german/Work/JS/polski-grammar-srs/kotlin/iosApp/build/FinalVirtualIPadFix/Build/Intermediates.noindex/PolskiGrammar.build/Debug-iphonesimulator/PolskiGrammar.build/Objects-normal/arm64/PolskiGrammar_dependency_info.dat -o /Users/german/Work/JS/polski-grammar-srs/kotlin/iosApp/build/FinalVirtualIPadFix/Build/Products/Debug-iphonesimulator/PolskiGrammar.app/__preview.dylib

MkDir /Users/german/Work/JS/polski-grammar-srs/kotlin/iosApp/build/FinalVirtualIPadFix/Build/Intermediates.noindex/PolskiGrammar.build/Debug-iphonesimulator/PolskiGrammar.build/assetcatalog_output/unthinned (in target 'PolskiGrammar' from project 'PolskiGrammar')
    cd /Users/german/Work/JS/polski-grammar-srs/kotlin/iosApp
    /bin/mkdir -p /Users/german/Work/JS/polski-grammar-srs/kotlin/iosApp/build/FinalVirtualIPadFix/Build/Intermediates.noindex/PolskiGrammar.build/Debug-iphonesimulator/PolskiGrammar.build/assetcatalog_output/unthinned

GenerateAssetSymbols /Users/german/Work/JS/polski-grammar-srs/kotlin/iosApp/PolskiGrammar/Assets.xcassets (in target 'PolskiGrammar' from project 'PolskiGrammar')
    cd /Users/german/Work/JS/polski-grammar-srs/kotlin/iosApp
    /Applications/Xcode.app/Contents/Developer/usr/bin/actool /Users/german/Work/JS/polski-grammar-srs/kotlin/iosApp/PolskiGrammar/Assets.xcassets --compile /Users/german/Work/JS/polski-grammar-srs/kotlin/iosApp/build/FinalVirtualIPadFix/Build/Products/Debug-iphonesimulator/PolskiGrammar.app --output-format human-readable-text --notices --warnings --export-dependency-info /Users/german/Work/JS/polski-grammar-srs/kotlin/iosApp/build/FinalVirtualIPadFix/Build/Intermediates.noindex/PolskiGrammar.build/Debug-iphonesimulator/PolskiGrammar.build/assetcatalog_dependencies --output-partial-info-plist /Users/german/Work/JS/polski-grammar-srs/kotlin/iosApp/build/FinalVirtualIPadFix/Build/Intermediates.noindex/PolskiGrammar.build/Debug-iphonesimulator/PolskiGrammar.build/assetcatalog_generated_info.plist --app-icon AppIcon --accent-color AccentColor --compress-pngs --enable-on-demand-resources YES --development-region ru --target-device iphone --target-device ipad --minimum-deployment-target 17.0 --platform iphonesimulator --bundle-identifier dev.polski.grammarmatrix.ios --generate-swift-asset-symbol-extensions NO --generate-swift-asset-symbols /Users/german/Work/JS/polski-grammar-srs/kotlin/iosApp/build/FinalVirtualIPadFix/Build/Intermediates.noindex/PolskiGrammar.build/Debug-iphonesimulator/PolskiGrammar.build/DerivedSources/GeneratedAssetSymbols.swift --generate-objc-asset-symbols /Users/german/Work/JS/polski-grammar-srs/kotlin/iosApp/build/FinalVirtualIPadFix/Build/Intermediates.noindex/PolskiGrammar.build/Debug-iphonesimulator/PolskiGrammar.build/DerivedSources/GeneratedAssetSymbols.h --generate-asset-symbol-index /Users/german/Work/JS/polski-grammar-srs/kotlin/iosApp/build/FinalVirtualIPadFix/Build/Intermediates.noindex/PolskiGrammar.build/Debug-iphonesimulator/PolskiGrammar.build/DerivedSources/GeneratedAssetSymbols-Index.plist
/* com.apple.actool.compilation-results */
/Users/german/Work/JS/polski-grammar-srs/kotlin/iosApp/build/FinalVirtualIPadFix/Build/Intermediates.noindex/PolskiGrammar.build/Debug-iphonesimulator/PolskiGrammar.build/DerivedSources/GeneratedAssetSymbols-Index.plist
/Users/german/Work/JS/polski-grammar-srs/kotlin/iosApp/build/FinalVirtualIPadFix/Build/Intermediates.noindex/PolskiGrammar.build/Debug-iphonesimulator/PolskiGrammar.build/DerivedSources/GeneratedAssetSymbols.h
/Users/german/Work/JS/polski-grammar-srs/kotlin/iosApp/build/FinalVirtualIPadFix/Build/Intermediates.noindex/PolskiGrammar.build/Debug-iphonesimulator/PolskiGrammar.build/DerivedSources/GeneratedAssetSymbols.swift


MkDir /Users/german/Work/JS/polski-grammar-srs/kotlin/iosApp/build/FinalVirtualIPadFix/Build/Intermediates.noindex/PolskiGrammar.build/Debug-iphonesimulator/PolskiGrammar.build/assetcatalog_output/thinned (in target 'PolskiGrammar' from project 'PolskiGrammar')
    cd /Users/german/Work/JS/polski-grammar-srs/kotlin/iosApp
    /bin/mkdir -p /Users/german/Work/JS/polski-grammar-srs/kotlin/iosApp/build/FinalVirtualIPadFix/Build/Intermediates.noindex/PolskiGrammar.build/Debug-iphonesimulator/PolskiGrammar.build/assetcatalog_output/thinned

CompileAssetCatalogVariant thinned /Users/german/Work/JS/polski-grammar-srs/kotlin/iosApp/build/FinalVirtualIPadFix/Build/Products/Debug-iphonesimulator/PolskiGrammar.app /Users/german/Work/JS/polski-grammar-srs/kotlin/iosApp/PolskiGrammar/Assets.xcassets (in target 'PolskiGrammar' from project 'PolskiGrammar')
    cd /Users/german/Work/JS/polski-grammar-srs/kotlin/iosApp
    /Applications/Xcode.app/Contents/Developer/usr/bin/actool /Users/german/Work/JS/polski-grammar-srs/kotlin/iosApp/PolskiGrammar/Assets.xcassets --compile /Users/german/Work/JS/polski-grammar-srs/kotlin/iosApp/build/FinalVirtualIPadFix/Build/Intermediates.noindex/PolskiGrammar.build/Debug-iphonesimulator/PolskiGrammar.build/assetcatalog_output/thinned --output-format human-readable-text --notices --warnings --export-dependency-info /Users/german/Work/JS/polski-grammar-srs/kotlin/iosApp/build/FinalVirtualIPadFix/Build/Intermediates.noindex/PolskiGrammar.build/Debug-iphonesimulator/PolskiGrammar.build/assetcatalog_dependencies_thinned --output-partial-info-plist /Users/german/Work/JS/polski-grammar-srs/kotlin/iosApp/build/FinalVirtualIPadFix/Build/Intermediates.noindex/PolskiGrammar.build/Debug-iphonesimulator/PolskiGrammar.build/assetcatalog_generated_info.plist_thinned --app-icon AppIcon --accent-color AccentColor --compress-pngs --enable-on-demand-resources YES --filter-for-thinning-device-configuration iPad17,4-A --filter-for-device-os-version 26.1 --development-region ru --target-device iphone --target-device ipad --minimum-deployment-target 17.0 --platform iphonesimulator
/* com.apple.actool.compilation-results */
/Users/german/Work/JS/polski-grammar-srs/kotlin/iosApp/build/FinalVirtualIPadFix/Build/Intermediates.noindex/PolskiGrammar.build/Debug-iphonesimulator/PolskiGrammar.build/assetcatalog_generated_info.plist_thinned
/Users/german/Work/JS/polski-grammar-srs/kotlin/iosApp/build/FinalVirtualIPadFix/Build/Intermediates.noindex/PolskiGrammar.build/Debug-iphonesimulator/PolskiGrammar.build/assetcatalog_output/thinned/AppIcon60x60@2x.png
/Users/german/Work/JS/polski-grammar-srs/kotlin/iosApp/build/FinalVirtualIPadFix/Build/Intermediates.noindex/PolskiGrammar.build/Debug-iphonesimulator/PolskiGrammar.build/assetcatalog_output/thinned/AppIcon76x76@2x~ipad.png
/Users/german/Work/JS/polski-grammar-srs/kotlin/iosApp/build/FinalVirtualIPadFix/Build/Intermediates.noindex/PolskiGrammar.build/Debug-iphonesimulator/PolskiGrammar.build/assetcatalog_output/thinned/Assets.car


SwiftDriver PolskiGrammar normal arm64 com.apple.xcode.tools.swift.compiler (in target 'PolskiGrammar' from project 'PolskiGrammar')
    cd /Users/german/Work/JS/polski-grammar-srs/kotlin/iosApp
    builtin-SwiftDriver -- /Applications/Xcode.app/Contents/Developer/Toolchains/XcodeDefault.xctoolchain/usr/bin/swiftc -module-name PolskiGrammar -Onone @/Users/german/Work/JS/polski-grammar-srs/kotlin/iosApp/build/FinalVirtualIPadFix/Build/Intermediates.noindex/PolskiGrammar.build/Debug-iphonesimulator/PolskiGrammar.build/Objects-normal/arm64/PolskiGrammar.SwiftFileList -DDEBUG -enable-bare-slash-regex -enable-experimental-feature DebugDescriptionMacro -sdk /Applications/Xcode.app/Contents/Developer/Platforms/iPhoneSimulator.platform/Developer/SDKs/iPhoneSimulator27.0.sdk -target arm64-apple-ios17.0-simulator -g -module-cache-path /Users/german/Work/JS/polski-grammar-srs/kotlin/iosApp/build/FinalVirtualIPadFix/ModuleCache.noindex -Xfrontend -serialize-debugging-options -enable-testing -index-store-path /Users/german/Work/JS/polski-grammar-srs/kotlin/iosApp/build/FinalVirtualIPadFix/Index.noindex/DataStore -Xcc -D_LIBCPP_HARDENING_MODE\=_LIBCPP_HARDENING_MODE_DEBUG -swift-version 5 -I /Users/german/Work/JS/polski-grammar-srs/kotlin/iosApp/build/FinalVirtualIPadFix/Build/Products/Debug-iphonesimulator -F /Users/german/Work/JS/polski-grammar-srs/kotlin/iosApp/build/FinalVirtualIPadFix/Build/Products/Debug-iphonesimulator -c -j10 -enable-batch-mode -incremental -Xcc -ivfsstatcache -Xcc /Users/german/Work/JS/polski-grammar-srs/kotlin/iosApp/build/FinalVirtualIPadFix/SDKStatCaches.noindex/iphonesimulator27.0-24A430-8dc58220667be655e1bcc261a7455254.sdkstatcache -output-file-map /Users/german/Work/JS/polski-grammar-srs/kotlin/iosApp/build/FinalVirtualIPadFix/Build/Intermediates.noindex/PolskiGrammar.build/Debug-iphonesimulator/PolskiGrammar.build/Objects-normal/arm64/PolskiGrammar-OutputFileMap.json -save-temps -no-color-diagnostics -explicit-module-build -module-cache-path /Users/german/Work/JS/polski-grammar-srs/kotlin/iosApp/build/FinalVirtualIPadFix/Build/Intermediates.noindex/SwiftExplicitPrecompiledModules -clang-scanner-module-cache-path /Users/german/Work/JS/polski-grammar-srs/kotlin/iosApp/build/FinalVirtualIPadFix/ModuleCache.noindex -sdk-module-cache-path /Users/german/Work/JS/polski-grammar-srs/kotlin/iosApp/build/FinalVirtualIPadFix/SDKExplicitPrecompiledModules -emit-dependencies -emit-module -emit-module-path /Users/german/Work/JS/polski-grammar-srs/kotlin/iosApp/build/FinalVirtualIPadFix/Build/Intermediates.noindex/PolskiGrammar.build/Debug-iphonesimulator/PolskiGrammar.build/Objects-normal/arm64/PolskiGrammar.swiftmodule -serialize-diagnostics -dependency-scan-serialize-diagnostics-path /Users/german/Work/JS/polski-grammar-srs/kotlin/iosApp/build/FinalVirtualIPadFix/Build/Intermediates.noindex/PolskiGrammar.build/Debug-iphonesimulator/PolskiGrammar.build/Objects-normal/arm64/PolskiGrammar-dependency-scan.dia -validate-clang-modules-once -clang-build-session-file /Users/german/Work/JS/polski-grammar-srs/kotlin/iosApp/build/FinalVirtualIPadFix/ModuleCache.noindex/Session.modulevalidation -Xcc -fmodules-prune-interval\=86400 -Xcc -fmodules-prune-after\=345600 -emit-const-values -const-gather-protocols-list /Users/german/Work/JS/polski-grammar-srs/kotlin/iosApp/build/FinalVirtualIPadFix/Build/Intermediates.noindex/PolskiGrammar.build/Debug-iphonesimulator/PolskiGrammar.build/Objects-normal/arm64/PolskiGrammar_const_extract_protocols.json -Xcc -iquote -Xcc /Users/german/Work/JS/polski-grammar-srs/kotlin/iosApp/build/FinalVirtualIPadFix/Build/Intermediates.noindex/PolskiGrammar.build/Debug-iphonesimulator/PolskiGrammar.build/PolskiGrammar-generated-files.hmap -Xcc -I/Users/german/Work/JS/polski-grammar-srs/kotlin/iosApp/build/FinalVirtualIPadFix/Build/Intermediates.noindex/PolskiGrammar.build/Debug-iphonesimulator/PolskiGrammar.build/PolskiGrammar-own-target-headers.hmap -Xcc -I/Users/german/Work/JS/polski-grammar-srs/kotlin/iosApp/build/FinalVirtualIPadFix/Build/Intermediates.noindex/PolskiGrammar.build/Debug-iphonesimulator/PolskiGrammar.build/PolskiGrammar-all-target-headers.hmap -Xcc -iquote -Xcc /Users/german/Work/JS/polski-grammar-srs/kotlin/iosApp/build/FinalVirtualIPadFix/Build/Intermediates.noindex/PolskiGrammar.build/Debug-iphonesimulator/PolskiGrammar.build/PolskiGrammar-project-headers.hmap -Xcc -I/Users/german/Work/JS/polski-grammar-srs/kotlin/iosApp/build/FinalVirtualIPadFix/Build/Products/Debug-iphonesimulator/include -Xcc -I/Users/german/Work/JS/polski-grammar-srs/kotlin/iosApp/build/FinalVirtualIPadFix/Build/Intermediates.noindex/PolskiGrammar.build/Debug-iphonesimulator/PolskiGrammar.build/DerivedSources-normal/arm64 -Xcc -I/Users/german/Work/JS/polski-grammar-srs/kotlin/iosApp/build/FinalVirtualIPadFix/Build/Intermediates.noindex/PolskiGrammar.build/Debug-iphonesimulator/PolskiGrammar.build/DerivedSources/arm64 -Xcc -I/Users/german/Work/JS/polski-grammar-srs/kotlin/iosApp/build/FinalVirtualIPadFix/Build/Intermediates.noindex/PolskiGrammar.build/Debug-iphonesimulator/PolskiGrammar.build/DerivedSources -Xcc -DDEBUG\=1 -emit-objc-header -emit-objc-header-path /Users/german/Work/JS/polski-grammar-srs/kotlin/iosApp/build/FinalVirtualIPadFix/Build/Intermediates.noindex/PolskiGrammar.build/Debug-iphonesimulator/PolskiGrammar.build/Objects-normal/arm64/PolskiGrammar-Swift.h -working-directory /Users/german/Work/JS/polski-grammar-srs/kotlin/iosApp -experimental-emit-module-separately -disable-cmo

SwiftExplicitDependencyGeneratePcm arm64 /Users/german/Work/JS/polski-grammar-srs/kotlin/iosApp/build/FinalVirtualIPadFix/SDKExplicitPrecompiledModules/_Builtin_stddef-EGD63IS0FEJOFLIFO49MUCEW1.pcm

SwiftExplicitDependencyGeneratePcm arm64 /Users/german/Work/JS/polski-grammar-srs/kotlin/iosApp/build/FinalVirtualIPadFix/SDKExplicitPrecompiledModules/SwiftShims-8BWWTT0OAOKKUMBD3WPFNAHNO.pcm

SwiftExplicitDependencyGeneratePcm arm64 /Users/german/Work/JS/polski-grammar-srs/kotlin/iosApp/build/FinalVirtualIPadFix/SDKExplicitPrecompiledModules/DeveloperToolsSupport-DKX3H0VG7M5DSZV7CGNTAGFCJ.pcm

SwiftExplicitDependencyGeneratePcm arm64 /Users/german/Work/JS/polski-grammar-srs/kotlin/iosApp/build/FinalVirtualIPadFix/SDKExplicitPrecompiledModules/_Builtin_stdarg-55QK3N5R0YZH6DAGXQC4ZMOVV.pcm

SwiftExplicitDependencyGeneratePcm arm64 /Users/german/Work/JS/polski-grammar-srs/kotlin/iosApp/build/FinalVirtualIPadFix/SDKExplicitPrecompiledModules/_Builtin_stdbool-9HFDXMVO32BRI0DJLMEPI4R1K.pcm

SwiftExplicitDependencyGeneratePcm arm64 /Users/german/Work/JS/polski-grammar-srs/kotlin/iosApp/build/FinalVirtualIPadFix/SDKExplicitPrecompiledModules/_AvailabilityInternal-4V3OCRV8VOYOUEYOEHEBZGXF6.pcm

SwiftExplicitDependencyGeneratePcm arm64 /Users/german/Work/JS/polski-grammar-srs/kotlin/iosApp/build/FinalVirtualIPadFix/SDKExplicitPrecompiledModules/ptrcheck-1DA5VHGJHV5EXRGEOB4GAFX.pcm

SwiftExplicitDependencyGeneratePcm arm64 /Users/german/Work/JS/polski-grammar-srs/kotlin/iosApp/build/FinalVirtualIPadFix/SDKExplicitPrecompiledModules/ptrauth-1PWKOJ2N9ZEOI1MR601J1YS5I.pcm

SwiftExplicitDependencyGeneratePcm arm64 /Users/german/Work/JS/polski-grammar-srs/kotlin/iosApp/build/FinalVirtualIPadFix/SDKExplicitPrecompiledModules/_Builtin_float-5CU73SMP070N0RVHWQ5030QV0.pcm

SwiftExplicitDependencyGeneratePcm arm64 /Users/german/Work/JS/polski-grammar-srs/kotlin/iosApp/build/FinalVirtualIPadFix/SDKExplicitPrecompiledModules/_SwiftConcurrencyShims-3HWWQB8YTMOUVQTP8LUNODEZA.pcm

SwiftExplicitDependencyGeneratePcm arm64 /Users/german/Work/JS/polski-grammar-srs/kotlin/iosApp/build/FinalVirtualIPadFix/SDKExplicitPrecompiledModules/_DarwinFoundation1-BKKYYHFWUAYZ35RJ9DXEQG5JA.pcm

SwiftExplicitDependencyGeneratePcm arm64 /Users/german/Work/JS/polski-grammar-srs/kotlin/iosApp/build/FinalVirtualIPadFix/SDKExplicitPrecompiledModules/_Builtin_limits-17RY3TWQJ5UO2B42C452TJKYJ.pcm

SwiftExplicitDependencyGeneratePcm arm64 /Users/german/Work/JS/polski-grammar-srs/kotlin/iosApp/build/FinalVirtualIPadFix/SDKExplicitPrecompiledModules/_DarwinFoundation2-6QUXG46TBB2IE93I94FU5LT0Y.pcm

SwiftExplicitDependencyGeneratePcm arm64 /Users/german/Work/JS/polski-grammar-srs/kotlin/iosApp/build/FinalVirtualIPadFix/SDKExplicitPrecompiledModules/_Builtin_tgmath-BOK8HZGVUHVHRSWSX7NPEU0Q9.pcm

SwiftExplicitDependencyGeneratePcm arm64 /Users/german/Work/JS/polski-grammar-srs/kotlin/iosApp/build/FinalVirtualIPadFix/SDKExplicitPrecompiledModules/string_h-1B1QBSHJZ03Y39WDXVVC05U0G.pcm

SwiftExplicitDependencyGeneratePcm arm64 /Users/german/Work/JS/polski-grammar-srs/kotlin/iosApp/build/FinalVirtualIPadFix/SDKExplicitPrecompiledModules/sys_types-4XLHYQ48VKVOGLCJTB1DPNDQV.pcm

SwiftExplicitDependencyGeneratePcm arm64 /Users/german/Work/JS/polski-grammar-srs/kotlin/iosApp/build/FinalVirtualIPadFix/SDKExplicitPrecompiledModules/_Builtin_stdint-EG5URAWF3KKCJA8SPU5ZASLK.pcm

SwiftExplicitDependencyGeneratePcm arm64 /Users/german/Work/JS/polski-grammar-srs/kotlin/iosApp/build/FinalVirtualIPadFix/SDKExplicitPrecompiledModules/_DarwinFoundation3-CWZQJ4LDQAFBF6VUD50185P9I.pcm

SwiftExplicitDependencyGeneratePcm arm64 /Users/german/Work/JS/polski-grammar-srs/kotlin/iosApp/build/FinalVirtualIPadFix/SDKExplicitPrecompiledModules/_Builtin_stdatomic-BDH0T7ONXT3ZDQF8GB0FB8BR8.pcm

SwiftExplicitDependencyGeneratePcm arm64 /Users/german/Work/JS/polski-grammar-srs/kotlin/iosApp/build/FinalVirtualIPadFix/SDKExplicitPrecompiledModules/_Builtin_intrinsics-29CP9LSPB9ST7H1AG385F9ABO.pcm

SwiftExplicitDependencyGeneratePcm arm64 /Users/german/Work/JS/polski-grammar-srs/kotlin/iosApp/build/FinalVirtualIPadFix/SDKExplicitPrecompiledModules/_Builtin_inttypes-1OXKNHRNYTDV3M5C1FPU7AHQW.pcm

SwiftExplicitDependencyGeneratePcm arm64 /Users/german/Work/JS/polski-grammar-srs/kotlin/iosApp/build/FinalVirtualIPadFix/SDKExplicitPrecompiledModules/Darwin-EJ7MG0EALPX6VUMKI9SWUOPR5.pcm

SwiftExplicitDependencyGeneratePcm arm64 /Users/german/Work/JS/polski-grammar-srs/kotlin/iosApp/build/FinalVirtualIPadFix/SDKExplicitPrecompiledModules/simd-DU624UP6RMNAAYE2SU9SBNIRS.pcm

SwiftExplicitDependencyGeneratePcm arm64 /Users/german/Work/JS/polski-grammar-srs/kotlin/iosApp/build/FinalVirtualIPadFix/SDKExplicitPrecompiledModules/MachO-5ZWP00E4SZIZB9L2L7D4IBTN1.pcm

SwiftExplicitDependencyGeneratePcm arm64 /Users/german/Work/JS/polski-grammar-srs/kotlin/iosApp/build/FinalVirtualIPadFix/SDKExplicitPrecompiledModules/ObjectiveC-DVC0COVNE6WNK7Z2EM4B3GUOA.pcm

SwiftExplicitDependencyGeneratePcm arm64 /Users/german/Work/JS/polski-grammar-srs/kotlin/iosApp/build/FinalVirtualIPadFix/SDKExplicitPrecompiledModules/os_object-7WQBWT9QMRCJYGDQ9SNWRT0S9.pcm

SwiftExplicitDependencyGeneratePcm arm64 /Users/german/Work/JS/polski-grammar-srs/kotlin/iosApp/build/FinalVirtualIPadFix/SDKExplicitPrecompiledModules/os_workgroup-2TVU1142EOA45YZ27PQVFW40.pcm

SwiftExplicitDependencyGeneratePcm arm64 /Users/german/Work/JS/polski-grammar-srs/kotlin/iosApp/build/FinalVirtualIPadFix/SDKExplicitPrecompiledModules/Spatial-5OWS702HJGVNTCLVIZ2ZG29CQ.pcm

SwiftExplicitDependencyGeneratePcm arm64 /Users/german/Work/JS/polski-grammar-srs/kotlin/iosApp/build/FinalVirtualIPadFix/SDKExplicitPrecompiledModules/Dispatch-BZFHU6S6CXHXME48HQ74986M1.pcm

LinkAssetCatalog /Users/german/Work/JS/polski-grammar-srs/kotlin/iosApp/PolskiGrammar/Assets.xcassets (in target 'PolskiGrammar' from project 'PolskiGrammar')
    cd /Users/german/Work/JS/polski-grammar-srs/kotlin/iosApp
    builtin-linkAssetCatalog --thinned /Users/german/Work/JS/polski-grammar-srs/kotlin/iosApp/build/FinalVirtualIPadFix/Build/Intermediates.noindex/PolskiGrammar.build/Debug-iphonesimulator/PolskiGrammar.build/assetcatalog_output/thinned --thinned-dependencies /Users/german/Work/JS/polski-grammar-srs/kotlin/iosApp/build/FinalVirtualIPadFix/Build/Intermediates.noindex/PolskiGrammar.build/Debug-iphonesimulator/PolskiGrammar.build/assetcatalog_dependencies_thinned --thinned-info-plist-content /Users/german/Work/JS/polski-grammar-srs/kotlin/iosApp/build/FinalVirtualIPadFix/Build/Intermediates.noindex/PolskiGrammar.build/Debug-iphonesimulator/PolskiGrammar.build/assetcatalog_generated_info.plist_thinned --unthinned /Users/german/Work/JS/polski-grammar-srs/kotlin/iosApp/build/FinalVirtualIPadFix/Build/Intermediates.noindex/PolskiGrammar.build/Debug-iphonesimulator/PolskiGrammar.build/assetcatalog_output/unthinned --unthinned-dependencies /Users/german/Work/JS/polski-grammar-srs/kotlin/iosApp/build/FinalVirtualIPadFix/Build/Intermediates.noindex/PolskiGrammar.build/Debug-iphonesimulator/PolskiGrammar.build/assetcatalog_dependencies_unthinned --unthinned-info-plist-content /Users/german/Work/JS/polski-grammar-srs/kotlin/iosApp/build/FinalVirtualIPadFix/Build/Intermediates.noindex/PolskiGrammar.build/Debug-iphonesimulator/PolskiGrammar.build/assetcatalog_generated_info.plist_unthinned --output /Users/german/Work/JS/polski-grammar-srs/kotlin/iosApp/build/FinalVirtualIPadFix/Build/Products/Debug-iphonesimulator/PolskiGrammar.app --plist-output /Users/german/Work/JS/polski-grammar-srs/kotlin/iosApp/build/FinalVirtualIPadFix/Build/Intermediates.noindex/PolskiGrammar.build/Debug-iphonesimulator/PolskiGrammar.build/assetcatalog_generated_info.plist
note: Emplaced /Users/german/Work/JS/polski-grammar-srs/kotlin/iosApp/build/FinalVirtualIPadFix/Build/Products/Debug-iphonesimulator/PolskiGrammar.app/AppIcon60x60@2x.png (in target 'PolskiGrammar' from project 'PolskiGrammar')
note: Emplaced /Users/german/Work/JS/polski-grammar-srs/kotlin/iosApp/build/FinalVirtualIPadFix/Build/Products/Debug-iphonesimulator/PolskiGrammar.app/Assets.car (in target 'PolskiGrammar' from project 'PolskiGrammar')
note: Emplaced /Users/german/Work/JS/polski-grammar-srs/kotlin/iosApp/build/FinalVirtualIPadFix/Build/Products/Debug-iphonesimulator/PolskiGrammar.app/AppIcon76x76@2x~ipad.png (in target 'PolskiGrammar' from project 'PolskiGrammar')

ProcessInfoPlistFile /Users/german/Work/JS/polski-grammar-srs/kotlin/iosApp/build/FinalVirtualIPadFix/Build/Products/Debug-iphonesimulator/PolskiGrammar.app/Info.plist /Users/german/Work/JS/polski-grammar-srs/kotlin/iosApp/build/FinalVirtualIPadFix/Build/Intermediates.noindex/PolskiGrammar.build/Debug-iphonesimulator/PolskiGrammar.build/empty-PolskiGrammar.plist (in target 'PolskiGrammar' from project 'PolskiGrammar')
    cd /Users/german/Work/JS/polski-grammar-srs/kotlin/iosApp
    builtin-infoPlistUtility /Users/german/Work/JS/polski-grammar-srs/kotlin/iosApp/build/FinalVirtualIPadFix/Build/Intermediates.noindex/PolskiGrammar.build/Debug-iphonesimulator/PolskiGrammar.build/empty-PolskiGrammar.plist -producttype com.apple.product-type.application -genpkginfo /Users/german/Work/JS/polski-grammar-srs/kotlin/iosApp/build/FinalVirtualIPadFix/Build/Products/Debug-iphonesimulator/PolskiGrammar.app/PkgInfo -expandbuildsettings -format binary -platform iphonesimulator -additionalcontentfile /Users/german/Work/JS/polski-grammar-srs/kotlin/iosApp/build/FinalVirtualIPadFix/Build/Intermediates.noindex/PolskiGrammar.build/Debug-iphonesimulator/PolskiGrammar.build/assetcatalog_generated_info.plist -o /Users/german/Work/JS/polski-grammar-srs/kotlin/iosApp/build/FinalVirtualIPadFix/Build/Products/Debug-iphonesimulator/PolskiGrammar.app/Info.plist

SwiftExplicitDependencyGeneratePcm arm64 /Users/german/Work/JS/polski-grammar-srs/kotlin/iosApp/build/FinalVirtualIPadFix/SDKExplicitPrecompiledModules/XPC-9LRWDEHCXWZ9LQ1FIIK8VYDIM.pcm

SwiftExplicitDependencyGeneratePcm arm64 /Users/german/Work/JS/polski-grammar-srs/kotlin/iosApp/build/FinalVirtualIPadFix/SDKExplicitPrecompiledModules/CoreFoundation-88ZS641KQQXLD8EWX9W0M2HLJ.pcm

SwiftExplicitDependencyGeneratePcm arm64 /Users/german/Work/JS/polski-grammar-srs/kotlin/iosApp/build/FinalVirtualIPadFix/SDKExplicitPrecompiledModules/os-564Q9O6UKD0AR3QPSRT7ES4KF.pcm

SwiftExplicitDependencyGeneratePcm arm64 /Users/german/Work/JS/polski-grammar-srs/kotlin/iosApp/build/FinalVirtualIPadFix/SDKExplicitPrecompiledModules/CoreGraphics-724ME8AYHQQAKJHYXP472KXC0.pcm

SwiftExplicitDependencyGeneratePcm arm64 /Users/german/Work/JS/polski-grammar-srs/kotlin/iosApp/build/FinalVirtualIPadFix/SDKExplicitPrecompiledModules/CFNetwork-13FIAE22BLXYH49RQ4B617R52.pcm

SwiftExplicitDependencyGeneratePcm arm64 /Users/german/Work/JS/polski-grammar-srs/kotlin/iosApp/build/FinalVirtualIPadFix/SDKExplicitPrecompiledModules/Security-10E0QQ04B47Y5H3TXVEZ1V5LX.pcm

SwiftExplicitDependencyGeneratePcm arm64 /Users/german/Work/JS/polski-grammar-srs/kotlin/iosApp/build/FinalVirtualIPadFix/SDKExplicitPrecompiledModules/CoreAudioTypes-1CNJ4S4ZKEKOKQAI6SJF3DCHK.pcm

SwiftExplicitDependencyGeneratePcm arm64 /Users/german/Work/JS/polski-grammar-srs/kotlin/iosApp/build/FinalVirtualIPadFix/SDKExplicitPrecompiledModules/CoreAudio-9BJMNFLHM770ULTB2VKFKVF8.pcm

SwiftExplicitDependencyGeneratePcm arm64 /Users/german/Work/JS/polski-grammar-srs/kotlin/iosApp/build/FinalVirtualIPadFix/SDKExplicitPrecompiledModules/Foundation-D9QTOWPH0NQOSFX5QNG2SNPCN.pcm

SwiftExplicitDependencyGeneratePcm arm64 /Users/german/Work/JS/polski-grammar-srs/kotlin/iosApp/build/FinalVirtualIPadFix/SDKExplicitPrecompiledModules/CoreText-29V5KWTCBYBK389WM449ERWRW.pcm

SwiftExplicitDependencyGeneratePcm arm64 /Users/german/Work/JS/polski-grammar-srs/kotlin/iosApp/build/FinalVirtualIPadFix/SDKExplicitPrecompiledModules/ImageIO-5XXY52HFV4C1S80GFNAVEHDRO.pcm

SwiftExplicitDependencyGeneratePcm arm64 /Users/german/Work/JS/polski-grammar-srs/kotlin/iosApp/build/FinalVirtualIPadFix/SDKExplicitPrecompiledModules/CoreTransferable-4P4LKFNV3TVO6ZKKO3O5O0CXM.pcm

SwiftExplicitDependencyGeneratePcm arm64 /Users/german/Work/JS/polski-grammar-srs/kotlin/iosApp/build/FinalVirtualIPadFix/SDKExplicitPrecompiledModules/UniformTypeIdentifiers-C88ENQSQHQZEVCVC3J420VWZ5.pcm

SwiftExplicitDependencyGeneratePcm arm64 /Users/german/Work/JS/polski-grammar-srs/kotlin/iosApp/build/FinalVirtualIPadFix/SDKExplicitPrecompiledModules/OpenGLES-1K08Q2GGJID1ELNFRQOP61HIK.pcm

SwiftExplicitDependencyGeneratePcm arm64 /Users/german/Work/JS/polski-grammar-srs/kotlin/iosApp/build/FinalVirtualIPadFix/Build/Intermediates.noindex/SwiftExplicitPrecompiledModules/PolskiShared-5PK4DALHYNE6P0F0S4EMD46KI.pcm

SwiftExplicitDependencyGeneratePcm arm64 /Users/german/Work/JS/polski-grammar-srs/kotlin/iosApp/build/FinalVirtualIPadFix/SDKExplicitPrecompiledModules/CoreData-2MO6VYBR0Y1KT4S783LD9N79.pcm

SwiftExplicitDependencyGeneratePcm arm64 /Users/german/Work/JS/polski-grammar-srs/kotlin/iosApp/build/FinalVirtualIPadFix/SDKExplicitPrecompiledModules/FileProvider-9AXHNLK2XXMGI36A7EDAKD3RI.pcm

SwiftExplicitDependencyGeneratePcm arm64 /Users/german/Work/JS/polski-grammar-srs/kotlin/iosApp/build/FinalVirtualIPadFix/SDKExplicitPrecompiledModules/Accessibility-4K18I049NDHXFZ36O39HE6JRL.pcm

SwiftExplicitDependencyGeneratePcm arm64 /Users/german/Work/JS/polski-grammar-srs/kotlin/iosApp/build/FinalVirtualIPadFix/SDKExplicitPrecompiledModules/DataDetection-7N8JY2JVKXWSQUBSHRQ1O9MCV.pcm

SwiftExplicitDependencyGeneratePcm arm64 /Users/german/Work/JS/polski-grammar-srs/kotlin/iosApp/build/FinalVirtualIPadFix/SDKExplicitPrecompiledModules/OSLog-9KPA3AVBJVF05YCTAGO1WEVWR.pcm

SwiftExplicitDependencyGeneratePcm arm64 /Users/german/Work/JS/polski-grammar-srs/kotlin/iosApp/build/FinalVirtualIPadFix/SDKExplicitPrecompiledModules/IOSurface-BECN85UUHD0TRAKUV30P65F24.pcm

SwiftExplicitDependencyGeneratePcm arm64 /Users/german/Work/JS/polski-grammar-srs/kotlin/iosApp/build/FinalVirtualIPadFix/SDKExplicitPrecompiledModules/UserNotifications-6FNDJE8WULDRL1CN2FQN9NWQG.pcm

SwiftExplicitDependencyGeneratePcm arm64 /Users/german/Work/JS/polski-grammar-srs/kotlin/iosApp/build/FinalVirtualIPadFix/SDKExplicitPrecompiledModules/Symbols-BOVE8B6SWC6MI6YFX09C9NMHR.pcm

SwiftExplicitDependencyGeneratePcm arm64 /Users/german/Work/JS/polski-grammar-srs/kotlin/iosApp/build/FinalVirtualIPadFix/SDKExplicitPrecompiledModules/Metal-11HTFWMT47QGFOUEQ0Z5TZKNS.pcm

SwiftExplicitDependencyGeneratePcm arm64 /Users/german/Work/JS/polski-grammar-srs/kotlin/iosApp/build/FinalVirtualIPadFix/SDKExplicitPrecompiledModules/UIUtilities-57WKJU3SA813PBCZJV0BFHJUL.pcm

SwiftExplicitDependencyGeneratePcm arm64 /Users/german/Work/JS/polski-grammar-srs/kotlin/iosApp/build/FinalVirtualIPadFix/SDKExplicitPrecompiledModules/_LocationEssentials-19Y0LHFEGFCV53MZU4DSZIDZ3.pcm

SwiftExplicitDependencyGeneratePcm arm64 /Users/german/Work/JS/polski-grammar-srs/kotlin/iosApp/build/FinalVirtualIPadFix/SDKExplicitPrecompiledModules/CoreLocation-GGSW4X2CQU0BKLOM1N89EBF4.pcm

SwiftExplicitDependencyGeneratePcm arm64 /Users/german/Work/JS/polski-grammar-srs/kotlin/iosApp/build/FinalVirtualIPadFix/SDKExplicitPrecompiledModules/CoreMotion-3CGHCHD4AJ85M4LA5MH4PCM2F.pcm

SwiftExplicitDependencyGeneratePcm arm64 /Users/german/Work/JS/polski-grammar-srs/kotlin/iosApp/build/FinalVirtualIPadFix/SDKExplicitPrecompiledModules/CoreVideo-6DO23VGD4GWU3KDH8LJ4HUJF0.pcm

SwiftExplicitDependencyGeneratePcm arm64 /Users/german/Work/JS/polski-grammar-srs/kotlin/iosApp/build/FinalVirtualIPadFix/SDKExplicitPrecompiledModules/CoreMedia-DGWMK8F3PNBXSUH0ZCP8IMERW.pcm

SwiftExplicitDependencyGeneratePcm arm64 /Users/german/Work/JS/polski-grammar-srs/kotlin/iosApp/build/FinalVirtualIPadFix/SDKExplicitPrecompiledModules/QuartzCore-8E4R32R6P3INLW0OOC9829MX.pcm

SwiftExplicitDependencyGeneratePcm arm64 /Users/german/Work/JS/polski-grammar-srs/kotlin/iosApp/build/FinalVirtualIPadFix/SDKExplicitPrecompiledModules/CoreImage-5U7GHWTEAHTNGCD9W5T0OLE45.pcm

SwiftExplicitDependencyGeneratePcm arm64 /Users/german/Work/JS/polski-grammar-srs/kotlin/iosApp/build/FinalVirtualIPadFix/SDKExplicitPrecompiledModules/SwiftUICore-56FOP1N0BSZO5W81L87BXU8CQ.pcm

SwiftExplicitDependencyGeneratePcm arm64 /Users/german/Work/JS/polski-grammar-srs/kotlin/iosApp/build/FinalVirtualIPadFix/SDKExplicitPrecompiledModules/UIKit-552Q7UTFFE8JGESGRLK4CKO5L.pcm

SwiftExplicitDependencyGeneratePcm arm64 /Users/german/Work/JS/polski-grammar-srs/kotlin/iosApp/build/FinalVirtualIPadFix/SDKExplicitPrecompiledModules/SwiftUI-AE9U0KS2Q26CP4D3ML1P8N854.pcm

SwiftCompile normal arm64 Compiling\ GeneratedAssetSymbols.swift /Users/german/Work/JS/polski-grammar-srs/kotlin/iosApp/build/FinalVirtualIPadFix/Build/Intermediates.noindex/PolskiGrammar.build/Debug-iphonesimulator/PolskiGrammar.build/DerivedSources/GeneratedAssetSymbols.swift (in target 'PolskiGrammar' from project 'PolskiGrammar')

SwiftCompile normal arm64 /Users/german/Work/JS/polski-grammar-srs/kotlin/iosApp/build/FinalVirtualIPadFix/Build/Intermediates.noindex/PolskiGrammar.build/Debug-iphonesimulator/PolskiGrammar.build/DerivedSources/GeneratedAssetSymbols.swift (in target 'PolskiGrammar' from project 'PolskiGrammar')
    cd /Users/german/Work/JS/polski-grammar-srs/kotlin/iosApp
    builtin-SwiftPerFileCompile GeneratedAssetSymbols.swift

SwiftCompile normal arm64 Compiling\ PolskiGrammarApp.swift /Users/german/Work/JS/polski-grammar-srs/kotlin/iosApp/PolskiGrammar/PolskiGrammarApp.swift (in target 'PolskiGrammar' from project 'PolskiGrammar')

SwiftCompile normal arm64 /Users/german/Work/JS/polski-grammar-srs/kotlin/iosApp/PolskiGrammar/PolskiGrammarApp.swift (in target 'PolskiGrammar' from project 'PolskiGrammar')
    cd /Users/german/Work/JS/polski-grammar-srs/kotlin/iosApp
    builtin-SwiftPerFileCompile PolskiGrammarApp.swift

SwiftEmitModule normal arm64 Emitting\ module\ for\ PolskiGrammar (in target 'PolskiGrammar' from project 'PolskiGrammar')

SwiftCompile normal arm64 (in target 'PolskiGrammar' from project 'PolskiGrammar')
    cd /Users/german/Work/JS/polski-grammar-srs/kotlin/iosApp
    

SwiftDriverJobDiscovery normal arm64 Emitting module for PolskiGrammar (in target 'PolskiGrammar' from project 'PolskiGrammar')

SwiftDriver\ Compilation\ Requirements PolskiGrammar normal arm64 com.apple.xcode.tools.swift.compiler (in target 'PolskiGrammar' from project 'PolskiGrammar')
    cd /Users/german/Work/JS/polski-grammar-srs/kotlin/iosApp
    builtin-Swift-Compilation-Requirements -- /Applications/Xcode.app/Contents/Developer/Toolchains/XcodeDefault.xctoolchain/usr/bin/swiftc -module-name PolskiGrammar -Onone @/Users/german/Work/JS/polski-grammar-srs/kotlin/iosApp/build/FinalVirtualIPadFix/Build/Intermediates.noindex/PolskiGrammar.build/Debug-iphonesimulator/PolskiGrammar.build/Objects-normal/arm64/PolskiGrammar.SwiftFileList -DDEBUG -enable-bare-slash-regex -enable-experimental-feature DebugDescriptionMacro -sdk /Applications/Xcode.app/Contents/Developer/Platforms/iPhoneSimulator.platform/Developer/SDKs/iPhoneSimulator27.0.sdk -target arm64-apple-ios17.0-simulator -g -module-cache-path /Users/german/Work/JS/polski-grammar-srs/kotlin/iosApp/build/FinalVirtualIPadFix/ModuleCache.noindex -Xfrontend -serialize-debugging-options -enable-testing -index-store-path /Users/german/Work/JS/polski-grammar-srs/kotlin/iosApp/build/FinalVirtualIPadFix/Index.noindex/DataStore -Xcc -D_LIBCPP_HARDENING_MODE\=_LIBCPP_HARDENING_MODE_DEBUG -swift-version 5 -I /Users/german/Work/JS/polski-grammar-srs/kotlin/iosApp/build/FinalVirtualIPadFix/Build/Products/Debug-iphonesimulator -F /Users/german/Work/JS/polski-grammar-srs/kotlin/iosApp/build/FinalVirtualIPadFix/Build/Products/Debug-iphonesimulator -c -j10 -enable-batch-mode -incremental -Xcc -ivfsstatcache -Xcc /Users/german/Work/JS/polski-grammar-srs/kotlin/iosApp/build/FinalVirtualIPadFix/SDKStatCaches.noindex/iphonesimulator27.0-24A430-8dc58220667be655e1bcc261a7455254.sdkstatcache -output-file-map /Users/german/Work/JS/polski-grammar-srs/kotlin/iosApp/build/FinalVirtualIPadFix/Build/Intermediates.noindex/PolskiGrammar.build/Debug-iphonesimulator/PolskiGrammar.build/Objects-normal/arm64/PolskiGrammar-OutputFileMap.json -save-temps -no-color-diagnostics -explicit-module-build -module-cache-path /Users/german/Work/JS/polski-grammar-srs/kotlin/iosApp/build/FinalVirtualIPadFix/Build/Intermediates.noindex/SwiftExplicitPrecompiledModules -clang-scanner-module-cache-path /Users/german/Work/JS/polski-grammar-srs/kotlin/iosApp/build/FinalVirtualIPadFix/ModuleCache.noindex -sdk-module-cache-path /Users/german/Work/JS/polski-grammar-srs/kotlin/iosApp/build/FinalVirtualIPadFix/SDKExplicitPrecompiledModules -emit-dependencies -emit-module -emit-module-path /Users/german/Work/JS/polski-grammar-srs/kotlin/iosApp/build/FinalVirtualIPadFix/Build/Intermediates.noindex/PolskiGrammar.build/Debug-iphonesimulator/PolskiGrammar.build/Objects-normal/arm64/PolskiGrammar.swiftmodule -serialize-diagnostics -dependency-scan-serialize-diagnostics-path /Users/german/Work/JS/polski-grammar-srs/kotlin/iosApp/build/FinalVirtualIPadFix/Build/Intermediates.noindex/PolskiGrammar.build/Debug-iphonesimulator/PolskiGrammar.build/Objects-normal/arm64/PolskiGrammar-dependency-scan.dia -validate-clang-modules-once -clang-build-session-file /Users/german/Work/JS/polski-grammar-srs/kotlin/iosApp/build/FinalVirtualIPadFix/ModuleCache.noindex/Session.modulevalidation -Xcc -fmodules-prune-interval\=86400 -Xcc -fmodules-prune-after\=345600 -emit-const-values -const-gather-protocols-list /Users/german/Work/JS/polski-grammar-srs/kotlin/iosApp/build/FinalVirtualIPadFix/Build/Intermediates.noindex/PolskiGrammar.build/Debug-iphonesimulator/PolskiGrammar.build/Objects-normal/arm64/PolskiGrammar_const_extract_protocols.json -Xcc -iquote -Xcc /Users/german/Work/JS/polski-grammar-srs/kotlin/iosApp/build/FinalVirtualIPadFix/Build/Intermediates.noindex/PolskiGrammar.build/Debug-iphonesimulator/PolskiGrammar.build/PolskiGrammar-generated-files.hmap -Xcc -I/Users/german/Work/JS/polski-grammar-srs/kotlin/iosApp/build/FinalVirtualIPadFix/Build/Intermediates.noindex/PolskiGrammar.build/Debug-iphonesimulator/PolskiGrammar.build/PolskiGrammar-own-target-headers.hmap -Xcc -I/Users/german/Work/JS/polski-grammar-srs/kotlin/iosApp/build/FinalVirtualIPadFix/Build/Intermediates.noindex/PolskiGrammar.build/Debug-iphonesimulator/PolskiGrammar.build/PolskiGrammar-all-target-headers.hmap -Xcc -iquote -Xcc /Users/german/Work/JS/polski-grammar-srs/kotlin/iosApp/build/FinalVirtualIPadFix/Build/Intermediates.noindex/PolskiGrammar.build/Debug-iphonesimulator/PolskiGrammar.build/PolskiGrammar-project-headers.hmap -Xcc -I/Users/german/Work/JS/polski-grammar-srs/kotlin/iosApp/build/FinalVirtualIPadFix/Build/Products/Debug-iphonesimulator/include -Xcc -I/Users/german/Work/JS/polski-grammar-srs/kotlin/iosApp/build/FinalVirtualIPadFix/Build/Intermediates.noindex/PolskiGrammar.build/Debug-iphonesimulator/PolskiGrammar.build/DerivedSources-normal/arm64 -Xcc -I/Users/german/Work/JS/polski-grammar-srs/kotlin/iosApp/build/FinalVirtualIPadFix/Build/Intermediates.noindex/PolskiGrammar.build/Debug-iphonesimulator/PolskiGrammar.build/DerivedSources/arm64 -Xcc -I/Users/german/Work/JS/polski-grammar-srs/kotlin/iosApp/build/FinalVirtualIPadFix/Build/Intermediates.noindex/PolskiGrammar.build/Debug-iphonesimulator/PolskiGrammar.build/DerivedSources -Xcc -DDEBUG\=1 -emit-objc-header -emit-objc-header-path /Users/german/Work/JS/polski-grammar-srs/kotlin/iosApp/build/FinalVirtualIPadFix/Build/Intermediates.noindex/PolskiGrammar.build/Debug-iphonesimulator/PolskiGrammar.build/Objects-normal/arm64/PolskiGrammar-Swift.h -working-directory /Users/german/Work/JS/polski-grammar-srs/kotlin/iosApp -experimental-emit-module-separately -disable-cmo

SwiftMergeGeneratedHeaders /Users/german/Work/JS/polski-grammar-srs/kotlin/iosApp/build/FinalVirtualIPadFix/Build/Intermediates.noindex/PolskiGrammar.build/Debug-iphonesimulator/PolskiGrammar.build/DerivedSources/PolskiGrammar-Swift.h /Users/german/Work/JS/polski-grammar-srs/kotlin/iosApp/build/FinalVirtualIPadFix/Build/Intermediates.noindex/PolskiGrammar.build/Debug-iphonesimulator/PolskiGrammar.build/Objects-normal/arm64/PolskiGrammar-Swift.h (in target 'PolskiGrammar' from project 'PolskiGrammar')
    cd /Users/german/Work/JS/polski-grammar-srs/kotlin/iosApp
    builtin-swiftHeaderTool -arch arm64 /Users/german/Work/JS/polski-grammar-srs/kotlin/iosApp/build/FinalVirtualIPadFix/Build/Intermediates.noindex/PolskiGrammar.build/Debug-iphonesimulator/PolskiGrammar.build/Objects-normal/arm64/PolskiGrammar-Swift.h -o /Users/german/Work/JS/polski-grammar-srs/kotlin/iosApp/build/FinalVirtualIPadFix/Build/Intermediates.noindex/PolskiGrammar.build/Debug-iphonesimulator/PolskiGrammar.build/DerivedSources/PolskiGrammar-Swift.h

Copy /Users/german/Work/JS/polski-grammar-srs/kotlin/iosApp/build/FinalVirtualIPadFix/Build/Products/Debug-iphonesimulator/PolskiGrammar.swiftmodule/arm64-apple-ios-simulator.swiftdoc /Users/german/Work/JS/polski-grammar-srs/kotlin/iosApp/build/FinalVirtualIPadFix/Build/Intermediates.noindex/PolskiGrammar.build/Debug-iphonesimulator/PolskiGrammar.build/Objects-normal/arm64/PolskiGrammar.swiftdoc (in target 'PolskiGrammar' from project 'PolskiGrammar')
    cd /Users/german/Work/JS/polski-grammar-srs/kotlin/iosApp
    builtin-copy -exclude .DS_Store -exclude CVS -exclude .svn -exclude .git -exclude .hg -resolve-src-symlinks -rename /Users/german/Work/JS/polski-grammar-srs/kotlin/iosApp/build/FinalVirtualIPadFix/Build/Intermediates.noindex/PolskiGrammar.build/Debug-iphonesimulator/PolskiGrammar.build/Objects-normal/arm64/PolskiGrammar.swiftdoc /Users/german/Work/JS/polski-grammar-srs/kotlin/iosApp/build/FinalVirtualIPadFix/Build/Products/Debug-iphonesimulator/PolskiGrammar.swiftmodule/arm64-apple-ios-simulator.swiftdoc

Copy /Users/german/Work/JS/polski-grammar-srs/kotlin/iosApp/build/FinalVirtualIPadFix/Build/Products/Debug-iphonesimulator/PolskiGrammar.swiftmodule/arm64-apple-ios-simulator.swiftmodule /Users/german/Work/JS/polski-grammar-srs/kotlin/iosApp/build/FinalVirtualIPadFix/Build/Intermediates.noindex/PolskiGrammar.build/Debug-iphonesimulator/PolskiGrammar.build/Objects-normal/arm64/PolskiGrammar.swiftmodule (in target 'PolskiGrammar' from project 'PolskiGrammar')
    cd /Users/german/Work/JS/polski-grammar-srs/kotlin/iosApp
    builtin-copy -exclude .DS_Store -exclude CVS -exclude .svn -exclude .git -exclude .hg -resolve-src-symlinks -rename /Users/german/Work/JS/polski-grammar-srs/kotlin/iosApp/build/FinalVirtualIPadFix/Build/Intermediates.noindex/PolskiGrammar.build/Debug-iphonesimulator/PolskiGrammar.build/Objects-normal/arm64/PolskiGrammar.swiftmodule /Users/german/Work/JS/polski-grammar-srs/kotlin/iosApp/build/FinalVirtualIPadFix/Build/Products/Debug-iphonesimulator/PolskiGrammar.swiftmodule/arm64-apple-ios-simulator.swiftmodule

Copy /Users/german/Work/JS/polski-grammar-srs/kotlin/iosApp/build/FinalVirtualIPadFix/Build/Products/Debug-iphonesimulator/PolskiGrammar.swiftmodule/arm64-apple-ios-simulator.abi.json /Users/german/Work/JS/polski-grammar-srs/kotlin/iosApp/build/FinalVirtualIPadFix/Build/Intermediates.noindex/PolskiGrammar.build/Debug-iphonesimulator/PolskiGrammar.build/Objects-normal/arm64/PolskiGrammar.abi.json (in target 'PolskiGrammar' from project 'PolskiGrammar')
    cd /Users/german/Work/JS/polski-grammar-srs/kotlin/iosApp
    builtin-copy -exclude .DS_Store -exclude CVS -exclude .svn -exclude .git -exclude .hg -resolve-src-symlinks -rename /Users/german/Work/JS/polski-grammar-srs/kotlin/iosApp/build/FinalVirtualIPadFix/Build/Intermediates.noindex/PolskiGrammar.build/Debug-iphonesimulator/PolskiGrammar.build/Objects-normal/arm64/PolskiGrammar.abi.json /Users/german/Work/JS/polski-grammar-srs/kotlin/iosApp/build/FinalVirtualIPadFix/Build/Products/Debug-iphonesimulator/PolskiGrammar.swiftmodule/arm64-apple-ios-simulator.abi.json

Copy /Users/german/Work/JS/polski-grammar-srs/kotlin/iosApp/build/FinalVirtualIPadFix/Build/Products/Debug-iphonesimulator/PolskiGrammar.swiftmodule/Project/arm64-apple-ios-simulator.swiftsourceinfo /Users/german/Work/JS/polski-grammar-srs/kotlin/iosApp/build/FinalVirtualIPadFix/Build/Intermediates.noindex/PolskiGrammar.build/Debug-iphonesimulator/PolskiGrammar.build/Objects-normal/arm64/PolskiGrammar.swiftsourceinfo (in target 'PolskiGrammar' from project 'PolskiGrammar')
    cd /Users/german/Work/JS/polski-grammar-srs/kotlin/iosApp
    builtin-copy -exclude .DS_Store -exclude CVS -exclude .svn -exclude .git -exclude .hg -resolve-src-symlinks -rename /Users/german/Work/JS/polski-grammar-srs/kotlin/iosApp/build/FinalVirtualIPadFix/Build/Intermediates.noindex/PolskiGrammar.build/Debug-iphonesimulator/PolskiGrammar.build/Objects-normal/arm64/PolskiGrammar.swiftsourceinfo /Users/german/Work/JS/polski-grammar-srs/kotlin/iosApp/build/FinalVirtualIPadFix/Build/Products/Debug-iphonesimulator/PolskiGrammar.swiftmodule/Project/arm64-apple-ios-simulator.swiftsourceinfo

SwiftDriver PolskiGrammarUITests normal arm64 com.apple.xcode.tools.swift.compiler (in target 'PolskiGrammarUITests' from project 'PolskiGrammar')
    cd /Users/german/Work/JS/polski-grammar-srs/kotlin/iosApp
    builtin-SwiftDriver -- /Applications/Xcode.app/Contents/Developer/Toolchains/XcodeDefault.xctoolchain/usr/bin/swiftc -module-name PolskiGrammarUITests -Onone @/Users/german/Work/JS/polski-grammar-srs/kotlin/iosApp/build/FinalVirtualIPadFix/Build/Intermediates.noindex/PolskiGrammar.build/Debug-iphonesimulator/PolskiGrammarUITests.build/Objects-normal/arm64/PolskiGrammarUITests.SwiftFileList -DDEBUG -module-alias Testing\=_Testing_Unavailable -plugin-path /Applications/Xcode.app/Contents/Developer/Toolchains/XcodeDefault.xctoolchain/usr/lib/swift/host/plugins/testing -enable-bare-slash-regex -enable-experimental-feature DebugDescriptionMacro -sdk /Applications/Xcode.app/Contents/Developer/Platforms/iPhoneSimulator.platform/Developer/SDKs/iPhoneSimulator27.0.sdk -target arm64-apple-ios17.0-simulator -g -module-cache-path /Users/german/Work/JS/polski-grammar-srs/kotlin/iosApp/build/FinalVirtualIPadFix/ModuleCache.noindex -Xfrontend -serialize-debugging-options -enable-testing -index-store-path /Users/german/Work/JS/polski-grammar-srs/kotlin/iosApp/build/FinalVirtualIPadFix/Index.noindex/DataStore -Xcc -D_LIBCPP_HARDENING_MODE\=_LIBCPP_HARDENING_MODE_DEBUG -swift-version 5 -I /Users/german/Work/JS/polski-grammar-srs/kotlin/iosApp/build/FinalVirtualIPadFix/Build/Products/Debug-iphonesimulator -Isystem /Applications/Xcode.app/Contents/Developer/Platforms/iPhoneSimulator.platform/Developer/usr/lib -F /Users/german/Work/JS/polski-grammar-srs/kotlin/iosApp/build/FinalVirtualIPadFix/Build/Products/Debug-iphonesimulator -F /Applications/Xcode.app/Contents/Developer/Platforms/iPhoneSimulator.platform/Developer/Library/Frameworks -F /Applications/Xcode.app/Contents/Developer/Platforms/iPhoneSimulator.platform/Developer/SDKs/iPhoneSimulator27.0.sdk/Developer/Library/Frameworks -parse-as-library -c -j10 -enable-batch-mode -incremental -Xcc -ivfsstatcache -Xcc /Users/german/Work/JS/polski-grammar-srs/kotlin/iosApp/build/FinalVirtualIPadFix/SDKStatCaches.noindex/iphonesimulator27.0-24A430-8dc58220667be655e1bcc261a7455254.sdkstatcache -output-file-map /Users/german/Work/JS/polski-grammar-srs/kotlin/iosApp/build/FinalVirtualIPadFix/Build/Intermediates.noindex/PolskiGrammar.build/Debug-iphonesimulator/PolskiGrammarUITests.build/Objects-normal/arm64/PolskiGrammarUITests-OutputFileMap.json -save-temps -no-color-diagnostics -explicit-module-build -module-cache-path /Users/german/Work/JS/polski-grammar-srs/kotlin/iosApp/build/FinalVirtualIPadFix/Build/Intermediates.noindex/SwiftExplicitPrecompiledModules -clang-scanner-module-cache-path /Users/german/Work/JS/polski-grammar-srs/kotlin/iosApp/build/FinalVirtualIPadFix/ModuleCache.noindex -sdk-module-cache-path /Users/german/Work/JS/polski-grammar-srs/kotlin/iosApp/build/FinalVirtualIPadFix/SDKExplicitPrecompiledModules -emit-dependencies -emit-module -emit-module-path /Users/german/Work/JS/polski-grammar-srs/kotlin/iosApp/build/FinalVirtualIPadFix/Build/Intermediates.noindex/PolskiGrammar.build/Debug-iphonesimulator/PolskiGrammarUITests.build/Objects-normal/arm64/PolskiGrammarUITests.swiftmodule -serialize-diagnostics -dependency-scan-serialize-diagnostics-path /Users/german/Work/JS/polski-grammar-srs/kotlin/iosApp/build/FinalVirtualIPadFix/Build/Intermediates.noindex/PolskiGrammar.build/Debug-iphonesimulator/PolskiGrammarUITests.build/Objects-normal/arm64/PolskiGrammarUITests-dependency-scan.dia -validate-clang-modules-once -clang-build-session-file /Users/german/Work/JS/polski-grammar-srs/kotlin/iosApp/build/FinalVirtualIPadFix/ModuleCache.noindex/Session.modulevalidation -Xcc -fmodules-prune-interval\=86400 -Xcc -fmodules-prune-after\=345600 -emit-const-values -const-gather-protocols-list /Users/german/Work/JS/polski-grammar-srs/kotlin/iosApp/build/FinalVirtualIPadFix/Build/Intermediates.noindex/PolskiGrammar.build/Debug-iphonesimulator/PolskiGrammarUITests.build/Objects-normal/arm64/PolskiGrammarUITests_const_extract_protocols.json -Xcc -iquote -Xcc /Users/german/Work/JS/polski-grammar-srs/kotlin/iosApp/build/FinalVirtualIPadFix/Build/Intermediates.noindex/PolskiGrammar.build/Debug-iphonesimulator/PolskiGrammarUITests.build/PolskiGrammarUITests-generated-files.hmap -Xcc -I/Users/german/Work/JS/polski-grammar-srs/kotlin/iosApp/build/FinalVirtualIPadFix/Build/Intermediates.noindex/PolskiGrammar.build/Debug-iphonesimulator/PolskiGrammarUITests.build/PolskiGrammarUITests-own-target-headers.hmap -Xcc -I/Users/german/Work/JS/polski-grammar-srs/kotlin/iosApp/build/FinalVirtualIPadFix/Build/Intermediates.noindex/PolskiGrammar.build/Debug-iphonesimulator/PolskiGrammarUITests.build/PolskiGrammarUITests-all-target-headers.hmap -Xcc -iquote -Xcc /Users/german/Work/JS/polski-grammar-srs/kotlin/iosApp/build/FinalVirtualIPadFix/Build/Intermediates.noindex/PolskiGrammar.build/Debug-iphonesimulator/PolskiGrammarUITests.build/PolskiGrammarUITests-project-headers.hmap -Xcc -I/Users/german/Work/JS/polski-grammar-srs/kotlin/iosApp/build/FinalVirtualIPadFix/Build/Products/Debug-iphonesimulator/include -Xcc -I/Users/german/Work/JS/polski-grammar-srs/kotlin/iosApp/build/FinalVirtualIPadFix/Build/Intermediates.noindex/PolskiGrammar.build/Debug-iphonesimulator/PolskiGrammarUITests.build/DerivedSources-normal/arm64 -Xcc -I/Users/german/Work/JS/polski-grammar-srs/kotlin/iosApp/build/FinalVirtualIPadFix/Build/Intermediates.noindex/PolskiGrammar.build/Debug-iphonesimulator/PolskiGrammarUITests.build/DerivedSources/arm64 -Xcc -I/Users/german/Work/JS/polski-grammar-srs/kotlin/iosApp/build/FinalVirtualIPadFix/Build/Intermediates.noindex/PolskiGrammar.build/Debug-iphonesimulator/PolskiGrammarUITests.build/DerivedSources -Xcc -DDEBUG\=1 -emit-objc-header -emit-objc-header-path /Users/german/Work/JS/polski-grammar-srs/kotlin/iosApp/build/FinalVirtualIPadFix/Build/Intermediates.noindex/PolskiGrammar.build/Debug-iphonesimulator/PolskiGrammarUITests.build/Objects-normal/arm64/PolskiGrammarUITests-Swift.h -working-directory /Users/german/Work/JS/polski-grammar-srs/kotlin/iosApp -experimental-emit-module-separately -disable-cmo

SwiftExplicitDependencyGeneratePcm arm64 /Users/german/Work/JS/polski-grammar-srs/kotlin/iosApp/build/FinalVirtualIPadFix/Build/Intermediates.noindex/SwiftExplicitPrecompiledModules/XCUIAutomation-7AS1IKHRX2FQ0MKNKOAR2XX2N.pcm

SwiftExplicitDependencyGeneratePcm arm64 /Users/german/Work/JS/polski-grammar-srs/kotlin/iosApp/build/FinalVirtualIPadFix/Build/Intermediates.noindex/SwiftExplicitPrecompiledModules/XCTest-CJCA20KOR325OMGBTE0JM5Y4U.pcm

SwiftExplicitDependencyCompileModuleFromInterface arm64 /Users/german/Work/JS/polski-grammar-srs/kotlin/iosApp/build/FinalVirtualIPadFix/Build/Intermediates.noindex/SwiftExplicitPrecompiledModules/XCUIAutomation-349VFJYAC7FI9.swiftmodule

SwiftExplicitDependencyCompileModuleFromInterface arm64 /Users/german/Work/JS/polski-grammar-srs/kotlin/iosApp/build/FinalVirtualIPadFix/Build/Intermediates.noindex/SwiftExplicitPrecompiledModules/XCTest-4JJ1U3WI209Q.swiftmodule

SwiftDriverJobDiscovery normal arm64 Compiling GeneratedAssetSymbols.swift (in target 'PolskiGrammar' from project 'PolskiGrammar')

SwiftCompile normal arm64 Compiling\ PolskiGrammarUITests.swift /Users/german/Work/JS/polski-grammar-srs/kotlin/iosApp/PolskiGrammarUITests/PolskiGrammarUITests.swift (in target 'PolskiGrammarUITests' from project 'PolskiGrammar')

SwiftCompile normal arm64 /Users/german/Work/JS/polski-grammar-srs/kotlin/iosApp/PolskiGrammarUITests/PolskiGrammarUITests.swift (in target 'PolskiGrammarUITests' from project 'PolskiGrammar')
    cd /Users/german/Work/JS/polski-grammar-srs/kotlin/iosApp
    builtin-SwiftPerFileCompile PolskiGrammarUITests.swift

SwiftEmitModule normal arm64 Emitting\ module\ for\ PolskiGrammarUITests (in target 'PolskiGrammarUITests' from project 'PolskiGrammar')

SwiftCompile normal arm64 (in target 'PolskiGrammarUITests' from project 'PolskiGrammar')
    cd /Users/german/Work/JS/polski-grammar-srs/kotlin/iosApp
    

SwiftDriverJobDiscovery normal arm64 Emitting module for PolskiGrammarUITests (in target 'PolskiGrammarUITests' from project 'PolskiGrammar')

SwiftDriver\ Compilation\ Requirements PolskiGrammarUITests normal arm64 com.apple.xcode.tools.swift.compiler (in target 'PolskiGrammarUITests' from project 'PolskiGrammar')
    cd /Users/german/Work/JS/polski-grammar-srs/kotlin/iosApp
    builtin-Swift-Compilation-Requirements -- /Applications/Xcode.app/Contents/Developer/Toolchains/XcodeDefault.xctoolchain/usr/bin/swiftc -module-name PolskiGrammarUITests -Onone @/Users/german/Work/JS/polski-grammar-srs/kotlin/iosApp/build/FinalVirtualIPadFix/Build/Intermediates.noindex/PolskiGrammar.build/Debug-iphonesimulator/PolskiGrammarUITests.build/Objects-normal/arm64/PolskiGrammarUITests.SwiftFileList -DDEBUG -module-alias Testing\=_Testing_Unavailable -plugin-path /Applications/Xcode.app/Contents/Developer/Toolchains/XcodeDefault.xctoolchain/usr/lib/swift/host/plugins/testing -enable-bare-slash-regex -enable-experimental-feature DebugDescriptionMacro -sdk /Applications/Xcode.app/Contents/Developer/Platforms/iPhoneSimulator.platform/Developer/SDKs/iPhoneSimulator27.0.sdk -target arm64-apple-ios17.0-simulator -g -module-cache-path /Users/german/Work/JS/polski-grammar-srs/kotlin/iosApp/build/FinalVirtualIPadFix/ModuleCache.noindex -Xfrontend -serialize-debugging-options -enable-testing -index-store-path /Users/german/Work/JS/polski-grammar-srs/kotlin/iosApp/build/FinalVirtualIPadFix/Index.noindex/DataStore -Xcc -D_LIBCPP_HARDENING_MODE\=_LIBCPP_HARDENING_MODE_DEBUG -swift-version 5 -I /Users/german/Work/JS/polski-grammar-srs/kotlin/iosApp/build/FinalVirtualIPadFix/Build/Products/Debug-iphonesimulator -Isystem /Applications/Xcode.app/Contents/Developer/Platforms/iPhoneSimulator.platform/Developer/usr/lib -F /Users/german/Work/JS/polski-grammar-srs/kotlin/iosApp/build/FinalVirtualIPadFix/Build/Products/Debug-iphonesimulator -F /Applications/Xcode.app/Contents/Developer/Platforms/iPhoneSimulator.platform/Developer/Library/Frameworks -F /Applications/Xcode.app/Contents/Developer/Platforms/iPhoneSimulator.platform/Developer/SDKs/iPhoneSimulator27.0.sdk/Developer/Library/Frameworks -parse-as-library -c -j10 -enable-batch-mode -incremental -Xcc -ivfsstatcache -Xcc /Users/german/Work/JS/polski-grammar-srs/kotlin/iosApp/build/FinalVirtualIPadFix/SDKStatCaches.noindex/iphonesimulator27.0-24A430-8dc58220667be655e1bcc261a7455254.sdkstatcache -output-file-map /Users/german/Work/JS/polski-grammar-srs/kotlin/iosApp/build/FinalVirtualIPadFix/Build/Intermediates.noindex/PolskiGrammar.build/Debug-iphonesimulator/PolskiGrammarUITests.build/Objects-normal/arm64/PolskiGrammarUITests-OutputFileMap.json -save-temps -no-color-diagnostics -explicit-module-build -module-cache-path /Users/german/Work/JS/polski-grammar-srs/kotlin/iosApp/build/FinalVirtualIPadFix/Build/Intermediates.noindex/SwiftExplicitPrecompiledModules -clang-scanner-module-cache-path /Users/german/Work/JS/polski-grammar-srs/kotlin/iosApp/build/FinalVirtualIPadFix/ModuleCache.noindex -sdk-module-cache-path /Users/german/Work/JS/polski-grammar-srs/kotlin/iosApp/build/FinalVirtualIPadFix/SDKExplicitPrecompiledModules -emit-dependencies -emit-module -emit-module-path /Users/german/Work/JS/polski-grammar-srs/kotlin/iosApp/build/FinalVirtualIPadFix/Build/Intermediates.noindex/PolskiGrammar.build/Debug-iphonesimulator/PolskiGrammarUITests.build/Objects-normal/arm64/PolskiGrammarUITests.swiftmodule -serialize-diagnostics -dependency-scan-serialize-diagnostics-path /Users/german/Work/JS/polski-grammar-srs/kotlin/iosApp/build/FinalVirtualIPadFix/Build/Intermediates.noindex/PolskiGrammar.build/Debug-iphonesimulator/PolskiGrammarUITests.build/Objects-normal/arm64/PolskiGrammarUITests-dependency-scan.dia -validate-clang-modules-once -clang-build-session-file /Users/german/Work/JS/polski-grammar-srs/kotlin/iosApp/build/FinalVirtualIPadFix/ModuleCache.noindex/Session.modulevalidation -Xcc -fmodules-prune-interval\=86400 -Xcc -fmodules-prune-after\=345600 -emit-const-values -const-gather-protocols-list /Users/german/Work/JS/polski-grammar-srs/kotlin/iosApp/build/FinalVirtualIPadFix/Build/Intermediates.noindex/PolskiGrammar.build/Debug-iphonesimulator/PolskiGrammarUITests.build/Objects-normal/arm64/PolskiGrammarUITests_const_extract_protocols.json -Xcc -iquote -Xcc /Users/german/Work/JS/polski-grammar-srs/kotlin/iosApp/build/FinalVirtualIPadFix/Build/Intermediates.noindex/PolskiGrammar.build/Debug-iphonesimulator/PolskiGrammarUITests.build/PolskiGrammarUITests-generated-files.hmap -Xcc -I/Users/german/Work/JS/polski-grammar-srs/kotlin/iosApp/build/FinalVirtualIPadFix/Build/Intermediates.noindex/PolskiGrammar.build/Debug-iphonesimulator/PolskiGrammarUITests.build/PolskiGrammarUITests-own-target-headers.hmap -Xcc -I/Users/german/Work/JS/polski-grammar-srs/kotlin/iosApp/build/FinalVirtualIPadFix/Build/Intermediates.noindex/PolskiGrammar.build/Debug-iphonesimulator/PolskiGrammarUITests.build/PolskiGrammarUITests-all-target-headers.hmap -Xcc -iquote -Xcc /Users/german/Work/JS/polski-grammar-srs/kotlin/iosApp/build/FinalVirtualIPadFix/Build/Intermediates.noindex/PolskiGrammar.build/Debug-iphonesimulator/PolskiGrammarUITests.build/PolskiGrammarUITests-project-headers.hmap -Xcc -I/Users/german/Work/JS/polski-grammar-srs/kotlin/iosApp/build/FinalVirtualIPadFix/Build/Products/Debug-iphonesimulator/include -Xcc -I/Users/german/Work/JS/polski-grammar-srs/kotlin/iosApp/build/FinalVirtualIPadFix/Build/Intermediates.noindex/PolskiGrammar.build/Debug-iphonesimulator/PolskiGrammarUITests.build/DerivedSources-normal/arm64 -Xcc -I/Users/german/Work/JS/polski-grammar-srs/kotlin/iosApp/build/FinalVirtualIPadFix/Build/Intermediates.noindex/PolskiGrammar.build/Debug-iphonesimulator/PolskiGrammarUITests.build/DerivedSources/arm64 -Xcc -I/Users/german/Work/JS/polski-grammar-srs/kotlin/iosApp/build/FinalVirtualIPadFix/Build/Intermediates.noindex/PolskiGrammar.build/Debug-iphonesimulator/PolskiGrammarUITests.build/DerivedSources -Xcc -DDEBUG\=1 -emit-objc-header -emit-objc-header-path /Users/german/Work/JS/polski-grammar-srs/kotlin/iosApp/build/FinalVirtualIPadFix/Build/Intermediates.noindex/PolskiGrammar.build/Debug-iphonesimulator/PolskiGrammarUITests.build/Objects-normal/arm64/PolskiGrammarUITests-Swift.h -working-directory /Users/german/Work/JS/polski-grammar-srs/kotlin/iosApp -experimental-emit-module-separately -disable-cmo

Copy /Users/german/Work/JS/polski-grammar-srs/kotlin/iosApp/build/FinalVirtualIPadFix/Build/Products/Debug-iphonesimulator/PolskiGrammarUITests.swiftmodule/arm64-apple-ios-simulator.swiftmodule /Users/german/Work/JS/polski-grammar-srs/kotlin/iosApp/build/FinalVirtualIPadFix/Build/Intermediates.noindex/PolskiGrammar.build/Debug-iphonesimulator/PolskiGrammarUITests.build/Objects-normal/arm64/PolskiGrammarUITests.swiftmodule (in target 'PolskiGrammarUITests' from project 'PolskiGrammar')
    cd /Users/german/Work/JS/polski-grammar-srs/kotlin/iosApp
    builtin-copy -exclude .DS_Store -exclude CVS -exclude .svn -exclude .git -exclude .hg -resolve-src-symlinks -rename /Users/german/Work/JS/polski-grammar-srs/kotlin/iosApp/build/FinalVirtualIPadFix/Build/Intermediates.noindex/PolskiGrammar.build/Debug-iphonesimulator/PolskiGrammarUITests.build/Objects-normal/arm64/PolskiGrammarUITests.swiftmodule /Users/german/Work/JS/polski-grammar-srs/kotlin/iosApp/build/FinalVirtualIPadFix/Build/Products/Debug-iphonesimulator/PolskiGrammarUITests.swiftmodule/arm64-apple-ios-simulator.swiftmodule

Copy /Users/german/Work/JS/polski-grammar-srs/kotlin/iosApp/build/FinalVirtualIPadFix/Build/Products/Debug-iphonesimulator/PolskiGrammarUITests.swiftmodule/arm64-apple-ios-simulator.swiftdoc /Users/german/Work/JS/polski-grammar-srs/kotlin/iosApp/build/FinalVirtualIPadFix/Build/Intermediates.noindex/PolskiGrammar.build/Debug-iphonesimulator/PolskiGrammarUITests.build/Objects-normal/arm64/PolskiGrammarUITests.swiftdoc (in target 'PolskiGrammarUITests' from project 'PolskiGrammar')
    cd /Users/german/Work/JS/polski-grammar-srs/kotlin/iosApp
    builtin-copy -exclude .DS_Store -exclude CVS -exclude .svn -exclude .git -exclude .hg -resolve-src-symlinks -rename /Users/german/Work/JS/polski-grammar-srs/kotlin/iosApp/build/FinalVirtualIPadFix/Build/Intermediates.noindex/PolskiGrammar.build/Debug-iphonesimulator/PolskiGrammarUITests.build/Objects-normal/arm64/PolskiGrammarUITests.swiftdoc /Users/german/Work/JS/polski-grammar-srs/kotlin/iosApp/build/FinalVirtualIPadFix/Build/Products/Debug-iphonesimulator/PolskiGrammarUITests.swiftmodule/arm64-apple-ios-simulator.swiftdoc

SwiftMergeGeneratedHeaders /Users/german/Work/JS/polski-grammar-srs/kotlin/iosApp/build/FinalVirtualIPadFix/Build/Intermediates.noindex/PolskiGrammar.build/Debug-iphonesimulator/PolskiGrammarUITests.build/DerivedSources/PolskiGrammarUITests-Swift.h /Users/german/Work/JS/polski-grammar-srs/kotlin/iosApp/build/FinalVirtualIPadFix/Build/Intermediates.noindex/PolskiGrammar.build/Debug-iphonesimulator/PolskiGrammarUITests.build/Objects-normal/arm64/PolskiGrammarUITests-Swift.h (in target 'PolskiGrammarUITests' from project 'PolskiGrammar')
    cd /Users/german/Work/JS/polski-grammar-srs/kotlin/iosApp
    builtin-swiftHeaderTool -arch arm64 /Users/german/Work/JS/polski-grammar-srs/kotlin/iosApp/build/FinalVirtualIPadFix/Build/Intermediates.noindex/PolskiGrammar.build/Debug-iphonesimulator/PolskiGrammarUITests.build/Objects-normal/arm64/PolskiGrammarUITests-Swift.h -o /Users/german/Work/JS/polski-grammar-srs/kotlin/iosApp/build/FinalVirtualIPadFix/Build/Intermediates.noindex/PolskiGrammar.build/Debug-iphonesimulator/PolskiGrammarUITests.build/DerivedSources/PolskiGrammarUITests-Swift.h

Copy /Users/german/Work/JS/polski-grammar-srs/kotlin/iosApp/build/FinalVirtualIPadFix/Build/Products/Debug-iphonesimulator/PolskiGrammarUITests.swiftmodule/arm64-apple-ios-simulator.abi.json /Users/german/Work/JS/polski-grammar-srs/kotlin/iosApp/build/FinalVirtualIPadFix/Build/Intermediates.noindex/PolskiGrammar.build/Debug-iphonesimulator/PolskiGrammarUITests.build/Objects-normal/arm64/PolskiGrammarUITests.abi.json (in target 'PolskiGrammarUITests' from project 'PolskiGrammar')
    cd /Users/german/Work/JS/polski-grammar-srs/kotlin/iosApp
    builtin-copy -exclude .DS_Store -exclude CVS -exclude .svn -exclude .git -exclude .hg -resolve-src-symlinks -rename /Users/german/Work/JS/polski-grammar-srs/kotlin/iosApp/build/FinalVirtualIPadFix/Build/Intermediates.noindex/PolskiGrammar.build/Debug-iphonesimulator/PolskiGrammarUITests.build/Objects-normal/arm64/PolskiGrammarUITests.abi.json /Users/german/Work/JS/polski-grammar-srs/kotlin/iosApp/build/FinalVirtualIPadFix/Build/Products/Debug-iphonesimulator/PolskiGrammarUITests.swiftmodule/arm64-apple-ios-simulator.abi.json

Copy /Users/german/Work/JS/polski-grammar-srs/kotlin/iosApp/build/FinalVirtualIPadFix/Build/Products/Debug-iphonesimulator/PolskiGrammarUITests.swiftmodule/Project/arm64-apple-ios-simulator.swiftsourceinfo /Users/german/Work/JS/polski-grammar-srs/kotlin/iosApp/build/FinalVirtualIPadFix/Build/Intermediates.noindex/PolskiGrammar.build/Debug-iphonesimulator/PolskiGrammarUITests.build/Objects-normal/arm64/PolskiGrammarUITests.swiftsourceinfo (in target 'PolskiGrammarUITests' from project 'PolskiGrammar')
    cd /Users/german/Work/JS/polski-grammar-srs/kotlin/iosApp
    builtin-copy -exclude .DS_Store -exclude CVS -exclude .svn -exclude .git -exclude .hg -resolve-src-symlinks -rename /Users/german/Work/JS/polski-grammar-srs/kotlin/iosApp/build/FinalVirtualIPadFix/Build/Intermediates.noindex/PolskiGrammar.build/Debug-iphonesimulator/PolskiGrammarUITests.build/Objects-normal/arm64/PolskiGrammarUITests.swiftsourceinfo /Users/german/Work/JS/polski-grammar-srs/kotlin/iosApp/build/FinalVirtualIPadFix/Build/Products/Debug-iphonesimulator/PolskiGrammarUITests.swiftmodule/Project/arm64-apple-ios-simulator.swiftsourceinfo

SwiftDriverJobDiscovery normal arm64 Compiling PolskiGrammarUITests.swift (in target 'PolskiGrammarUITests' from project 'PolskiGrammar')

SwiftDriver\ Compilation PolskiGrammarUITests normal arm64 com.apple.xcode.tools.swift.compiler (in target 'PolskiGrammarUITests' from project 'PolskiGrammar')
    cd /Users/german/Work/JS/polski-grammar-srs/kotlin/iosApp
    builtin-Swift-Compilation -- /Applications/Xcode.app/Contents/Developer/Toolchains/XcodeDefault.xctoolchain/usr/bin/swiftc -module-name PolskiGrammarUITests -Onone @/Users/german/Work/JS/polski-grammar-srs/kotlin/iosApp/build/FinalVirtualIPadFix/Build/Intermediates.noindex/PolskiGrammar.build/Debug-iphonesimulator/PolskiGrammarUITests.build/Objects-normal/arm64/PolskiGrammarUITests.SwiftFileList -DDEBUG -module-alias Testing\=_Testing_Unavailable -plugin-path /Applications/Xcode.app/Contents/Developer/Toolchains/XcodeDefault.xctoolchain/usr/lib/swift/host/plugins/testing -enable-bare-slash-regex -enable-experimental-feature DebugDescriptionMacro -sdk /Applications/Xcode.app/Contents/Developer/Platforms/iPhoneSimulator.platform/Developer/SDKs/iPhoneSimulator27.0.sdk -target arm64-apple-ios17.0-simulator -g -module-cache-path /Users/german/Work/JS/polski-grammar-srs/kotlin/iosApp/build/FinalVirtualIPadFix/ModuleCache.noindex -Xfrontend -serialize-debugging-options -enable-testing -index-store-path /Users/german/Work/JS/polski-grammar-srs/kotlin/iosApp/build/FinalVirtualIPadFix/Index.noindex/DataStore -Xcc -D_LIBCPP_HARDENING_MODE\=_LIBCPP_HARDENING_MODE_DEBUG -swift-version 5 -I /Users/german/Work/JS/polski-grammar-srs/kotlin/iosApp/build/FinalVirtualIPadFix/Build/Products/Debug-iphonesimulator -Isystem /Applications/Xcode.app/Contents/Developer/Platforms/iPhoneSimulator.platform/Developer/usr/lib -F /Users/german/Work/JS/polski-grammar-srs/kotlin/iosApp/build/FinalVirtualIPadFix/Build/Products/Debug-iphonesimulator -F /Applications/Xcode.app/Contents/Developer/Platforms/iPhoneSimulator.platform/Developer/Library/Frameworks -F /Applications/Xcode.app/Contents/Developer/Platforms/iPhoneSimulator.platform/Developer/SDKs/iPhoneSimulator27.0.sdk/Developer/Library/Frameworks -parse-as-library -c -j10 -enable-batch-mode -incremental -Xcc -ivfsstatcache -Xcc /Users/german/Work/JS/polski-grammar-srs/kotlin/iosApp/build/FinalVirtualIPadFix/SDKStatCaches.noindex/iphonesimulator27.0-24A430-8dc58220667be655e1bcc261a7455254.sdkstatcache -output-file-map /Users/german/Work/JS/polski-grammar-srs/kotlin/iosApp/build/FinalVirtualIPadFix/Build/Intermediates.noindex/PolskiGrammar.build/Debug-iphonesimulator/PolskiGrammarUITests.build/Objects-normal/arm64/PolskiGrammarUITests-OutputFileMap.json -save-temps -no-color-diagnostics -explicit-module-build -module-cache-path /Users/german/Work/JS/polski-grammar-srs/kotlin/iosApp/build/FinalVirtualIPadFix/Build/Intermediates.noindex/SwiftExplicitPrecompiledModules -clang-scanner-module-cache-path /Users/german/Work/JS/polski-grammar-srs/kotlin/iosApp/build/FinalVirtualIPadFix/ModuleCache.noindex -sdk-module-cache-path /Users/german/Work/JS/polski-grammar-srs/kotlin/iosApp/build/FinalVirtualIPadFix/SDKExplicitPrecompiledModules -emit-dependencies -emit-module -emit-module-path /Users/german/Work/JS/polski-grammar-srs/kotlin/iosApp/build/FinalVirtualIPadFix/Build/Intermediates.noindex/PolskiGrammar.build/Debug-iphonesimulator/PolskiGrammarUITests.build/Objects-normal/arm64/PolskiGrammarUITests.swiftmodule -serialize-diagnostics -dependency-scan-serialize-diagnostics-path /Users/german/Work/JS/polski-grammar-srs/kotlin/iosApp/build/FinalVirtualIPadFix/Build/Intermediates.noindex/PolskiGrammar.build/Debug-iphonesimulator/PolskiGrammarUITests.build/Objects-normal/arm64/PolskiGrammarUITests-dependency-scan.dia -validate-clang-modules-once -clang-build-session-file /Users/german/Work/JS/polski-grammar-srs/kotlin/iosApp/build/FinalVirtualIPadFix/ModuleCache.noindex/Session.modulevalidation -Xcc -fmodules-prune-interval\=86400 -Xcc -fmodules-prune-after\=345600 -emit-const-values -const-gather-protocols-list /Users/german/Work/JS/polski-grammar-srs/kotlin/iosApp/build/FinalVirtualIPadFix/Build/Intermediates.noindex/PolskiGrammar.build/Debug-iphonesimulator/PolskiGrammarUITests.build/Objects-normal/arm64/PolskiGrammarUITests_const_extract_protocols.json -Xcc -iquote -Xcc /Users/german/Work/JS/polski-grammar-srs/kotlin/iosApp/build/FinalVirtualIPadFix/Build/Intermediates.noindex/PolskiGrammar.build/Debug-iphonesimulator/PolskiGrammarUITests.build/PolskiGrammarUITests-generated-files.hmap -Xcc -I/Users/german/Work/JS/polski-grammar-srs/kotlin/iosApp/build/FinalVirtualIPadFix/Build/Intermediates.noindex/PolskiGrammar.build/Debug-iphonesimulator/PolskiGrammarUITests.build/PolskiGrammarUITests-own-target-headers.hmap -Xcc -I/Users/german/Work/JS/polski-grammar-srs/kotlin/iosApp/build/FinalVirtualIPadFix/Build/Intermediates.noindex/PolskiGrammar.build/Debug-iphonesimulator/PolskiGrammarUITests.build/PolskiGrammarUITests-all-target-headers.hmap -Xcc -iquote -Xcc /Users/german/Work/JS/polski-grammar-srs/kotlin/iosApp/build/FinalVirtualIPadFix/Build/Intermediates.noindex/PolskiGrammar.build/Debug-iphonesimulator/PolskiGrammarUITests.build/PolskiGrammarUITests-project-headers.hmap -Xcc -I/Users/german/Work/JS/polski-grammar-srs/kotlin/iosApp/build/FinalVirtualIPadFix/Build/Products/Debug-iphonesimulator/include -Xcc -I/Users/german/Work/JS/polski-grammar-srs/kotlin/iosApp/build/FinalVirtualIPadFix/Build/Intermediates.noindex/PolskiGrammar.build/Debug-iphonesimulator/PolskiGrammarUITests.build/DerivedSources-normal/arm64 -Xcc -I/Users/german/Work/JS/polski-grammar-srs/kotlin/iosApp/build/FinalVirtualIPadFix/Build/Intermediates.noindex/PolskiGrammar.build/Debug-iphonesimulator/PolskiGrammarUITests.build/DerivedSources/arm64 -Xcc -I/Users/german/Work/JS/polski-grammar-srs/kotlin/iosApp/build/FinalVirtualIPadFix/Build/Intermediates.noindex/PolskiGrammar.build/Debug-iphonesimulator/PolskiGrammarUITests.build/DerivedSources -Xcc -DDEBUG\=1 -emit-objc-header -emit-objc-header-path /Users/german/Work/JS/polski-grammar-srs/kotlin/iosApp/build/FinalVirtualIPadFix/Build/Intermediates.noindex/PolskiGrammar.build/Debug-iphonesimulator/PolskiGrammarUITests.build/Objects-normal/arm64/PolskiGrammarUITests-Swift.h -working-directory /Users/german/Work/JS/polski-grammar-srs/kotlin/iosApp -experimental-emit-module-separately -disable-cmo

SwiftDriverJobDiscovery normal arm64 Compiling PolskiGrammarApp.swift (in target 'PolskiGrammar' from project 'PolskiGrammar')

SwiftDriver\ Compilation PolskiGrammar normal arm64 com.apple.xcode.tools.swift.compiler (in target 'PolskiGrammar' from project 'PolskiGrammar')
    cd /Users/german/Work/JS/polski-grammar-srs/kotlin/iosApp
    builtin-Swift-Compilation -- /Applications/Xcode.app/Contents/Developer/Toolchains/XcodeDefault.xctoolchain/usr/bin/swiftc -module-name PolskiGrammar -Onone @/Users/german/Work/JS/polski-grammar-srs/kotlin/iosApp/build/FinalVirtualIPadFix/Build/Intermediates.noindex/PolskiGrammar.build/Debug-iphonesimulator/PolskiGrammar.build/Objects-normal/arm64/PolskiGrammar.SwiftFileList -DDEBUG -enable-bare-slash-regex -enable-experimental-feature DebugDescriptionMacro -sdk /Applications/Xcode.app/Contents/Developer/Platforms/iPhoneSimulator.platform/Developer/SDKs/iPhoneSimulator27.0.sdk -target arm64-apple-ios17.0-simulator -g -module-cache-path /Users/german/Work/JS/polski-grammar-srs/kotlin/iosApp/build/FinalVirtualIPadFix/ModuleCache.noindex -Xfrontend -serialize-debugging-options -enable-testing -index-store-path /Users/german/Work/JS/polski-grammar-srs/kotlin/iosApp/build/FinalVirtualIPadFix/Index.noindex/DataStore -Xcc -D_LIBCPP_HARDENING_MODE\=_LIBCPP_HARDENING_MODE_DEBUG -swift-version 5 -I /Users/german/Work/JS/polski-grammar-srs/kotlin/iosApp/build/FinalVirtualIPadFix/Build/Products/Debug-iphonesimulator -F /Users/german/Work/JS/polski-grammar-srs/kotlin/iosApp/build/FinalVirtualIPadFix/Build/Products/Debug-iphonesimulator -c -j10 -enable-batch-mode -incremental -Xcc -ivfsstatcache -Xcc /Users/german/Work/JS/polski-grammar-srs/kotlin/iosApp/build/FinalVirtualIPadFix/SDKStatCaches.noindex/iphonesimulator27.0-24A430-8dc58220667be655e1bcc261a7455254.sdkstatcache -output-file-map /Users/german/Work/JS/polski-grammar-srs/kotlin/iosApp/build/FinalVirtualIPadFix/Build/Intermediates.noindex/PolskiGrammar.build/Debug-iphonesimulator/PolskiGrammar.build/Objects-normal/arm64/PolskiGrammar-OutputFileMap.json -save-temps -no-color-diagnostics -explicit-module-build -module-cache-path /Users/german/Work/JS/polski-grammar-srs/kotlin/iosApp/build/FinalVirtualIPadFix/Build/Intermediates.noindex/SwiftExplicitPrecompiledModules -clang-scanner-module-cache-path /Users/german/Work/JS/polski-grammar-srs/kotlin/iosApp/build/FinalVirtualIPadFix/ModuleCache.noindex -sdk-module-cache-path /Users/german/Work/JS/polski-grammar-srs/kotlin/iosApp/build/FinalVirtualIPadFix/SDKExplicitPrecompiledModules -emit-dependencies -emit-module -emit-module-path /Users/german/Work/JS/polski-grammar-srs/kotlin/iosApp/build/FinalVirtualIPadFix/Build/Intermediates.noindex/PolskiGrammar.build/Debug-iphonesimulator/PolskiGrammar.build/Objects-normal/arm64/PolskiGrammar.swiftmodule -serialize-diagnostics -dependency-scan-serialize-diagnostics-path /Users/german/Work/JS/polski-grammar-srs/kotlin/iosApp/build/FinalVirtualIPadFix/Build/Intermediates.noindex/PolskiGrammar.build/Debug-iphonesimulator/PolskiGrammar.build/Objects-normal/arm64/PolskiGrammar-dependency-scan.dia -validate-clang-modules-once -clang-build-session-file /Users/german/Work/JS/polski-grammar-srs/kotlin/iosApp/build/FinalVirtualIPadFix/ModuleCache.noindex/Session.modulevalidation -Xcc -fmodules-prune-interval\=86400 -Xcc -fmodules-prune-after\=345600 -emit-const-values -const-gather-protocols-list /Users/german/Work/JS/polski-grammar-srs/kotlin/iosApp/build/FinalVirtualIPadFix/Build/Intermediates.noindex/PolskiGrammar.build/Debug-iphonesimulator/PolskiGrammar.build/Objects-normal/arm64/PolskiGrammar_const_extract_protocols.json -Xcc -iquote -Xcc /Users/german/Work/JS/polski-grammar-srs/kotlin/iosApp/build/FinalVirtualIPadFix/Build/Intermediates.noindex/PolskiGrammar.build/Debug-iphonesimulator/PolskiGrammar.build/PolskiGrammar-generated-files.hmap -Xcc -I/Users/german/Work/JS/polski-grammar-srs/kotlin/iosApp/build/FinalVirtualIPadFix/Build/Intermediates.noindex/PolskiGrammar.build/Debug-iphonesimulator/PolskiGrammar.build/PolskiGrammar-own-target-headers.hmap -Xcc -I/Users/german/Work/JS/polski-grammar-srs/kotlin/iosApp/build/FinalVirtualIPadFix/Build/Intermediates.noindex/PolskiGrammar.build/Debug-iphonesimulator/PolskiGrammar.build/PolskiGrammar-all-target-headers.hmap -Xcc -iquote -Xcc /Users/german/Work/JS/polski-grammar-srs/kotlin/iosApp/build/FinalVirtualIPadFix/Build/Intermediates.noindex/PolskiGrammar.build/Debug-iphonesimulator/PolskiGrammar.build/PolskiGrammar-project-headers.hmap -Xcc -I/Users/german/Work/JS/polski-grammar-srs/kotlin/iosApp/build/FinalVirtualIPadFix/Build/Products/Debug-iphonesimulator/include -Xcc -I/Users/german/Work/JS/polski-grammar-srs/kotlin/iosApp/build/FinalVirtualIPadFix/Build/Intermediates.noindex/PolskiGrammar.build/Debug-iphonesimulator/PolskiGrammar.build/DerivedSources-normal/arm64 -Xcc -I/Users/german/Work/JS/polski-grammar-srs/kotlin/iosApp/build/FinalVirtualIPadFix/Build/Intermediates.noindex/PolskiGrammar.build/Debug-iphonesimulator/PolskiGrammar.build/DerivedSources/arm64 -Xcc -I/Users/german/Work/JS/polski-grammar-srs/kotlin/iosApp/build/FinalVirtualIPadFix/Build/Intermediates.noindex/PolskiGrammar.build/Debug-iphonesimulator/PolskiGrammar.build/DerivedSources -Xcc -DDEBUG\=1 -emit-objc-header -emit-objc-header-path /Users/german/Work/JS/polski-grammar-srs/kotlin/iosApp/build/FinalVirtualIPadFix/Build/Intermediates.noindex/PolskiGrammar.build/Debug-iphonesimulator/PolskiGrammar.build/Objects-normal/arm64/PolskiGrammar-Swift.h -working-directory /Users/german/Work/JS/polski-grammar-srs/kotlin/iosApp -experimental-emit-module-separately -disable-cmo

Ld /Users/german/Work/JS/polski-grammar-srs/kotlin/iosApp/build/FinalVirtualIPadFix/Build/Products/Debug-iphonesimulator/PolskiGrammar.app/PolskiGrammar.debug.dylib normal (in target 'PolskiGrammar' from project 'PolskiGrammar')
    cd /Users/german/Work/JS/polski-grammar-srs/kotlin/iosApp
    /Applications/Xcode.app/Contents/Developer/Toolchains/XcodeDefault.xctoolchain/usr/bin/clang -Xlinker -reproducible -target arm64-apple-ios17.0-simulator -dynamiclib -isysroot /Applications/Xcode.app/Contents/Developer/Platforms/iPhoneSimulator.platform/Developer/SDKs/iPhoneSimulator27.0.sdk -O0 -Xlinker -no_warn_duplicate_libraries -L/Users/german/Work/JS/polski-grammar-srs/kotlin/iosApp/build/FinalVirtualIPadFix/Build/Intermediates.noindex/EagerLinkingTBDs/Debug-iphonesimulator -L/Users/german/Work/JS/polski-grammar-srs/kotlin/iosApp/build/FinalVirtualIPadFix/Build/Products/Debug-iphonesimulator -F/Users/german/Work/JS/polski-grammar-srs/kotlin/iosApp/build/FinalVirtualIPadFix/Build/Intermediates.noindex/EagerLinkingTBDs/Debug-iphonesimulator -F/Users/german/Work/JS/polski-grammar-srs/kotlin/iosApp/build/FinalVirtualIPadFix/Build/Products/Debug-iphonesimulator -filelist /Users/german/Work/JS/polski-grammar-srs/kotlin/iosApp/build/FinalVirtualIPadFix/Build/Intermediates.noindex/PolskiGrammar.build/Debug-iphonesimulator/PolskiGrammar.build/Objects-normal/arm64/PolskiGrammar.LinkFileList -install_name @rpath/PolskiGrammar.debug.dylib -Xlinker -rpath -Xlinker /usr/lib/swift -Xlinker -rpath -Xlinker @executable_path/Frameworks -Xlinker -dead_strip -Xlinker -object_path_lto -Xlinker /Users/german/Work/JS/polski-grammar-srs/kotlin/iosApp/build/FinalVirtualIPadFix/Build/Intermediates.noindex/PolskiGrammar.build/Debug-iphonesimulator/PolskiGrammar.build/Objects-normal/arm64/PolskiGrammar_lto.o -rdynamic -Xlinker -no_deduplicate -Xlinker -objc_abi_version -Xlinker 2 -Xlinker -dependency_info -Xlinker /Users/german/Work/JS/polski-grammar-srs/kotlin/iosApp/build/FinalVirtualIPadFix/Build/Intermediates.noindex/PolskiGrammar.build/Debug-iphonesimulator/PolskiGrammar.build/Objects-normal/arm64/PolskiGrammar_dependency_info.dat -fobjc-link-runtime -L/Applications/Xcode.app/Contents/Developer/Toolchains/XcodeDefault.xctoolchain/usr/lib/swift/iphonesimulator -L/usr/lib/swift -Xlinker -add_ast_path -Xlinker /Users/german/Work/JS/polski-grammar-srs/kotlin/iosApp/build/FinalVirtualIPadFix/Build/Intermediates.noindex/PolskiGrammar.build/Debug-iphonesimulator/PolskiGrammar.build/Objects-normal/arm64/PolskiGrammar.swiftmodule -framework PolskiShared -Xlinker -alias -Xlinker _main -Xlinker ___debug_main_executable_dylib_entry_point -framework Foundation -o /Users/german/Work/JS/polski-grammar-srs/kotlin/iosApp/build/FinalVirtualIPadFix/Build/Products/Debug-iphonesimulator/PolskiGrammar.app/PolskiGrammar.debug.dylib

ConstructStubExecutorLinkFileList /Users/german/Work/JS/polski-grammar-srs/kotlin/iosApp/build/FinalVirtualIPadFix/Build/Intermediates.noindex/PolskiGrammar.build/Debug-iphonesimulator/PolskiGrammar.build/PolskiGrammar-ExecutorLinkFileList-normal-arm64.txt (in target 'PolskiGrammar' from project 'PolskiGrammar')
    cd /Users/german/Work/JS/polski-grammar-srs/kotlin/iosApp
    construct-stub-executor-link-file-list /Users/german/Work/JS/polski-grammar-srs/kotlin/iosApp/build/FinalVirtualIPadFix/Build/Products/Debug-iphonesimulator/PolskiGrammar.app/PolskiGrammar.debug.dylib /Applications/Xcode.app/Contents/Developer/Platforms/iPhoneSimulator.platform/Developer/usr/lib/libPreviewsJITStubExecutor_no_swift_entry_point.a /Applications/Xcode.app/Contents/Developer/Platforms/iPhoneSimulator.platform/Developer/usr/lib/libPreviewsJITStubExecutor.a --output /Users/german/Work/JS/polski-grammar-srs/kotlin/iosApp/build/FinalVirtualIPadFix/Build/Intermediates.noindex/PolskiGrammar.build/Debug-iphonesimulator/PolskiGrammar.build/PolskiGrammar-ExecutorLinkFileList-normal-arm64.txt
note: Using stub executor library with Swift entry point. (in target 'PolskiGrammar' from project 'PolskiGrammar')

Ld /Users/german/Work/JS/polski-grammar-srs/kotlin/iosApp/build/FinalVirtualIPadFix/Build/Products/Debug-iphonesimulator/PolskiGrammar.app/PolskiGrammar normal (in target 'PolskiGrammar' from project 'PolskiGrammar')
    cd /Users/german/Work/JS/polski-grammar-srs/kotlin/iosApp
    /Applications/Xcode.app/Contents/Developer/Toolchains/XcodeDefault.xctoolchain/usr/bin/clang -Xlinker -reproducible -target arm64-apple-ios17.0-simulator -isysroot /Applications/Xcode.app/Contents/Developer/Platforms/iPhoneSimulator.platform/Developer/SDKs/iPhoneSimulator27.0.sdk -O0 -Xlinker -no_warn_duplicate_libraries -L/Users/german/Work/JS/polski-grammar-srs/kotlin/iosApp/build/FinalVirtualIPadFix/Build/Products/Debug-iphonesimulator -F/Users/german/Work/JS/polski-grammar-srs/kotlin/iosApp/build/FinalVirtualIPadFix/Build/Products/Debug-iphonesimulator -Xlinker -rpath -Xlinker @executable_path -Xlinker -rpath -Xlinker @executable_path/Frameworks -rdynamic -Xlinker -no_deduplicate -Xlinker -objc_abi_version -Xlinker 2 -e ___debug_blank_executor_main -Xlinker -sectcreate -Xlinker __TEXT -Xlinker __debug_dylib -Xlinker /Users/german/Work/JS/polski-grammar-srs/kotlin/iosApp/build/FinalVirtualIPadFix/Build/Intermediates.noindex/PolskiGrammar.build/Debug-iphonesimulator/PolskiGrammar.build/PolskiGrammar-DebugDylibPath-normal-arm64.txt -Xlinker -sectcreate -Xlinker __TEXT -Xlinker __debug_instlnm -Xlinker /Users/german/Work/JS/polski-grammar-srs/kotlin/iosApp/build/FinalVirtualIPadFix/Build/Intermediates.noindex/PolskiGrammar.build/Debug-iphonesimulator/PolskiGrammar.build/PolskiGrammar-DebugDylibInstallName-normal-arm64.txt -Xlinker -filelist -Xlinker /Users/german/Work/JS/polski-grammar-srs/kotlin/iosApp/build/FinalVirtualIPadFix/Build/Intermediates.noindex/PolskiGrammar.build/Debug-iphonesimulator/PolskiGrammar.build/PolskiGrammar-ExecutorLinkFileList-normal-arm64.txt /Users/german/Work/JS/polski-grammar-srs/kotlin/iosApp/build/FinalVirtualIPadFix/Build/Products/Debug-iphonesimulator/PolskiGrammar.app/PolskiGrammar.debug.dylib -o /Users/german/Work/JS/polski-grammar-srs/kotlin/iosApp/build/FinalVirtualIPadFix/Build/Products/Debug-iphonesimulator/PolskiGrammar.app/PolskiGrammar

CopySwiftLibs /Users/german/Work/JS/polski-grammar-srs/kotlin/iosApp/build/FinalVirtualIPadFix/Build/Products/Debug-iphonesimulator/PolskiGrammar.app (in target 'PolskiGrammar' from project 'PolskiGrammar')
    cd /Users/german/Work/JS/polski-grammar-srs/kotlin/iosApp
    builtin-swiftStdLibTool --copy --verbose --scan-executable /Users/german/Work/JS/polski-grammar-srs/kotlin/iosApp/build/FinalVirtualIPadFix/Build/Products/Debug-iphonesimulator/PolskiGrammar.app/PolskiGrammar.debug.dylib --scan-folder /Users/german/Work/JS/polski-grammar-srs/kotlin/iosApp/build/FinalVirtualIPadFix/Build/Products/Debug-iphonesimulator/PolskiGrammar.app/Frameworks --scan-folder /Users/german/Work/JS/polski-grammar-srs/kotlin/iosApp/build/FinalVirtualIPadFix/Build/Products/Debug-iphonesimulator/PolskiGrammar.app/PlugIns --scan-folder /Users/german/Work/JS/polski-grammar-srs/kotlin/iosApp/build/FinalVirtualIPadFix/Build/Products/Debug-iphonesimulator/PolskiGrammar.app/SystemExtensions --scan-folder /Users/german/Work/JS/polski-grammar-srs/kotlin/iosApp/build/FinalVirtualIPadFix/Build/Products/Debug-iphonesimulator/PolskiGrammar.app/Extensions --scan-folder /Applications/Xcode.app/Contents/Developer/Platforms/iPhoneOS.platform/Developer/SDKs/iPhoneOS18.0.sdk/System/Library/Frameworks/Foundation.framework --platform iphonesimulator --toolchain /Applications/Xcode.app/Contents/Developer/Toolchains/XcodeDefault.xctoolchain --destination /Users/german/Work/JS/polski-grammar-srs/kotlin/iosApp/build/FinalVirtualIPadFix/Build/Products/Debug-iphonesimulator/PolskiGrammar.app/Frameworks --strip-bitcode --strip-bitcode-tool /Applications/Xcode.app/Contents/Developer/Toolchains/XcodeDefault.xctoolchain/usr/bin/bitcode_strip --emit-dependency-info /Users/german/Work/JS/polski-grammar-srs/kotlin/iosApp/build/FinalVirtualIPadFix/Build/Intermediates.noindex/PolskiGrammar.build/Debug-iphonesimulator/PolskiGrammar.build/SwiftStdLibToolInputDependencies.dep --filter-for-swift-os
Ignoring --strip-bitcode because --sign was not passed

ExtractAppIntentsMetadata (in target 'PolskiGrammar' from project 'PolskiGrammar')
    cd /Users/german/Work/JS/polski-grammar-srs/kotlin/iosApp
    /Applications/Xcode.app/Contents/Developer/Toolchains/XcodeDefault.xctoolchain/usr/bin/appintentsmetadataprocessor --toolchain-dir /Applications/Xcode.app/Contents/Developer/Toolchains/XcodeDefault.xctoolchain --module-name PolskiGrammar --sdk-root /Applications/Xcode.app/Contents/Developer/Platforms/iPhoneSimulator.platform/Developer/SDKs/iPhoneSimulator27.0.sdk --xcode-version 27A266a --platform-family iOS --deployment-target 17.0 --bundle-identifier dev.polski.grammarmatrix.ios --output /Users/german/Work/JS/polski-grammar-srs/kotlin/iosApp/build/FinalVirtualIPadFix/Build/Products/Debug-iphonesimulator/PolskiGrammar.app --target-triple arm64-apple-ios17.0-simulator --binary-file /Users/german/Work/JS/polski-grammar-srs/kotlin/iosApp/build/FinalVirtualIPadFix/Build/Products/Debug-iphonesimulator/PolskiGrammar.app/PolskiGrammar --dependency-file /Users/german/Work/JS/polski-grammar-srs/kotlin/iosApp/build/FinalVirtualIPadFix/Build/Intermediates.noindex/PolskiGrammar.build/Debug-iphonesimulator/PolskiGrammar.build/Objects-normal/arm64/PolskiGrammar_dependency_info.dat --stringsdata-file /Users/german/Work/JS/polski-grammar-srs/kotlin/iosApp/build/FinalVirtualIPadFix/Build/Intermediates.noindex/PolskiGrammar.build/Debug-iphonesimulator/PolskiGrammar.build/Objects-normal/arm64/ExtractedAppShortcutsMetadata.stringsdata --source-file-list /Users/german/Work/JS/polski-grammar-srs/kotlin/iosApp/build/FinalVirtualIPadFix/Build/Intermediates.noindex/PolskiGrammar.build/Debug-iphonesimulator/PolskiGrammar.build/Objects-normal/arm64/PolskiGrammar.SwiftFileList --metadata-file-list /Users/german/Work/JS/polski-grammar-srs/kotlin/iosApp/build/FinalVirtualIPadFix/Build/Intermediates.noindex/PolskiGrammar.build/Debug-iphonesimulator/PolskiGrammar.build/PolskiGrammar.DependencyMetadataFileList --static-metadata-file-list /Users/german/Work/JS/polski-grammar-srs/kotlin/iosApp/build/FinalVirtualIPadFix/Build/Intermediates.noindex/PolskiGrammar.build/Debug-iphonesimulator/PolskiGrammar.build/PolskiGrammar.DependencyStaticMetadataFileList --swift-const-vals-list /Users/german/Work/JS/polski-grammar-srs/kotlin/iosApp/build/FinalVirtualIPadFix/Build/Intermediates.noindex/PolskiGrammar.build/Debug-iphonesimulator/PolskiGrammar.build/Objects-normal/arm64/PolskiGrammar.SwiftConstValuesFileList --compile-time-extraction --deployment-aware-processing --no-app-shortcuts-localization
2026-09-24 20:30:36.253 appintentsmetadataprocessor[25363:17805130] Starting appintentsmetadataprocessor export
2026-09-24 20:30:36.259 appintentsmetadataprocessor[25363:17805130] warning: Metadata extraction skipped, no AppIntents.framework dependency found

AppIntentsSSUTraining (in target 'PolskiGrammar' from project 'PolskiGrammar')
    cd /Users/german/Work/JS/polski-grammar-srs/kotlin/iosApp
    /Applications/Xcode.app/Contents/Developer/Toolchains/XcodeDefault.xctoolchain/usr/bin/appintentsnltrainingprocessor --infoplist-path /Users/german/Work/JS/polski-grammar-srs/kotlin/iosApp/build/FinalVirtualIPadFix/Build/Products/Debug-iphonesimulator/PolskiGrammar.app/Info.plist --temp-dir-path /Users/german/Work/JS/polski-grammar-srs/kotlin/iosApp/build/FinalVirtualIPadFix/Build/Intermediates.noindex/PolskiGrammar.build/Debug-iphonesimulator/PolskiGrammar.build/ssu --bundle-id dev.polski.grammarmatrix.ios --product-path /Users/german/Work/JS/polski-grammar-srs/kotlin/iosApp/build/FinalVirtualIPadFix/Build/Products/Debug-iphonesimulator/PolskiGrammar.app --extracted-metadata-path /Users/german/Work/JS/polski-grammar-srs/kotlin/iosApp/build/FinalVirtualIPadFix/Build/Products/Debug-iphonesimulator/PolskiGrammar.app/Metadata.appintents --metadata-file-list /Users/german/Work/JS/polski-grammar-srs/kotlin/iosApp/build/FinalVirtualIPadFix/Build/Intermediates.noindex/PolskiGrammar.build/Debug-iphonesimulator/PolskiGrammar.build/PolskiGrammar.DependencyMetadataFileList --source-file /Users/german/Work/JS/polski-grammar-srs/kotlin/iosApp/build/FinalVirtualIPadFix/Build/Products/Debug-iphonesimulator/PolskiGrammar.app/Info.plist --archive-ssu-assets
2026-09-24 20:30:36.283 appintentsnltrainingprocessor[25365:17805147] Parsing options for appintentsnltrainingprocessor
2026-09-24 20:30:36.284 appintentsnltrainingprocessor[25365:17805147] Starting AppIntents SSU YAML Generation
2026-09-24 20:30:36.286 appintentsnltrainingprocessor[25365:17805147] No AppShortcuts found - Skipping.

RegisterExecutionPolicyException /Users/german/Work/JS/polski-grammar-srs/kotlin/iosApp/build/FinalVirtualIPadFix/Build/Products/Debug-iphonesimulator/PolskiGrammar.app (in target 'PolskiGrammar' from project 'PolskiGrammar')
    cd /Users/german/Work/JS/polski-grammar-srs/kotlin/iosApp
    builtin-RegisterExecutionPolicyException /Users/german/Work/JS/polski-grammar-srs/kotlin/iosApp/build/FinalVirtualIPadFix/Build/Products/Debug-iphonesimulator/PolskiGrammar.app

Validate /Users/german/Work/JS/polski-grammar-srs/kotlin/iosApp/build/FinalVirtualIPadFix/Build/Products/Debug-iphonesimulator/PolskiGrammar.app (in target 'PolskiGrammar' from project 'PolskiGrammar')
    cd /Users/german/Work/JS/polski-grammar-srs/kotlin/iosApp
    builtin-validationUtility /Users/german/Work/JS/polski-grammar-srs/kotlin/iosApp/build/FinalVirtualIPadFix/Build/Products/Debug-iphonesimulator/PolskiGrammar.app -shallow-bundle -infoplist-subpath Info.plist

Touch /Users/german/Work/JS/polski-grammar-srs/kotlin/iosApp/build/FinalVirtualIPadFix/Build/Products/Debug-iphonesimulator/PolskiGrammar.app (in target 'PolskiGrammar' from project 'PolskiGrammar')
    cd /Users/german/Work/JS/polski-grammar-srs/kotlin/iosApp
    /usr/bin/touch -c /Users/german/Work/JS/polski-grammar-srs/kotlin/iosApp/build/FinalVirtualIPadFix/Build/Products/Debug-iphonesimulator/PolskiGrammar.app

ProcessInfoPlistFile /Users/german/Work/JS/polski-grammar-srs/kotlin/iosApp/build/FinalVirtualIPadFix/Build/Products/Debug-iphonesimulator/PolskiGrammarUITests-Runner.app/PlugIns/PolskiGrammarUITests.xctest/Info.plist /Users/german/Work/JS/polski-grammar-srs/kotlin/iosApp/build/FinalVirtualIPadFix/Build/Intermediates.noindex/PolskiGrammar.build/Debug-iphonesimulator/PolskiGrammarUITests.build/empty-PolskiGrammarUITests.plist (in target 'PolskiGrammarUITests' from project 'PolskiGrammar')
    cd /Users/german/Work/JS/polski-grammar-srs/kotlin/iosApp
    builtin-infoPlistUtility /Users/german/Work/JS/polski-grammar-srs/kotlin/iosApp/build/FinalVirtualIPadFix/Build/Intermediates.noindex/PolskiGrammar.build/Debug-iphonesimulator/PolskiGrammarUITests.build/empty-PolskiGrammarUITests.plist -producttype com.apple.product-type.bundle.ui-testing -expandbuildsettings -format binary -platform iphonesimulator -additionalcontentfile /Users/german/Work/JS/polski-grammar-srs/kotlin/iosApp/build/FinalVirtualIPadFix/Build/Intermediates.noindex/PolskiGrammar.build/Debug-iphonesimulator/PolskiGrammarUITests.build/ProductTypeInfoPlistAdditions.plist -o /Users/german/Work/JS/polski-grammar-srs/kotlin/iosApp/build/FinalVirtualIPadFix/Build/Products/Debug-iphonesimulator/PolskiGrammarUITests-Runner.app/PlugIns/PolskiGrammarUITests.xctest/Info.plist

Ld /Users/german/Work/JS/polski-grammar-srs/kotlin/iosApp/build/FinalVirtualIPadFix/Build/Products/Debug-iphonesimulator/PolskiGrammarUITests-Runner.app/PlugIns/PolskiGrammarUITests.xctest/PolskiGrammarUITests normal (in target 'PolskiGrammarUITests' from project 'PolskiGrammar')
    cd /Users/german/Work/JS/polski-grammar-srs/kotlin/iosApp
    /Applications/Xcode.app/Contents/Developer/Toolchains/XcodeDefault.xctoolchain/usr/bin/clang -Xlinker -reproducible -target arm64-apple-ios17.0-simulator -bundle -isysroot /Applications/Xcode.app/Contents/Developer/Platforms/iPhoneSimulator.platform/Developer/SDKs/iPhoneSimulator27.0.sdk -O0 -Xlinker -no_warn_duplicate_libraries -L/Users/german/Work/JS/polski-grammar-srs/kotlin/iosApp/build/FinalVirtualIPadFix/Build/Intermediates.noindex/EagerLinkingTBDs/Debug-iphonesimulator -L/Users/german/Work/JS/polski-grammar-srs/kotlin/iosApp/build/FinalVirtualIPadFix/Build/Products/Debug-iphonesimulator -L/Applications/Xcode.app/Contents/Developer/Platforms/iPhoneSimulator.platform/Developer/usr/lib -F/Users/german/Work/JS/polski-grammar-srs/kotlin/iosApp/build/FinalVirtualIPadFix/Build/Intermediates.noindex/EagerLinkingTBDs/Debug-iphonesimulator -F/Users/german/Work/JS/polski-grammar-srs/kotlin/iosApp/build/FinalVirtualIPadFix/Build/Products/Debug-iphonesimulator -iframework /Applications/Xcode.app/Contents/Developer/Platforms/iPhoneSimulator.platform/Developer/Library/Frameworks -iframework /Applications/Xcode.app/Contents/Developer/Platforms/iPhoneSimulator.platform/Developer/SDKs/iPhoneSimulator27.0.sdk/Developer/Library/Frameworks -filelist /Users/german/Work/JS/polski-grammar-srs/kotlin/iosApp/build/FinalVirtualIPadFix/Build/Intermediates.noindex/PolskiGrammar.build/Debug-iphonesimulator/PolskiGrammarUITests.build/Objects-normal/arm64/PolskiGrammarUITests.LinkFileList -Xlinker -rpath -Xlinker /usr/lib/swift -Xlinker -rpath -Xlinker @loader_path/Frameworks -Xlinker -dead_strip -Xlinker -object_path_lto -Xlinker /Users/german/Work/JS/polski-grammar-srs/kotlin/iosApp/build/FinalVirtualIPadFix/Build/Intermediates.noindex/PolskiGrammar.build/Debug-iphonesimulator/PolskiGrammarUITests.build/Objects-normal/arm64/PolskiGrammarUITests_lto.o -rdynamic -Xlinker -no_deduplicate -Xlinker -objc_abi_version -Xlinker 2 -Xlinker -dependency_info -Xlinker /Users/german/Work/JS/polski-grammar-srs/kotlin/iosApp/build/FinalVirtualIPadFix/Build/Intermediates.noindex/PolskiGrammar.build/Debug-iphonesimulator/PolskiGrammarUITests.build/Objects-normal/arm64/PolskiGrammarUITests_dependency_info.dat -fobjc-link-runtime -L/Applications/Xcode.app/Contents/Developer/Toolchains/XcodeDefault.xctoolchain/usr/lib/swift/iphonesimulator -L/usr/lib/swift -Xlinker -add_ast_path -Xlinker /Users/german/Work/JS/polski-grammar-srs/kotlin/iosApp/build/FinalVirtualIPadFix/Build/Intermediates.noindex/PolskiGrammar.build/Debug-iphonesimulator/PolskiGrammarUITests.build/Objects-normal/arm64/PolskiGrammarUITests.swiftmodule -Xlinker -needed_framework -Xlinker XCTest -framework XCTest -Xlinker -needed-lXCTestSwiftSupport -lXCTestSwiftSupport -framework Foundation -o /Users/german/Work/JS/polski-grammar-srs/kotlin/iosApp/build/FinalVirtualIPadFix/Build/Products/Debug-iphonesimulator/PolskiGrammarUITests-Runner.app/PlugIns/PolskiGrammarUITests.xctest/PolskiGrammarUITests

CopySwiftLibs /Users/german/Work/JS/polski-grammar-srs/kotlin/iosApp/build/FinalVirtualIPadFix/Build/Products/Debug-iphonesimulator/PolskiGrammarUITests-Runner.app/PlugIns/PolskiGrammarUITests.xctest (in target 'PolskiGrammarUITests' from project 'PolskiGrammar')
    cd /Users/german/Work/JS/polski-grammar-srs/kotlin/iosApp
    builtin-swiftStdLibTool --copy --verbose --scan-executable /Users/german/Work/JS/polski-grammar-srs/kotlin/iosApp/build/FinalVirtualIPadFix/Build/Products/Debug-iphonesimulator/PolskiGrammarUITests-Runner.app/PlugIns/PolskiGrammarUITests.xctest/PolskiGrammarUITests --scan-folder /Users/german/Work/JS/polski-grammar-srs/kotlin/iosApp/build/FinalVirtualIPadFix/Build/Products/Debug-iphonesimulator/PolskiGrammarUITests-Runner.app/PlugIns/PolskiGrammarUITests.xctest/Frameworks --scan-folder /Users/german/Work/JS/polski-grammar-srs/kotlin/iosApp/build/FinalVirtualIPadFix/Build/Products/Debug-iphonesimulator/PolskiGrammarUITests-Runner.app/PlugIns/PolskiGrammarUITests.xctest/PlugIns --scan-folder /Users/german/Work/JS/polski-grammar-srs/kotlin/iosApp/build/FinalVirtualIPadFix/Build/Products/Debug-iphonesimulator/PolskiGrammarUITests-Runner.app/PlugIns/PolskiGrammarUITests.xctest/SystemExtensions --scan-folder /Users/german/Work/JS/polski-grammar-srs/kotlin/iosApp/build/FinalVirtualIPadFix/Build/Products/Debug-iphonesimulator/PolskiGrammarUITests-Runner.app/PlugIns/PolskiGrammarUITests.xctest/Extensions --scan-folder /Applications/Xcode.app/Contents/Developer/Platforms/iPhoneOS.platform/Developer/SDKs/iPhoneOS18.0.sdk/System/Library/Frameworks/Foundation.framework --platform iphonesimulator --toolchain /Applications/Xcode.app/Contents/Developer/Toolchains/XcodeDefault.xctoolchain --destination /Users/german/Work/JS/polski-grammar-srs/kotlin/iosApp/build/FinalVirtualIPadFix/Build/Products/Debug-iphonesimulator/PolskiGrammarUITests-Runner.app/PlugIns/PolskiGrammarUITests.xctest/Frameworks --strip-bitcode --scan-executable /Applications/Xcode.app/Contents/Developer/Platforms/iPhoneSimulator.platform/Developer/usr/lib/libXCTestSwiftSupport.dylib --strip-bitcode-tool /Applications/Xcode.app/Contents/Developer/Toolchains/XcodeDefault.xctoolchain/usr/bin/bitcode_strip --emit-dependency-info /Users/german/Work/JS/polski-grammar-srs/kotlin/iosApp/build/FinalVirtualIPadFix/Build/Intermediates.noindex/PolskiGrammar.build/Debug-iphonesimulator/PolskiGrammarUITests.build/SwiftStdLibToolInputDependencies.dep --filter-for-swift-os
Ignoring --strip-bitcode because --sign was not passed

ExtractAppIntentsMetadata (in target 'PolskiGrammarUITests' from project 'PolskiGrammar')
    cd /Users/german/Work/JS/polski-grammar-srs/kotlin/iosApp
    /Applications/Xcode.app/Contents/Developer/Toolchains/XcodeDefault.xctoolchain/usr/bin/appintentsmetadataprocessor --toolchain-dir /Applications/Xcode.app/Contents/Developer/Toolchains/XcodeDefault.xctoolchain --module-name PolskiGrammarUITests --sdk-root /Applications/Xcode.app/Contents/Developer/Platforms/iPhoneSimulator.platform/Developer/SDKs/iPhoneSimulator27.0.sdk --xcode-version 27A266a --platform-family iOS --deployment-target 17.0 --bundle-identifier dev.polski.grammarmatrix.ios.uitests --output /Users/german/Work/JS/polski-grammar-srs/kotlin/iosApp/build/FinalVirtualIPadFix/Build/Products/Debug-iphonesimulator/PolskiGrammarUITests-Runner.app/PlugIns/PolskiGrammarUITests.xctest --target-triple arm64-apple-ios17.0-simulator --binary-file /Users/german/Work/JS/polski-grammar-srs/kotlin/iosApp/build/FinalVirtualIPadFix/Build/Products/Debug-iphonesimulator/PolskiGrammarUITests-Runner.app/PlugIns/PolskiGrammarUITests.xctest/PolskiGrammarUITests --dependency-file /Users/german/Work/JS/polski-grammar-srs/kotlin/iosApp/build/FinalVirtualIPadFix/Build/Intermediates.noindex/PolskiGrammar.build/Debug-iphonesimulator/PolskiGrammarUITests.build/Objects-normal/arm64/PolskiGrammarUITests_dependency_info.dat --stringsdata-file /Users/german/Work/JS/polski-grammar-srs/kotlin/iosApp/build/FinalVirtualIPadFix/Build/Intermediates.noindex/PolskiGrammar.build/Debug-iphonesimulator/PolskiGrammarUITests.build/Objects-normal/arm64/ExtractedAppShortcutsMetadata.stringsdata --source-file-list /Users/german/Work/JS/polski-grammar-srs/kotlin/iosApp/build/FinalVirtualIPadFix/Build/Intermediates.noindex/PolskiGrammar.build/Debug-iphonesimulator/PolskiGrammarUITests.build/Objects-normal/arm64/PolskiGrammarUITests.SwiftFileList --metadata-file-list /Users/german/Work/JS/polski-grammar-srs/kotlin/iosApp/build/FinalVirtualIPadFix/Build/Intermediates.noindex/PolskiGrammar.build/Debug-iphonesimulator/PolskiGrammarUITests.build/PolskiGrammarUITests.DependencyMetadataFileList --static-metadata-file-list /Users/german/Work/JS/polski-grammar-srs/kotlin/iosApp/build/FinalVirtualIPadFix/Build/Intermediates.noindex/PolskiGrammar.build/Debug-iphonesimulator/PolskiGrammarUITests.build/PolskiGrammarUITests.DependencyStaticMetadataFileList --swift-const-vals-list /Users/german/Work/JS/polski-grammar-srs/kotlin/iosApp/build/FinalVirtualIPadFix/Build/Intermediates.noindex/PolskiGrammar.build/Debug-iphonesimulator/PolskiGrammarUITests.build/Objects-normal/arm64/PolskiGrammarUITests.SwiftConstValuesFileList --compile-time-extraction --deployment-aware-processing --no-app-shortcuts-localization
2026-09-24 20:30:36.549 appintentsmetadataprocessor[25392:17805301] Starting appintentsmetadataprocessor export
2026-09-24 20:30:36.551 appintentsmetadataprocessor[25392:17805301] warning: Metadata extraction skipped, no AppIntents.framework dependency found

AppIntentsSSUTraining (in target 'PolskiGrammarUITests' from project 'PolskiGrammar')
    cd /Users/german/Work/JS/polski-grammar-srs/kotlin/iosApp
    /Applications/Xcode.app/Contents/Developer/Toolchains/XcodeDefault.xctoolchain/usr/bin/appintentsnltrainingprocessor --infoplist-path /Users/german/Work/JS/polski-grammar-srs/kotlin/iosApp/build/FinalVirtualIPadFix/Build/Products/Debug-iphonesimulator/PolskiGrammarUITests-Runner.app/PlugIns/PolskiGrammarUITests.xctest/Info.plist --temp-dir-path /Users/german/Work/JS/polski-grammar-srs/kotlin/iosApp/build/FinalVirtualIPadFix/Build/Intermediates.noindex/PolskiGrammar.build/Debug-iphonesimulator/PolskiGrammarUITests.build/ssu --bundle-id dev.polski.grammarmatrix.ios.uitests --product-path /Users/german/Work/JS/polski-grammar-srs/kotlin/iosApp/build/FinalVirtualIPadFix/Build/Products/Debug-iphonesimulator/PolskiGrammarUITests-Runner.app/PlugIns/PolskiGrammarUITests.xctest --extracted-metadata-path /Users/german/Work/JS/polski-grammar-srs/kotlin/iosApp/build/FinalVirtualIPadFix/Build/Products/Debug-iphonesimulator/PolskiGrammarUITests-Runner.app/PlugIns/PolskiGrammarUITests.xctest/Metadata.appintents --metadata-file-list /Users/german/Work/JS/polski-grammar-srs/kotlin/iosApp/build/FinalVirtualIPadFix/Build/Intermediates.noindex/PolskiGrammar.build/Debug-iphonesimulator/PolskiGrammarUITests.build/PolskiGrammarUITests.DependencyMetadataFileList --source-file /Users/german/Work/JS/polski-grammar-srs/kotlin/iosApp/build/FinalVirtualIPadFix/Build/Products/Debug-iphonesimulator/PolskiGrammarUITests-Runner.app/PlugIns/PolskiGrammarUITests.xctest/Info.plist --archive-ssu-assets
2026-09-24 20:30:36.570 appintentsnltrainingprocessor[25394:17805314] Parsing options for appintentsnltrainingprocessor
2026-09-24 20:30:36.571 appintentsnltrainingprocessor[25394:17805314] Starting AppIntents SSU YAML Generation
2026-09-24 20:30:36.571 appintentsnltrainingprocessor[25394:17805314] No AppShortcuts found - Skipping.

MkDir /Users/german/Work/JS/polski-grammar-srs/kotlin/iosApp/build/FinalVirtualIPadFix/Build/Products/Debug-iphonesimulator/PolskiGrammarUITests-Runner.app (in target 'PolskiGrammarUITests' from project 'PolskiGrammar')
    cd /Users/german/Work/JS/polski-grammar-srs/kotlin/iosApp
    /bin/mkdir -p /Users/german/Work/JS/polski-grammar-srs/kotlin/iosApp/build/FinalVirtualIPadFix/Build/Products/Debug-iphonesimulator/PolskiGrammarUITests-Runner.app

CopyAndPreserveArchs /Users/german/Work/JS/polski-grammar-srs/kotlin/iosApp/build/FinalVirtualIPadFix/Build/Products/Debug-iphonesimulator/PolskiGrammarUITests-Runner.app/PolskiGrammarUITests-Runner (in target 'PolskiGrammarUITests' from project 'PolskiGrammar')
    cd /Users/german/Work/JS/polski-grammar-srs/kotlin/iosApp
    /Applications/Xcode.app/Contents/Developer/Toolchains/XcodeDefault.xctoolchain/usr/bin/lipo /Applications/Xcode.app/Contents/Developer/Platforms/iPhoneSimulator.platform/Developer/Library/Xcode/Agents/XCTRunner.app/XCTRunner -output /Users/german/Work/JS/polski-grammar-srs/kotlin/iosApp/build/FinalVirtualIPadFix/Build/Products/Debug-iphonesimulator/PolskiGrammarUITests-Runner.app/PolskiGrammarUITests-Runner -extract arm64

CopyPlistFile /Users/german/Work/JS/polski-grammar-srs/kotlin/iosApp/build/FinalVirtualIPadFix/Build/Products/Debug-iphonesimulator/PolskiGrammarUITests-Runner.app/Info.plist /Applications/Xcode.app/Contents/Developer/Platforms/iPhoneSimulator.platform/Developer/Library/Xcode/Agents/XCTRunner.app/Info.plist (in target 'PolskiGrammarUITests' from project 'PolskiGrammar')
    cd /Users/german/Work/JS/polski-grammar-srs/kotlin/iosApp
    builtin-copyPlist --validate --convert xml1 --macro-expansion WRAPPEDPRODUCTNAME PolskiGrammarUITests-Runner --macro-expansion WRAPPEDPRODUCTBUNDLEIDENTIFIER dev.polski.grammarmatrix.ios.uitests.xctrunner --macro-expansion TESTPRODUCTNAME PolskiGrammarUITests --macro-expansion TESTPRODUCTBUNDLEIDENTIFIER dev.polski.grammarmatrix.ios.uitests --copy-value UIDeviceFamily /Users/german/Work/JS/polski-grammar-srs/kotlin/iosApp/build/FinalVirtualIPadFix/Build/Products/Debug-iphonesimulator/PolskiGrammarUITests-Runner.app/PlugIns/PolskiGrammarUITests.xctest/Info.plist --outdir /Users/german/Work/JS/polski-grammar-srs/kotlin/iosApp/build/FinalVirtualIPadFix/Build/Products/Debug-iphonesimulator/PolskiGrammarUITests-Runner.app -- /Applications/Xcode.app/Contents/Developer/Platforms/iPhoneSimulator.platform/Developer/Library/Xcode/Agents/XCTRunner.app/Info.plist

Copy /Users/german/Work/JS/polski-grammar-srs/kotlin/iosApp/build/FinalVirtualIPadFix/Build/Products/Debug-iphonesimulator/PolskiGrammarUITests-Runner.app/PkgInfo /Applications/Xcode.app/Contents/Developer/Platforms/iPhoneSimulator.platform/Developer/Library/Xcode/Agents/XCTRunner.app/PkgInfo (in target 'PolskiGrammarUITests' from project 'PolskiGrammar')
    cd /Users/german/Work/JS/polski-grammar-srs/kotlin/iosApp
    builtin-copy -exclude .DS_Store -exclude CVS -exclude .svn -exclude .git -exclude .hg -resolve-src-symlinks /Applications/Xcode.app/Contents/Developer/Platforms/iPhoneSimulator.platform/Developer/Library/Xcode/Agents/XCTRunner.app/PkgInfo /Users/german/Work/JS/polski-grammar-srs/kotlin/iosApp/build/FinalVirtualIPadFix/Build/Products/Debug-iphonesimulator/PolskiGrammarUITests-Runner.app

RegisterExecutionPolicyException /Users/german/Work/JS/polski-grammar-srs/kotlin/iosApp/build/FinalVirtualIPadFix/Build/Products/Debug-iphonesimulator/PolskiGrammarUITests-Runner.app/PlugIns/PolskiGrammarUITests.xctest (in target 'PolskiGrammarUITests' from project 'PolskiGrammar')
    cd /Users/german/Work/JS/polski-grammar-srs/kotlin/iosApp
    builtin-RegisterExecutionPolicyException /Users/german/Work/JS/polski-grammar-srs/kotlin/iosApp/build/FinalVirtualIPadFix/Build/Products/Debug-iphonesimulator/PolskiGrammarUITests-Runner.app/PlugIns/PolskiGrammarUITests.xctest

Touch /Users/german/Work/JS/polski-grammar-srs/kotlin/iosApp/build/FinalVirtualIPadFix/Build/Products/Debug-iphonesimulator/PolskiGrammarUITests-Runner.app/PlugIns/PolskiGrammarUITests.xctest (in target 'PolskiGrammarUITests' from project 'PolskiGrammar')
    cd /Users/german/Work/JS/polski-grammar-srs/kotlin/iosApp
    /usr/bin/touch -c /Users/german/Work/JS/polski-grammar-srs/kotlin/iosApp/build/FinalVirtualIPadFix/Build/Products/Debug-iphonesimulator/PolskiGrammarUITests-Runner.app/PlugIns/PolskiGrammarUITests.xctest

PruneExplicitPrecompiledModules /Users/german/Work/JS/polski-grammar-srs/kotlin/iosApp/build/FinalVirtualIPadFix/SDKExplicitPrecompiledModules

PruneExplicitPrecompiledModules /Users/german/Work/JS/polski-grammar-srs/kotlin/iosApp/build/FinalVirtualIPadFix/Build/Intermediates.noindex/ExplicitPrecompiledModules

PruneExplicitPrecompiledModules /Users/german/Work/JS/polski-grammar-srs/kotlin/iosApp/build/FinalVirtualIPadFix/Build/Intermediates.noindex/SwiftExplicitPrecompiledModules

note: Run script build phase 'Build Kotlin framework' will be run during every build because the option to run the script phase "Based on dependency analysis" is unchecked. (in target 'PolskiGrammar' from project 'PolskiGrammar')
2026-09-24 20:30:39.257573+0200 PolskiGrammarUITests-Runner[25448:17805862] [Default] Running tests...
2026-09-24 20:30:39.286968+0200 PolskiGrammarUITests-Runner[25448:17805862] [UIKit App Config] Update the Info.plist: Launch screens will soon be required.
    t =      nans Interface orientation changed to Portrait
Test Suite 'Selected tests' started at 2026-09-24 20:30:40.603.
Test Suite 'PolskiGrammarUITests.xctest' started at 2026-09-24 20:30:40.604.
Test Suite 'PolskiGrammarUITests' started at 2026-09-24 20:30:40.604.
Test Case '-[PolskiGrammarUITests.PolskiGrammarUITests testNativeVocabularyRevealAndBinaryRating]' started.
    t =     0.00s Start Test at 2026-09-24 20:30:40.605
    t =     0.05s Set Up
    t =     0.06s Open dev.polski.grammarmatrix.ios
    t =     0.06s     Launch dev.polski.grammarmatrix.ios
2026-09-24 20:30:41.005 xcodebuild[24485:17799767] [MT] IDELaunchParametersSnapshot: debugger version lookup failed for path '<nil>': noURL
2026-09-24 20:30:41.005 xcodebuild[24485:17799767] [MT] IDELaunchParametersSnapshot: no debugger version
    t =     2.86s         Setting up automation session
    t =     3.80s         Wait for dev.polski.grammarmatrix.ios to idle
    t =     5.88s Tap "Слова" Button
    t =     5.88s     Wait for dev.polski.grammarmatrix.ios to idle
    t =     5.89s     Find the "Слова" Button
    t =     6.06s     Check for interrupting elements affecting "character.book.closed" Button
    t =     6.31s         Wait for com.apple.springboard to idle
    t =     6.37s Ignoring failure to get hierarchy for remote element in process 75831 (Error getting main window kAXErrorServerNotFound)
    t =     6.37s Ignoring failure to get hierarchy for remote element in process 75831 (Error getting main window kAXErrorServerNotFound)
    t =     6.38s     Synthesize event
    t =     6.76s     Wait for dev.polski.grammarmatrix.ios to idle
    t =     7.72s Checking existence of `"vocabularySelect-noun.wife" Button`
    t =     7.92s Find the "vocabularySelect-noun.wife" Button
    t =     8.08s Waiting 5.0s for "vocabularySelect-noun.wife" Button to exist
    t =     9.16s     Checking `Expect predicate `existsNoRetry == 1` for object "vocabularySelect-noun.wife" Button`
    t =     9.16s         Checking existence of `"vocabularySelect-noun.wife" Button`
    t =     9.24s Find the "vocabularySelect-noun.wife" Button
    t =     9.32s Find the "vocabularyReveal" Button
    t =     9.42s Waiting 5.0s for "vocabularyReveal" Button to exist
    t =    10.47s     Checking `Expect predicate `existsNoRetry == 1` for object "vocabularyReveal" Button`
    t =    10.47s         Checking existence of `"vocabularyReveal" Button`
    t =    10.56s Checking existence of `"vocabularyAgain" Button`
    t =    10.63s Tap "vocabularyReveal" Button
    t =    10.63s     Wait for dev.polski.grammarmatrix.ios to idle
    t =    10.63s     Find the "vocabularyReveal" Button
    t =    10.72s     Check for interrupting elements affecting "vocabularyReveal" Button
    t =    10.80s         Wait for com.apple.springboard to idle
    t =    10.83s Ignoring failure to get hierarchy for remote element in process 75831 (Error getting main window kAXErrorServerNotFound)
    t =    10.83s Ignoring failure to get hierarchy for remote element in process 75831 (Error getting main window kAXErrorServerNotFound)
    t =    10.84s     Synthesize event
    t =    11.16s     Wait for dev.polski.grammarmatrix.ios to idle
    t =    11.40s Find the "vocabularyAgain" Button
    t =    11.51s Find the "vocabularyAgain" Button
    t =    11.61s Find the "vocabularyGood" Button
    t =    11.71s Find the Target Application 'dev.polski.grammarmatrix.ios'
    t =    11.95s Added attachment named 'native-vocabulary-iphone'
    t =    11.96s Tap "vocabularyAgain" Button
    t =    11.96s     Wait for dev.polski.grammarmatrix.ios to idle
    t =    11.96s     Find the "vocabularyAgain" Button
    t =    12.04s     Check for interrupting elements affecting "vocabularyAgain" Button
    t =    12.12s         Wait for com.apple.springboard to idle
    t =    12.15s Ignoring failure to get hierarchy for remote element in process 75831 (Error getting main window kAXErrorServerNotFound)
    t =    12.15s Ignoring failure to get hierarchy for remote element in process 75831 (Error getting main window kAXErrorServerNotFound)
    t =    12.16s     Synthesize event
    t =    12.48s     Wait for dev.polski.grammarmatrix.ios to idle
    t =    12.48s Waiting 5.0s for "Мой словарь · 1" StaticText to exist
    t =    13.53s     Checking `Expect predicate `existsNoRetry == 1` for object "Мой словарь · 1" StaticText`
    t =    13.53s         Checking existence of `"Мой словарь · 1" StaticText`
    t =    13.62s Terminate dev.polski.grammarmatrix.ios:25752
    t =    14.70s Open dev.polski.grammarmatrix.ios
    t =    14.70s     Launch dev.polski.grammarmatrix.ios
2026-09-24 20:30:55.306 xcodebuild[24485:17799767] [MT] IDELaunchParametersSnapshot: debugger version lookup failed for path '<nil>': noURL
2026-09-24 20:30:55.306 xcodebuild[24485:17799767] [MT] IDELaunchParametersSnapshot: no debugger version
    t =    14.91s         Setting up automation session
    t =    15.89s         Wait for dev.polski.grammarmatrix.ios to idle
    t =    17.89s Tap "Слова" Button
    t =    17.89s     Wait for dev.polski.grammarmatrix.ios to idle
    t =    17.90s     Find the "Слова" Button
    t =    18.11s     Check for interrupting elements affecting "character.book.closed" Button
    t =    18.37s         Wait for com.apple.springboard to idle
    t =    18.41s Ignoring failure to get hierarchy for remote element in process 75831 (Error getting main window kAXErrorServerNotFound)
    t =    18.41s Ignoring failure to get hierarchy for remote element in process 75831 (Error getting main window kAXErrorServerNotFound)
    t =    18.42s     Synthesize event
    t =    18.74s     Wait for dev.polski.grammarmatrix.ios to idle
    t =    20.40s Waiting 10.0s for "Мой словарь · 1" StaticText to exist
    t =    21.45s     Checking `Expect predicate `existsNoRetry == 1` for object "Мой словарь · 1" StaticText`
    t =    21.45s         Checking existence of `"Мой словарь · 1" StaticText`
    t =    21.57s Tear Down
Test Case '-[PolskiGrammarUITests.PolskiGrammarUITests testNativeVocabularyRevealAndBinaryRating]' passed (21.984 seconds).
Test Case '-[PolskiGrammarUITests.PolskiGrammarUITests testTypedPolishAnswerUsesNativeInput]' started.
    t =     0.00s Start Test at 2026-09-24 20:31:02.589
    t =     0.04s Set Up
    t =     0.04s Open dev.polski.grammarmatrix.ios
    t =     0.05s     Launch dev.polski.grammarmatrix.ios
    t =     0.05s         Terminate dev.polski.grammarmatrix.ios:26525
2026-09-24 20:31:03.734 xcodebuild[24485:17799767] [MT] IDELaunchParametersSnapshot: debugger version lookup failed for path '<nil>': noURL
2026-09-24 20:31:03.734 xcodebuild[24485:17799767] [MT] IDELaunchParametersSnapshot: no debugger version
    t =     1.36s         Setting up automation session
    t =     2.36s         Wait for dev.polski.grammarmatrix.ios to idle
    t =     4.38s Tap "Прогресс" Button
    t =     4.38s     Wait for dev.polski.grammarmatrix.ios to idle
    t =     4.38s     Find the "Прогресс" Button
    t =     4.50s     Check for interrupting elements affecting "chart.bar" Button
    t =     4.69s         Wait for com.apple.springboard to idle
    t =     4.73s Ignoring failure to get hierarchy for remote element in process 75831 (Error getting main window kAXErrorServerNotFound)
    t =     4.73s Ignoring failure to get hierarchy for remote element in process 75831 (Error getting main window kAXErrorServerNotFound)
    t =     4.75s     Synthesize event
    t =     5.06s     Wait for dev.polski.grammarmatrix.ios to idle
    t =     6.62s Find the "Сбросить прогресс" Button
    t =     7.73s     Find the "Сбросить прогресс" Button (retry 1)
    t =     8.83s     Find the "Сбросить прогресс" Button (retry 2)
    t =     8.91s Swipe up Target Application 'dev.polski.grammarmatrix.ios'
    t =     8.91s     Wait for dev.polski.grammarmatrix.ios to idle
    t =     8.91s     Find the Target Application 'dev.polski.grammarmatrix.ios'
    t =     8.98s     Check for interrupting elements affecting "Polski Grammar Matrix" Application
    t =     9.05s         Wait for com.apple.springboard to idle
    t =     9.09s Ignoring failure to get hierarchy for remote element in process 75831 (Error getting main window kAXErrorServerNotFound)
    t =     9.09s Ignoring failure to get hierarchy for remote element in process 75831 (Error getting main window kAXErrorServerNotFound)
    t =     9.09s     Synthesize event
    t =     9.53s     Wait for dev.polski.grammarmatrix.ios to idle
    t =    11.66s Find the "Сбросить прогресс" Button
    t =    11.79s Waiting 5.0s for "Сбросить прогресс" Button to exist
    t =    12.82s     Checking `Expect predicate `existsNoRetry == 1` for object "Сбросить прогресс" Button`
    t =    12.82s         Checking existence of `"Сбросить прогресс" Button`
    t =    12.92s Tap "Сбросить прогресс" Button
    t =    12.92s     Wait for dev.polski.grammarmatrix.ios to idle
    t =    12.93s     Find the "Сбросить прогресс" Button
    t =    13.03s     Check for interrupting elements affecting "Сбросить прогресс" Button
    t =    13.12s         Wait for com.apple.springboard to idle
    t =    13.16s Ignoring failure to get hierarchy for remote element in process 75831 (Error getting main window kAXErrorServerNotFound)
    t =    13.16s Ignoring failure to get hierarchy for remote element in process 75831 (Error getting main window kAXErrorServerNotFound)
    t =    13.17s     Synthesize event
    t =    13.50s     Wait for dev.polski.grammarmatrix.ios to idle
    t =    13.87s Waiting 5.0s for "Сбросить весь прогресс?" Alert to exist
    t =    14.89s     Checking `Expect predicate `existsNoRetry == 1` for object "Сбросить весь прогресс?" Alert`
    t =    14.89s         Checking existence of `"Сбросить весь прогресс?" Alert`
    t =    15.00s Tap "Сбросить" Button
    t =    15.00s     Wait for dev.polski.grammarmatrix.ios to idle
    t =    15.01s     Find the "Сбросить" Button
    t =    15.13s     Check for interrupting elements affecting "Сбросить" Button
    t =    15.26s         Wait for com.apple.springboard to idle
    t =    16.81s Ignoring failure to get hierarchy for remote element in process 75831 (Error getting main window kAXErrorServerNotFound)
    t =    16.82s Ignoring failure to get hierarchy for remote element in process 75831 (Error getting main window kAXErrorServerNotFound)
    t =    16.82s     Synthesize event
    t =    17.13s     Wait for dev.polski.grammarmatrix.ios to idle
    t =    17.42s Waiting 2.0s for "Сообщение" Alert to exist
    t =    18.45s     Checking `Expect predicate `existsNoRetry == 1` for object "Сообщение" Alert`
    t =    18.45s         Checking existence of `"Сообщение" Alert`
    t =    18.60s         Capturing element debug description
    t =    19.42s     Checking `Expect predicate `existsNoRetry == 1` for object "Сообщение" Alert`
    t =    19.43s         Checking existence of `"Сообщение" Alert`
    t =    19.49s         Capturing element debug description
    t =    19.49s     Checking existence of `"Сообщение" Alert`
    t =    19.56s Collecting debug information to assist test failure triage
    t =    19.56s     Requesting snapshot of accessibility hierarchy for app with pid 27067
    t =    19.64s Tap "Тренировка" Button
    t =    19.64s     Wait for dev.polski.grammarmatrix.ios to idle
    t =    19.65s     Find the "Тренировка" Button
    t =    19.71s     Check for interrupting elements affecting "square.stack" Button
    t =    19.79s         Wait for com.apple.springboard to idle
    t =    19.83s Ignoring failure to get hierarchy for remote element in process 75831 (Error getting main window kAXErrorServerNotFound)
    t =    19.83s Ignoring failure to get hierarchy for remote element in process 75831 (Error getting main window kAXErrorServerNotFound)
    t =    19.84s     Synthesize event
    t =    20.18s     Wait for dev.polski.grammarmatrix.ios to idle
    t =    21.01s Waiting 20.0s for "To jest moja piękna żona." StaticText to exist
    t =    22.04s     Checking `Expect predicate `existsNoRetry == 1` for object "To jest moja piękna żona." StaticText`
    t =    22.04s         Checking existence of `"To jest moja piękna żona." StaticText`
    t =    22.12s Checking existence of `"Перейти к заданию" Button`
    t =    22.19s Find the "Перейти к заданию" Button
    t =    22.29s Checking existence of `"continueIntroduction" Button`
    t =    22.36s Tap "continueIntroduction" Button
    t =    22.36s     Wait for dev.polski.grammarmatrix.ios to idle
    t =    22.36s     Find the "continueIntroduction" Button
    t =    22.43s     Check for interrupting elements affecting "continueIntroduction" Button
    t =    22.51s         Wait for com.apple.springboard to idle
    t =    22.54s Ignoring failure to get hierarchy for remote element in process 75831 (Error getting main window kAXErrorServerNotFound)
    t =    22.55s Ignoring failure to get hierarchy for remote element in process 75831 (Error getting main window kAXErrorServerNotFound)
    t =    22.55s     Synthesize event
    t =    22.89s     Wait for dev.polski.grammarmatrix.ios to idle
    t =    22.90s Checking existence of `Button (First Match)`
    t =    23.28s Tap Button (First Match)
    t =    23.28s     Wait for dev.polski.grammarmatrix.ios to idle
    t =    23.29s     Find the Button (First Match)
    t =    23.64s     Check for interrupting elements affecting "Ответ, Вслух / про себя" Button
    t =    23.71s         Wait for com.apple.springboard to idle
    t =    23.75s Ignoring failure to get hierarchy for remote element in process 75831 (Error getting main window kAXErrorServerNotFound)
    t =    23.75s Ignoring failure to get hierarchy for remote element in process 75831 (Error getting main window kAXErrorServerNotFound)
    t =    23.76s     Synthesize event
    t =    24.09s     Wait for dev.polski.grammarmatrix.ios to idle
    t =    24.91s Tap "Напечатать" Button
    t =    24.91s     Wait for dev.polski.grammarmatrix.ios to idle
    t =    24.94s     Find the "Напечатать" Button
    t =    25.07s     Check for interrupting elements affecting "Напечатать" Button
    t =    25.16s         Wait for com.apple.springboard to idle
    t =    25.21s Ignoring failure to get hierarchy for remote element in process 75831 (Error getting main window kAXErrorServerNotFound)
    t =    25.21s Ignoring failure to get hierarchy for remote element in process 75831 (Error getting main window kAXErrorServerNotFound)
    t =    25.21s     Synthesize event
    t =    25.55s     Wait for dev.polski.grammarmatrix.ios to idle
    t =    26.36s Waiting 5.0s for "typedAnswer" Any to exist
    t =    27.37s     Checking `Expect predicate `existsNoRetry == 1` for object "typedAnswer" Any`
    t =    27.38s         Checking existence of `"typedAnswer" Any`
    t =    28.35s Tap "typedAnswer" Any
    t =    28.35s     Wait for dev.polski.grammarmatrix.ios to idle
    t =    28.36s     Find the "typedAnswer" Any
    t =    29.31s     Check for interrupting elements affecting "typedAnswer" TextField
    t =    29.39s         Wait for com.apple.springboard to idle
    t =    29.43s Ignoring failure to get hierarchy for remote element in process 75831 (Error getting main window kAXErrorServerNotFound)
    t =    29.43s Ignoring failure to get hierarchy for remote element in process 75831 (Error getting main window kAXErrorServerNotFound)
    t =    29.51s     Synthesize event
    t =    29.87s     Wait for dev.polski.grammarmatrix.ios to idle
    t =    30.30s Type 'Widzę moją piękną ...' into "typedAnswer" TextField
    t =    30.30s     Wait for dev.polski.grammarmatrix.ios to idle
    t =    30.31s     Find the "typedAnswer" TextField
    t =    32.09s     Check for interrupting elements affecting "typedAnswer" TextField
    t =    32.22s         Wait for com.apple.springboard to idle
    t =    32.27s Ignoring failure to get hierarchy for remote element in process 75831 (Error getting main window kAXErrorServerNotFound)
    t =    32.28s Ignoring failure to get hierarchy for remote element in process 75831 (Error getting main window kAXErrorServerNotFound)
    t =    32.39s     Synthesize event
    t =    33.00s     Wait for dev.polski.grammarmatrix.ios to idle
    t =    33.22s Find the "typedAnswer" TextField
    t =    35.38s Tap "revealAnswer" Button
    t =    35.38s     Wait for dev.polski.grammarmatrix.ios to idle
    t =    35.39s     Find the "revealAnswer" Button
    t =    35.53s     Check for interrupting elements affecting "revealAnswer" Button
    t =    35.62s         Wait for com.apple.springboard to idle
    t =    35.66s Ignoring failure to get hierarchy for remote element in process 75831 (Error getting main window kAXErrorServerNotFound)
    t =    35.66s Ignoring failure to get hierarchy for remote element in process 75831 (Error getting main window kAXErrorServerNotFound)
    t =    35.67s     Synthesize event
    t =    35.99s     Wait for dev.polski.grammarmatrix.ios to idle
    t =    36.00s Requesting snapshot of accessibility hierarchy for app with pid 27067
    t =    36.74s Requesting snapshot of accessibility hierarchy for app with pid 27067
TYPED_POST_REVEAL_HIERARCHY: Attributes: Application, 0x105d19da0, pid: 27067, label: 'Polski Grammar Matrix'
Element subtree:
 →Application, 0x105d19da0, pid: 27067, label: 'Polski Grammar Matrix'
    Window (Main), 0x105d1e660, {{0.0, 0.0}, {1032.0, 1376.0}}
      Other, 0x105d1ea20, {{0.0, 0.0}, {1032.0, 1376.0}}
        Other, 0x105d1eb40, {{0.0, 0.0}, {1032.0, 1376.0}}
          Other, 0x105d1e780, {{0.0, 0.0}, {1032.0, 1376.0}}
            Other, 0x105d1e8a0, {{0.0, 0.0}, {1032.0, 1376.0}}
              Other, 0x105d1f0e0, {{0.0, 0.0}, {1032.0, 1376.0}}
                Other, 0x105d1ec60, {{0.0, 0.0}, {1032.0, 1376.0}}
                  Other, 0x105d1ed80, {{0.0, 0.0}, {1032.0, 1376.0}}
                    Other, 0x105d1eea0, {{0.0, 32.0}, {1032.0, 44.0}}
                      Button, 0x105d1efc0, {{301.8, 36.0}, {130.0, 36.0}}, identifier: 'square.stack', label: 'Тренировка', Selected
                        Button, 0x105d1f200, {{301.8, 36.0}, {130.0, 36.0}}, identifier: 'square.stack', label: 'Тренировка', Selected
                      Button, 0x105d1f320, {{431.8, 36.0}, {105.0, 36.0}}, identifier: 'tablecells', label: 'Матрица'
                        Button, 0x105d1f440, {{431.8, 36.0}, {105.0, 36.0}}, identifier: 'tablecells', label: 'Матрица'
                      Button, 0x105d1f560, {{536.8, 36.0}, {111.5, 36.0}}, identifier: 'chart.bar', label: 'Прогресс'
                        Button, 0x105d1f680, {{536.8, 36.0}, {111.5, 36.0}}, identifier: 'chart.bar', label: 'Прогресс'
                      Button, 0x105d1f7a0, {{648.2, 36.0}, {82.0, 36.0}}, identifier: 'character.book.closed', label: 'Слова'
                        Button, 0x105d1f8c0, {{648.2, 36.0}, {82.0, 36.0}}, identifier: 'character.book.closed', label: 'Слова'
                  Other, 0x105d1f9e0, {{0.0, 0.0}, {1032.0, 1376.0}}
                    Other, 0x105d1fb00, {{0.0, 0.0}, {1032.0, 1376.0}}
                      Other, 0x105d1fc20, {{0.0, 0.0}, {1032.0, 1376.0}}
                        Other, 0x105d1fd40, {{0.0, 0.0}, {1032.0, 1376.0}}
                          Other, 0x105d1fe60, {{0.0, 0.0}, {1032.0, 1376.0}}
                            Other, 0x105d1ff80, {{0.0, 0.0}, {1032.0, 1376.0}}
                              NavigationBar, 0x105d200a0, {{0.0, 32.0}, {1032.0, 54.0}}, identifier: 'Тренировка'
                              Other, 0x105d201c0, {{0.0, 0.0}, {1032.0, 1376.0}}
                                Other, 0x105d202e0, {{0.0, 0.0}, {1032.0, 1376.0}}
                                  Other, 0x105d20400, {{0.0, 0.0}, {1032.0, 1376.0}}
                                    Other, 0x105d20520, {{0.0, 0.0}, {1032.0, 1376.0}}
                                      CollectionView, 0x105d20640, {{91.0, 0.0}, {850.0, 1376.0}}
                                        Other, 0x105d20760, {{71.0, -2666.0}, {890.0, 2939.5}}
                                        Other, 0x105d20880, {{91.0, 0.0}, {850.0, 1376.0}}
                                          Other, 0x105d209a0, {{91.0, 0.0}, {850.0, 140.8}}
                                        Other, 0x105d20ac0, {{91.0, 0.0}, {850.0, 1376.0}}
                                        Cell, 0x105d20be0, {{111.0, 121.0}, {810.0, 135.0}}
                                          Other, 0x105d20d00, {{111.0, 121.0}, {810.0, 135.0}}
                                            Other, 0x105d20e20, {{111.0, 121.0}, {810.0, 135.0}}
                                              Other, 0x105d20f40, {{111.0, 121.0}, {810.0, 135.0}}
                                          Other, 0x105d21060, {{111.0, 121.0}, {810.0, 135.0}}
                                            Other, 0x105d21180, {{111.0, 121.0}, {810.0, 135.0}}
                                              Other, 0x105d212a0, {{111.0, 121.0}, {810.0, 135.0}}
                                                Other, 0x105d213c0, {{111.0, 121.0}, {810.0, 135.0}}
                                                  Image, 0x105d214e0, {{133.0, 138.5}, {16.0, 16.0}}, identifier: 'sparkle', label: 'sparkle'
                                                  StaticText, 0x105d21600, {{133.0, 138.5}, {235.0, 16.0}}, label: 'POLSKI · GRAMMAR MATRIX'
                                                  StaticText, 0x105d21720, {{129.0, 163.5}, {320.5, 24.0}}, label: 'Говори целыми предложениями'
                                                  StaticText, 0x105d218c0, {{139.0, 207.5}, {22.0, 20.5}}, label: '16'
                                                  StaticText, 0x105d219e0, {{166.0, 212.0}, {83.5, 14.5}}, label: 'К повторению'
                                                  StaticText, 0x105d21b00, {{530.0, 207.5}, {11.0, 20.5}}, label: '0'
                                                  StaticText, 0x105d21c20, {{546.0, 212.0}, {49.5, 14.5}}, label: 'Сегодня'
                                        Other, 0x105d21d40, {{71.0, 273.5}, {890.0, 243.0}}
                                        Cell, 0x105d21e60, {{111.0, 291.0}, {810.0, 52.0}}
                                          Other, 0x105d21f80, {{111.0, 291.0}, {810.0, 52.0}}
                                            Other, 0x105d220a0, {{111.0, 291.0}, {810.0, 52.0}}
                                          Other, 0x105d221c0, {{111.0, 291.0}, {810.0, 52.0}}
                                            Other, 0x105d222e0, {{111.0, 291.0}, {810.0, 52.0}}
                                              Other, 0x105d22400, {{111.0, 291.0}, {810.0, 52.0}}
                                                Button, 0x105d22520, {{111.0, 291.0}, {810.0, 52.0}}, label: 'Режим: Цепочка предложений'
                                                  Button, 0x105d22640, {{131.0, 307.0}, {246.0, 20.5}}
                                                    StaticText, 0x105d22760, {{131.0, 306.8}, {246.0, 20.5}}, label: 'Режим: Цепочка предложений'
                                        Cell, 0x105d22880, {{111.0, 343.0}, {810.0, 52.0}}
                                          Other, 0x105d229a0, {{111.0, 343.0}, {810.0, 52.0}}
                                            Other, 0x105d22ac0, {{111.0, 343.0}, {810.0, 52.0}}
                                          Other, 0x105d22be0, {{111.0, 343.0}, {810.0, 52.0}}
                                            Other, 0x105d22d00, {{111.0, 343.0}, {810.0, 52.0}}
                                              Other, 0x105d22e20, {{111.0, 343.0}, {810.0, 52.0}}
                                                StaticText, 0x105d22f40, {{131.0, 358.8}, {93.0, 20.5}}, label: 'Набор слов'
                                                Button, 0x105d23060, {{131.0, 352.0}, {770.0, 34.5}}, label: 'Набор слов, żona'
                                                  StaticText, 0x105d23180, {{848.0, 359.0}, {37.0, 20.5}}, label: 'żona'
                                        Other, 0x105d232a0, {{131.0, 342.0}, {770.0, 1.0}}
                                        Cell, 0x105d233c0, {{111.0, 395.0}, {810.0, 52.0}}
                                          Other, 0x105d234e0, {{111.0, 395.0}, {810.0, 52.0}}
                                            Other, 0x105d23600, {{111.0, 395.0}, {810.0, 52.0}}
                                          Other, 0x105d23720, {{111.0, 395.0}, {810.0, 52.0}}
                                            Other, 0x105d23840, {{111.0, 395.0}, {810.0, 52.0}}
                                              Other, 0x105d23960, {{111.0, 395.0}, {810.0, 52.0}}
                                                StaticText, 0x105d23a80, {{111.0, 395.0}, {810.0, 52.0}}, label: '0 / 5 · Вижу → Прошлое → Отрицание → Владелец → Говорю о'
                                        Other, 0x105d23ba0, {{131.0, 394.0}, {770.0, 1.0}}
                                        Cell, 0x105d23cc0, {{111.0, 447.0}, {810.0, 52.0}}
                                          Other, 0x105d23de0, {{111.0, 447.0}, {810.0, 52.0}}
                                            Other, 0x105d23f00, {{111.0, 447.0}, {810.0, 52.0}}
                                          Other, 0x105d24020, {{111.0, 447.0}, {810.0, 52.0}}
                                            Other, 0x105d24140, {{111.0, 447.0}, {810.0, 52.0}}
                                              Other, 0x105d24260, {{111.0, 447.0}, {810.0, 52.0}}
                                                StaticText, 0x105d24380, {{131.0, 462.8}, {159.5, 20.5}}, label: 'Подача объяснений'
                                                Button, 0x105d244a0, {{131.0, 456.0}, {770.0, 34.5}}, label: 'Подача объяснений, Схемы и логика'
                                                  StaticText, 0x105d245c0, {{758.0, 463.0}, {127.0, 20.5}}, label: 'Схемы и логика'
                                        Other, 0x105a18e70, {{131.0, 446.0}, {770.0, 1.0}}
                                        Other, 0x105a191e0, {{71.0, 516.5}, {890.0, 527.5}}
                                        Cell, 0x105a19560, {{111.0, 516.5}, {810.0, 40.5}}
                                          Other, 0x105a19c20, {{111.0, 516.5}, {810.0, 40.5}}
                                          Other, 0x105a198b0, {{111.0, 516.5}, {810.0, 40.5}}
                                            Other, 0x105a18b00, {{111.0, 516.5}, {810.0, 40.5}}
                                              Other, 0x105a1bac0, {{111.0, 516.5}, {810.0, 40.5}}
                                                StaticText, 0x105a17df0, {{111.0, 516.5}, {810.0, 40.5}}, label: 'A1 · Biernik · żeński'
                                        Cell, 0x105a18160, {{111.0, 557.0}, {810.0, 52.0}}
                                          Other, 0x105a1a9c0, {{111.0, 557.0}, {810.0, 52.0}}
                                            Other, 0x105a1a670, {{111.0, 557.0}, {810.0, 52.0}}
                                          Other, 0x105a1a2f0, {{111.0, 557.0}, {810.0, 52.0}}
                                            Other, 0x105a1ad20, {{111.0, 557.0}, {810.0, 52.0}}
                                              Other, 0x105a1b0a0, {{111.0, 557.0}, {810.0, 52.0}}
                                                StaticText, 0x105a125c0, {{111.0, 557.0}, {810.0, 52.0}}, label: 'Исходное предложение'
                                        Cell, 0x105a1b400, {{111.0, 609.0}, {810.0, 56.5}}
                                          Other, 0x105a10960, {{111.0, 609.0}, {810.0, 56.5}}
                                            Other, 0x105a11ef0, {{111.0, 609.0}, {810.0, 56.5}}
                                          Other, 0x105a14d80, {{111.0, 609.0}, {810.0, 56.5}}
                                            Other, 0x105a11b80, {{111.0, 609.0}, {810.0, 56.5}}
                                              Other, 0x105a136f0, {{111.0, 609.0}, {810.0, 56.5}}
                                                StaticText, 0x105a15c10, {{111.0, 609.0}, {810.0, 56.5}}, label: 'To jest moja piękna żona.'
                                        Other, 0x105a133a0, {{131.0, 608.0}, {770.0, 1.0}}
                                        Cell, 0x105a146b0, {{111.0, 665.5}, {810.0, 52.0}}
                                          Other, 0x105a14a20, {{111.0, 665.5}, {810.0, 52.0}}
                                            Other, 0x105a12270, {{111.0, 665.5}, {810.0, 52.0}}
                                          Other, 0x105a12cb0, {{111.0, 665.5}, {810.0, 52.0}}
                                            Other, 0x105a162f0, {{111.0, 665.5}, {810.0, 52.0}}
                                              Other, 0x105a13020, {{111.0, 665.5}, {810.0, 52.0}}
                                                Image, 0x105a14340, {{133.0, 683.0}, {20.5, 17.5}}, identifier: 'arrow.turn.down.right', label: 'arrow.turn.down.right'
                                                StaticText, 0x105a150f0, {{111.0, 665.5}, {810.0, 52.0}}, label: 'Скажи, что видишь это. Начни с «Widzę…».'
                                        Other, 0x105a169d0, {{131.0, 664.5}, {770.0, 1.0}}
                                        Cell, 0x105a17080, {{111.0, 717.5}, {810.0, 52.0}}
                                          Other, 0x105a16d20, {{111.0, 717.5}, {810.0, 52.0}}
                                            Other, 0x105a17a90, {{111.0, 717.5}, {810.0, 52.0}}
                                          Other, 0x105a173d0, {{111.0, 717.5}, {810.0, 52.0}}
                                            Other, 0x105a17720, {{111.0, 717.5}, {810.0, 52.0}}
                                              Other, 0x105a1be10, {{111.0, 717.5}, {810.0, 52.0}}
                                                StaticText, 0x105a1c1a0, {{111.0, 717.5}, {810.0, 52.0}}, label: 'Сначала определи правило и форму.'
                                        Other, 0x105a1b760, {{171.0, 716.5}, {730.0, 1.0}}
                                        Cell, 0x105a1c860, {{111.0, 769.5}, {810.0, 52.0}}
                                          Other, 0x105a1c510, {{111.0, 769.5}, {810.0, 52.0}}
                                            Other, 0x105a1cbe0, {{111.0, 769.5}, {810.0, 52.0}}
                                          Other, 0x105a1cf30, {{111.0, 769.5}, {810.0, 52.0}}
                                            Other, 0x105a1d290, {{111.0, 769.5}, {810.0, 52.0}}
                                              Other, 0x105a1d5e0, {{111.0, 769.5}, {810.0, 52.0}}
                                                StaticText, 0x105a1d930, {{111.0, 769.5}, {810.0, 52.0}}, label: 'Определи признаки и преобразуй исходное предложение самостоятельно.'
                                        Other, 0x105a1dcc0, {{131.0, 768.5}, {770.0, 1.0}}
                                        Cell, 0x105a1e020, {{111.0, 821.5}, {810.0, 52.0}}
                                          Other, 0x105a1e370, {{111.0, 821.5}, {810.0, 52.0}}
                                            Other, 0x105a1e6f0, {{111.0, 821.5}, {810.0, 52.0}}
                                          Other, 0x105a1ea90, {{111.0, 821.5}, {810.0, 52.0}}
                                            Other, 0x105a1ee00, {{111.0, 821.5}, {810.0, 52.0}}
                                              Other, 0x105a1f160, {{111.0, 821.5}, {810.0, 52.0}}
                                                StaticText, 0x105a1f4c0, {{131.0, 837.2}, {47.0, 20.5}}, label: 'Ответ'
                                                Button, 0x105a1f830, {{131.0, 830.5}, {770.0, 34.5}}, label: 'Ответ, Напечатать'
                                                  StaticText, 0x105a1fb70, {{792.5, 837.5}, {92.5, 20.5}}, label: 'Напечатать'
                                        Other, 0x105a1fed0, {{131.0, 820.5}, {770.0, 1.0}}
                                        Cell, 0x105a20230, {{111.0, 873.5}, {810.0, 72.5}}
                                          Other, 0x105a205b0, {{111.0, 873.5}, {810.0, 72.5}}
                                            Other, 0x105a20930, {{111.0, 873.5}, {810.0, 72.5}}
                                          Other, 0x105a20ca0, {{111.0, 873.5}, {810.0, 72.5}}
                                            Other, 0x105a21020, {{111.0, 873.5}, {810.0, 72.5}}
                                              Other, 0x10591c260, {{111.0, 873.5}, {810.0, 72.5}}
                                                TextField, 0x1059178b0, {{131.0, 888.5}, {770.0, 42.5}}, identifier: 'typedAnswer', label: 'Ответ по-польски', value: Widzę moją piękną ..., Keyboard Focused, Focused
                                                  Other, 0x105917270, {{131.0, 888.5}, {0.0, 0.0}}, identifier: '_UITextSelectionRangeAdjustmentContainerView'
                                                    Other, 0x105917cf0, {{131.0, 888.5}, {0.0, 0.0}}, identifier: 'com.apple.text.grabber.leading'
                                                      Other, 0x105918970, {{123.8, 875.0}, {16.5, 16.5}}
                                                      Other, 0x105918a90, {{131.0, 888.5}, {2.0, 0.0}}
                                                    Other, 0x105918bb0, {{131.0, 888.5}, {0.0, 0.0}}, identifier: 'com.apple.text.grabber.leading'
                                                      Other, 0x105918cd0, {{123.8, 875.0}, {16.5, 16.5}}
                                                      Other, 0x105918df0, {{131.0, 888.5}, {2.0, 0.0}}
                                                  Other, 0x105918f10, {{131.0, 906.8}, {770.0, 21.2}}, label: 'Горизонтальная полоса прокрутки, 1 страница', value: 0 %
                                                    Other, 0x105919030, {{134.0, 925.0}, {764.0, 3.0}}
                                        Other, 0x105919150, {{131.0, 872.5}, {770.0, 1.0}}
                                        Cell, 0x1059193c0, {{111.0, 946.0}, {810.0, 80.5}}
                                          Other, 0x1059194e0, {{111.0, 946.0}, {810.0, 80.5}}
                                            Other, 0x105919a40, {{111.0, 946.0}, {810.0, 80.5}}
                                          Other, 0x105919b60, {{111.0, 946.0}, {810.0, 80.5}}
                                            Other, 0x105919c80, {{111.0, 946.0}, {810.0, 80.5}}
                                              Other, 0x105919da0, {{111.0, 946.0}, {810.0, 80.5}}
                                                Button, 0x105919ec0, {{111.0, 946.0}, {810.0, 80.5}}, identifier: 'revealAnswer', label: 'Проверить ответ'
                                        Other, 0x105919fe0, {{131.0, 945.0}, {770.0, 1.0}}
                                        Other, 0x10591a100, {{71.0, 1044.0}, {890.0, 2841.5}}
                                        Cell, 0x10591a220, {{111.0, 1061.5}, {810.0, 52.0}}
                                          Other, 0x10591a340, {{111.0, 1061.5}, {810.0, 52.0}}
                                            Other, 0x10591a460, {{111.0, 1061.5}, {810.0, 52.0}}
                                          Other, 0x10591fc30, {{111.0, 1061.5}, {810.0, 52.0}}
                                            Other, 0x10591fd50, {{111.0, 1061.5}, {810.0, 52.0}}
                                              Other, 0x10591fe70, {{111.0, 1061.5}, {810.0, 52.0}}
                                                Button, 0x10591ff90, {{111.0, 1061.5}, {810.0, 52.0}}, label: 'Таблица под рукой'
                                        Other, 0x1059200b0, {{908.0, 86.0}, {30.0, 887.0}}, label: 'Вертикальная полоса прокрутки, 2 страницы', value: 0 %
                                          Other, 0x1059201d0, {{935.0, 89.0}, {3.0, 789.0}}
                                        Other, 0x1059202f0, {{908.0, 86.0}, {30.0, 887.0}}, label: 'Вертикальная полоса прокрутки, 2 страницы', value: 0 %
                                          Other, 0x105920410, {{935.0, 89.0}, {3.0, 789.0}}
                              Other, 0x105920730, {{0.0, 0.0}, {1032.0, 1376.0}}
                                Other, 0x105920850, {{0.0, 0.0}, {1032.0, 1376.0}}
    Window, 0x105920970, {{0.0, 0.0}, {1032.0, 1376.0}}
      Other, 0x105920a90, {{0.0, 0.0}, {1032.0, 1376.0}}
        Other, 0x105920bb0, {{0.0, 0.0}, {1032.0, 1376.0}}
        Other, 0x105920cd0, {{0.0, 973.0}, {1032.0, 403.0}}
          Other, 0x105920df0, {{0.0, 973.0}, {1032.0, 403.0}}, identifier: 'inputView'
    Window, 0x105920f10, {{0.0, 0.0}, {1032.0, 1376.0}}
      Other, 0x105921030, {{0.0, 0.0}, {1032.0, 1376.0}}
        Other, 0x105921150, {{0.0, 973.0}, {1032.0, 403.0}}
          Other, 0x105921270, {{0.0, 973.0}, {1032.0, 55.0}}, identifier: 'inputAssistantView'
            Other, 0x105921390, {{0.0, 973.0}, {1032.0, 55.0}}
              Other, 0x1059214b0, {{0.0, 973.0}, {283.0, 49.0}}, identifier: 'LeftButtonBar'
                Other, 0x1059215d0, {{28.0, 973.0}, {255.0, 49.0}}
                  Other, 0x1059216f0, {{28.0, 974.0}, {22.0, 49.0}}
                    Other, 0x105921810, {{28.0, 974.0}, {22.0, 49.0}}
                      Button, 0x105921930, {{28.0, 974.0}, {22.0, 49.0}}, identifier: 'Клавиатура', label: 'Клавиатура'
              Other, 0x105921a50, {{283.0, 979.0}, {466.0, 49.0}}, identifier: 'CenterPageView'
                Other, 0x105921b70, {{283.0, 379.0}, {466.0, 1249.0}}
                  ScrollView, 0x105921c90, {{283.0, 979.0}, {466.0, 49.0}}
                Other, 0x105921db0, {{283.0, 979.0}, {466.0, 49.0}}
                  Other, 0x105921ed0, {{283.0, 979.0}, {466.0, 49.0}}, label: 'Варианты ввода'
                    Other, 0x105921ff0, {{283.0, 979.0}, {466.0, 49.0}}
                      Other, 0x105922110, {{283.0, 979.0}, {466.0, 49.0}}
                        Other, 0x105922230, {{283.0, 979.0}, {155.3, 49.0}}
                        Other, 0x105922350, {{438.3, 979.0}, {155.3, 49.0}}
                        Other, 0x105922470, {{593.7, 979.0}, {155.3, 49.0}}
              Other, 0x105922590, {{749.0, 973.0}, {283.0, 49.0}}, identifier: 'RightButtonBar'
                Other, 0x1059226b0, {{749.0, 973.0}, {255.0, 49.0}}
          Other, 0x1059227d0, {{0.0, 973.0}, {1032.0, 403.0}}
            Other, 0x1059228f0, {{0.0, 973.0}, {1032.0, 403.0}}
              Other, 0x105922a10, {{0.0, 973.0}, {1032.0, 403.0}}
          Other, 0x105922b30, {{0.0, 1028.0}, {1032.0, 345.0}}, identifier: 'inputView'
            Keyboard, 0x105922c50, {{0.0, 1028.0}, {1032.0, 345.0}}
              Other, 0x105922d70, {{0.0, 1028.0}, {1032.0, 345.0}}
                Other, 0x105922e90, {{0.0, 1028.0}, {1032.0, 345.0}}, identifier: 'UIKeyboardLayoutStar Preview'
                  Key, 0x105922fb0, {{0.0, 1028.0}, {0.0, 0.0}}, label: 'Padding-Left'
                  Key, 0x1059230d0, {{0.5, 1033.0}, {71.0, 52.5}}, label: '>'
                  Key, 0x1059231f0, {{71.5, 1033.0}, {71.0, 52.5}}, label: '1'
                  Key, 0x105923310, {{142.5, 1033.0}, {71.0, 52.5}}, label: '2'
                  Key, 0x105923430, {{213.5, 1033.0}, {71.0, 52.5}}, label: '3'
                  Key, 0x105923550, {{284.5, 1033.0}, {71.0, 52.5}}, label: '4'
                  Key, 0x105923670, {{355.5, 1033.0}, {71.0, 52.5}}, label: '5'
                  Key, 0x105923790, {{426.5, 1033.0}, {71.0, 52.5}}, label: '6'
                  Key, 0x1059238b0, {{497.5, 1033.0}, {71.0, 52.5}}, label: '7'
                  Key, 0x1059239d0, {{568.5, 1033.0}, {71.0, 52.5}}, label: '8'
                  Key, 0x105923af0, {{639.5, 1033.0}, {71.0, 52.5}}, label: '9'
                  Key, 0x105923c10, {{710.5, 1033.0}, {70.5, 52.5}}, label: '0'
                  Key, 0x105923d30, {{781.0, 1033.0}, {71.0, 52.5}}, label: '-'
                  Key, 0x105923e50, {{852.0, 1033.0}, {71.0, 52.5}}, label: '='
                  Key, 0x105923f70, {{923.0, 1033.0}, {109.5, 52.5}}, identifier: 'delete', label: 'Удалить'
                  Button, 0x105924090, {{0.5, 1085.5}, {109.5, 68.0}}, identifier: 'tab', label: 'Клавиша Tab'
                  Key, 0x1059241b0, {{110.0, 1085.5}, {71.0, 68.0}}, label: 'Й'
                  Key, 0x1059242d0, {{181.0, 1085.5}, {71.0, 68.0}}, label: 'Ц'
                  Key, 0x1059243f0, {{252.0, 1085.5}, {70.5, 68.0}}, label: 'У'
                  Key, 0x105924510, {{322.5, 1085.5}, {71.0, 68.0}}, label: 'К'
                  Key, 0x105924630, {{393.5, 1085.5}, {71.0, 68.0}}, label: 'Е'
                  Key, 0x105924750, {{464.5, 1085.5}, {71.0, 68.0}}, label: 'Н'
                  Key, 0x105924870, {{535.5, 1085.5}, {71.0, 68.0}}, label: 'Г'
                  Key, 0x105924990, {{606.5, 1085.5}, {71.0, 68.0}}, label: 'Ш'
                  Key, 0x105924ab0, {{677.5, 1085.5}, {71.0, 68.0}}, label: 'Щ'
                  Key, 0x105924bd0, {{748.5, 1085.5}, {71.0, 68.0}}, label: 'З'
                  Key, 0x105924cf0, {{819.5, 1085.5}, {71.0, 68.0}}, label: 'Х'
                  Key, 0x105924f60, {{890.5, 1085.5}, {71.0, 68.0}}, label: 'Ъ'
                  Key, 0x105925080, {{961.0, 1080.5}, {71.0, 136.0}}, label: '
'
                  Key, 0x1059251a0, {{0.5, 1153.5}, {125.5, 68.0}}, label: 'Переключиться с латинских клавиш'
                  Key, 0x1059252c0, {{126.0, 1153.5}, {71.0, 68.0}}, label: 'Ф'
                  Key, 0x1059253e0, {{197.0, 1153.5}, {71.0, 68.0}}, label: 'Ы'
                  Key, 0x105925500, {{268.0, 1153.5}, {71.0, 68.0}}, label: 'В'
                  Key, 0x105925620, {{339.0, 1153.5}, {71.0, 68.0}}, label: 'А'
                  Key, 0x105925740, {{410.0, 1153.5}, {71.0, 68.0}}, label: 'П'
                  Key, 0x105925860, {{481.0, 1153.5}, {71.0, 68.0}}, label: 'Р'
                  Key, 0x105925980, {{552.0, 1153.5}, {71.0, 68.0}}, label: 'О'
                  Key, 0x105925aa0, {{623.0, 1153.5}, {71.0, 68.0}}, label: 'Л'
                  Key, 0x105925bc0, {{694.0, 1153.5}, {71.0, 68.0}}, label: 'Д'
                  Key, 0x105925ce0, {{765.0, 1153.5}, {71.0, 68.0}}, label: 'Ж'
                  Key, 0x105925e00, {{836.0, 1153.5}, {71.0, 68.0}}, label: 'Э'
                  Key, 0x105925f20, {{907.0, 1153.5}, {71.0, 68.0}}, label: 'Ё'
                  Button, 0x105926040, {{961.0, 1080.5}, {71.0, 136.0}}, identifier: 'Return', label: 'Ввод'
                  Button, 0x105924e10, {{0.5, 1221.5}, {90.0, 68.5}}, identifier: 'shift', label: 'сдвиг', Selected
                  Key, 0x105926380, {{90.5, 1221.5}, {71.0, 68.5}}, label: ']'
                  Key, 0x1059264a0, {{161.5, 1221.5}, {71.0, 68.5}}, label: 'Я'
                  Key, 0x1059265c0, {{232.5, 1221.5}, {71.0, 68.5}}, label: 'Ч'
                  Key, 0x1059266e0, {{303.5, 1221.5}, {71.0, 68.5}}, label: 'С'
                  Key, 0x105926800, {{374.5, 1221.5}, {71.0, 68.5}}, label: 'М'
                  Key, 0x105926920, {{445.5, 1221.5}, {71.0, 68.5}}, label: 'И'
                  Key, 0x105926a40, {{516.5, 1221.5}, {71.0, 68.5}}, label: 'Т'
                  Key, 0x105926b60, {{587.5, 1221.5}, {71.0, 68.5}}, label: 'Ь'
                  Key, 0x105926c80, {{658.5, 1221.5}, {71.0, 68.5}}, label: 'Б'
                  Key, 0x105926da0, {{729.5, 1221.5}, {71.0, 68.5}}, label: 'Ю'
                  Key, 0x105926ec0, {{800.5, 1221.5}, {71.0, 68.5}}, label: '/'
                  Key, 0x105926fe0, {{871.5, 1221.5}, {161.0, 68.5}}, label: 'сдвиг', Selected
                  Button, 0x105927100, {{0.5, 1290.0}, {100.5, 68.0}}, identifier: 'emoji', label: 'Следующая клавиатура', value: English (US) & Pol...
                  Key, 0x105927220, {{101.0, 1290.0}, {100.5, 68.0}}, identifier: 'more', label: 'цифры'
                  Button, 0x105927340, {{201.5, 1290.0}, {101.0, 68.0}}, identifier: 'dictation', label: 'Диктовать'
                  Key, 0x105927460, {{302.5, 1290.0}, {426.5, 68.0}}, label: ' '
                  Key, 0x105927580, {{729.0, 1290.0}, {152.0, 68.0}}, identifier: 'more', label: 'цифры'
                  Button, 0x1059276a0, {{881.0, 1290.0}, {151.5, 68.0}}, label: 'Скрыть клавиатуру'
Path to element:
 →Application, 0x105d19da0, pid: 27067, label: 'Polski Grammar Matrix'
Query chain:
 →Find: Target Application 'dev.polski.grammarmatrix.ios'
  Output: {
    Application, 0x10620fe10, pid: 27067, label: 'Polski Grammar Matrix'
  }

    t =    36.90s Checking existence of `"Совпадает с правильным вариантом" StaticText`
    t =    37.09s Swipe up Target Application 'dev.polski.grammarmatrix.ios'
    t =    37.09s     Wait for dev.polski.grammarmatrix.ios to idle
    t =    37.10s     Find the Target Application 'dev.polski.grammarmatrix.ios'
    t =    37.23s     Check for interrupting elements affecting "Polski Grammar Matrix" Application
    t =    37.35s         Wait for com.apple.springboard to idle
    t =    37.42s Ignoring failure to get hierarchy for remote element in process 75831 (Error getting main window kAXErrorServerNotFound)
    t =    37.42s Ignoring failure to get hierarchy for remote element in process 75831 (Error getting main window kAXErrorServerNotFound)
    t =    37.42s     Synthesize event
    t =    37.88s     Wait for dev.polski.grammarmatrix.ios to idle
    t =    38.52s Checking existence of `"Совпадает с правильным вариантом" StaticText`
    t =    38.68s Swipe up Target Application 'dev.polski.grammarmatrix.ios'
    t =    38.68s     Wait for dev.polski.grammarmatrix.ios to idle
    t =    38.68s     Find the Target Application 'dev.polski.grammarmatrix.ios'
    t =    38.81s     Check for interrupting elements affecting "Polski Grammar Matrix" Application
    t =    38.91s         Wait for com.apple.springboard to idle
    t =    38.96s Ignoring failure to get hierarchy for remote element in process 75831 (Error getting main window kAXErrorServerNotFound)
    t =    38.96s Ignoring failure to get hierarchy for remote element in process 75831 (Error getting main window kAXErrorServerNotFound)
    t =    38.96s     Synthesize event
    t =    39.42s     Wait for dev.polski.grammarmatrix.ios to idle
    t =    40.33s Checking existence of `"Совпадает с правильным вариантом" StaticText`
    t =    40.50s Swipe up Target Application 'dev.polski.grammarmatrix.ios'
    t =    40.50s     Wait for dev.polski.grammarmatrix.ios to idle
    t =    40.50s     Find the Target Application 'dev.polski.grammarmatrix.ios'
    t =    40.60s     Check for interrupting elements affecting "Polski Grammar Matrix" Application
    t =    40.70s         Wait for com.apple.springboard to idle
    t =    40.75s Ignoring failure to get hierarchy for remote element in process 75831 (Error getting main window kAXErrorServerNotFound)
    t =    40.75s Ignoring failure to get hierarchy for remote element in process 75831 (Error getting main window kAXErrorServerNotFound)
    t =    40.76s     Synthesize event
    t =    41.20s     Wait for dev.polski.grammarmatrix.ios to idle
    t =    41.96s Checking existence of `"Совпадает с правильным вариантом" StaticText`
    t =    42.12s Swipe up Target Application 'dev.polski.grammarmatrix.ios'
    t =    42.12s     Wait for dev.polski.grammarmatrix.ios to idle
    t =    42.12s     Find the Target Application 'dev.polski.grammarmatrix.ios'
    t =    42.22s     Check for interrupting elements affecting "Polski Grammar Matrix" Application
    t =    42.33s         Wait for com.apple.springboard to idle
    t =    42.38s Ignoring failure to get hierarchy for remote element in process 75831 (Error getting main window kAXErrorServerNotFound)
    t =    42.38s Ignoring failure to get hierarchy for remote element in process 75831 (Error getting main window kAXErrorServerNotFound)
    t =    42.39s     Synthesize event
    t =    42.84s     Wait for dev.polski.grammarmatrix.ios to idle
    t =    43.70s Checking existence of `"Совпадает с правильным вариантом" StaticText`
    t =    43.84s Swipe up Target Application 'dev.polski.grammarmatrix.ios'
    t =    43.84s     Wait for dev.polski.grammarmatrix.ios to idle
    t =    43.85s     Find the Target Application 'dev.polski.grammarmatrix.ios'
    t =    43.97s     Check for interrupting elements affecting "Polski Grammar Matrix" Application
    t =    44.09s         Wait for com.apple.springboard to idle
    t =    44.14s Ignoring failure to get hierarchy for remote element in process 75831 (Error getting main window kAXErrorServerNotFound)
    t =    44.14s Ignoring failure to get hierarchy for remote element in process 75831 (Error getting main window kAXErrorServerNotFound)
    t =    44.14s     Synthesize event
    t =    44.60s     Wait for dev.polski.grammarmatrix.ios to idle
    t =    45.46s Waiting 5.0s for "Совпадает с правильным вариантом" StaticText to exist
    t =    46.50s     Checking `Expect predicate `existsNoRetry == 1` for object "Совпадает с правильным вариантом" StaticText`
    t =    46.50s         Checking existence of `"Совпадает с правильным вариантом" StaticText`
    t =    46.66s         Capturing element debug description
    t =    47.48s     Checking `Expect predicate `existsNoRetry == 1` for object "Совпадает с правильным вариантом" StaticText`
    t =    47.48s         Checking existence of `"Совпадает с правильным вариантом" StaticText`
    t =    47.62s         Capturing element debug description
    t =    48.55s     Checking `Expect predicate `existsNoRetry == 1` for object "Совпадает с правильным вариантом" StaticText`
    t =    48.55s         Checking existence of `"Совпадает с правильным вариантом" StaticText`
    t =    48.69s         Capturing element debug description
    t =    49.51s     Checking `Expect predicate `existsNoRetry == 1` for object "Совпадает с правильным вариантом" StaticText`
    t =    49.52s         Checking existence of `"Совпадает с правильным вариантом" StaticText`
    t =    49.64s         Capturing element debug description
    t =    50.46s     Checking `Expect predicate `existsNoRetry == 1` for object "Совпадает с правильным вариантом" StaticText`
    t =    50.46s         Checking existence of `"Совпадает с правильным вариантом" StaticText`
    t =    50.62s         Capturing element debug description
    t =    50.62s     Checking existence of `"Совпадает с правильным вариантом" StaticText`
    t =    50.76s Collecting debug information to assist test failure triage
    t =    50.76s     Requesting snapshot of accessibility hierarchy for app with pid 27067
/Users/german/Work/JS/polski-grammar-srs/kotlin/iosApp/PolskiGrammarUITests/PolskiGrammarUITests.swift:659: error: -[PolskiGrammarUITests.PolskiGrammarUITests testTypedPolishAnswerUsesNativeInput] : XCTAssertTrue failed
    t =    50.94s Tear Down
Test Case '-[PolskiGrammarUITests.PolskiGrammarUITests testTypedPolishAnswerUsesNativeInput]' failed (51.466 seconds).
Test Suite 'PolskiGrammarUITests' failed at 2026-09-24 20:31:54.056.
	 Executed 2 tests, with 1 failure (0 unexpected) in 73.450 (73.452) seconds
Test Suite 'PolskiGrammarUITests.xctest' failed at 2026-09-24 20:31:54.056.
	 Executed 2 tests, with 1 failure (0 unexpected) in 73.450 (73.452) seconds
Test Suite 'Selected tests' failed at 2026-09-24 20:31:54.056.
	 Executed 2 tests, with 1 failure (0 unexpected) in 73.450 (73.453) seconds
** BUILD INTERRUPTED **
