Command line invocation:
    /Applications/Xcode.app/Contents/Developer/usr/bin/xcodebuild test -project kotlin/iosApp/PolskiGrammar.xcodeproj -scheme PolskiGrammar -configuration Debug -destination "platform=iOS Simulator,id=502F57FE-944F-4C27-B74F-5EC34D1B995D" -derivedDataPath kotlin/iosApp/build/FinalVirtualFullFinal CODE_SIGNING_ALLOWED=NO -parallel-testing-enabled NO

Build settings from command line:
    CODE_SIGNING_ALLOWED = NO

ComputePackagePrebuildTargetDependencyGraph

Prepare packages

CreateBuildRequest

SendProjectDescription

CreateBuildOperation

ComputeTargetDependencyGraph
note: Building targets in dependency order
note: Target dependency graph (2 targets)
    Target 'PolskiGrammarUITests' in project 'PolskiGrammar'
        ➜ Explicit dependency on target 'PolskiGrammar' in project 'PolskiGrammar'
    Target 'PolskiGrammar' in project 'PolskiGrammar' (no dependencies)

GatherProvisioningInputs

CreateBuildDescription

ExecuteExternalTool /Applications/Xcode.app/Contents/Developer/Toolchains/XcodeDefault.xctoolchain/usr/bin/clang -v -E -dM -isysroot /Applications/Xcode.app/Contents/Developer/Platforms/iPhoneSimulator.platform/Developer/SDKs/iPhoneSimulator27.0.sdk -x c -c /dev/null

ExecuteExternalTool /Applications/Xcode.app/Contents/Developer/usr/bin/actool --print-asset-tag-combinations --output-format xml1 /Users/german/Work/JS/polski-grammar-srs/kotlin/iosApp/PolskiGrammar/Assets.xcassets

ExecuteExternalTool /Applications/Xcode.app/Contents/Developer/Toolchains/XcodeDefault.xctoolchain/usr/bin/swiftc --version

ExecuteExternalTool /Applications/Xcode.app/Contents/Developer/Toolchains/XcodeDefault.xctoolchain/usr/bin/ld -version_details

ExecuteExternalTool /Applications/Xcode.app/Contents/Developer/usr/bin/actool --version --output-format xml1

Build description signature: ea5ab3f233343267f7eb83a46ae137a8
Build description path: /Users/german/Work/JS/polski-grammar-srs/kotlin/iosApp/build/FinalVirtualFullFinal/Build/Intermediates.noindex/XCBuildData/ea5ab3f233343267f7eb83a46ae137a8.xcbuilddata
CreateBuildDirectory /Users/german/Work/JS/polski-grammar-srs/kotlin/iosApp/build/FinalVirtualFullFinal/SDKExplicitPrecompiledModules
    cd /Users/german/Work/JS/polski-grammar-srs/kotlin/iosApp/PolskiGrammar.xcodeproj
    builtin-create-build-directory /Users/german/Work/JS/polski-grammar-srs/kotlin/iosApp/build/FinalVirtualFullFinal/SDKExplicitPrecompiledModules

CreateBuildDirectory /Users/german/Work/JS/polski-grammar-srs/kotlin/iosApp/build/FinalVirtualFullFinal/ModuleCache.noindex
    cd /Users/german/Work/JS/polski-grammar-srs/kotlin/iosApp/PolskiGrammar.xcodeproj
    builtin-create-build-directory /Users/german/Work/JS/polski-grammar-srs/kotlin/iosApp/build/FinalVirtualFullFinal/ModuleCache.noindex

CreateBuildDirectory /Users/german/Work/JS/polski-grammar-srs/kotlin/iosApp/build/FinalVirtualFullFinal/CompilationCache.noindex
    cd /Users/german/Work/JS/polski-grammar-srs/kotlin/iosApp/PolskiGrammar.xcodeproj
    builtin-create-build-directory /Users/german/Work/JS/polski-grammar-srs/kotlin/iosApp/build/FinalVirtualFullFinal/CompilationCache.noindex

CreateBuildDirectory /Users/german/Work/JS/polski-grammar-srs/kotlin/iosApp/build/FinalVirtualFullFinal/Build/Intermediates.noindex
    cd /Users/german/Work/JS/polski-grammar-srs/kotlin/iosApp/PolskiGrammar.xcodeproj
    builtin-create-build-directory /Users/german/Work/JS/polski-grammar-srs/kotlin/iosApp/build/FinalVirtualFullFinal/Build/Intermediates.noindex

CreateBuildDirectory /Users/german/Work/JS/polski-grammar-srs/kotlin/iosApp/build/FinalVirtualFullFinal/Build/Products
    cd /Users/german/Work/JS/polski-grammar-srs/kotlin/iosApp/PolskiGrammar.xcodeproj
    builtin-create-build-directory /Users/german/Work/JS/polski-grammar-srs/kotlin/iosApp/build/FinalVirtualFullFinal/Build/Products

ClangStatCache /Applications/Xcode.app/Contents/Developer/Toolchains/XcodeDefault.xctoolchain/usr/bin/clang-stat-cache /Applications/Xcode.app/Contents/Developer/Platforms/iPhoneSimulator.platform/Developer/SDKs/iPhoneSimulator27.0.sdk /Users/german/Work/JS/polski-grammar-srs/kotlin/iosApp/build/FinalVirtualFullFinal/SDKStatCaches.noindex/iphonesimulator27.0-24A430-8dc58220667be655e1bcc261a7455254.sdkstatcache
    cd /Users/german/Work/JS/polski-grammar-srs/kotlin/iosApp/PolskiGrammar.xcodeproj
    /Applications/Xcode.app/Contents/Developer/Toolchains/XcodeDefault.xctoolchain/usr/bin/clang-stat-cache /Applications/Xcode.app/Contents/Developer/Platforms/iPhoneSimulator.platform/Developer/SDKs/iPhoneSimulator27.0.sdk -o /Users/german/Work/JS/polski-grammar-srs/kotlin/iosApp/build/FinalVirtualFullFinal/SDKStatCaches.noindex/iphonesimulator27.0-24A430-8dc58220667be655e1bcc261a7455254.sdkstatcache

CreateBuildDirectory /Users/german/Work/JS/polski-grammar-srs/kotlin/iosApp/build/FinalVirtualFullFinal/Build/Intermediates.noindex/SwiftExplicitPrecompiledModules
    cd /Users/german/Work/JS/polski-grammar-srs/kotlin/iosApp/PolskiGrammar.xcodeproj
    builtin-create-build-directory /Users/german/Work/JS/polski-grammar-srs/kotlin/iosApp/build/FinalVirtualFullFinal/Build/Intermediates.noindex/SwiftExplicitPrecompiledModules

CreateBuildDirectory /Users/german/Work/JS/polski-grammar-srs/kotlin/iosApp/build/FinalVirtualFullFinal/Build/Intermediates.noindex/PrecompiledHeaders
    cd /Users/german/Work/JS/polski-grammar-srs/kotlin/iosApp/PolskiGrammar.xcodeproj
    builtin-create-build-directory /Users/german/Work/JS/polski-grammar-srs/kotlin/iosApp/build/FinalVirtualFullFinal/Build/Intermediates.noindex/PrecompiledHeaders

CreateBuildDirectory /Users/german/Work/JS/polski-grammar-srs/kotlin/iosApp/build/FinalVirtualFullFinal/Build/Intermediates.noindex/ExplicitPrecompiledModules
    cd /Users/german/Work/JS/polski-grammar-srs/kotlin/iosApp/PolskiGrammar.xcodeproj
    builtin-create-build-directory /Users/german/Work/JS/polski-grammar-srs/kotlin/iosApp/build/FinalVirtualFullFinal/Build/Intermediates.noindex/ExplicitPrecompiledModules

CreateBuildDirectory /Users/german/Work/JS/polski-grammar-srs/kotlin/iosApp/build/FinalVirtualFullFinal/Build/Intermediates.noindex/EagerLinkingTBDs/Debug-iphonesimulator
    cd /Users/german/Work/JS/polski-grammar-srs/kotlin/iosApp/PolskiGrammar.xcodeproj
    builtin-create-build-directory /Users/german/Work/JS/polski-grammar-srs/kotlin/iosApp/build/FinalVirtualFullFinal/Build/Intermediates.noindex/EagerLinkingTBDs/Debug-iphonesimulator

WriteAuxiliaryFile /Users/german/Work/JS/polski-grammar-srs/kotlin/iosApp/build/FinalVirtualFullFinal/Build/Intermediates.noindex/PolskiGrammar.build/Debug-iphonesimulator/PolskiGrammar-23ee0051a95c59732cc842b37800d5f6-VFS-iphonesimulator/all-product-headers.yaml
    cd /Users/german/Work/JS/polski-grammar-srs/kotlin/iosApp/PolskiGrammar.xcodeproj
    write-file /Users/german/Work/JS/polski-grammar-srs/kotlin/iosApp/build/FinalVirtualFullFinal/Build/Intermediates.noindex/PolskiGrammar.build/Debug-iphonesimulator/PolskiGrammar-23ee0051a95c59732cc842b37800d5f6-VFS-iphonesimulator/all-product-headers.yaml

CreateBuildDirectory /Users/german/Work/JS/polski-grammar-srs/kotlin/iosApp/build/FinalVirtualFullFinal/Build/Products/Debug-iphonesimulator
    cd /Users/german/Work/JS/polski-grammar-srs/kotlin/iosApp/PolskiGrammar.xcodeproj
    builtin-create-build-directory /Users/german/Work/JS/polski-grammar-srs/kotlin/iosApp/build/FinalVirtualFullFinal/Build/Products/Debug-iphonesimulator

WriteAuxiliaryFile /Users/german/Work/JS/polski-grammar-srs/kotlin/iosApp/build/FinalVirtualFullFinal/Build/Intermediates.noindex/PolskiGrammar.build/Debug-iphonesimulator/PolskiGrammarUITests.build/empty-PolskiGrammarUITests.plist (in target 'PolskiGrammarUITests' from project 'PolskiGrammar')
    cd /Users/german/Work/JS/polski-grammar-srs/kotlin/iosApp
    write-file /Users/german/Work/JS/polski-grammar-srs/kotlin/iosApp/build/FinalVirtualFullFinal/Build/Intermediates.noindex/PolskiGrammar.build/Debug-iphonesimulator/PolskiGrammarUITests.build/empty-PolskiGrammarUITests.plist

WriteAuxiliaryFile /Users/german/Work/JS/polski-grammar-srs/kotlin/iosApp/build/FinalVirtualFullFinal/Build/Intermediates.noindex/PolskiGrammar.build/Debug-iphonesimulator/PolskiGrammarUITests.build/PolskiGrammarUITests.hmap (in target 'PolskiGrammarUITests' from project 'PolskiGrammar')
    cd /Users/german/Work/JS/polski-grammar-srs/kotlin/iosApp
    write-file /Users/german/Work/JS/polski-grammar-srs/kotlin/iosApp/build/FinalVirtualFullFinal/Build/Intermediates.noindex/PolskiGrammar.build/Debug-iphonesimulator/PolskiGrammarUITests.build/PolskiGrammarUITests.hmap

WriteAuxiliaryFile /Users/german/Work/JS/polski-grammar-srs/kotlin/iosApp/build/FinalVirtualFullFinal/Build/Intermediates.noindex/PolskiGrammar.build/Debug-iphonesimulator/PolskiGrammarUITests.build/PolskiGrammarUITests.DependencyMetadataFileList (in target 'PolskiGrammarUITests' from project 'PolskiGrammar')
    cd /Users/german/Work/JS/polski-grammar-srs/kotlin/iosApp
    write-file /Users/german/Work/JS/polski-grammar-srs/kotlin/iosApp/build/FinalVirtualFullFinal/Build/Intermediates.noindex/PolskiGrammar.build/Debug-iphonesimulator/PolskiGrammarUITests.build/PolskiGrammarUITests.DependencyMetadataFileList

WriteAuxiliaryFile /Users/german/Work/JS/polski-grammar-srs/kotlin/iosApp/build/FinalVirtualFullFinal/Build/Intermediates.noindex/PolskiGrammar.build/Debug-iphonesimulator/PolskiGrammarUITests.build/PolskiGrammarUITests-project-headers.hmap (in target 'PolskiGrammarUITests' from project 'PolskiGrammar')
    cd /Users/german/Work/JS/polski-grammar-srs/kotlin/iosApp
    write-file /Users/german/Work/JS/polski-grammar-srs/kotlin/iosApp/build/FinalVirtualFullFinal/Build/Intermediates.noindex/PolskiGrammar.build/Debug-iphonesimulator/PolskiGrammarUITests.build/PolskiGrammarUITests-project-headers.hmap

WriteAuxiliaryFile /Users/german/Work/JS/polski-grammar-srs/kotlin/iosApp/build/FinalVirtualFullFinal/Build/Intermediates.noindex/PolskiGrammar.build/Debug-iphonesimulator/PolskiGrammarUITests.build/PolskiGrammarUITests-own-target-headers.hmap (in target 'PolskiGrammarUITests' from project 'PolskiGrammar')
    cd /Users/german/Work/JS/polski-grammar-srs/kotlin/iosApp
    write-file /Users/german/Work/JS/polski-grammar-srs/kotlin/iosApp/build/FinalVirtualFullFinal/Build/Intermediates.noindex/PolskiGrammar.build/Debug-iphonesimulator/PolskiGrammarUITests.build/PolskiGrammarUITests-own-target-headers.hmap

WriteAuxiliaryFile /Users/german/Work/JS/polski-grammar-srs/kotlin/iosApp/build/FinalVirtualFullFinal/Build/Intermediates.noindex/PolskiGrammar.build/Debug-iphonesimulator/PolskiGrammarUITests.build/PolskiGrammarUITests.DependencyStaticMetadataFileList (in target 'PolskiGrammarUITests' from project 'PolskiGrammar')
    cd /Users/german/Work/JS/polski-grammar-srs/kotlin/iosApp
    write-file /Users/german/Work/JS/polski-grammar-srs/kotlin/iosApp/build/FinalVirtualFullFinal/Build/Intermediates.noindex/PolskiGrammar.build/Debug-iphonesimulator/PolskiGrammarUITests.build/PolskiGrammarUITests.DependencyStaticMetadataFileList

WriteAuxiliaryFile /Users/german/Work/JS/polski-grammar-srs/kotlin/iosApp/build/FinalVirtualFullFinal/Build/Intermediates.noindex/PolskiGrammar.build/Debug-iphonesimulator/PolskiGrammarUITests.build/PolskiGrammarUITests-all-target-headers.hmap (in target 'PolskiGrammarUITests' from project 'PolskiGrammar')
    cd /Users/german/Work/JS/polski-grammar-srs/kotlin/iosApp
    write-file /Users/german/Work/JS/polski-grammar-srs/kotlin/iosApp/build/FinalVirtualFullFinal/Build/Intermediates.noindex/PolskiGrammar.build/Debug-iphonesimulator/PolskiGrammarUITests.build/PolskiGrammarUITests-all-target-headers.hmap

WriteAuxiliaryFile /Users/german/Work/JS/polski-grammar-srs/kotlin/iosApp/build/FinalVirtualFullFinal/Build/Intermediates.noindex/PolskiGrammar.build/Debug-iphonesimulator/PolskiGrammarUITests.build/PolskiGrammarUITests-generated-files.hmap (in target 'PolskiGrammarUITests' from project 'PolskiGrammar')
    cd /Users/german/Work/JS/polski-grammar-srs/kotlin/iosApp
    write-file /Users/german/Work/JS/polski-grammar-srs/kotlin/iosApp/build/FinalVirtualFullFinal/Build/Intermediates.noindex/PolskiGrammar.build/Debug-iphonesimulator/PolskiGrammarUITests.build/PolskiGrammarUITests-generated-files.hmap

WriteAuxiliaryFile /Users/german/Work/JS/polski-grammar-srs/kotlin/iosApp/build/FinalVirtualFullFinal/Build/Intermediates.noindex/PolskiGrammar.build/Debug-iphonesimulator/PolskiGrammarUITests.build/ProductTypeInfoPlistAdditions.plist (in target 'PolskiGrammarUITests' from project 'PolskiGrammar')
    cd /Users/german/Work/JS/polski-grammar-srs/kotlin/iosApp
    write-file /Users/german/Work/JS/polski-grammar-srs/kotlin/iosApp/build/FinalVirtualFullFinal/Build/Intermediates.noindex/PolskiGrammar.build/Debug-iphonesimulator/PolskiGrammarUITests.build/ProductTypeInfoPlistAdditions.plist

WriteAuxiliaryFile /Users/german/Work/JS/polski-grammar-srs/kotlin/iosApp/build/FinalVirtualFullFinal/Build/Intermediates.noindex/PolskiGrammar.build/Debug-iphonesimulator/PolskiGrammarUITests.build/PolskiGrammarUITests-all-non-framework-target-headers.hmap (in target 'PolskiGrammarUITests' from project 'PolskiGrammar')
    cd /Users/german/Work/JS/polski-grammar-srs/kotlin/iosApp
    write-file /Users/german/Work/JS/polski-grammar-srs/kotlin/iosApp/build/FinalVirtualFullFinal/Build/Intermediates.noindex/PolskiGrammar.build/Debug-iphonesimulator/PolskiGrammarUITests.build/PolskiGrammarUITests-all-non-framework-target-headers.hmap

WriteAuxiliaryFile /Users/german/Work/JS/polski-grammar-srs/kotlin/iosApp/build/FinalVirtualFullFinal/Build/Intermediates.noindex/PolskiGrammar.build/Debug-iphonesimulator/PolskiGrammarUITests.build/Objects-normal/arm64/PolskiGrammarUITests_const_extract_protocols.json (in target 'PolskiGrammarUITests' from project 'PolskiGrammar')
    cd /Users/german/Work/JS/polski-grammar-srs/kotlin/iosApp
    write-file /Users/german/Work/JS/polski-grammar-srs/kotlin/iosApp/build/FinalVirtualFullFinal/Build/Intermediates.noindex/PolskiGrammar.build/Debug-iphonesimulator/PolskiGrammarUITests.build/Objects-normal/arm64/PolskiGrammarUITests_const_extract_protocols.json

WriteAuxiliaryFile /Users/german/Work/JS/polski-grammar-srs/kotlin/iosApp/build/FinalVirtualFullFinal/Build/Intermediates.noindex/PolskiGrammar.build/Debug-iphonesimulator/PolskiGrammarUITests.build/Objects-normal/arm64/PolskiGrammarUITests.SwiftFileList (in target 'PolskiGrammarUITests' from project 'PolskiGrammar')
    cd /Users/german/Work/JS/polski-grammar-srs/kotlin/iosApp
    write-file /Users/german/Work/JS/polski-grammar-srs/kotlin/iosApp/build/FinalVirtualFullFinal/Build/Intermediates.noindex/PolskiGrammar.build/Debug-iphonesimulator/PolskiGrammarUITests.build/Objects-normal/arm64/PolskiGrammarUITests.SwiftFileList

WriteAuxiliaryFile /Users/german/Work/JS/polski-grammar-srs/kotlin/iosApp/build/FinalVirtualFullFinal/Build/Intermediates.noindex/PolskiGrammar.build/Debug-iphonesimulator/PolskiGrammarUITests.build/Objects-normal/arm64/PolskiGrammarUITests.SwiftConstValuesFileList (in target 'PolskiGrammarUITests' from project 'PolskiGrammar')
    cd /Users/german/Work/JS/polski-grammar-srs/kotlin/iosApp
    write-file /Users/german/Work/JS/polski-grammar-srs/kotlin/iosApp/build/FinalVirtualFullFinal/Build/Intermediates.noindex/PolskiGrammar.build/Debug-iphonesimulator/PolskiGrammarUITests.build/Objects-normal/arm64/PolskiGrammarUITests.SwiftConstValuesFileList

WriteAuxiliaryFile /Users/german/Work/JS/polski-grammar-srs/kotlin/iosApp/build/FinalVirtualFullFinal/Build/Intermediates.noindex/PolskiGrammar.build/Debug-iphonesimulator/PolskiGrammarUITests.build/Objects-normal/arm64/PolskiGrammarUITests.LinkFileList (in target 'PolskiGrammarUITests' from project 'PolskiGrammar')
    cd /Users/german/Work/JS/polski-grammar-srs/kotlin/iosApp
    write-file /Users/german/Work/JS/polski-grammar-srs/kotlin/iosApp/build/FinalVirtualFullFinal/Build/Intermediates.noindex/PolskiGrammar.build/Debug-iphonesimulator/PolskiGrammarUITests.build/Objects-normal/arm64/PolskiGrammarUITests.LinkFileList

WriteAuxiliaryFile /Users/german/Work/JS/polski-grammar-srs/kotlin/iosApp/build/FinalVirtualFullFinal/Build/Intermediates.noindex/PolskiGrammar.build/Debug-iphonesimulator/PolskiGrammarUITests.build/Objects-normal/arm64/PolskiGrammarUITests-OutputFileMap.json (in target 'PolskiGrammarUITests' from project 'PolskiGrammar')
    cd /Users/german/Work/JS/polski-grammar-srs/kotlin/iosApp
    write-file /Users/german/Work/JS/polski-grammar-srs/kotlin/iosApp/build/FinalVirtualFullFinal/Build/Intermediates.noindex/PolskiGrammar.build/Debug-iphonesimulator/PolskiGrammarUITests.build/Objects-normal/arm64/PolskiGrammarUITests-OutputFileMap.json

WriteAuxiliaryFile /Users/german/Work/JS/polski-grammar-srs/kotlin/iosApp/build/FinalVirtualFullFinal/Build/Intermediates.noindex/PolskiGrammar.build/Debug-iphonesimulator/PolskiGrammar.build/Script-DF070EF247392F9D1B643D23.sh (in target 'PolskiGrammar' from project 'PolskiGrammar')
    cd /Users/german/Work/JS/polski-grammar-srs/kotlin/iosApp
    write-file /Users/german/Work/JS/polski-grammar-srs/kotlin/iosApp/build/FinalVirtualFullFinal/Build/Intermediates.noindex/PolskiGrammar.build/Debug-iphonesimulator/PolskiGrammar.build/Script-DF070EF247392F9D1B643D23.sh

WriteAuxiliaryFile /Users/german/Work/JS/polski-grammar-srs/kotlin/iosApp/build/FinalVirtualFullFinal/Build/Intermediates.noindex/PolskiGrammar.build/Debug-iphonesimulator/PolskiGrammar.build/empty-PolskiGrammar.plist (in target 'PolskiGrammar' from project 'PolskiGrammar')
    cd /Users/german/Work/JS/polski-grammar-srs/kotlin/iosApp
    write-file /Users/german/Work/JS/polski-grammar-srs/kotlin/iosApp/build/FinalVirtualFullFinal/Build/Intermediates.noindex/PolskiGrammar.build/Debug-iphonesimulator/PolskiGrammar.build/empty-PolskiGrammar.plist

WriteAuxiliaryFile /Users/german/Work/JS/polski-grammar-srs/kotlin/iosApp/build/FinalVirtualFullFinal/Build/Intermediates.noindex/PolskiGrammar.build/Debug-iphonesimulator/PolskiGrammar.build/PolskiGrammar.hmap (in target 'PolskiGrammar' from project 'PolskiGrammar')
    cd /Users/german/Work/JS/polski-grammar-srs/kotlin/iosApp
    write-file /Users/german/Work/JS/polski-grammar-srs/kotlin/iosApp/build/FinalVirtualFullFinal/Build/Intermediates.noindex/PolskiGrammar.build/Debug-iphonesimulator/PolskiGrammar.build/PolskiGrammar.hmap

WriteAuxiliaryFile /Users/german/Work/JS/polski-grammar-srs/kotlin/iosApp/build/FinalVirtualFullFinal/Build/Intermediates.noindex/PolskiGrammar.build/Debug-iphonesimulator/PolskiGrammar.build/PolskiGrammar.DependencyStaticMetadataFileList (in target 'PolskiGrammar' from project 'PolskiGrammar')
    cd /Users/german/Work/JS/polski-grammar-srs/kotlin/iosApp
    write-file /Users/german/Work/JS/polski-grammar-srs/kotlin/iosApp/build/FinalVirtualFullFinal/Build/Intermediates.noindex/PolskiGrammar.build/Debug-iphonesimulator/PolskiGrammar.build/PolskiGrammar.DependencyStaticMetadataFileList

WriteAuxiliaryFile /Users/german/Work/JS/polski-grammar-srs/kotlin/iosApp/build/FinalVirtualFullFinal/Build/Intermediates.noindex/PolskiGrammar.build/Debug-iphonesimulator/PolskiGrammar.build/PolskiGrammar.DependencyMetadataFileList (in target 'PolskiGrammar' from project 'PolskiGrammar')
    cd /Users/german/Work/JS/polski-grammar-srs/kotlin/iosApp
    write-file /Users/german/Work/JS/polski-grammar-srs/kotlin/iosApp/build/FinalVirtualFullFinal/Build/Intermediates.noindex/PolskiGrammar.build/Debug-iphonesimulator/PolskiGrammar.build/PolskiGrammar.DependencyMetadataFileList

WriteAuxiliaryFile /Users/german/Work/JS/polski-grammar-srs/kotlin/iosApp/build/FinalVirtualFullFinal/Build/Intermediates.noindex/PolskiGrammar.build/Debug-iphonesimulator/PolskiGrammar.build/PolskiGrammar-project-headers.hmap (in target 'PolskiGrammar' from project 'PolskiGrammar')
    cd /Users/german/Work/JS/polski-grammar-srs/kotlin/iosApp
    write-file /Users/german/Work/JS/polski-grammar-srs/kotlin/iosApp/build/FinalVirtualFullFinal/Build/Intermediates.noindex/PolskiGrammar.build/Debug-iphonesimulator/PolskiGrammar.build/PolskiGrammar-project-headers.hmap

WriteAuxiliaryFile /Users/german/Work/JS/polski-grammar-srs/kotlin/iosApp/build/FinalVirtualFullFinal/Build/Intermediates.noindex/PolskiGrammar.build/Debug-iphonesimulator/PolskiGrammar.build/PolskiGrammar-own-target-headers.hmap (in target 'PolskiGrammar' from project 'PolskiGrammar')
    cd /Users/german/Work/JS/polski-grammar-srs/kotlin/iosApp
    write-file /Users/german/Work/JS/polski-grammar-srs/kotlin/iosApp/build/FinalVirtualFullFinal/Build/Intermediates.noindex/PolskiGrammar.build/Debug-iphonesimulator/PolskiGrammar.build/PolskiGrammar-own-target-headers.hmap

WriteAuxiliaryFile /Users/german/Work/JS/polski-grammar-srs/kotlin/iosApp/build/FinalVirtualFullFinal/Build/Intermediates.noindex/PolskiGrammar.build/Debug-iphonesimulator/PolskiGrammar.build/PolskiGrammar-generated-files.hmap (in target 'PolskiGrammar' from project 'PolskiGrammar')
    cd /Users/german/Work/JS/polski-grammar-srs/kotlin/iosApp
    write-file /Users/german/Work/JS/polski-grammar-srs/kotlin/iosApp/build/FinalVirtualFullFinal/Build/Intermediates.noindex/PolskiGrammar.build/Debug-iphonesimulator/PolskiGrammar.build/PolskiGrammar-generated-files.hmap

WriteAuxiliaryFile /Users/german/Work/JS/polski-grammar-srs/kotlin/iosApp/build/FinalVirtualFullFinal/Build/Intermediates.noindex/PolskiGrammar.build/Debug-iphonesimulator/PolskiGrammar.build/PolskiGrammar-all-target-headers.hmap (in target 'PolskiGrammar' from project 'PolskiGrammar')
    cd /Users/german/Work/JS/polski-grammar-srs/kotlin/iosApp
    write-file /Users/german/Work/JS/polski-grammar-srs/kotlin/iosApp/build/FinalVirtualFullFinal/Build/Intermediates.noindex/PolskiGrammar.build/Debug-iphonesimulator/PolskiGrammar.build/PolskiGrammar-all-target-headers.hmap

WriteAuxiliaryFile /Users/german/Work/JS/polski-grammar-srs/kotlin/iosApp/build/FinalVirtualFullFinal/Build/Intermediates.noindex/PolskiGrammar.build/Debug-iphonesimulator/PolskiGrammar.build/PolskiGrammar-all-non-framework-target-headers.hmap (in target 'PolskiGrammar' from project 'PolskiGrammar')
    cd /Users/german/Work/JS/polski-grammar-srs/kotlin/iosApp
    write-file /Users/german/Work/JS/polski-grammar-srs/kotlin/iosApp/build/FinalVirtualFullFinal/Build/Intermediates.noindex/PolskiGrammar.build/Debug-iphonesimulator/PolskiGrammar.build/PolskiGrammar-all-non-framework-target-headers.hmap

WriteAuxiliaryFile /Users/german/Work/JS/polski-grammar-srs/kotlin/iosApp/build/FinalVirtualFullFinal/Build/Intermediates.noindex/PolskiGrammar.build/Debug-iphonesimulator/PolskiGrammar.build/PolskiGrammar-DebugDylibPath-normal-arm64.txt (in target 'PolskiGrammar' from project 'PolskiGrammar')
    cd /Users/german/Work/JS/polski-grammar-srs/kotlin/iosApp
    write-file /Users/german/Work/JS/polski-grammar-srs/kotlin/iosApp/build/FinalVirtualFullFinal/Build/Intermediates.noindex/PolskiGrammar.build/Debug-iphonesimulator/PolskiGrammar.build/PolskiGrammar-DebugDylibPath-normal-arm64.txt

WriteAuxiliaryFile /Users/german/Work/JS/polski-grammar-srs/kotlin/iosApp/build/FinalVirtualFullFinal/Build/Intermediates.noindex/PolskiGrammar.build/Debug-iphonesimulator/PolskiGrammar.build/PolskiGrammar-DebugDylibInstallName-normal-arm64.txt (in target 'PolskiGrammar' from project 'PolskiGrammar')
    cd /Users/german/Work/JS/polski-grammar-srs/kotlin/iosApp
    write-file /Users/german/Work/JS/polski-grammar-srs/kotlin/iosApp/build/FinalVirtualFullFinal/Build/Intermediates.noindex/PolskiGrammar.build/Debug-iphonesimulator/PolskiGrammar.build/PolskiGrammar-DebugDylibInstallName-normal-arm64.txt

WriteAuxiliaryFile /Users/german/Work/JS/polski-grammar-srs/kotlin/iosApp/build/FinalVirtualFullFinal/Build/Intermediates.noindex/PolskiGrammar.build/Debug-iphonesimulator/PolskiGrammar.build/Objects-normal/arm64/PolskiGrammar_const_extract_protocols.json (in target 'PolskiGrammar' from project 'PolskiGrammar')
    cd /Users/german/Work/JS/polski-grammar-srs/kotlin/iosApp
    write-file /Users/german/Work/JS/polski-grammar-srs/kotlin/iosApp/build/FinalVirtualFullFinal/Build/Intermediates.noindex/PolskiGrammar.build/Debug-iphonesimulator/PolskiGrammar.build/Objects-normal/arm64/PolskiGrammar_const_extract_protocols.json

WriteAuxiliaryFile /Users/german/Work/JS/polski-grammar-srs/kotlin/iosApp/build/FinalVirtualFullFinal/Build/Intermediates.noindex/PolskiGrammar.build/Debug-iphonesimulator/PolskiGrammar.build/Objects-normal/arm64/PolskiGrammar.SwiftFileList (in target 'PolskiGrammar' from project 'PolskiGrammar')
    cd /Users/german/Work/JS/polski-grammar-srs/kotlin/iosApp
    write-file /Users/german/Work/JS/polski-grammar-srs/kotlin/iosApp/build/FinalVirtualFullFinal/Build/Intermediates.noindex/PolskiGrammar.build/Debug-iphonesimulator/PolskiGrammar.build/Objects-normal/arm64/PolskiGrammar.SwiftFileList

WriteAuxiliaryFile /Users/german/Work/JS/polski-grammar-srs/kotlin/iosApp/build/FinalVirtualFullFinal/Build/Intermediates.noindex/PolskiGrammar.build/Debug-iphonesimulator/PolskiGrammar.build/Objects-normal/arm64/PolskiGrammar.SwiftConstValuesFileList (in target 'PolskiGrammar' from project 'PolskiGrammar')
    cd /Users/german/Work/JS/polski-grammar-srs/kotlin/iosApp
    write-file /Users/german/Work/JS/polski-grammar-srs/kotlin/iosApp/build/FinalVirtualFullFinal/Build/Intermediates.noindex/PolskiGrammar.build/Debug-iphonesimulator/PolskiGrammar.build/Objects-normal/arm64/PolskiGrammar.SwiftConstValuesFileList

WriteAuxiliaryFile /Users/german/Work/JS/polski-grammar-srs/kotlin/iosApp/build/FinalVirtualFullFinal/Build/Intermediates.noindex/PolskiGrammar.build/Debug-iphonesimulator/PolskiGrammar.build/Objects-normal/arm64/PolskiGrammar.LinkFileList (in target 'PolskiGrammar' from project 'PolskiGrammar')
    cd /Users/german/Work/JS/polski-grammar-srs/kotlin/iosApp
    write-file /Users/german/Work/JS/polski-grammar-srs/kotlin/iosApp/build/FinalVirtualFullFinal/Build/Intermediates.noindex/PolskiGrammar.build/Debug-iphonesimulator/PolskiGrammar.build/Objects-normal/arm64/PolskiGrammar.LinkFileList

WriteAuxiliaryFile /Users/german/Work/JS/polski-grammar-srs/kotlin/iosApp/build/FinalVirtualFullFinal/Build/Intermediates.noindex/PolskiGrammar.build/Debug-iphonesimulator/PolskiGrammar.build/Objects-normal/arm64/PolskiGrammar-OutputFileMap.json (in target 'PolskiGrammar' from project 'PolskiGrammar')
    cd /Users/german/Work/JS/polski-grammar-srs/kotlin/iosApp
    write-file /Users/german/Work/JS/polski-grammar-srs/kotlin/iosApp/build/FinalVirtualFullFinal/Build/Intermediates.noindex/PolskiGrammar.build/Debug-iphonesimulator/PolskiGrammar.build/Objects-normal/arm64/PolskiGrammar-OutputFileMap.json

MkDir /Users/german/Work/JS/polski-grammar-srs/kotlin/iosApp/build/FinalVirtualFullFinal/Build/Products/Debug-iphonesimulator/PolskiGrammarUITests-Runner.app/PlugIns/PolskiGrammarUITests.xctest (in target 'PolskiGrammarUITests' from project 'PolskiGrammar')
    cd /Users/german/Work/JS/polski-grammar-srs/kotlin/iosApp
    /bin/mkdir -p /Users/german/Work/JS/polski-grammar-srs/kotlin/iosApp/build/FinalVirtualFullFinal/Build/Products/Debug-iphonesimulator/PolskiGrammarUITests-Runner.app/PlugIns/PolskiGrammarUITests.xctest

MkDir /Users/german/Work/JS/polski-grammar-srs/kotlin/iosApp/build/FinalVirtualFullFinal/Build/Products/Debug-iphonesimulator/PolskiGrammar.app (in target 'PolskiGrammar' from project 'PolskiGrammar')
    cd /Users/german/Work/JS/polski-grammar-srs/kotlin/iosApp
    /bin/mkdir -p /Users/german/Work/JS/polski-grammar-srs/kotlin/iosApp/build/FinalVirtualFullFinal/Build/Products/Debug-iphonesimulator/PolskiGrammar.app

PhaseScriptExecution Build\ Kotlin\ framework /Users/german/Work/JS/polski-grammar-srs/kotlin/iosApp/build/FinalVirtualFullFinal/Build/Intermediates.noindex/PolskiGrammar.build/Debug-iphonesimulator/PolskiGrammar.build/Script-DF070EF247392F9D1B643D23.sh (in target 'PolskiGrammar' from project 'PolskiGrammar')
    cd /Users/german/Work/JS/polski-grammar-srs/kotlin/iosApp
    export ACTION\=build
    export AD_HOC_CODE_SIGNING_ALLOWED\=YES
    export AGGREGATE_TRACKED_DOMAINS\=YES
    export ALLOW_BUILD_REQUEST_OVERRIDES\=NO
    export ALLOW_TARGET_PLATFORM_SPECIALIZATION\=NO
    export ALTERNATE_GROUP\=staff
    export ALTERNATE_MODE\=u+w,go-w,a+rX
    export ALTERNATE_OWNER\=german
    export ALTERNATIVE_DISTRIBUTION_WEB\=NO
    export ALWAYS_EMBED_SWIFT_STANDARD_LIBRARIES\=NO
    export ALWAYS_SEARCH_USER_PATHS\=NO
    export ALWAYS_USE_SEPARATE_HEADERMAPS\=NO
    export APPLICATION_EXTENSION_API_ONLY\=NO
    export APPLY_RULES_IN_COPY_FILES\=NO
    export APPLY_RULES_IN_COPY_HEADERS\=NO
    export APP_SHORTCUTS_ENABLE_FLEXIBLE_MATCHING\=YES
    export ARCHS\=arm64
    export ARCHS_BASE\=arm64
    export ARCHS_STANDARD\=arm64\ x86_64
    export ARCHS_STANDARD_32_64_BIT\=arm64\ x86_64
    export ARCHS_STANDARD_64_BIT\=arm64\ x86_64
    export ARCHS_STANDARD_INCLUDING_64_BIT\=arm64\ x86_64
    export ARCHS_UNIVERSAL_IPHONE_OS\=arm64\ x86_64
    export ASSETCATALOG_COMPILER_APPICON_NAME\=AppIcon
    export ASSETCATALOG_COMPILER_GLOBAL_ACCENT_COLOR_NAME\=AccentColor
    export ASSETCATALOG_FILTER_FOR_DEVICE_MODEL\=iPhone18,1
    export ASSETCATALOG_FILTER_FOR_DEVICE_OS_VERSION\=26.1
    export ASSETCATALOG_FILTER_FOR_THINNING_DEVICE_CONFIGURATION\=iPhone18,1
    export AUTOMATICALLY_MERGE_DEPENDENCIES\=NO
    export AUTOMATION_APPLE_EVENTS\=NO
    export AVAILABLE_PLATFORMS\=android\ appletvos\ appletvsimulator\ driverkit\ freebsd\ iphoneos\ iphonesimulator\ linux\ macosx\ none\ openbsd\ qnx\ staticlinux\ watchos\ watchsimulator\ webassembly\ xros\ xrsimulator
    export BUILD_ACTIVE_RESOURCES_ONLY\=YES
    export BUILD_COMPONENTS\=headers\ build
    export BUILD_DIR\=/Users/german/Work/JS/polski-grammar-srs/kotlin/iosApp/build/FinalVirtualFullFinal/Build/Products
    export BUILD_LIBRARY_FOR_DISTRIBUTION\=NO
    export BUILD_ONLY_KNOWN_LOCALIZATIONS\=NO
    export BUILD_ROOT\=/Users/german/Work/JS/polski-grammar-srs/kotlin/iosApp/build/FinalVirtualFullFinal/Build/Products
    export BUILD_STYLE\=
    export BUILD_VARIANTS\=normal
    export BUILT_PRODUCTS_DIR\=/Users/german/Work/JS/polski-grammar-srs/kotlin/iosApp/build/FinalVirtualFullFinal/Build/Products/Debug-iphonesimulator
    export BUNDLE_CONTENTS_FOLDER_PATH_deep\=Contents/
    export BUNDLE_EXECUTABLE_FOLDER_NAME_deep\=MacOS
    export BUNDLE_EXTENSIONS_FOLDER_PATH\=Extensions
    export BUNDLE_FORMAT\=shallow
    export BUNDLE_FRAMEWORKS_FOLDER_PATH\=Frameworks
    export BUNDLE_PLUGINS_FOLDER_PATH\=PlugIns
    export BUNDLE_PRIVATE_HEADERS_FOLDER_PATH\=PrivateHeaders
    export BUNDLE_PUBLIC_HEADERS_FOLDER_PATH\=Headers
    export CACHE_ROOT\=/var/folders/w9/h4ncyn2j3z775qnrltrq35b40000gn/C/com.apple.DeveloperTools/27.0-27A266a/Xcode
    export CCHROOT\=/var/folders/w9/h4ncyn2j3z775qnrltrq35b40000gn/C/com.apple.DeveloperTools/27.0-27A266a/Xcode
    export CHMOD\=/bin/chmod
    export CHOWN\=chown
    export CLANG_ANALYZER_NONNULL\=YES
    export CLANG_ANALYZER_NUMBER_OBJECT_CONVERSION\=YES_AGGRESSIVE
    export CLANG_CACHE_FINE_GRAINED_OUTPUTS\=YES
    export CLANG_CXX_LANGUAGE_STANDARD\=gnu++14
    export CLANG_CXX_LIBRARY\=libc++
    export CLANG_ENABLE_EXPLICIT_MODULES\=YES
    export CLANG_ENABLE_MODULES\=YES
    export CLANG_ENABLE_OBJC_ARC\=YES
    export CLANG_ENABLE_OBJC_WEAK\=NO
    export CLANG_MODULES_BUILD_SESSION_FILE\=/Users/german/Work/JS/polski-grammar-srs/kotlin/iosApp/build/FinalVirtualFullFinal/ModuleCache.noindex/Session.modulevalidation
    export CLANG_WARN_BLOCK_CAPTURE_AUTORELEASING\=YES
    export CLANG_WARN_BOOL_CONVERSION\=YES
    export CLANG_WARN_COMMA\=YES
    export CLANG_WARN_CONSTANT_CONVERSION\=YES
    export CLANG_WARN_DEPRECATED_OBJC_IMPLEMENTATIONS\=YES
    export CLANG_WARN_DIRECT_OBJC_ISA_USAGE\=YES_ERROR
    export CLANG_WARN_DOCUMENTATION_COMMENTS\=YES
    export CLANG_WARN_EMPTY_BODY\=YES
    export CLANG_WARN_ENUM_CONVERSION\=YES
    export CLANG_WARN_INFINITE_RECURSION\=YES
    export CLANG_WARN_INT_CONVERSION\=YES
    export CLANG_WARN_NON_LITERAL_NULL_CONVERSION\=YES
    export CLANG_WARN_OBJC_IMPLICIT_RETAIN_SELF\=YES
    export CLANG_WARN_OBJC_LITERAL_CONVERSION\=YES
    export CLANG_WARN_OBJC_ROOT_CLASS\=YES_ERROR
    export CLANG_WARN_QUOTED_INCLUDE_IN_FRAMEWORK_HEADER\=YES
    export CLANG_WARN_RANGE_LOOP_ANALYSIS\=YES
    export CLANG_WARN_STRICT_PROTOTYPES\=YES
    export CLANG_WARN_SUSPICIOUS_MOVE\=YES
    export CLANG_WARN_UNGUARDED_AVAILABILITY\=YES_AGGRESSIVE
    export CLANG_WARN_UNREACHABLE_CODE\=YES
    export CLANG_WARN__DUPLICATE_METHOD_MATCH\=YES
    export CLASS_FILE_DIR\=/Users/german/Work/JS/polski-grammar-srs/kotlin/iosApp/build/FinalVirtualFullFinal/Build/Intermediates.noindex/PolskiGrammar.build/Debug-iphonesimulator/PolskiGrammar.build/JavaClasses
    export CLEAN_PRECOMPS\=YES
    export CLONE_HEADERS\=NO
    export CODESIGNING_FOLDER_PATH\=/Users/german/Work/JS/polski-grammar-srs/kotlin/iosApp/build/FinalVirtualFullFinal/Build/Products/Debug-iphonesimulator/PolskiGrammar.app
    export CODE_SIGNING_ALLOWED\=NO
    export CODE_SIGNING_REQUIRED\=YES
    export CODE_SIGN_CONTEXT_CLASS\=XCiPhoneSimulatorCodeSignContext
    export CODE_SIGN_IDENTITY\=-
    export CODE_SIGN_INJECT_BASE_ENTITLEMENTS\=YES
    export CODE_SIGN_STYLE\=Automatic
    export COLOR_DIAGNOSTICS\=NO
    export COMBINE_HIDPI_IMAGES\=NO
    export COMPILATION_CACHE_CAS_PATH\=/Users/german/Work/JS/polski-grammar-srs/kotlin/iosApp/build/FinalVirtualFullFinal/CompilationCache.noindex
    export COMPILATION_CACHE_KEEP_CAS_DIRECTORY\=YES
    export COMPILER_INDEX_STORE_ENABLE\=Default
    export COMPOSITE_SDK_DIRS\=/Users/german/Work/JS/polski-grammar-srs/kotlin/iosApp/build/FinalVirtualFullFinal/Build/Intermediates.noindex/CompositeSDKs
    export COMPRESS_PNG_FILES\=YES
    export CONFIGURATION\=Debug
    export CONFIGURATION_BUILD_DIR\=/Users/german/Work/JS/polski-grammar-srs/kotlin/iosApp/build/FinalVirtualFullFinal/Build/Products/Debug-iphonesimulator
    export CONFIGURATION_TEMP_DIR\=/Users/german/Work/JS/polski-grammar-srs/kotlin/iosApp/build/FinalVirtualFullFinal/Build/Intermediates.noindex/PolskiGrammar.build/Debug-iphonesimulator
    export CONTENTS_FOLDER_PATH\=PolskiGrammar.app
    export CONTENTS_FOLDER_PATH_SHALLOW_BUNDLE_NO\=PolskiGrammar.app/Contents
    export CONTENTS_FOLDER_PATH_SHALLOW_BUNDLE_YES\=PolskiGrammar.app
    export COPYING_PRESERVES_HFS_DATA\=NO
    export COPY_HEADERS_RUN_UNIFDEF\=NO
    export COPY_PHASE_STRIP\=NO
    export CORRESPONDING_DEVICE_PLATFORM_DIR\=/Applications/Xcode.app/Contents/Developer/Platforms/iPhoneOS.platform
    export CORRESPONDING_DEVICE_PLATFORM_NAME\=iphoneos
    export CORRESPONDING_DEVICE_SDK_DIR\=/Applications/Xcode.app/Contents/Developer/Platforms/iPhoneOS.platform/Developer/SDKs/iPhoneOS27.0.sdk
    export CORRESPONDING_DEVICE_SDK_NAME\=iphoneos27.0
    export CP\=/bin/cp
    export CREATE_INFOPLIST_SECTION_IN_BINARY\=NO
    export CURRENT_ARCH\=undefined_arch
    export CURRENT_VARIANT\=normal
    export DEAD_CODE_STRIPPING\=YES
    export DEBUGGING_SYMBOLS\=YES
    export DEBUG_INFORMATION_FORMAT\=dwarf
    export DEBUG_INFORMATION_VERSION\=compiler-default
    export DEFAULT_COMPILER\=com.apple.compilers.llvm.clang.1_0
    export DEFAULT_DEXT_INSTALL_PATH\=/System/Library/DriverExtensions
    export DEFAULT_KEXT_INSTALL_PATH\=/System/Library/Extensions
    export DEFINES_MODULE\=NO
    export DEPLOYMENT_LOCATION\=NO
    export DEPLOYMENT_POSTPROCESSING\=NO
    export DEPLOYMENT_TARGET_SETTING_NAME\=IPHONEOS_DEPLOYMENT_TARGET
    export DEPLOYMENT_TARGET_SUGGESTED_VALUES\=15.0\ 15.1\ 15.2\ 15.3\ 15.4\ 15.5\ 15.6\ 16.0\ 16.1\ 16.2\ 16.3\ 16.4\ 16.5\ 16.6\ 17.0\ 17.1\ 17.2\ 17.3\ 17.4\ 17.5\ 17.6\ 18.0\ 18.1\ 18.2\ 18.3\ 18.4\ 18.5\ 18.6\ 26.0\ 26.2\ 26.3\ 26.4\ 26.5\ 26.6\ 27.0
    export DERIVED_FILES_DIR\=/Users/german/Work/JS/polski-grammar-srs/kotlin/iosApp/build/FinalVirtualFullFinal/Build/Intermediates.noindex/PolskiGrammar.build/Debug-iphonesimulator/PolskiGrammar.build/DerivedSources
    export DERIVED_FILE_DIR\=/Users/german/Work/JS/polski-grammar-srs/kotlin/iosApp/build/FinalVirtualFullFinal/Build/Intermediates.noindex/PolskiGrammar.build/Debug-iphonesimulator/PolskiGrammar.build/DerivedSources
    export DERIVED_SOURCES_DIR\=/Users/german/Work/JS/polski-grammar-srs/kotlin/iosApp/build/FinalVirtualFullFinal/Build/Intermediates.noindex/PolskiGrammar.build/Debug-iphonesimulator/PolskiGrammar.build/DerivedSources
    export DEVELOPER_APPLICATIONS_DIR\=/Applications/Xcode.app/Contents/Developer/Applications
    export DEVELOPER_BIN_DIR\=/Applications/Xcode.app/Contents/Developer/usr/bin
    export DEVELOPER_DIR\=/Applications/Xcode.app/Contents/Developer
    export DEVELOPER_FRAMEWORKS_DIR\=/Applications/Xcode.app/Contents/Developer/Library/Frameworks
    export DEVELOPER_FRAMEWORKS_DIR_QUOTED\=/Applications/Xcode.app/Contents/Developer/Library/Frameworks
    export DEVELOPER_LIBRARY_DIR\=/Applications/Xcode.app/Contents/Developer/Library
    export DEVELOPER_SDK_DIR\=/Applications/Xcode.app/Contents/Developer/Platforms/MacOSX.platform/Developer/SDKs
    export DEVELOPER_TOOLS_DIR\=/Applications/Xcode.app/Contents/Developer/Tools
    export DEVELOPER_USR_DIR\=/Applications/Xcode.app/Contents/Developer/usr
    export DEVELOPMENT_LANGUAGE\=ru
    export DIAGNOSE_MISSING_TARGET_DEPENDENCIES\=YES
    export DIFF\=/usr/bin/diff
    export DOCUMENTATION_FOLDER_PATH\=PolskiGrammar.app/ru.lproj/Documentation
    export DONT_GENERATE_INFOPLIST_FILE\=NO
    export DSTROOT\=/tmp/PolskiGrammar.dst
    export DT_TOOLCHAIN_DIR\=/Applications/Xcode.app/Contents/Developer/Toolchains/XcodeDefault.xctoolchain
    export DWARF_DSYM_FILE_NAME\=PolskiGrammar.app.dSYM
    export DWARF_DSYM_FILE_SHOULD_ACCOMPANY_PRODUCT\=NO
    export DWARF_DSYM_FOLDER_PATH\=/Users/german/Work/JS/polski-grammar-srs/kotlin/iosApp/build/FinalVirtualFullFinal/Build/Products/Debug-iphonesimulator
    export DYNAMIC_LIBRARY_EXTENSION\=dylib
    export EAGER_COMPILATION_ALLOW_SCRIPTS\=NO
    export EAGER_LINKING\=NO
    export EFFECTIVE_PLATFORM_NAME\=-iphonesimulator
    export EFFECTIVE_SWIFT_VERSION\=5
    export EMBEDDED_CONTENT_CONTAINS_SWIFT\=NO
    export EMBED_ASSET_PACKS_IN_PRODUCT_BUNDLE\=NO
    export ENABLE_APP_SANDBOX\=NO
    export ENABLE_CODE_COVERAGE\=YES
    export ENABLE_COHORT_ARCHS\=YES
    export ENABLE_CPLUSPLUS_BOUNDS_SAFE_BUFFERS\=NO
    export ENABLE_C_BOUNDS_SAFETY\=NO
    export ENABLE_DEBUG_DYLIB\=YES
    export ENABLE_DEFAULT_HEADER_SEARCH_PATHS\=YES
    export ENABLE_DEFAULT_SEARCH_PATHS\=YES
    export ENABLE_ENHANCED_SECURITY\=NO
    export ENABLE_HARDENED_RUNTIME\=NO
    export ENABLE_HARDWARE_CHECKED_POINTER_ARITHMETIC_SLICE\=NO
    export ENABLE_HEADER_DEPENDENCIES\=YES
    export ENABLE_INCOMING_NETWORK_CONNECTIONS\=NO
    export ENABLE_ON_DEMAND_RESOURCES\=YES
    export ENABLE_OUTGOING_NETWORK_CONNECTIONS\=NO
    export ENABLE_POINTER_AUTHENTICATION\=NO
    export ENABLE_PREVIEWS\=NO
    export ENABLE_RESOURCE_ACCESS_AUDIO_INPUT\=NO
    export ENABLE_RESOURCE_ACCESS_BLUETOOTH\=NO
    export ENABLE_RESOURCE_ACCESS_CALENDARS\=NO
    export ENABLE_RESOURCE_ACCESS_CAMERA\=NO
    export ENABLE_RESOURCE_ACCESS_CONTACTS\=NO
    export ENABLE_RESOURCE_ACCESS_LOCATION\=NO
    export ENABLE_RESOURCE_ACCESS_PHOTO_LIBRARY\=NO
    export ENABLE_RESOURCE_ACCESS_PRINTING\=NO
    export ENABLE_RESOURCE_ACCESS_USB\=NO
    export ENABLE_SDK_IMPORTS\=NO
    export ENABLE_SECURITY_COMPILER_WARNINGS\=NO
    export ENABLE_STRICT_OBJC_MSGSEND\=YES
    export ENABLE_TESTABILITY\=YES
    export ENABLE_TESTING_SEARCH_PATHS\=NO
    export ENABLE_USER_SCRIPT_SANDBOXING\=NO
    export ENABLE_XOJIT_PREVIEWS\=YES
    export ENFORCE_VALID_ARCHS\=YES
    export ENTITLEMENTS_ALLOWED\=NO
    export ENTITLEMENTS_DESTINATION\=__entitlements
    export ENTITLEMENTS_REQUIRED\=NO
    export EXCLUDED_INSTALLSRC_SUBDIRECTORY_PATTERNS\=.DS_Store\ .svn\ .git\ .hg\ CVS
    export EXCLUDED_RECURSIVE_SEARCH_PATH_SUBDIRECTORIES\=\*.nib\ \*.lproj\ \*.framework\ \*.gch\ \*.xcode\*\ \*.xcassets\ \*.icon\ \(\*\)\ .DS_Store\ CVS\ .svn\ .git\ .hg\ \*.pbproj\ \*.pbxproj
    export EXECUTABLES_FOLDER_PATH\=PolskiGrammar.app/Executables
    export EXECUTABLE_BLANK_INJECTION_DYLIB_PATH\=PolskiGrammar.app/__preview.dylib
    export EXECUTABLE_DEBUG_DYLIB_INSTALL_NAME\=@rpath/PolskiGrammar.debug.dylib
    export EXECUTABLE_DEBUG_DYLIB_PATH\=PolskiGrammar.app/PolskiGrammar.debug.dylib
    export EXECUTABLE_FOLDER_PATH\=PolskiGrammar.app
    export EXECUTABLE_FOLDER_PATH_SHALLOW_BUNDLE_NO\=PolskiGrammar.app/MacOS
    export EXECUTABLE_FOLDER_PATH_SHALLOW_BUNDLE_YES\=PolskiGrammar.app
    export EXECUTABLE_NAME\=PolskiGrammar
    export EXECUTABLE_PATH\=PolskiGrammar.app/PolskiGrammar
    export EXTENSIONS_FOLDER_PATH\=PolskiGrammar.app/Extensions
    export FILE_LIST\=/Users/german/Work/JS/polski-grammar-srs/kotlin/iosApp/build/FinalVirtualFullFinal/Build/Intermediates.noindex/PolskiGrammar.build/Debug-iphonesimulator/PolskiGrammar.build/Objects/LinkFileList
    export FIXED_FILES_DIR\=/Users/german/Work/JS/polski-grammar-srs/kotlin/iosApp/build/FinalVirtualFullFinal/Build/Intermediates.noindex/PolskiGrammar.build/Debug-iphonesimulator/PolskiGrammar.build/FixedFiles
    export FRAMEWORKS_FOLDER_PATH\=PolskiGrammar.app/Frameworks
    export FRAMEWORK_FLAG_PREFIX\=-framework
    export FRAMEWORK_SEARCH_PATHS\=/Users/german/Work/JS/polski-grammar-srs/kotlin/iosApp/build/FinalVirtualFullFinal/Build/Products/Debug-iphonesimulator\ \ /Users/german/Work/JS/polski-grammar-srs/kotlin/iosApp/build/FinalVirtualFullFinal/Build/Products/Debug-iphonesimulator
    export FRAMEWORK_VERSION\=A
    export FULL_PRODUCT_NAME\=PolskiGrammar.app
    export FUSE_BUILD_PHASES\=YES
    export FUSE_BUILD_SCRIPT_PHASES\=NO
    export GCC3_VERSION\=3.3
    export GCC_C_LANGUAGE_STANDARD\=gnu11
    export GCC_DYNAMIC_NO_PIC\=NO
    export GCC_INLINES_ARE_PRIVATE_EXTERN\=YES
    export GCC_NO_COMMON_BLOCKS\=YES
    export GCC_OBJC_LEGACY_DISPATCH\=YES
    export GCC_OPTIMIZATION_LEVEL\=0
    export GCC_PFE_FILE_C_DIALECTS\=c\ objective-c\ c++\ objective-c++
    export GCC_PREPROCESSOR_DEFINITIONS\=DEBUG\=1\ 
    export GCC_SYMBOLS_PRIVATE_EXTERN\=NO
    export GCC_TREAT_WARNINGS_AS_ERRORS\=NO
    export GCC_VERSION\=com.apple.compilers.llvm.clang.1_0
    export GCC_VERSION_IDENTIFIER\=com_apple_compilers_llvm_clang_1_0
    export GCC_WARN_64_TO_32_BIT_CONVERSION\=YES
    export GCC_WARN_ABOUT_RETURN_TYPE\=YES_ERROR
    export GCC_WARN_UNDECLARED_SELECTOR\=YES
    export GCC_WARN_UNINITIALIZED_AUTOS\=YES_AGGRESSIVE
    export GCC_WARN_UNUSED_FUNCTION\=YES
    export GCC_WARN_UNUSED_VARIABLE\=YES
    export GENERATED_MODULEMAP_DIR\=/Users/german/Work/JS/polski-grammar-srs/kotlin/iosApp/build/FinalVirtualFullFinal/Build/Intermediates.noindex/GeneratedModuleMaps-iphonesimulator
    export GENERATE_INFOPLIST_FILE\=YES
    export GENERATE_INTERMEDIATE_TEXT_BASED_STUBS\=YES
    export GENERATE_PKGINFO_FILE\=YES
    export GENERATE_PRELINK_OBJECT_FILE\=NO
    export GENERATE_PROFILING_CODE\=NO
    export GENERATE_TEXT_BASED_STUBS\=NO
    export GID\=20
    export GROUP\=staff
    export HEADERMAP_INCLUDES_FLAT_ENTRIES_FOR_TARGET_BEING_BUILT\=YES
    export HEADERMAP_INCLUDES_FRAMEWORK_ENTRIES_FOR_ALL_PRODUCT_TYPES\=YES
    export HEADERMAP_INCLUDES_FRAMEWORK_ENTRIES_FOR_TARGETS_NOT_BEING_BUILT\=YES
    export HEADERMAP_INCLUDES_NONPUBLIC_NONPRIVATE_HEADERS\=YES
    export HEADERMAP_INCLUDES_PROJECT_HEADERS\=YES
    export HEADERMAP_USES_FRAMEWORK_PREFIX_ENTRIES\=YES
    export HEADERMAP_USES_VFS\=NO
    export HEADER_SEARCH_PATHS\=/Users/german/Work/JS/polski-grammar-srs/kotlin/iosApp/build/FinalVirtualFullFinal/Build/Products/Debug-iphonesimulator/include\ 
    export HOME\=/Users/german
    export HOST_ARCH\=arm64
    export HOST_PLATFORM\=macosx
    export ICONV\=/usr/bin/iconv
    export IMPLICIT_DEPENDENCY_DOMAIN\=default
    export INDEX_ENABLE_OPTIMIZATION_LEVEL_OVERRIDE\=YES
    export INDEX_STORE_COMPRESS\=NO
    export INDEX_STORE_ONLY_PROJECT_FILES\=NO
    export INFOPLIST_ENABLE_CFBUNDLEICONS_MERGE\=YES
    export INFOPLIST_EXPAND_BUILD_SETTINGS\=YES
    export INFOPLIST_KEY_CFBundleDisplayName\=Polski\ Grammar\ Matrix
    export INFOPLIST_KEY_UIApplicationSceneManifest_Generation\=YES
    export INFOPLIST_KEY_UILaunchScreen_Generation\=YES
    export INFOPLIST_KEY_UISupportedInterfaceOrientations\=UIInterfaceOrientationPortrait\ UIInterfaceOrientationPortraitUpsideDown\ UIInterfaceOrientationLandscapeLeft\ UIInterfaceOrientationLandscapeRight
    export INFOPLIST_OUTPUT_FORMAT\=binary
    export INFOPLIST_PATH\=PolskiGrammar.app/Info.plist
    export INFOPLIST_PREPROCESS\=NO
    export INFOSTRINGS_PATH\=PolskiGrammar.app/ru.lproj/InfoPlist.strings
    export INLINE_PRIVATE_FRAMEWORKS\=NO
    export INSTALLAPI_IGNORE_SKIP_INSTALL\=YES
    export INSTALLHDRS_COPY_PHASE\=NO
    export INSTALLHDRS_SCRIPT_PHASE\=NO
    export INSTALL_DIR\=/tmp/PolskiGrammar.dst/Applications
    export INSTALL_GROUP\=staff
    export INSTALL_MODE_FLAG\=u+w,go-w,a+rX
    export INSTALL_OWNER\=german
    export INSTALL_PATH\=/Applications
    export INSTALL_ROOT\=/tmp/PolskiGrammar.dst
    export IPHONEOS_DEPLOYMENT_TARGET\=17.0
    export IS_UNOPTIMIZED_BUILD\=YES
    export JAVAC_DEFAULT_FLAGS\=-J-Xms64m\ -J-XX:NewSize\=4M\ -J-Dfile.encoding\=UTF8
    export JAVA_APP_STUB\=/System/Library/Frameworks/JavaVM.framework/Resources/MacOS/JavaApplicationStub
    export JAVA_ARCHIVE_CLASSES\=YES
    export JAVA_ARCHIVE_TYPE\=JAR
    export JAVA_COMPILER\=/usr/bin/javac
    export JAVA_FOLDER_PATH\=PolskiGrammar.app/Java
    export JAVA_FRAMEWORK_RESOURCES_DIRS\=Resources
    export JAVA_JAR_FLAGS\=cv
    export JAVA_SOURCE_SUBDIR\=.
    export JAVA_USE_DEPENDENCIES\=YES
    export JAVA_ZIP_FLAGS\=-urg
    export JIKES_DEFAULT_FLAGS\=+E\ +OLDCSO
    export KEEP_PRIVATE_EXTERNS\=NO
    export LD_DEPENDENCY_INFO_FILE\=/Users/german/Work/JS/polski-grammar-srs/kotlin/iosApp/build/FinalVirtualFullFinal/Build/Intermediates.noindex/PolskiGrammar.build/Debug-iphonesimulator/PolskiGrammar.build/Objects-normal/undefined_arch/PolskiGrammar_dependency_info.dat
    export LD_EXPORT_GLOBAL_SYMBOLS\=YES
    export LD_EXPORT_SYMBOLS\=YES
    export LD_GENERATE_MAP_FILE\=NO
    export LD_MAP_FILE_PATH\=/Users/german/Work/JS/polski-grammar-srs/kotlin/iosApp/build/FinalVirtualFullFinal/Build/Intermediates.noindex/PolskiGrammar.build/Debug-iphonesimulator/PolskiGrammar.build/PolskiGrammar-LinkMap-normal-undefined_arch.txt
    export LD_NO_PIE\=NO
    export LD_QUOTE_LINKER_ARGUMENTS_FOR_COMPILER_DRIVER\=YES
    export LD_RUNPATH_SEARCH_PATHS\=\ @executable_path/Frameworks
    export LD_RUNPATH_SEARCH_PATHS_YES\=@loader_path/../Frameworks
    export LD_SHARED_CACHE_ELIGIBLE\=Automatic
    export LD_WARN_DUPLICATE_LIBRARIES\=NO
    export LD_WARN_UNUSED_DYLIBS\=NO
    export LEGACY_DEVELOPER_DIR\=/Applications/Xcode.app/Contents/PlugIns/Xcode3Core.ideplugin/Contents/SharedSupport/Developer
    export LEX\=lex
    export LIBRARY_DEXT_INSTALL_PATH\=/Library/DriverExtensions
    export LIBRARY_FLAG_NOSPACE\=YES
    export LIBRARY_FLAG_PREFIX\=-l
    export LIBRARY_KEXT_INSTALL_PATH\=/Library/Extensions
    export LIBRARY_SEARCH_PATHS\=/Users/german/Work/JS/polski-grammar-srs/kotlin/iosApp/build/FinalVirtualFullFinal/Build/Products/Debug-iphonesimulator\ 
    export LINKER_DISPLAYS_MANGLED_NAMES\=NO
    export LINK_FILE_LIST_normal_arm64\=/Users/german/Work/JS/polski-grammar-srs/kotlin/iosApp/build/FinalVirtualFullFinal/Build/Intermediates.noindex/PolskiGrammar.build/Debug-iphonesimulator/PolskiGrammar.build/Objects-normal/arm64/PolskiGrammar.LinkFileList
    export LINK_OBJC_RUNTIME\=YES
    export LINK_WITH_STANDARD_LIBRARIES\=YES
    export LLVM_TARGET_TRIPLE_OS_VERSION\=ios17.0
    export LLVM_TARGET_TRIPLE_SUFFIX\=-simulator
    export LLVM_TARGET_TRIPLE_VENDOR\=apple
    export LM_AUX_CONST_METADATA_LIST_PATH_normal_arm64\=/Users/german/Work/JS/polski-grammar-srs/kotlin/iosApp/build/FinalVirtualFullFinal/Build/Intermediates.noindex/PolskiGrammar.build/Debug-iphonesimulator/PolskiGrammar.build/Objects-normal/arm64/PolskiGrammar.SwiftConstValuesFileList
    export LOCALIZATION_EXPORT_SUPPORTED\=YES
    export LOCALIZATION_PREFERS_STRING_CATALOGS\=NO
    export LOCALIZED_RESOURCES_FOLDER_PATH\=PolskiGrammar.app/ru.lproj
    export LOCALIZED_STRING_CODE_COMMENTS\=NO
    export LOCALIZED_STRING_MACRO_NAMES\=NSLocalizedString\ CFCopyLocalizedString
    export LOCALIZED_STRING_SWIFTUI_SUPPORT\=YES
    export LOCAL_ADMIN_APPS_DIR\=/Applications/Utilities
    export LOCAL_APPS_DIR\=/Applications
    export LOCAL_DEVELOPER_DIR\=/Library/Developer
    export LOCAL_LIBRARY_DIR\=/Library
    export LOCROOT\=/Users/german/Work/JS/polski-grammar-srs/kotlin/iosApp
    export LOCSYMROOT\=/Users/german/Work/JS/polski-grammar-srs/kotlin/iosApp
    export MACH_O_TYPE\=mh_execute
    export MAC_OS_X_PRODUCT_BUILD_VERSION\=25G72
    export MAC_OS_X_VERSION_ACTUAL\=260600
    export MAC_OS_X_VERSION_MAJOR\=260000
    export MAC_OS_X_VERSION_MINOR\=260600
    export MAKE_MERGEABLE\=NO
    export MERGEABLE_LIBRARY\=NO
    export MERGED_BINARY_TYPE\=none
    export MERGE_LINKED_LIBRARIES\=NO
    export METAL_LIBRARY_FILE_BASE\=default
    export METAL_LIBRARY_OUTPUT_DIR\=/Users/german/Work/JS/polski-grammar-srs/kotlin/iosApp/build/FinalVirtualFullFinal/Build/Products/Debug-iphonesimulator/PolskiGrammar.app
    export MODULES_FOLDER_PATH\=PolskiGrammar.app/Modules
    export MODULE_CACHE_DIR\=/Users/german/Work/JS/polski-grammar-srs/kotlin/iosApp/build/FinalVirtualFullFinal/ModuleCache.noindex
    export MTL_ENABLE_DEBUG_INFO\=INCLUDE_SOURCE
    export MTL_FAST_MATH\=YES
    export NATIVE_ARCH\=arm64
    export NATIVE_ARCH_32_BIT\=arm
    export NATIVE_ARCH_64_BIT\=arm64
    export NATIVE_ARCH_ACTUAL\=arm64
    export NO_COMMON\=YES
    export OBJC_ABI_VERSION\=2
    export OBJECT_FILE_DIR\=/Users/german/Work/JS/polski-grammar-srs/kotlin/iosApp/build/FinalVirtualFullFinal/Build/Intermediates.noindex/PolskiGrammar.build/Debug-iphonesimulator/PolskiGrammar.build/Objects
    export OBJECT_FILE_DIR_normal\=/Users/german/Work/JS/polski-grammar-srs/kotlin/iosApp/build/FinalVirtualFullFinal/Build/Intermediates.noindex/PolskiGrammar.build/Debug-iphonesimulator/PolskiGrammar.build/Objects-normal
    export OBJROOT\=/Users/german/Work/JS/polski-grammar-srs/kotlin/iosApp/build/FinalVirtualFullFinal/Build/Intermediates.noindex
    export ONLY_ACTIVE_ARCH\=YES
    export ONLY_ARCH\=arm64
    export OS\=MACOS
    export OSAC\=/usr/bin/osacompile
    export OTHER_LDFLAGS\=\ -framework\ PolskiShared
    export PACKAGE_TYPE\=com.apple.package-type.wrapper.application
    export PASCAL_STRINGS\=YES
    export PATH\=/Applications/Xcode.app/Contents/SharedFrameworks/SwiftBuild.framework/Versions/A/PlugIns/SWBBuildService.bundle/Contents/PlugIns/SWBUniversalPlatformPlugin.bundle/Contents/Frameworks/SWBUniversalPlatform.framework/Resources:/Applications/Xcode.app/Contents/Developer/Toolchains/XcodeDefault.xctoolchain/usr/bin:/Applications/Xcode.app/Contents/Developer/Toolchains/XcodeDefault.xctoolchain/usr/local/bin:/Applications/Xcode.app/Contents/Developer/Toolchains/XcodeDefault.xctoolchain/usr/libexec:/Applications/Xcode.app/Contents/Developer/Platforms/iPhoneSimulator.platform/usr/bin:/Applications/Xcode.app/Contents/Developer/Platforms/iPhoneSimulator.platform/usr/local/bin:/Applications/Xcode.app/Contents/Developer/Platforms/iPhoneSimulator.platform/Developer/usr/bin:/Applications/Xcode.app/Contents/Developer/Platforms/iPhoneSimulator.platform/Developer/usr/local/bin:/Applications/Xcode.app/Contents/Developer/usr/bin:/Applications/Xcode.app/Contents/Developer/usr/local/bin:/usr/local/lib/node_modules/@openai/codex/node_modules/@openai/codex-darwin-x64/vendor/x86_64-apple-darwin/codex-path:/Users/german/.local/bin:/usr/local/opt/ffmpeg@7/bin:/Users/german/.antigravity/antigravity/bin:/Library/Frameworks/Python.framework/Versions/3.9/bin:/Library/Frameworks/Python.framework/Versions/2.7/bin:/Library/Frameworks/Python.framework/Versions/3.10/bin:/usr/local/bin:/System/Cryptexes/App/usr/bin:/usr/bin:/bin:/usr/sbin:/sbin:/var/run/com.apple.security.cryptexd/codex.system/bootstrap/usr/local/bin:/var/run/com.apple.security.cryptexd/codex.system/bootstrap/usr/bin:/var/run/com.apple.security.cryptexd/codex.system/bootstrap/usr/appleinternal/bin:/pkg/env/global/bin:/Library/Apple/usr/bin:/usr/local/share/dotnet:/Library/Frameworks/Mono.framework/Versions/Current/Commands:/Users/german/.codex/tmp/arg0/codex-arg06CBjtl:/Users/german/miniconda3/bin:/Users/german/miniconda3/condabin:/Applications/Orca.app/Contents/Resources/bin:/Users/german/.unity/bin:/Applications/Obsidian.app/Contents/MacOS:/Users/german/.volta/bin:/Users/german/.asdf/shims:/Users/german/.fnm/aliases/default/bin:/Users/german/.local/share/mise/shims:/Users/german/Library/pnpm:/Users/german/.yarn/bin:/Users/german/.bun/bin:/opt/homebrew/bin:/opt/homebrew/sbin:/usr/local/sbin:/nix/var/nix/profiles/default/bin:/Users/german/bin:/Users/german/.nix-profile/bin:/Users/german/.opencode/bin:/Users/german/.vite-plus/bin
    export PATH_PREFIXES_EXCLUDED_FROM_HEADER_DEPENDENCIES\=/usr/include\ /usr/local/include\ /System/Library/Frameworks\ /System/Library/PrivateFrameworks\ /Applications/Xcode.app/Contents/Developer/Headers\ /Applications/Xcode.app/Contents/Developer/SDKs\ /Applications/Xcode.app/Contents/Developer/Platforms
    export PBDEVELOPMENTPLIST_PATH\=PolskiGrammar.app/pbdevelopment.plist
    export PER_ARCH_MODULE_FILE_DIR\=/Users/german/Work/JS/polski-grammar-srs/kotlin/iosApp/build/FinalVirtualFullFinal/Build/Intermediates.noindex/PolskiGrammar.build/Debug-iphonesimulator/PolskiGrammar.build/Objects-normal/undefined_arch
    export PER_ARCH_OBJECT_FILE_DIR\=/Users/german/Work/JS/polski-grammar-srs/kotlin/iosApp/build/FinalVirtualFullFinal/Build/Intermediates.noindex/PolskiGrammar.build/Debug-iphonesimulator/PolskiGrammar.build/Objects-normal/undefined_arch
    export PER_VARIANT_OBJECT_FILE_DIR\=/Users/german/Work/JS/polski-grammar-srs/kotlin/iosApp/build/FinalVirtualFullFinal/Build/Intermediates.noindex/PolskiGrammar.build/Debug-iphonesimulator/PolskiGrammar.build/Objects-normal
    export PKGINFO_FILE_PATH\=/Users/german/Work/JS/polski-grammar-srs/kotlin/iosApp/build/FinalVirtualFullFinal/Build/Intermediates.noindex/PolskiGrammar.build/Debug-iphonesimulator/PolskiGrammar.build/PkgInfo
    export PKGINFO_PATH\=PolskiGrammar.app/PkgInfo
    export PLATFORM_DEVELOPER_APPLICATIONS_DIR\=/Applications/Xcode.app/Contents/Developer/Platforms/iPhoneSimulator.platform/Developer/Applications
    export PLATFORM_DEVELOPER_BIN_DIR\=/Applications/Xcode.app/Contents/Developer/Platforms/iPhoneSimulator.platform/Developer/usr/bin
    export PLATFORM_DEVELOPER_LIBRARY_DIR\=/Applications/Xcode.app/Contents/Developer/Platforms/iPhoneSimulator.platform/Developer/Library
    export PLATFORM_DEVELOPER_SDK_DIR\=/Applications/Xcode.app/Contents/Developer/Platforms/iPhoneSimulator.platform/Developer/SDKs
    export PLATFORM_DEVELOPER_TOOLS_DIR\=/Applications/Xcode.app/Contents/Developer/Platforms/iPhoneSimulator.platform/Developer/Tools
    export PLATFORM_DEVELOPER_USR_DIR\=/Applications/Xcode.app/Contents/Developer/Platforms/iPhoneSimulator.platform/Developer/usr
    export PLATFORM_DIR\=/Applications/Xcode.app/Contents/Developer/Platforms/iPhoneSimulator.platform
    export PLATFORM_DISPLAY_NAME\=iOS\ Simulator
    export PLATFORM_FAMILY_NAME\=iOS
    export PLATFORM_NAME\=iphonesimulator
    export PLATFORM_PREFERRED_ARCH\=x86_64
    export PLATFORM_PRODUCT_BUILD_VERSION\=24A430
    export PLATFORM_REQUIRES_SWIFT_AUTOLINK_EXTRACT\=NO
    export PLATFORM_REQUIRES_SWIFT_MODULEWRAP\=NO
    export PLATFORM_USES_DSYMS\=YES
    export PLIST_FILE_OUTPUT_FORMAT\=binary
    export PLUGINS_FOLDER_PATH\=PolskiGrammar.app/PlugIns
    export PRECOMPS_INCLUDE_HEADERS_FROM_BUILT_PRODUCTS_DIR\=YES
    export PRECOMP_DESTINATION_DIR\=/Users/german/Work/JS/polski-grammar-srs/kotlin/iosApp/build/FinalVirtualFullFinal/Build/Intermediates.noindex/PolskiGrammar.build/Debug-iphonesimulator/PolskiGrammar.build/PrefixHeaders
    export PRELINK_DEPENDENCY_INFO_FILE\=/Users/german/Work/JS/polski-grammar-srs/kotlin/iosApp/build/FinalVirtualFullFinal/Build/Intermediates.noindex/PolskiGrammar.build/Debug-iphonesimulator/PolskiGrammar.build/Objects-normal/undefined_arch/PolskiGrammar_prelink_dependency_info.dat
    export PRIVATE_HEADERS_FOLDER_PATH\=PolskiGrammar.app/PrivateHeaders
    export PROCESSED_INFOPLIST_PATH\=/Users/german/Work/JS/polski-grammar-srs/kotlin/iosApp/build/FinalVirtualFullFinal/Build/Intermediates.noindex/PolskiGrammar.build/Debug-iphonesimulator/PolskiGrammar.build/Objects-normal/undefined_arch/Processed-Info.plist
    export PRODUCT_BUNDLE_IDENTIFIER\=dev.polski.grammarmatrix.ios
    export PRODUCT_BUNDLE_PACKAGE_TYPE\=APPL
    export PRODUCT_MODULE_NAME\=PolskiGrammar
    export PRODUCT_NAME\=PolskiGrammar
    export PRODUCT_SETTINGS_PATH\=
    export PRODUCT_TYPE\=com.apple.product-type.application
    export PROFILING_CODE\=NO
    export PROJECT\=PolskiGrammar
    export PROJECT_DERIVED_FILE_DIR\=/Users/german/Work/JS/polski-grammar-srs/kotlin/iosApp/build/FinalVirtualFullFinal/Build/Intermediates.noindex/PolskiGrammar.build/DerivedSources
    export PROJECT_DIR\=/Users/german/Work/JS/polski-grammar-srs/kotlin/iosApp
    export PROJECT_FILE_PATH\=/Users/german/Work/JS/polski-grammar-srs/kotlin/iosApp/PolskiGrammar.xcodeproj
    export PROJECT_GUID\=23ee0051a95c59732cc842b37800d5f6
    export PROJECT_NAME\=PolskiGrammar
    export PROJECT_TEMP_DIR\=/Users/german/Work/JS/polski-grammar-srs/kotlin/iosApp/build/FinalVirtualFullFinal/Build/Intermediates.noindex/PolskiGrammar.build
    export PROJECT_TEMP_ROOT\=/Users/german/Work/JS/polski-grammar-srs/kotlin/iosApp/build/FinalVirtualFullFinal/Build/Intermediates.noindex
    export PROVISIONING_PROFILE_REQUIRED\=NO
    export PROVISIONING_PROFILE_REQUIRED_YES_YES\=YES
    export PROVISIONING_PROFILE_SUPPORTED\=YES
    export PUBLIC_HEADERS_FOLDER_PATH\=PolskiGrammar.app/Headers
    export RECOMMENDED_IPHONEOS_DEPLOYMENT_TARGET\=17.0
    export RECURSIVE_SEARCH_PATHS_FOLLOW_SYMLINKS\=YES
    export REMOVE_CVS_FROM_RESOURCES\=YES
    export REMOVE_GIT_FROM_RESOURCES\=YES
    export REMOVE_HEADERS_FROM_EMBEDDED_BUNDLES\=YES
    export REMOVE_HG_FROM_RESOURCES\=YES
    export REMOVE_STATIC_EXECUTABLES_FROM_EMBEDDED_BUNDLES\=YES
    export REMOVE_SVN_FROM_RESOURCES\=YES
    export RESCHEDULE_INDEPENDENT_HEADERS_PHASES\=YES
    export REZ_COLLECTOR_DIR\=/Users/german/Work/JS/polski-grammar-srs/kotlin/iosApp/build/FinalVirtualFullFinal/Build/Intermediates.noindex/PolskiGrammar.build/Debug-iphonesimulator/PolskiGrammar.build/ResourceManagerResources
    export REZ_OBJECTS_DIR\=/Users/german/Work/JS/polski-grammar-srs/kotlin/iosApp/build/FinalVirtualFullFinal/Build/Intermediates.noindex/PolskiGrammar.build/Debug-iphonesimulator/PolskiGrammar.build/ResourceManagerResources/Objects
    export REZ_SEARCH_PATHS\=/Users/german/Work/JS/polski-grammar-srs/kotlin/iosApp/build/FinalVirtualFullFinal/Build/Products/Debug-iphonesimulator\ 
    export RPATH_ORIGIN\=@loader_path
    export RUNTIME_EXCEPTION_ALLOW_DYLD_ENVIRONMENT_VARIABLES\=NO
    export RUNTIME_EXCEPTION_ALLOW_JIT\=NO
    export RUNTIME_EXCEPTION_ALLOW_UNSIGNED_EXECUTABLE_MEMORY\=NO
    export RUNTIME_EXCEPTION_DEBUGGING_TOOL\=NO
    export RUNTIME_EXCEPTION_DISABLE_EXECUTABLE_PAGE_PROTECTION\=NO
    export RUNTIME_EXCEPTION_DISABLE_LIBRARY_VALIDATION\=NO
    export SCANNING_PCM_KEEP_CACHE_DIRECTORY\=YES
    export SCAN_ALL_SOURCE_FILES_FOR_INCLUDES\=NO
    export SCRIPTS_FOLDER_PATH\=PolskiGrammar.app/Scripts
    export SCRIPT_INPUT_FILE_COUNT\=0
    export SCRIPT_INPUT_FILE_LIST_COUNT\=0
    export SCRIPT_OUTPUT_FILE_COUNT\=0
    export SCRIPT_OUTPUT_FILE_LIST_COUNT\=0
    export SDKROOT\=/Applications/Xcode.app/Contents/Developer/Platforms/iPhoneSimulator.platform/Developer/SDKs/iPhoneSimulator27.0.sdk
    export SDK_DIR\=/Applications/Xcode.app/Contents/Developer/Platforms/iPhoneSimulator.platform/Developer/SDKs/iPhoneSimulator27.0.sdk
    export SDK_DIR_iphonesimulator\=/Applications/Xcode.app/Contents/Developer/Platforms/iPhoneSimulator.platform/Developer/SDKs/iPhoneSimulator27.0.sdk
    export SDK_DIR_iphonesimulator27_0\=/Applications/Xcode.app/Contents/Developer/Platforms/iPhoneSimulator.platform/Developer/SDKs/iPhoneSimulator27.0.sdk
    export SDK_NAME\=iphonesimulator27.0
    export SDK_NAMES\=iphonesimulator27.0
    export SDK_PRODUCT_BUILD_VERSION\=24A430
    export SDK_STAT_CACHE_DIR\=/Users/german/Work/JS/polski-grammar-srs/kotlin/iosApp/build/FinalVirtualFullFinal
    export SDK_STAT_CACHE_ENABLE\=YES
    export SDK_STAT_CACHE_PATH\=/Users/german/Work/JS/polski-grammar-srs/kotlin/iosApp/build/FinalVirtualFullFinal/SDKStatCaches.noindex/iphonesimulator27.0-24A430-8dc58220667be655e1bcc261a7455254.sdkstatcache
    export SDK_VERSION\=27.0
    export SDK_VERSION_ACTUAL\=270000
    export SDK_VERSION_MAJOR\=270000
    export SDK_VERSION_MINOR\=270000
    export SED\=/usr/bin/sed
    export SEPARATE_STRIP\=NO
    export SEPARATE_SYMBOL_EDIT\=NO
    export SET_DIR_MODE_OWNER_GROUP\=YES
    export SET_FILE_MODE_OWNER_GROUP\=NO
    export SHALLOW_BUNDLE\=YES
    export SHALLOW_BUNDLE_TRIPLE\=ios-simulator
    export SHALLOW_BUNDLE_ios_macabi\=NO
    export SHALLOW_BUNDLE_macos\=NO
    export SHARED_DERIVED_FILE_DIR\=/Users/german/Work/JS/polski-grammar-srs/kotlin/iosApp/build/FinalVirtualFullFinal/Build/Products/Debug-iphonesimulator/DerivedSources
    export SHARED_FRAMEWORKS_FOLDER_PATH\=PolskiGrammar.app/SharedFrameworks
    export SHARED_PRECOMPS_DIR\=/Users/german/Work/JS/polski-grammar-srs/kotlin/iosApp/build/FinalVirtualFullFinal/Build/Intermediates.noindex/PrecompiledHeaders
    export SHARED_SUPPORT_FOLDER_PATH\=PolskiGrammar.app/SharedSupport
    export SKIP_COPYING_TEST_FRAMEWORKS\=YES
    export SKIP_INSTALL\=NO
    export SKIP_MERGEABLE_LIBRARY_BUNDLE_HOOK\=NO
    export SOURCE_ROOT\=/Users/german/Work/JS/polski-grammar-srs/kotlin/iosApp
    export SRCROOT\=/Users/german/Work/JS/polski-grammar-srs/kotlin/iosApp
    export STRINGSDATA_DIR\=/Users/german/Work/JS/polski-grammar-srs/kotlin/iosApp/build/FinalVirtualFullFinal/Build/Intermediates.noindex/PolskiGrammar.build/Debug-iphonesimulator/PolskiGrammar.build/Objects-normal/undefined_arch
    export STRINGSDATA_ROOT\=/Users/german/Work/JS/polski-grammar-srs/kotlin/iosApp/build/FinalVirtualFullFinal/Build/Intermediates.noindex/PolskiGrammar.build/Debug-iphonesimulator/PolskiGrammar.build
    export STRINGS_FILE_INFOPLIST_RENAME\=YES
    export STRINGS_FILE_OUTPUT_ENCODING\=binary
    export STRING_CATALOG_GENERATE_SYMBOLS\=NO
    export STRIP_BITCODE_FROM_COPIED_FILES\=NO
    export STRIP_INSTALLED_PRODUCT\=NO
    export STRIP_STYLE\=all
    export STRIP_SWIFT_SYMBOLS\=YES
    export SUPPORTED_DEVICE_FAMILIES\=1,2
    export SUPPORTED_PLATFORMS\=iphoneos\ iphonesimulator
    export SUPPORTS_MACCATALYST\=NO
    export SUPPORTS_ON_DEMAND_RESOURCES\=YES
    export SUPPORTS_TEXT_BASED_API\=NO
    export SUPPRESS_WARNINGS\=NO
    export SWIFTC_PASS_SDKROOT\=YES
    export SWIFTC_PASS_SYSROOT\=NO
    export SWIFT_ACTIVE_COMPILATION_CONDITIONS\=DEBUG
    export SWIFT_COLOR_DIAGNOSTICS\=NO
    export SWIFT_EMIT_CONST_VALUE_PROTOCOLS\=AnyResolverProviding\ AppEntity\ AppEnum\ AppExtension\ AppIntent\ AppIntentsPackage\ AppShortcutProviding\ AppShortcutsProvider\ AppUnionValue\ AppUnionValueCasesProviding\ DynamicOptionsProvider\ EntityQuery\ ExtensionPointDefining\ IntentValueQuery\ Resolver\ TransientEntity\ _AssistantIntentsProvider\ _GenerativeFunctionExtractable\ _IntentValueRepresentable
    export SWIFT_EMIT_LOC_STRINGS\=NO
    export SWIFT_ENABLE_EXPLICIT_MODULES\=YES
    export SWIFT_ENABLE_TESTABILITY\=YES
    export SWIFT_OPTIMIZATION_LEVEL\=-Onone
    export SWIFT_PLATFORM_TARGET_PREFIX\=ios
    export SWIFT_RESPONSE_FILE_PATH_normal_arm64\=/Users/german/Work/JS/polski-grammar-srs/kotlin/iosApp/build/FinalVirtualFullFinal/Build/Intermediates.noindex/PolskiGrammar.build/Debug-iphonesimulator/PolskiGrammar.build/Objects-normal/arm64/PolskiGrammar.SwiftFileList
    export SWIFT_VERSION\=5.0
    export SYMROOT\=/Users/german/Work/JS/polski-grammar-srs/kotlin/iosApp/build/FinalVirtualFullFinal/Build/Products
    export SYSROOT\=/Applications/Xcode.app/Contents/Developer/Platforms/iPhoneSimulator.platform/Developer/SDKs/iPhoneSimulator27.0.sdk
    export SYSTEM_ADMIN_APPS_DIR\=/Applications/Utilities
    export SYSTEM_APPS_DIR\=/Applications
    export SYSTEM_CORE_SERVICES_DIR\=/System/Library/CoreServices
    export SYSTEM_DEMOS_DIR\=/Applications/Extras
    export SYSTEM_DEVELOPER_APPS_DIR\=/Applications/Xcode.app/Contents/Developer/Applications
    export SYSTEM_DEVELOPER_BIN_DIR\=/Applications/Xcode.app/Contents/Developer/usr/bin
    export SYSTEM_DEVELOPER_DEMOS_DIR\=/Applications/Xcode.app/Contents/Developer/Applications/Utilities/Built\ Examples
    export SYSTEM_DEVELOPER_DIR\=/Applications/Xcode.app/Contents/Developer
    export SYSTEM_DEVELOPER_DOC_DIR\=/Applications/Xcode.app/Contents/Developer/ADC\ Reference\ Library
    export SYSTEM_DEVELOPER_GRAPHICS_TOOLS_DIR\=/Applications/Xcode.app/Contents/Developer/Applications/Graphics\ Tools
    export SYSTEM_DEVELOPER_JAVA_TOOLS_DIR\=/Applications/Xcode.app/Contents/Developer/Applications/Java\ Tools
    export SYSTEM_DEVELOPER_PERFORMANCE_TOOLS_DIR\=/Applications/Xcode.app/Contents/Developer/Applications/Performance\ Tools
    export SYSTEM_DEVELOPER_RELEASENOTES_DIR\=/Applications/Xcode.app/Contents/Developer/ADC\ Reference\ Library/releasenotes
    export SYSTEM_DEVELOPER_TOOLS\=/Applications/Xcode.app/Contents/Developer/Tools
    export SYSTEM_DEVELOPER_TOOLS_DOC_DIR\=/Applications/Xcode.app/Contents/Developer/ADC\ Reference\ Library/documentation/DeveloperTools
    export SYSTEM_DEVELOPER_TOOLS_RELEASENOTES_DIR\=/Applications/Xcode.app/Contents/Developer/ADC\ Reference\ Library/releasenotes/DeveloperTools
    export SYSTEM_DEVELOPER_USR_DIR\=/Applications/Xcode.app/Contents/Developer/usr
    export SYSTEM_DEVELOPER_UTILITIES_DIR\=/Applications/Xcode.app/Contents/Developer/Applications/Utilities
    export SYSTEM_DEXT_INSTALL_PATH\=/System/Library/DriverExtensions
    export SYSTEM_DOCUMENTATION_DIR\=/Library/Documentation
    export SYSTEM_EXTENSIONS_FOLDER_PATH\=PolskiGrammar.app/SystemExtensions
    export SYSTEM_EXTENSIONS_FOLDER_PATH_SHALLOW_BUNDLE_NO\=PolskiGrammar.app/Library/SystemExtensions
    export SYSTEM_EXTENSIONS_FOLDER_PATH_SHALLOW_BUNDLE_YES\=PolskiGrammar.app/SystemExtensions
    export SYSTEM_KEXT_INSTALL_PATH\=/System/Library/Extensions
    export SYSTEM_LIBRARY_DIR\=/System/Library
    export TAPI_DEMANGLE\=YES
    export TAPI_ENABLE_PROJECT_HEADERS\=NO
    export TAPI_LANGUAGE\=objective-c
    export TAPI_LANGUAGE_STANDARD\=compiler-default
    export TAPI_USE_SRCROOT\=YES
    export TAPI_VERIFY_MODE\=Pedantic
    export TARGETED_DEVICE_FAMILY\=1,2
    export TARGETNAME\=PolskiGrammar
    export TARGET_BUILD_DIR\=/Users/german/Work/JS/polski-grammar-srs/kotlin/iosApp/build/FinalVirtualFullFinal/Build/Products/Debug-iphonesimulator
    export TARGET_DEVICE_IDENTIFIER\=502F57FE-944F-4C27-B74F-5EC34D1B995D
    export TARGET_DEVICE_MODEL\=iPhone18,1
    export TARGET_DEVICE_OS_VERSION\=26.1
    export TARGET_DEVICE_PLATFORM_NAME\=iphonesimulator
    export TARGET_NAME\=PolskiGrammar
    export TARGET_TEMP_DIR\=/Users/german/Work/JS/polski-grammar-srs/kotlin/iosApp/build/FinalVirtualFullFinal/Build/Intermediates.noindex/PolskiGrammar.build/Debug-iphonesimulator/PolskiGrammar.build
    export TEMP_DIR\=/Users/german/Work/JS/polski-grammar-srs/kotlin/iosApp/build/FinalVirtualFullFinal/Build/Intermediates.noindex/PolskiGrammar.build/Debug-iphonesimulator/PolskiGrammar.build
    export TEMP_FILES_DIR\=/Users/german/Work/JS/polski-grammar-srs/kotlin/iosApp/build/FinalVirtualFullFinal/Build/Intermediates.noindex/PolskiGrammar.build/Debug-iphonesimulator/PolskiGrammar.build
    export TEMP_FILE_DIR\=/Users/german/Work/JS/polski-grammar-srs/kotlin/iosApp/build/FinalVirtualFullFinal/Build/Intermediates.noindex/PolskiGrammar.build/Debug-iphonesimulator/PolskiGrammar.build
    export TEMP_ROOT\=/Users/german/Work/JS/polski-grammar-srs/kotlin/iosApp/build/FinalVirtualFullFinal/Build/Intermediates.noindex
    export TEMP_SANDBOX_DIR\=/Users/german/Work/JS/polski-grammar-srs/kotlin/iosApp/build/FinalVirtualFullFinal/Build/Intermediates.noindex/TemporaryTaskSandboxes
    export TEST_FRAMEWORK_SEARCH_PATHS\=\ /Applications/Xcode.app/Contents/Developer/Platforms/iPhoneSimulator.platform/Developer/Library/Frameworks\ /Applications/Xcode.app/Contents/Developer/Platforms/iPhoneSimulator.platform/Developer/SDKs/iPhoneSimulator27.0.sdk/Developer/Library/Frameworks
    export TEST_LIBRARY_SEARCH_PATHS\=\ /Applications/Xcode.app/Contents/Developer/Platforms/iPhoneSimulator.platform/Developer/usr/lib
    export TOOLCHAINS\=com.apple.dt.toolchain.XcodeDefault
    export TOOLCHAIN_DIR\=/Applications/Xcode.app/Contents/Developer/Toolchains/XcodeDefault.xctoolchain
    export TREAT_MISSING_BASELINES_AS_TEST_FAILURES\=NO
    export TREAT_MISSING_SCRIPT_PHASE_OUTPUTS_AS_ERRORS\=NO
    export UID\=501
    export UNINSTALLED_PRODUCTS_DIR\=/Users/german/Work/JS/polski-grammar-srs/kotlin/iosApp/build/FinalVirtualFullFinal/Build/Intermediates.noindex/UninstalledProducts
    export UNLOCALIZED_RESOURCES_FOLDER_PATH\=PolskiGrammar.app
    export UNLOCALIZED_RESOURCES_FOLDER_PATH_SHALLOW_BUNDLE_NO\=PolskiGrammar.app/Resources
    export UNLOCALIZED_RESOURCES_FOLDER_PATH_SHALLOW_BUNDLE_YES\=PolskiGrammar.app
    export UNSTRIPPED_PRODUCT\=NO
    export USER\=german
    export USER_APPS_DIR\=/Users/german/Applications
    export USER_LIBRARY_DIR\=/Users/german/Library
    export USE_DYNAMIC_NO_PIC\=YES
    export USE_HEADERMAP\=YES
    export USE_HEADER_SYMLINKS\=NO
    export VALIDATE_DEVELOPMENT_ASSET_PATHS\=YES_ERROR
    export VALIDATE_PRODUCT\=NO
    export VALID_ARCHS\=arm64\ x86_64
    export VERBOSE_PBXCP\=NO
    export VERSIONPLIST_PATH\=PolskiGrammar.app/version.plist
    export VERSION_INFO_BUILDER\=german
    export VERSION_INFO_FILE\=PolskiGrammar_vers.c
    export VERSION_INFO_STRING\=\"@\(\#\)PROGRAM:PolskiGrammar\ \ PROJECT:PolskiGrammar-\"
    export WORKSPACE_DIR\=/Users/german/Work/JS/polski-grammar-srs/kotlin/iosApp/PolskiGrammar.xcodeproj
    export WRAPPER_EXTENSION\=app
    export WRAPPER_NAME\=PolskiGrammar.app
    export WRAPPER_SUFFIX\=.app
    export WRAP_ASSET_PACKS_IN_SEPARATE_DIRECTORIES\=NO
    export XCODE_APP_SUPPORT_DIR\=/Applications/Xcode.app/Contents/Developer/Library/Xcode
    export XCODE_PRODUCT_BUILD_VERSION\=27A266a
    export XCODE_VERSION_ACTUAL\=2700
    export XCODE_VERSION_MAJOR\=2700
    export XCODE_VERSION_MINOR\=2700
    export XPCSERVICES_FOLDER_PATH\=PolskiGrammar.app/XPCServices
    export YACC\=yacc
    export _DISCOVER_COMMAND_LINE_LINKER_INPUTS\=YES
    export _DISCOVER_COMMAND_LINE_LINKER_INPUTS_INCLUDE_WL\=YES
    export _LD_MULTIARCH\=YES
    export _SWIFT_EXPLICIT_MODULES_ALLOW_CXX_INTEROP\=YES
    export _WRAPPER_CONTENTS_DIR_SHALLOW_BUNDLE_NO\=/Contents
    export _WRAPPER_PARENT_PATH_SHALLOW_BUNDLE_NO\=/..
    export _WRAPPER_RESOURCES_DIR_SHALLOW_BUNDLE_NO\=/Resources
    export __ARCHS__\=arm64\ x86_64
    export __DIAGNOSE_DEPRECATED_ARCHS\=YES
    export __DIAGNOSE_INVALID_DEPLOYMENT_TARGET_AS_ERROR\=YES
    export __IS_NOT_MACOS\=YES
    export __IS_NOT_MACOS_macosx\=NO
    export __IS_NOT_SIMULATOR\=NO
    export __IS_NOT_SIMULATOR_simulator\=NO
    export __ORIGINAL_SDK_DEFINED_LLVM_TARGET_TRIPLE_SYS\=ios
    export arch\=undefined_arch
    export variant\=normal
    /bin/sh -c /Users/german/Work/JS/polski-grammar-srs/kotlin/iosApp/build/FinalVirtualFullFinal/Build/Intermediates.noindex/PolskiGrammar.build/Debug-iphonesimulator/PolskiGrammar.build/Script-DF070EF247392F9D1B643D23.sh
> Task :shared:kmpPartiallyResolvedDependenciesChecker
> Task :shared:checkKotlinGradlePluginConfigurationErrors SKIPPED
> Task :shared:checkSandboxAndWriteProtection
> Task :shared:downloadKotlinNativeDistribution UP-TO-DATE
> Task :shared:generateCoursePackSource UP-TO-DATE
> Task :shared:compileKotlinIosSimulatorArm64 UP-TO-DATE
> Task :shared:checkSyntheticImportProjectIsCorrectlyIntegratedForEmbedAndSign SKIPPED
> Task :shared:checkSyntheticImportProjectIsCorrectlyIntegratedForEmbedSwiftExport SKIPPED
> Task :shared:generateSyntheticLinkageSwiftPMImportProjectForEmbedAndSignLinkage SKIPPED
> Task :shared:linkDebugFrameworkIosSimulatorArm64 UP-TO-DATE

BUILD SUCCESSFUL in 997ms
6 actionable tasks: 2 executed, 4 up-to-date
Consider enabling configuration cache to speed up this build: https://docs.gradle.org/9.3.1/userguide/configuration_cache_enabling.html

Ld /Users/german/Work/JS/polski-grammar-srs/kotlin/iosApp/build/FinalVirtualFullFinal/Build/Products/Debug-iphonesimulator/PolskiGrammar.app/__preview.dylib normal (in target 'PolskiGrammar' from project 'PolskiGrammar')
    cd /Users/german/Work/JS/polski-grammar-srs/kotlin/iosApp
    /Applications/Xcode.app/Contents/Developer/Toolchains/XcodeDefault.xctoolchain/usr/bin/clang -Xlinker -reproducible -target arm64-apple-ios17.0-simulator -dynamiclib -isysroot /Applications/Xcode.app/Contents/Developer/Platforms/iPhoneSimulator.platform/Developer/SDKs/iPhoneSimulator27.0.sdk -O0 -Xlinker -no_warn_duplicate_libraries -L/Users/german/Work/JS/polski-grammar-srs/kotlin/iosApp/build/FinalVirtualFullFinal/Build/Products/Debug-iphonesimulator -F/Users/german/Work/JS/polski-grammar-srs/kotlin/iosApp/build/FinalVirtualFullFinal/Build/Products/Debug-iphonesimulator -install_name @rpath/PolskiGrammar.debug.dylib -Xlinker -dead_strip -rdynamic -Xlinker -no_deduplicate -Xlinker -objc_abi_version -Xlinker 2 -Xlinker -dependency_info -Xlinker /Users/german/Work/JS/polski-grammar-srs/kotlin/iosApp/build/FinalVirtualFullFinal/Build/Intermediates.noindex/PolskiGrammar.build/Debug-iphonesimulator/PolskiGrammar.build/Objects-normal/arm64/PolskiGrammar_dependency_info.dat -o /Users/german/Work/JS/polski-grammar-srs/kotlin/iosApp/build/FinalVirtualFullFinal/Build/Products/Debug-iphonesimulator/PolskiGrammar.app/__preview.dylib

MkDir /Users/german/Work/JS/polski-grammar-srs/kotlin/iosApp/build/FinalVirtualFullFinal/Build/Intermediates.noindex/PolskiGrammar.build/Debug-iphonesimulator/PolskiGrammar.build/assetcatalog_output/thinned (in target 'PolskiGrammar' from project 'PolskiGrammar')
    cd /Users/german/Work/JS/polski-grammar-srs/kotlin/iosApp
    /bin/mkdir -p /Users/german/Work/JS/polski-grammar-srs/kotlin/iosApp/build/FinalVirtualFullFinal/Build/Intermediates.noindex/PolskiGrammar.build/Debug-iphonesimulator/PolskiGrammar.build/assetcatalog_output/thinned

MkDir /Users/german/Work/JS/polski-grammar-srs/kotlin/iosApp/build/FinalVirtualFullFinal/Build/Intermediates.noindex/PolskiGrammar.build/Debug-iphonesimulator/PolskiGrammar.build/assetcatalog_output/unthinned (in target 'PolskiGrammar' from project 'PolskiGrammar')
    cd /Users/german/Work/JS/polski-grammar-srs/kotlin/iosApp
    /bin/mkdir -p /Users/german/Work/JS/polski-grammar-srs/kotlin/iosApp/build/FinalVirtualFullFinal/Build/Intermediates.noindex/PolskiGrammar.build/Debug-iphonesimulator/PolskiGrammar.build/assetcatalog_output/unthinned

GenerateAssetSymbols /Users/german/Work/JS/polski-grammar-srs/kotlin/iosApp/PolskiGrammar/Assets.xcassets (in target 'PolskiGrammar' from project 'PolskiGrammar')
    cd /Users/german/Work/JS/polski-grammar-srs/kotlin/iosApp
    /Applications/Xcode.app/Contents/Developer/usr/bin/actool /Users/german/Work/JS/polski-grammar-srs/kotlin/iosApp/PolskiGrammar/Assets.xcassets --compile /Users/german/Work/JS/polski-grammar-srs/kotlin/iosApp/build/FinalVirtualFullFinal/Build/Products/Debug-iphonesimulator/PolskiGrammar.app --output-format human-readable-text --notices --warnings --export-dependency-info /Users/german/Work/JS/polski-grammar-srs/kotlin/iosApp/build/FinalVirtualFullFinal/Build/Intermediates.noindex/PolskiGrammar.build/Debug-iphonesimulator/PolskiGrammar.build/assetcatalog_dependencies --output-partial-info-plist /Users/german/Work/JS/polski-grammar-srs/kotlin/iosApp/build/FinalVirtualFullFinal/Build/Intermediates.noindex/PolskiGrammar.build/Debug-iphonesimulator/PolskiGrammar.build/assetcatalog_generated_info.plist --app-icon AppIcon --accent-color AccentColor --compress-pngs --enable-on-demand-resources YES --development-region ru --target-device iphone --target-device ipad --minimum-deployment-target 17.0 --platform iphonesimulator --bundle-identifier dev.polski.grammarmatrix.ios --generate-swift-asset-symbol-extensions NO --generate-swift-asset-symbols /Users/german/Work/JS/polski-grammar-srs/kotlin/iosApp/build/FinalVirtualFullFinal/Build/Intermediates.noindex/PolskiGrammar.build/Debug-iphonesimulator/PolskiGrammar.build/DerivedSources/GeneratedAssetSymbols.swift --generate-objc-asset-symbols /Users/german/Work/JS/polski-grammar-srs/kotlin/iosApp/build/FinalVirtualFullFinal/Build/Intermediates.noindex/PolskiGrammar.build/Debug-iphonesimulator/PolskiGrammar.build/DerivedSources/GeneratedAssetSymbols.h --generate-asset-symbol-index /Users/german/Work/JS/polski-grammar-srs/kotlin/iosApp/build/FinalVirtualFullFinal/Build/Intermediates.noindex/PolskiGrammar.build/Debug-iphonesimulator/PolskiGrammar.build/DerivedSources/GeneratedAssetSymbols-Index.plist
/* com.apple.actool.compilation-results */
/Users/german/Work/JS/polski-grammar-srs/kotlin/iosApp/build/FinalVirtualFullFinal/Build/Intermediates.noindex/PolskiGrammar.build/Debug-iphonesimulator/PolskiGrammar.build/DerivedSources/GeneratedAssetSymbols-Index.plist
/Users/german/Work/JS/polski-grammar-srs/kotlin/iosApp/build/FinalVirtualFullFinal/Build/Intermediates.noindex/PolskiGrammar.build/Debug-iphonesimulator/PolskiGrammar.build/DerivedSources/GeneratedAssetSymbols.h
/Users/german/Work/JS/polski-grammar-srs/kotlin/iosApp/build/FinalVirtualFullFinal/Build/Intermediates.noindex/PolskiGrammar.build/Debug-iphonesimulator/PolskiGrammar.build/DerivedSources/GeneratedAssetSymbols.swift


CompileAssetCatalogVariant thinned /Users/german/Work/JS/polski-grammar-srs/kotlin/iosApp/build/FinalVirtualFullFinal/Build/Products/Debug-iphonesimulator/PolskiGrammar.app /Users/german/Work/JS/polski-grammar-srs/kotlin/iosApp/PolskiGrammar/Assets.xcassets (in target 'PolskiGrammar' from project 'PolskiGrammar')
    cd /Users/german/Work/JS/polski-grammar-srs/kotlin/iosApp
    /Applications/Xcode.app/Contents/Developer/usr/bin/actool /Users/german/Work/JS/polski-grammar-srs/kotlin/iosApp/PolskiGrammar/Assets.xcassets --compile /Users/german/Work/JS/polski-grammar-srs/kotlin/iosApp/build/FinalVirtualFullFinal/Build/Intermediates.noindex/PolskiGrammar.build/Debug-iphonesimulator/PolskiGrammar.build/assetcatalog_output/thinned --output-format human-readable-text --notices --warnings --export-dependency-info /Users/german/Work/JS/polski-grammar-srs/kotlin/iosApp/build/FinalVirtualFullFinal/Build/Intermediates.noindex/PolskiGrammar.build/Debug-iphonesimulator/PolskiGrammar.build/assetcatalog_dependencies_thinned --output-partial-info-plist /Users/german/Work/JS/polski-grammar-srs/kotlin/iosApp/build/FinalVirtualFullFinal/Build/Intermediates.noindex/PolskiGrammar.build/Debug-iphonesimulator/PolskiGrammar.build/assetcatalog_generated_info.plist_thinned --app-icon AppIcon --accent-color AccentColor --compress-pngs --enable-on-demand-resources YES --filter-for-thinning-device-configuration iPhone18,1 --filter-for-device-os-version 26.1 --development-region ru --target-device iphone --target-device ipad --minimum-deployment-target 17.0 --platform iphonesimulator
/* com.apple.actool.compilation-results */
/Users/german/Work/JS/polski-grammar-srs/kotlin/iosApp/build/FinalVirtualFullFinal/Build/Intermediates.noindex/PolskiGrammar.build/Debug-iphonesimulator/PolskiGrammar.build/assetcatalog_generated_info.plist_thinned
/Users/german/Work/JS/polski-grammar-srs/kotlin/iosApp/build/FinalVirtualFullFinal/Build/Intermediates.noindex/PolskiGrammar.build/Debug-iphonesimulator/PolskiGrammar.build/assetcatalog_output/thinned/AppIcon60x60@2x.png
/Users/german/Work/JS/polski-grammar-srs/kotlin/iosApp/build/FinalVirtualFullFinal/Build/Intermediates.noindex/PolskiGrammar.build/Debug-iphonesimulator/PolskiGrammar.build/assetcatalog_output/thinned/AppIcon76x76@2x~ipad.png
/Users/german/Work/JS/polski-grammar-srs/kotlin/iosApp/build/FinalVirtualFullFinal/Build/Intermediates.noindex/PolskiGrammar.build/Debug-iphonesimulator/PolskiGrammar.build/assetcatalog_output/thinned/Assets.car


SwiftDriver PolskiGrammar normal arm64 com.apple.xcode.tools.swift.compiler (in target 'PolskiGrammar' from project 'PolskiGrammar')
    cd /Users/german/Work/JS/polski-grammar-srs/kotlin/iosApp
    builtin-SwiftDriver -- /Applications/Xcode.app/Contents/Developer/Toolchains/XcodeDefault.xctoolchain/usr/bin/swiftc -module-name PolskiGrammar -Onone @/Users/german/Work/JS/polski-grammar-srs/kotlin/iosApp/build/FinalVirtualFullFinal/Build/Intermediates.noindex/PolskiGrammar.build/Debug-iphonesimulator/PolskiGrammar.build/Objects-normal/arm64/PolskiGrammar.SwiftFileList -DDEBUG -enable-bare-slash-regex -enable-experimental-feature DebugDescriptionMacro -sdk /Applications/Xcode.app/Contents/Developer/Platforms/iPhoneSimulator.platform/Developer/SDKs/iPhoneSimulator27.0.sdk -target arm64-apple-ios17.0-simulator -g -module-cache-path /Users/german/Work/JS/polski-grammar-srs/kotlin/iosApp/build/FinalVirtualFullFinal/ModuleCache.noindex -Xfrontend -serialize-debugging-options -enable-testing -index-store-path /Users/german/Work/JS/polski-grammar-srs/kotlin/iosApp/build/FinalVirtualFullFinal/Index.noindex/DataStore -Xcc -D_LIBCPP_HARDENING_MODE\=_LIBCPP_HARDENING_MODE_DEBUG -swift-version 5 -I /Users/german/Work/JS/polski-grammar-srs/kotlin/iosApp/build/FinalVirtualFullFinal/Build/Products/Debug-iphonesimulator -F /Users/german/Work/JS/polski-grammar-srs/kotlin/iosApp/build/FinalVirtualFullFinal/Build/Products/Debug-iphonesimulator -c -j10 -enable-batch-mode -incremental -Xcc -ivfsstatcache -Xcc /Users/german/Work/JS/polski-grammar-srs/kotlin/iosApp/build/FinalVirtualFullFinal/SDKStatCaches.noindex/iphonesimulator27.0-24A430-8dc58220667be655e1bcc261a7455254.sdkstatcache -output-file-map /Users/german/Work/JS/polski-grammar-srs/kotlin/iosApp/build/FinalVirtualFullFinal/Build/Intermediates.noindex/PolskiGrammar.build/Debug-iphonesimulator/PolskiGrammar.build/Objects-normal/arm64/PolskiGrammar-OutputFileMap.json -save-temps -no-color-diagnostics -explicit-module-build -module-cache-path /Users/german/Work/JS/polski-grammar-srs/kotlin/iosApp/build/FinalVirtualFullFinal/Build/Intermediates.noindex/SwiftExplicitPrecompiledModules -clang-scanner-module-cache-path /Users/german/Work/JS/polski-grammar-srs/kotlin/iosApp/build/FinalVirtualFullFinal/ModuleCache.noindex -sdk-module-cache-path /Users/german/Work/JS/polski-grammar-srs/kotlin/iosApp/build/FinalVirtualFullFinal/SDKExplicitPrecompiledModules -emit-dependencies -emit-module -emit-module-path /Users/german/Work/JS/polski-grammar-srs/kotlin/iosApp/build/FinalVirtualFullFinal/Build/Intermediates.noindex/PolskiGrammar.build/Debug-iphonesimulator/PolskiGrammar.build/Objects-normal/arm64/PolskiGrammar.swiftmodule -serialize-diagnostics -dependency-scan-serialize-diagnostics-path /Users/german/Work/JS/polski-grammar-srs/kotlin/iosApp/build/FinalVirtualFullFinal/Build/Intermediates.noindex/PolskiGrammar.build/Debug-iphonesimulator/PolskiGrammar.build/Objects-normal/arm64/PolskiGrammar-dependency-scan.dia -validate-clang-modules-once -clang-build-session-file /Users/german/Work/JS/polski-grammar-srs/kotlin/iosApp/build/FinalVirtualFullFinal/ModuleCache.noindex/Session.modulevalidation -Xcc -fmodules-prune-interval\=86400 -Xcc -fmodules-prune-after\=345600 -emit-const-values -const-gather-protocols-list /Users/german/Work/JS/polski-grammar-srs/kotlin/iosApp/build/FinalVirtualFullFinal/Build/Intermediates.noindex/PolskiGrammar.build/Debug-iphonesimulator/PolskiGrammar.build/Objects-normal/arm64/PolskiGrammar_const_extract_protocols.json -Xcc -iquote -Xcc /Users/german/Work/JS/polski-grammar-srs/kotlin/iosApp/build/FinalVirtualFullFinal/Build/Intermediates.noindex/PolskiGrammar.build/Debug-iphonesimulator/PolskiGrammar.build/PolskiGrammar-generated-files.hmap -Xcc -I/Users/german/Work/JS/polski-grammar-srs/kotlin/iosApp/build/FinalVirtualFullFinal/Build/Intermediates.noindex/PolskiGrammar.build/Debug-iphonesimulator/PolskiGrammar.build/PolskiGrammar-own-target-headers.hmap -Xcc -I/Users/german/Work/JS/polski-grammar-srs/kotlin/iosApp/build/FinalVirtualFullFinal/Build/Intermediates.noindex/PolskiGrammar.build/Debug-iphonesimulator/PolskiGrammar.build/PolskiGrammar-all-target-headers.hmap -Xcc -iquote -Xcc /Users/german/Work/JS/polski-grammar-srs/kotlin/iosApp/build/FinalVirtualFullFinal/Build/Intermediates.noindex/PolskiGrammar.build/Debug-iphonesimulator/PolskiGrammar.build/PolskiGrammar-project-headers.hmap -Xcc -I/Users/german/Work/JS/polski-grammar-srs/kotlin/iosApp/build/FinalVirtualFullFinal/Build/Products/Debug-iphonesimulator/include -Xcc -I/Users/german/Work/JS/polski-grammar-srs/kotlin/iosApp/build/FinalVirtualFullFinal/Build/Intermediates.noindex/PolskiGrammar.build/Debug-iphonesimulator/PolskiGrammar.build/DerivedSources-normal/arm64 -Xcc -I/Users/german/Work/JS/polski-grammar-srs/kotlin/iosApp/build/FinalVirtualFullFinal/Build/Intermediates.noindex/PolskiGrammar.build/Debug-iphonesimulator/PolskiGrammar.build/DerivedSources/arm64 -Xcc -I/Users/german/Work/JS/polski-grammar-srs/kotlin/iosApp/build/FinalVirtualFullFinal/Build/Intermediates.noindex/PolskiGrammar.build/Debug-iphonesimulator/PolskiGrammar.build/DerivedSources -Xcc -DDEBUG\=1 -emit-objc-header -emit-objc-header-path /Users/german/Work/JS/polski-grammar-srs/kotlin/iosApp/build/FinalVirtualFullFinal/Build/Intermediates.noindex/PolskiGrammar.build/Debug-iphonesimulator/PolskiGrammar.build/Objects-normal/arm64/PolskiGrammar-Swift.h -working-directory /Users/german/Work/JS/polski-grammar-srs/kotlin/iosApp -experimental-emit-module-separately -disable-cmo

SwiftExplicitDependencyGeneratePcm arm64 /Users/german/Work/JS/polski-grammar-srs/kotlin/iosApp/build/FinalVirtualFullFinal/SDKExplicitPrecompiledModules/_Builtin_float-1WFLOUOKVP70PQLT61QFG913U.pcm

SwiftExplicitDependencyGeneratePcm arm64 /Users/german/Work/JS/polski-grammar-srs/kotlin/iosApp/build/FinalVirtualFullFinal/SDKExplicitPrecompiledModules/ptrauth-11KU2TM7UQY8WYG2K23VQZLVU.pcm

SwiftExplicitDependencyGeneratePcm arm64 /Users/german/Work/JS/polski-grammar-srs/kotlin/iosApp/build/FinalVirtualFullFinal/SDKExplicitPrecompiledModules/SwiftShims-6DU8QGBN5XKZHII5EJ5YOF4QE.pcm

SwiftExplicitDependencyGeneratePcm arm64 /Users/german/Work/JS/polski-grammar-srs/kotlin/iosApp/build/FinalVirtualFullFinal/SDKExplicitPrecompiledModules/_Builtin_stdbool-BE3RW7BEZH196BFTSUHTNV20T.pcm

SwiftExplicitDependencyGeneratePcm arm64 /Users/german/Work/JS/polski-grammar-srs/kotlin/iosApp/build/FinalVirtualFullFinal/SDKExplicitPrecompiledModules/_SwiftConcurrencyShims-797F0HW71J77X688D1JQ26EM8.pcm

SwiftExplicitDependencyGeneratePcm arm64 /Users/german/Work/JS/polski-grammar-srs/kotlin/iosApp/build/FinalVirtualFullFinal/SDKExplicitPrecompiledModules/DeveloperToolsSupport-96AS8F4YFKLXYTRNF8Y3XN9PU.pcm

SwiftExplicitDependencyGeneratePcm arm64 /Users/german/Work/JS/polski-grammar-srs/kotlin/iosApp/build/FinalVirtualFullFinal/SDKExplicitPrecompiledModules/_Builtin_stddef-BNY7334VQM0NUOV9F9WINCYMU.pcm

SwiftExplicitDependencyGeneratePcm arm64 /Users/german/Work/JS/polski-grammar-srs/kotlin/iosApp/build/FinalVirtualFullFinal/SDKExplicitPrecompiledModules/ptrcheck-2ZP5S0FGA0WBMFRRF55ZFRU36.pcm

SwiftExplicitDependencyGeneratePcm arm64 /Users/german/Work/JS/polski-grammar-srs/kotlin/iosApp/build/FinalVirtualFullFinal/SDKExplicitPrecompiledModules/_Builtin_stdarg-1NM07SYLLVWBGPH2U0RV4XAGN.pcm

SwiftExplicitDependencyGeneratePcm arm64 /Users/german/Work/JS/polski-grammar-srs/kotlin/iosApp/build/FinalVirtualFullFinal/SDKExplicitPrecompiledModules/_AvailabilityInternal-62PCM2DPX0OZ8AZKYL5DQTNPC.pcm

SwiftExplicitDependencyGeneratePcm arm64 /Users/german/Work/JS/polski-grammar-srs/kotlin/iosApp/build/FinalVirtualFullFinal/SDKExplicitPrecompiledModules/_DarwinFoundation1-6I6VJYXRJFFXD4CWEURZGKLPB.pcm

SwiftExplicitDependencyGeneratePcm arm64 /Users/german/Work/JS/polski-grammar-srs/kotlin/iosApp/build/FinalVirtualFullFinal/SDKExplicitPrecompiledModules/_Builtin_limits-63ZX40TDQBBBFO1DP12EOXH3K.pcm

SwiftExplicitDependencyGeneratePcm arm64 /Users/german/Work/JS/polski-grammar-srs/kotlin/iosApp/build/FinalVirtualFullFinal/SDKExplicitPrecompiledModules/_DarwinFoundation2-DHC37KZXPF0DBWTR0F9C52I8H.pcm

SwiftExplicitDependencyGeneratePcm arm64 /Users/german/Work/JS/polski-grammar-srs/kotlin/iosApp/build/FinalVirtualFullFinal/SDKExplicitPrecompiledModules/_Builtin_tgmath-1651IFR93Z32YJTWEMA463FBP.pcm

SwiftExplicitDependencyGeneratePcm arm64 /Users/german/Work/JS/polski-grammar-srs/kotlin/iosApp/build/FinalVirtualFullFinal/SDKExplicitPrecompiledModules/string_h-IQBCP1LZTTE2LU0OHVBVCMVM.pcm

SwiftExplicitDependencyGeneratePcm arm64 /Users/german/Work/JS/polski-grammar-srs/kotlin/iosApp/build/FinalVirtualFullFinal/SDKExplicitPrecompiledModules/_Builtin_stdint-74QYYP206IAXTHKNPB4DS5S4Y.pcm

SwiftExplicitDependencyGeneratePcm arm64 /Users/german/Work/JS/polski-grammar-srs/kotlin/iosApp/build/FinalVirtualFullFinal/SDKExplicitPrecompiledModules/sys_types-2GF1FS6RJKIXIJ91QP58BIL7.pcm

SwiftExplicitDependencyGeneratePcm arm64 /Users/german/Work/JS/polski-grammar-srs/kotlin/iosApp/build/FinalVirtualFullFinal/SDKExplicitPrecompiledModules/_Builtin_stdatomic-903OPBR5YZA1ATXX0DTDJ06OH.pcm

SwiftExplicitDependencyGeneratePcm arm64 /Users/german/Work/JS/polski-grammar-srs/kotlin/iosApp/build/FinalVirtualFullFinal/SDKExplicitPrecompiledModules/_Builtin_intrinsics-2W6GQ5R1B44QEA5KL2DRNFLFJ.pcm

SwiftExplicitDependencyGeneratePcm arm64 /Users/german/Work/JS/polski-grammar-srs/kotlin/iosApp/build/FinalVirtualFullFinal/SDKExplicitPrecompiledModules/_DarwinFoundation3-8JWQYXIKWSDQGBI0CDVY9TELA.pcm

SwiftExplicitDependencyGeneratePcm arm64 /Users/german/Work/JS/polski-grammar-srs/kotlin/iosApp/build/FinalVirtualFullFinal/SDKExplicitPrecompiledModules/_Builtin_inttypes-EIZFI0VXCQW2Q651OMQ2KCK75.pcm

SwiftExplicitDependencyGeneratePcm arm64 /Users/german/Work/JS/polski-grammar-srs/kotlin/iosApp/build/FinalVirtualFullFinal/SDKExplicitPrecompiledModules/Darwin-1ZS2IKZZAHBTIKHZPKI4RIPE3.pcm

SwiftExplicitDependencyGeneratePcm arm64 /Users/german/Work/JS/polski-grammar-srs/kotlin/iosApp/build/FinalVirtualFullFinal/SDKExplicitPrecompiledModules/simd-C88VPBYT3VE9T3BGQTP6D3VHA.pcm

SwiftExplicitDependencyGeneratePcm arm64 /Users/german/Work/JS/polski-grammar-srs/kotlin/iosApp/build/FinalVirtualFullFinal/SDKExplicitPrecompiledModules/MachO-44VYD6EF8UPCA4ULUO6D8VRY3.pcm

SwiftExplicitDependencyGeneratePcm arm64 /Users/german/Work/JS/polski-grammar-srs/kotlin/iosApp/build/FinalVirtualFullFinal/SDKExplicitPrecompiledModules/ObjectiveC-2U3R6776TVA1Z4GDRR3I7DCHY.pcm

SwiftExplicitDependencyGeneratePcm arm64 /Users/german/Work/JS/polski-grammar-srs/kotlin/iosApp/build/FinalVirtualFullFinal/SDKExplicitPrecompiledModules/os_object-5NVMCFYXG6S2KAHCC4QZHV9C.pcm

SwiftExplicitDependencyGeneratePcm arm64 /Users/german/Work/JS/polski-grammar-srs/kotlin/iosApp/build/FinalVirtualFullFinal/SDKExplicitPrecompiledModules/os_workgroup-F5B42S0X9QW86D9FE83PJWF4L.pcm

SwiftExplicitDependencyGeneratePcm arm64 /Users/german/Work/JS/polski-grammar-srs/kotlin/iosApp/build/FinalVirtualFullFinal/SDKExplicitPrecompiledModules/Spatial-6LY8FXOYC8NSJ9MPIALFUBYT7.pcm

SwiftExplicitDependencyGeneratePcm arm64 /Users/german/Work/JS/polski-grammar-srs/kotlin/iosApp/build/FinalVirtualFullFinal/SDKExplicitPrecompiledModules/Dispatch-5LZYHU4BZEGC1IX9W4R50V484.pcm

LinkAssetCatalog /Users/german/Work/JS/polski-grammar-srs/kotlin/iosApp/PolskiGrammar/Assets.xcassets (in target 'PolskiGrammar' from project 'PolskiGrammar')
    cd /Users/german/Work/JS/polski-grammar-srs/kotlin/iosApp
    builtin-linkAssetCatalog --thinned /Users/german/Work/JS/polski-grammar-srs/kotlin/iosApp/build/FinalVirtualFullFinal/Build/Intermediates.noindex/PolskiGrammar.build/Debug-iphonesimulator/PolskiGrammar.build/assetcatalog_output/thinned --thinned-dependencies /Users/german/Work/JS/polski-grammar-srs/kotlin/iosApp/build/FinalVirtualFullFinal/Build/Intermediates.noindex/PolskiGrammar.build/Debug-iphonesimulator/PolskiGrammar.build/assetcatalog_dependencies_thinned --thinned-info-plist-content /Users/german/Work/JS/polski-grammar-srs/kotlin/iosApp/build/FinalVirtualFullFinal/Build/Intermediates.noindex/PolskiGrammar.build/Debug-iphonesimulator/PolskiGrammar.build/assetcatalog_generated_info.plist_thinned --unthinned /Users/german/Work/JS/polski-grammar-srs/kotlin/iosApp/build/FinalVirtualFullFinal/Build/Intermediates.noindex/PolskiGrammar.build/Debug-iphonesimulator/PolskiGrammar.build/assetcatalog_output/unthinned --unthinned-dependencies /Users/german/Work/JS/polski-grammar-srs/kotlin/iosApp/build/FinalVirtualFullFinal/Build/Intermediates.noindex/PolskiGrammar.build/Debug-iphonesimulator/PolskiGrammar.build/assetcatalog_dependencies_unthinned --unthinned-info-plist-content /Users/german/Work/JS/polski-grammar-srs/kotlin/iosApp/build/FinalVirtualFullFinal/Build/Intermediates.noindex/PolskiGrammar.build/Debug-iphonesimulator/PolskiGrammar.build/assetcatalog_generated_info.plist_unthinned --output /Users/german/Work/JS/polski-grammar-srs/kotlin/iosApp/build/FinalVirtualFullFinal/Build/Products/Debug-iphonesimulator/PolskiGrammar.app --plist-output /Users/german/Work/JS/polski-grammar-srs/kotlin/iosApp/build/FinalVirtualFullFinal/Build/Intermediates.noindex/PolskiGrammar.build/Debug-iphonesimulator/PolskiGrammar.build/assetcatalog_generated_info.plist
note: Emplaced /Users/german/Work/JS/polski-grammar-srs/kotlin/iosApp/build/FinalVirtualFullFinal/Build/Products/Debug-iphonesimulator/PolskiGrammar.app/Assets.car (in target 'PolskiGrammar' from project 'PolskiGrammar')
note: Emplaced /Users/german/Work/JS/polski-grammar-srs/kotlin/iosApp/build/FinalVirtualFullFinal/Build/Products/Debug-iphonesimulator/PolskiGrammar.app/AppIcon60x60@2x.png (in target 'PolskiGrammar' from project 'PolskiGrammar')
note: Emplaced /Users/german/Work/JS/polski-grammar-srs/kotlin/iosApp/build/FinalVirtualFullFinal/Build/Products/Debug-iphonesimulator/PolskiGrammar.app/AppIcon76x76@2x~ipad.png (in target 'PolskiGrammar' from project 'PolskiGrammar')

ProcessInfoPlistFile /Users/german/Work/JS/polski-grammar-srs/kotlin/iosApp/build/FinalVirtualFullFinal/Build/Products/Debug-iphonesimulator/PolskiGrammar.app/Info.plist /Users/german/Work/JS/polski-grammar-srs/kotlin/iosApp/build/FinalVirtualFullFinal/Build/Intermediates.noindex/PolskiGrammar.build/Debug-iphonesimulator/PolskiGrammar.build/empty-PolskiGrammar.plist (in target 'PolskiGrammar' from project 'PolskiGrammar')
    cd /Users/german/Work/JS/polski-grammar-srs/kotlin/iosApp
    builtin-infoPlistUtility /Users/german/Work/JS/polski-grammar-srs/kotlin/iosApp/build/FinalVirtualFullFinal/Build/Intermediates.noindex/PolskiGrammar.build/Debug-iphonesimulator/PolskiGrammar.build/empty-PolskiGrammar.plist -producttype com.apple.product-type.application -genpkginfo /Users/german/Work/JS/polski-grammar-srs/kotlin/iosApp/build/FinalVirtualFullFinal/Build/Products/Debug-iphonesimulator/PolskiGrammar.app/PkgInfo -expandbuildsettings -format binary -platform iphonesimulator -additionalcontentfile /Users/german/Work/JS/polski-grammar-srs/kotlin/iosApp/build/FinalVirtualFullFinal/Build/Intermediates.noindex/PolskiGrammar.build/Debug-iphonesimulator/PolskiGrammar.build/assetcatalog_generated_info.plist -o /Users/german/Work/JS/polski-grammar-srs/kotlin/iosApp/build/FinalVirtualFullFinal/Build/Products/Debug-iphonesimulator/PolskiGrammar.app/Info.plist

SwiftExplicitDependencyGeneratePcm arm64 /Users/german/Work/JS/polski-grammar-srs/kotlin/iosApp/build/FinalVirtualFullFinal/SDKExplicitPrecompiledModules/XPC-E2KUNTK8MRGTCA46C8HMPL87D.pcm

SwiftExplicitDependencyGeneratePcm arm64 /Users/german/Work/JS/polski-grammar-srs/kotlin/iosApp/build/FinalVirtualFullFinal/SDKExplicitPrecompiledModules/CoreFoundation-9XOLJPA06C21777KN3T866BKC.pcm

SwiftExplicitDependencyGeneratePcm arm64 /Users/german/Work/JS/polski-grammar-srs/kotlin/iosApp/build/FinalVirtualFullFinal/SDKExplicitPrecompiledModules/os-A7EM92Y4XOYEZ4L21X6WO0VI1.pcm

SwiftExplicitDependencyGeneratePcm arm64 /Users/german/Work/JS/polski-grammar-srs/kotlin/iosApp/build/FinalVirtualFullFinal/SDKExplicitPrecompiledModules/CoreGraphics-53872UT4CQESRVYT6EAZ2MS3Y.pcm

SwiftExplicitDependencyGeneratePcm arm64 /Users/german/Work/JS/polski-grammar-srs/kotlin/iosApp/build/FinalVirtualFullFinal/SDKExplicitPrecompiledModules/CFNetwork-6E95KBTDUNXXUOFUZWFI50E07.pcm

SwiftExplicitDependencyGeneratePcm arm64 /Users/german/Work/JS/polski-grammar-srs/kotlin/iosApp/build/FinalVirtualFullFinal/SDKExplicitPrecompiledModules/Security-7413AFNS3IYT422VPRT0PAG17.pcm

SwiftExplicitDependencyGeneratePcm arm64 /Users/german/Work/JS/polski-grammar-srs/kotlin/iosApp/build/FinalVirtualFullFinal/SDKExplicitPrecompiledModules/CoreAudioTypes-DACOHBI84B5RFHBCG9KI7G0OS.pcm

SwiftExplicitDependencyGeneratePcm arm64 /Users/german/Work/JS/polski-grammar-srs/kotlin/iosApp/build/FinalVirtualFullFinal/SDKExplicitPrecompiledModules/CoreAudio-F1C0YT870P830DO1QTH1TWA5O.pcm

SwiftExplicitDependencyGeneratePcm arm64 /Users/german/Work/JS/polski-grammar-srs/kotlin/iosApp/build/FinalVirtualFullFinal/SDKExplicitPrecompiledModules/Foundation-9TYQGFP07J5MYQY3Q8JSQQ2ZW.pcm

SwiftExplicitDependencyGeneratePcm arm64 /Users/german/Work/JS/polski-grammar-srs/kotlin/iosApp/build/FinalVirtualFullFinal/SDKExplicitPrecompiledModules/ImageIO-9G5DCJ55PQ1QUJ1C82UOWKNJ6.pcm

SwiftExplicitDependencyGeneratePcm arm64 /Users/german/Work/JS/polski-grammar-srs/kotlin/iosApp/build/FinalVirtualFullFinal/SDKExplicitPrecompiledModules/CoreText-C9KWUKQ8SLR08LCJMJYSPG184.pcm

SwiftExplicitDependencyGeneratePcm arm64 /Users/german/Work/JS/polski-grammar-srs/kotlin/iosApp/build/FinalVirtualFullFinal/SDKExplicitPrecompiledModules/UniformTypeIdentifiers-1BEYCWXXHEKCO0Q4B3D1LZ3U8.pcm

SwiftExplicitDependencyGeneratePcm arm64 /Users/german/Work/JS/polski-grammar-srs/kotlin/iosApp/build/FinalVirtualFullFinal/SDKExplicitPrecompiledModules/Symbols-F1IACW03MKTCJOXIMQ6F8E7CC.pcm

SwiftExplicitDependencyGeneratePcm arm64 /Users/german/Work/JS/polski-grammar-srs/kotlin/iosApp/build/FinalVirtualFullFinal/Build/Intermediates.noindex/SwiftExplicitPrecompiledModules/PolskiShared-7MA3VEL5G5QFBGH9WAOUKCZWO.pcm

SwiftExplicitDependencyGeneratePcm arm64 /Users/german/Work/JS/polski-grammar-srs/kotlin/iosApp/build/FinalVirtualFullFinal/SDKExplicitPrecompiledModules/FileProvider-CSI1QQPXDRLZ9033DVLM9HCL2.pcm

SwiftExplicitDependencyGeneratePcm arm64 /Users/german/Work/JS/polski-grammar-srs/kotlin/iosApp/build/FinalVirtualFullFinal/SDKExplicitPrecompiledModules/CoreData-DVAKOJ1WNLAGEN11GI41Q5TOL.pcm

SwiftExplicitDependencyGeneratePcm arm64 /Users/german/Work/JS/polski-grammar-srs/kotlin/iosApp/build/FinalVirtualFullFinal/SDKExplicitPrecompiledModules/IOSurface-D2CWGC6VD0ZAZHI1U525CM93V.pcm

SwiftExplicitDependencyGeneratePcm arm64 /Users/german/Work/JS/polski-grammar-srs/kotlin/iosApp/build/FinalVirtualFullFinal/SDKExplicitPrecompiledModules/UserNotifications-2FCPAO1FXKXZ8S53N5P0EV9C.pcm

SwiftExplicitDependencyGeneratePcm arm64 /Users/german/Work/JS/polski-grammar-srs/kotlin/iosApp/build/FinalVirtualFullFinal/SDKExplicitPrecompiledModules/OSLog-53209SQ4KU7RGR8D8UEK3RJO9.pcm

SwiftExplicitDependencyGeneratePcm arm64 /Users/german/Work/JS/polski-grammar-srs/kotlin/iosApp/build/FinalVirtualFullFinal/SDKExplicitPrecompiledModules/_LocationEssentials-CJZH3GIBDA5MO1ETP2E0MY0E7.pcm

SwiftExplicitDependencyGeneratePcm arm64 /Users/german/Work/JS/polski-grammar-srs/kotlin/iosApp/build/FinalVirtualFullFinal/SDKExplicitPrecompiledModules/DataDetection-CQ0O2U7EUKAY5YGFO5HQLZHF6.pcm

SwiftExplicitDependencyGeneratePcm arm64 /Users/german/Work/JS/polski-grammar-srs/kotlin/iosApp/build/FinalVirtualFullFinal/SDKExplicitPrecompiledModules/OpenGLES-1A3EYHOYW9KHFCBUIR9FBG26K.pcm

SwiftExplicitDependencyGeneratePcm arm64 /Users/german/Work/JS/polski-grammar-srs/kotlin/iosApp/build/FinalVirtualFullFinal/SDKExplicitPrecompiledModules/UIUtilities-3G740HCPMV9YTMJIK60GL94V6.pcm

SwiftExplicitDependencyGeneratePcm arm64 /Users/german/Work/JS/polski-grammar-srs/kotlin/iosApp/build/FinalVirtualFullFinal/SDKExplicitPrecompiledModules/Accessibility-EYHZUVC8CPQRPFGJA4BRQKVT2.pcm

SwiftExplicitDependencyGeneratePcm arm64 /Users/german/Work/JS/polski-grammar-srs/kotlin/iosApp/build/FinalVirtualFullFinal/SDKExplicitPrecompiledModules/CoreLocation-CZI17ERVNWH5XFUSKT5KHN91X.pcm

SwiftExplicitDependencyGeneratePcm arm64 /Users/german/Work/JS/polski-grammar-srs/kotlin/iosApp/build/FinalVirtualFullFinal/SDKExplicitPrecompiledModules/CoreTransferable-8JZQGZKSUKNOX3UUMGUGE1M5A.pcm

SwiftExplicitDependencyGeneratePcm arm64 /Users/german/Work/JS/polski-grammar-srs/kotlin/iosApp/build/FinalVirtualFullFinal/SDKExplicitPrecompiledModules/Metal-4HPE3JJQTE5S9U5JINSHMMML0.pcm

SwiftExplicitDependencyGeneratePcm arm64 /Users/german/Work/JS/polski-grammar-srs/kotlin/iosApp/build/FinalVirtualFullFinal/SDKExplicitPrecompiledModules/CoreMotion-9IKB38LFXRYHNLSIK196LG40P.pcm

SwiftExplicitDependencyGeneratePcm arm64 /Users/german/Work/JS/polski-grammar-srs/kotlin/iosApp/build/FinalVirtualFullFinal/SDKExplicitPrecompiledModules/CoreVideo-36JLCC3AH8WMID7PE3NV7MY52.pcm

SwiftExplicitDependencyGeneratePcm arm64 /Users/german/Work/JS/polski-grammar-srs/kotlin/iosApp/build/FinalVirtualFullFinal/SDKExplicitPrecompiledModules/CoreMedia-IBN0GZJ3GT1TIBD1T4HP8JUP.pcm

SwiftExplicitDependencyGeneratePcm arm64 /Users/german/Work/JS/polski-grammar-srs/kotlin/iosApp/build/FinalVirtualFullFinal/SDKExplicitPrecompiledModules/QuartzCore-AFRABIRQXHMN5I23EJ9ZB4IZ8.pcm

SwiftExplicitDependencyGeneratePcm arm64 /Users/german/Work/JS/polski-grammar-srs/kotlin/iosApp/build/FinalVirtualFullFinal/SDKExplicitPrecompiledModules/CoreImage-DA5PL3YRQBN84D1KBPDB92BAN.pcm

SwiftExplicitDependencyGeneratePcm arm64 /Users/german/Work/JS/polski-grammar-srs/kotlin/iosApp/build/FinalVirtualFullFinal/SDKExplicitPrecompiledModules/SwiftUICore-BMXZIWO7JHBZP3NNB12QD2NQ0.pcm

SwiftExplicitDependencyGeneratePcm arm64 /Users/german/Work/JS/polski-grammar-srs/kotlin/iosApp/build/FinalVirtualFullFinal/SDKExplicitPrecompiledModules/UIKit-25IBTSL9OYOHU2QVF62IPCF5W.pcm

SwiftExplicitDependencyGeneratePcm arm64 /Users/german/Work/JS/polski-grammar-srs/kotlin/iosApp/build/FinalVirtualFullFinal/SDKExplicitPrecompiledModules/SwiftUI-APPTMQAW6334FGYHYLBMO4HJ4.pcm

SwiftEmitModule normal arm64 Emitting\ module\ for\ PolskiGrammar (in target 'PolskiGrammar' from project 'PolskiGrammar')

SwiftCompile normal arm64 (in target 'PolskiGrammar' from project 'PolskiGrammar')
    cd /Users/german/Work/JS/polski-grammar-srs/kotlin/iosApp
    

SwiftCompile normal arm64 Compiling\ GeneratedAssetSymbols.swift /Users/german/Work/JS/polski-grammar-srs/kotlin/iosApp/build/FinalVirtualFullFinal/Build/Intermediates.noindex/PolskiGrammar.build/Debug-iphonesimulator/PolskiGrammar.build/DerivedSources/GeneratedAssetSymbols.swift (in target 'PolskiGrammar' from project 'PolskiGrammar')

SwiftCompile normal arm64 /Users/german/Work/JS/polski-grammar-srs/kotlin/iosApp/build/FinalVirtualFullFinal/Build/Intermediates.noindex/PolskiGrammar.build/Debug-iphonesimulator/PolskiGrammar.build/DerivedSources/GeneratedAssetSymbols.swift (in target 'PolskiGrammar' from project 'PolskiGrammar')
    cd /Users/german/Work/JS/polski-grammar-srs/kotlin/iosApp
    builtin-SwiftPerFileCompile GeneratedAssetSymbols.swift

SwiftCompile normal arm64 Compiling\ PolskiGrammarApp.swift /Users/german/Work/JS/polski-grammar-srs/kotlin/iosApp/PolskiGrammar/PolskiGrammarApp.swift (in target 'PolskiGrammar' from project 'PolskiGrammar')

SwiftCompile normal arm64 /Users/german/Work/JS/polski-grammar-srs/kotlin/iosApp/PolskiGrammar/PolskiGrammarApp.swift (in target 'PolskiGrammar' from project 'PolskiGrammar')
    cd /Users/german/Work/JS/polski-grammar-srs/kotlin/iosApp
    builtin-SwiftPerFileCompile PolskiGrammarApp.swift

SwiftDriverJobDiscovery normal arm64 Emitting module for PolskiGrammar (in target 'PolskiGrammar' from project 'PolskiGrammar')

SwiftDriver\ Compilation\ Requirements PolskiGrammar normal arm64 com.apple.xcode.tools.swift.compiler (in target 'PolskiGrammar' from project 'PolskiGrammar')
    cd /Users/german/Work/JS/polski-grammar-srs/kotlin/iosApp
    builtin-Swift-Compilation-Requirements -- /Applications/Xcode.app/Contents/Developer/Toolchains/XcodeDefault.xctoolchain/usr/bin/swiftc -module-name PolskiGrammar -Onone @/Users/german/Work/JS/polski-grammar-srs/kotlin/iosApp/build/FinalVirtualFullFinal/Build/Intermediates.noindex/PolskiGrammar.build/Debug-iphonesimulator/PolskiGrammar.build/Objects-normal/arm64/PolskiGrammar.SwiftFileList -DDEBUG -enable-bare-slash-regex -enable-experimental-feature DebugDescriptionMacro -sdk /Applications/Xcode.app/Contents/Developer/Platforms/iPhoneSimulator.platform/Developer/SDKs/iPhoneSimulator27.0.sdk -target arm64-apple-ios17.0-simulator -g -module-cache-path /Users/german/Work/JS/polski-grammar-srs/kotlin/iosApp/build/FinalVirtualFullFinal/ModuleCache.noindex -Xfrontend -serialize-debugging-options -enable-testing -index-store-path /Users/german/Work/JS/polski-grammar-srs/kotlin/iosApp/build/FinalVirtualFullFinal/Index.noindex/DataStore -Xcc -D_LIBCPP_HARDENING_MODE\=_LIBCPP_HARDENING_MODE_DEBUG -swift-version 5 -I /Users/german/Work/JS/polski-grammar-srs/kotlin/iosApp/build/FinalVirtualFullFinal/Build/Products/Debug-iphonesimulator -F /Users/german/Work/JS/polski-grammar-srs/kotlin/iosApp/build/FinalVirtualFullFinal/Build/Products/Debug-iphonesimulator -c -j10 -enable-batch-mode -incremental -Xcc -ivfsstatcache -Xcc /Users/german/Work/JS/polski-grammar-srs/kotlin/iosApp/build/FinalVirtualFullFinal/SDKStatCaches.noindex/iphonesimulator27.0-24A430-8dc58220667be655e1bcc261a7455254.sdkstatcache -output-file-map /Users/german/Work/JS/polski-grammar-srs/kotlin/iosApp/build/FinalVirtualFullFinal/Build/Intermediates.noindex/PolskiGrammar.build/Debug-iphonesimulator/PolskiGrammar.build/Objects-normal/arm64/PolskiGrammar-OutputFileMap.json -save-temps -no-color-diagnostics -explicit-module-build -module-cache-path /Users/german/Work/JS/polski-grammar-srs/kotlin/iosApp/build/FinalVirtualFullFinal/Build/Intermediates.noindex/SwiftExplicitPrecompiledModules -clang-scanner-module-cache-path /Users/german/Work/JS/polski-grammar-srs/kotlin/iosApp/build/FinalVirtualFullFinal/ModuleCache.noindex -sdk-module-cache-path /Users/german/Work/JS/polski-grammar-srs/kotlin/iosApp/build/FinalVirtualFullFinal/SDKExplicitPrecompiledModules -emit-dependencies -emit-module -emit-module-path /Users/german/Work/JS/polski-grammar-srs/kotlin/iosApp/build/FinalVirtualFullFinal/Build/Intermediates.noindex/PolskiGrammar.build/Debug-iphonesimulator/PolskiGrammar.build/Objects-normal/arm64/PolskiGrammar.swiftmodule -serialize-diagnostics -dependency-scan-serialize-diagnostics-path /Users/german/Work/JS/polski-grammar-srs/kotlin/iosApp/build/FinalVirtualFullFinal/Build/Intermediates.noindex/PolskiGrammar.build/Debug-iphonesimulator/PolskiGrammar.build/Objects-normal/arm64/PolskiGrammar-dependency-scan.dia -validate-clang-modules-once -clang-build-session-file /Users/german/Work/JS/polski-grammar-srs/kotlin/iosApp/build/FinalVirtualFullFinal/ModuleCache.noindex/Session.modulevalidation -Xcc -fmodules-prune-interval\=86400 -Xcc -fmodules-prune-after\=345600 -emit-const-values -const-gather-protocols-list /Users/german/Work/JS/polski-grammar-srs/kotlin/iosApp/build/FinalVirtualFullFinal/Build/Intermediates.noindex/PolskiGrammar.build/Debug-iphonesimulator/PolskiGrammar.build/Objects-normal/arm64/PolskiGrammar_const_extract_protocols.json -Xcc -iquote -Xcc /Users/german/Work/JS/polski-grammar-srs/kotlin/iosApp/build/FinalVirtualFullFinal/Build/Intermediates.noindex/PolskiGrammar.build/Debug-iphonesimulator/PolskiGrammar.build/PolskiGrammar-generated-files.hmap -Xcc -I/Users/german/Work/JS/polski-grammar-srs/kotlin/iosApp/build/FinalVirtualFullFinal/Build/Intermediates.noindex/PolskiGrammar.build/Debug-iphonesimulator/PolskiGrammar.build/PolskiGrammar-own-target-headers.hmap -Xcc -I/Users/german/Work/JS/polski-grammar-srs/kotlin/iosApp/build/FinalVirtualFullFinal/Build/Intermediates.noindex/PolskiGrammar.build/Debug-iphonesimulator/PolskiGrammar.build/PolskiGrammar-all-target-headers.hmap -Xcc -iquote -Xcc /Users/german/Work/JS/polski-grammar-srs/kotlin/iosApp/build/FinalVirtualFullFinal/Build/Intermediates.noindex/PolskiGrammar.build/Debug-iphonesimulator/PolskiGrammar.build/PolskiGrammar-project-headers.hmap -Xcc -I/Users/german/Work/JS/polski-grammar-srs/kotlin/iosApp/build/FinalVirtualFullFinal/Build/Products/Debug-iphonesimulator/include -Xcc -I/Users/german/Work/JS/polski-grammar-srs/kotlin/iosApp/build/FinalVirtualFullFinal/Build/Intermediates.noindex/PolskiGrammar.build/Debug-iphonesimulator/PolskiGrammar.build/DerivedSources-normal/arm64 -Xcc -I/Users/german/Work/JS/polski-grammar-srs/kotlin/iosApp/build/FinalVirtualFullFinal/Build/Intermediates.noindex/PolskiGrammar.build/Debug-iphonesimulator/PolskiGrammar.build/DerivedSources/arm64 -Xcc -I/Users/german/Work/JS/polski-grammar-srs/kotlin/iosApp/build/FinalVirtualFullFinal/Build/Intermediates.noindex/PolskiGrammar.build/Debug-iphonesimulator/PolskiGrammar.build/DerivedSources -Xcc -DDEBUG\=1 -emit-objc-header -emit-objc-header-path /Users/german/Work/JS/polski-grammar-srs/kotlin/iosApp/build/FinalVirtualFullFinal/Build/Intermediates.noindex/PolskiGrammar.build/Debug-iphonesimulator/PolskiGrammar.build/Objects-normal/arm64/PolskiGrammar-Swift.h -working-directory /Users/german/Work/JS/polski-grammar-srs/kotlin/iosApp -experimental-emit-module-separately -disable-cmo

SwiftMergeGeneratedHeaders /Users/german/Work/JS/polski-grammar-srs/kotlin/iosApp/build/FinalVirtualFullFinal/Build/Intermediates.noindex/PolskiGrammar.build/Debug-iphonesimulator/PolskiGrammar.build/DerivedSources/PolskiGrammar-Swift.h /Users/german/Work/JS/polski-grammar-srs/kotlin/iosApp/build/FinalVirtualFullFinal/Build/Intermediates.noindex/PolskiGrammar.build/Debug-iphonesimulator/PolskiGrammar.build/Objects-normal/arm64/PolskiGrammar-Swift.h (in target 'PolskiGrammar' from project 'PolskiGrammar')
    cd /Users/german/Work/JS/polski-grammar-srs/kotlin/iosApp
    builtin-swiftHeaderTool -arch arm64 /Users/german/Work/JS/polski-grammar-srs/kotlin/iosApp/build/FinalVirtualFullFinal/Build/Intermediates.noindex/PolskiGrammar.build/Debug-iphonesimulator/PolskiGrammar.build/Objects-normal/arm64/PolskiGrammar-Swift.h -o /Users/german/Work/JS/polski-grammar-srs/kotlin/iosApp/build/FinalVirtualFullFinal/Build/Intermediates.noindex/PolskiGrammar.build/Debug-iphonesimulator/PolskiGrammar.build/DerivedSources/PolskiGrammar-Swift.h

Copy /Users/german/Work/JS/polski-grammar-srs/kotlin/iosApp/build/FinalVirtualFullFinal/Build/Products/Debug-iphonesimulator/PolskiGrammar.swiftmodule/arm64-apple-ios-simulator.swiftmodule /Users/german/Work/JS/polski-grammar-srs/kotlin/iosApp/build/FinalVirtualFullFinal/Build/Intermediates.noindex/PolskiGrammar.build/Debug-iphonesimulator/PolskiGrammar.build/Objects-normal/arm64/PolskiGrammar.swiftmodule (in target 'PolskiGrammar' from project 'PolskiGrammar')
    cd /Users/german/Work/JS/polski-grammar-srs/kotlin/iosApp
    builtin-copy -exclude .DS_Store -exclude CVS -exclude .svn -exclude .git -exclude .hg -resolve-src-symlinks -rename /Users/german/Work/JS/polski-grammar-srs/kotlin/iosApp/build/FinalVirtualFullFinal/Build/Intermediates.noindex/PolskiGrammar.build/Debug-iphonesimulator/PolskiGrammar.build/Objects-normal/arm64/PolskiGrammar.swiftmodule /Users/german/Work/JS/polski-grammar-srs/kotlin/iosApp/build/FinalVirtualFullFinal/Build/Products/Debug-iphonesimulator/PolskiGrammar.swiftmodule/arm64-apple-ios-simulator.swiftmodule

Copy /Users/german/Work/JS/polski-grammar-srs/kotlin/iosApp/build/FinalVirtualFullFinal/Build/Products/Debug-iphonesimulator/PolskiGrammar.swiftmodule/arm64-apple-ios-simulator.abi.json /Users/german/Work/JS/polski-grammar-srs/kotlin/iosApp/build/FinalVirtualFullFinal/Build/Intermediates.noindex/PolskiGrammar.build/Debug-iphonesimulator/PolskiGrammar.build/Objects-normal/arm64/PolskiGrammar.abi.json (in target 'PolskiGrammar' from project 'PolskiGrammar')
    cd /Users/german/Work/JS/polski-grammar-srs/kotlin/iosApp
    builtin-copy -exclude .DS_Store -exclude CVS -exclude .svn -exclude .git -exclude .hg -resolve-src-symlinks -rename /Users/german/Work/JS/polski-grammar-srs/kotlin/iosApp/build/FinalVirtualFullFinal/Build/Intermediates.noindex/PolskiGrammar.build/Debug-iphonesimulator/PolskiGrammar.build/Objects-normal/arm64/PolskiGrammar.abi.json /Users/german/Work/JS/polski-grammar-srs/kotlin/iosApp/build/FinalVirtualFullFinal/Build/Products/Debug-iphonesimulator/PolskiGrammar.swiftmodule/arm64-apple-ios-simulator.abi.json

Copy /Users/german/Work/JS/polski-grammar-srs/kotlin/iosApp/build/FinalVirtualFullFinal/Build/Products/Debug-iphonesimulator/PolskiGrammar.swiftmodule/arm64-apple-ios-simulator.swiftdoc /Users/german/Work/JS/polski-grammar-srs/kotlin/iosApp/build/FinalVirtualFullFinal/Build/Intermediates.noindex/PolskiGrammar.build/Debug-iphonesimulator/PolskiGrammar.build/Objects-normal/arm64/PolskiGrammar.swiftdoc (in target 'PolskiGrammar' from project 'PolskiGrammar')
    cd /Users/german/Work/JS/polski-grammar-srs/kotlin/iosApp
    builtin-copy -exclude .DS_Store -exclude CVS -exclude .svn -exclude .git -exclude .hg -resolve-src-symlinks -rename /Users/german/Work/JS/polski-grammar-srs/kotlin/iosApp/build/FinalVirtualFullFinal/Build/Intermediates.noindex/PolskiGrammar.build/Debug-iphonesimulator/PolskiGrammar.build/Objects-normal/arm64/PolskiGrammar.swiftdoc /Users/german/Work/JS/polski-grammar-srs/kotlin/iosApp/build/FinalVirtualFullFinal/Build/Products/Debug-iphonesimulator/PolskiGrammar.swiftmodule/arm64-apple-ios-simulator.swiftdoc

Copy /Users/german/Work/JS/polski-grammar-srs/kotlin/iosApp/build/FinalVirtualFullFinal/Build/Products/Debug-iphonesimulator/PolskiGrammar.swiftmodule/Project/arm64-apple-ios-simulator.swiftsourceinfo /Users/german/Work/JS/polski-grammar-srs/kotlin/iosApp/build/FinalVirtualFullFinal/Build/Intermediates.noindex/PolskiGrammar.build/Debug-iphonesimulator/PolskiGrammar.build/Objects-normal/arm64/PolskiGrammar.swiftsourceinfo (in target 'PolskiGrammar' from project 'PolskiGrammar')
    cd /Users/german/Work/JS/polski-grammar-srs/kotlin/iosApp
    builtin-copy -exclude .DS_Store -exclude CVS -exclude .svn -exclude .git -exclude .hg -resolve-src-symlinks -rename /Users/german/Work/JS/polski-grammar-srs/kotlin/iosApp/build/FinalVirtualFullFinal/Build/Intermediates.noindex/PolskiGrammar.build/Debug-iphonesimulator/PolskiGrammar.build/Objects-normal/arm64/PolskiGrammar.swiftsourceinfo /Users/german/Work/JS/polski-grammar-srs/kotlin/iosApp/build/FinalVirtualFullFinal/Build/Products/Debug-iphonesimulator/PolskiGrammar.swiftmodule/Project/arm64-apple-ios-simulator.swiftsourceinfo

SwiftDriver PolskiGrammarUITests normal arm64 com.apple.xcode.tools.swift.compiler (in target 'PolskiGrammarUITests' from project 'PolskiGrammar')
    cd /Users/german/Work/JS/polski-grammar-srs/kotlin/iosApp
    builtin-SwiftDriver -- /Applications/Xcode.app/Contents/Developer/Toolchains/XcodeDefault.xctoolchain/usr/bin/swiftc -module-name PolskiGrammarUITests -Onone @/Users/german/Work/JS/polski-grammar-srs/kotlin/iosApp/build/FinalVirtualFullFinal/Build/Intermediates.noindex/PolskiGrammar.build/Debug-iphonesimulator/PolskiGrammarUITests.build/Objects-normal/arm64/PolskiGrammarUITests.SwiftFileList -DDEBUG -module-alias Testing\=_Testing_Unavailable -plugin-path /Applications/Xcode.app/Contents/Developer/Toolchains/XcodeDefault.xctoolchain/usr/lib/swift/host/plugins/testing -enable-bare-slash-regex -enable-experimental-feature DebugDescriptionMacro -sdk /Applications/Xcode.app/Contents/Developer/Platforms/iPhoneSimulator.platform/Developer/SDKs/iPhoneSimulator27.0.sdk -target arm64-apple-ios17.0-simulator -g -module-cache-path /Users/german/Work/JS/polski-grammar-srs/kotlin/iosApp/build/FinalVirtualFullFinal/ModuleCache.noindex -Xfrontend -serialize-debugging-options -enable-testing -index-store-path /Users/german/Work/JS/polski-grammar-srs/kotlin/iosApp/build/FinalVirtualFullFinal/Index.noindex/DataStore -Xcc -D_LIBCPP_HARDENING_MODE\=_LIBCPP_HARDENING_MODE_DEBUG -swift-version 5 -I /Users/german/Work/JS/polski-grammar-srs/kotlin/iosApp/build/FinalVirtualFullFinal/Build/Products/Debug-iphonesimulator -Isystem /Applications/Xcode.app/Contents/Developer/Platforms/iPhoneSimulator.platform/Developer/usr/lib -F /Users/german/Work/JS/polski-grammar-srs/kotlin/iosApp/build/FinalVirtualFullFinal/Build/Products/Debug-iphonesimulator -F /Applications/Xcode.app/Contents/Developer/Platforms/iPhoneSimulator.platform/Developer/Library/Frameworks -F /Applications/Xcode.app/Contents/Developer/Platforms/iPhoneSimulator.platform/Developer/SDKs/iPhoneSimulator27.0.sdk/Developer/Library/Frameworks -parse-as-library -c -j10 -enable-batch-mode -incremental -Xcc -ivfsstatcache -Xcc /Users/german/Work/JS/polski-grammar-srs/kotlin/iosApp/build/FinalVirtualFullFinal/SDKStatCaches.noindex/iphonesimulator27.0-24A430-8dc58220667be655e1bcc261a7455254.sdkstatcache -output-file-map /Users/german/Work/JS/polski-grammar-srs/kotlin/iosApp/build/FinalVirtualFullFinal/Build/Intermediates.noindex/PolskiGrammar.build/Debug-iphonesimulator/PolskiGrammarUITests.build/Objects-normal/arm64/PolskiGrammarUITests-OutputFileMap.json -save-temps -no-color-diagnostics -explicit-module-build -module-cache-path /Users/german/Work/JS/polski-grammar-srs/kotlin/iosApp/build/FinalVirtualFullFinal/Build/Intermediates.noindex/SwiftExplicitPrecompiledModules -clang-scanner-module-cache-path /Users/german/Work/JS/polski-grammar-srs/kotlin/iosApp/build/FinalVirtualFullFinal/ModuleCache.noindex -sdk-module-cache-path /Users/german/Work/JS/polski-grammar-srs/kotlin/iosApp/build/FinalVirtualFullFinal/SDKExplicitPrecompiledModules -emit-dependencies -emit-module -emit-module-path /Users/german/Work/JS/polski-grammar-srs/kotlin/iosApp/build/FinalVirtualFullFinal/Build/Intermediates.noindex/PolskiGrammar.build/Debug-iphonesimulator/PolskiGrammarUITests.build/Objects-normal/arm64/PolskiGrammarUITests.swiftmodule -serialize-diagnostics -dependency-scan-serialize-diagnostics-path /Users/german/Work/JS/polski-grammar-srs/kotlin/iosApp/build/FinalVirtualFullFinal/Build/Intermediates.noindex/PolskiGrammar.build/Debug-iphonesimulator/PolskiGrammarUITests.build/Objects-normal/arm64/PolskiGrammarUITests-dependency-scan.dia -validate-clang-modules-once -clang-build-session-file /Users/german/Work/JS/polski-grammar-srs/kotlin/iosApp/build/FinalVirtualFullFinal/ModuleCache.noindex/Session.modulevalidation -Xcc -fmodules-prune-interval\=86400 -Xcc -fmodules-prune-after\=345600 -emit-const-values -const-gather-protocols-list /Users/german/Work/JS/polski-grammar-srs/kotlin/iosApp/build/FinalVirtualFullFinal/Build/Intermediates.noindex/PolskiGrammar.build/Debug-iphonesimulator/PolskiGrammarUITests.build/Objects-normal/arm64/PolskiGrammarUITests_const_extract_protocols.json -Xcc -iquote -Xcc /Users/german/Work/JS/polski-grammar-srs/kotlin/iosApp/build/FinalVirtualFullFinal/Build/Intermediates.noindex/PolskiGrammar.build/Debug-iphonesimulator/PolskiGrammarUITests.build/PolskiGrammarUITests-generated-files.hmap -Xcc -I/Users/german/Work/JS/polski-grammar-srs/kotlin/iosApp/build/FinalVirtualFullFinal/Build/Intermediates.noindex/PolskiGrammar.build/Debug-iphonesimulator/PolskiGrammarUITests.build/PolskiGrammarUITests-own-target-headers.hmap -Xcc -I/Users/german/Work/JS/polski-grammar-srs/kotlin/iosApp/build/FinalVirtualFullFinal/Build/Intermediates.noindex/PolskiGrammar.build/Debug-iphonesimulator/PolskiGrammarUITests.build/PolskiGrammarUITests-all-target-headers.hmap -Xcc -iquote -Xcc /Users/german/Work/JS/polski-grammar-srs/kotlin/iosApp/build/FinalVirtualFullFinal/Build/Intermediates.noindex/PolskiGrammar.build/Debug-iphonesimulator/PolskiGrammarUITests.build/PolskiGrammarUITests-project-headers.hmap -Xcc -I/Users/german/Work/JS/polski-grammar-srs/kotlin/iosApp/build/FinalVirtualFullFinal/Build/Products/Debug-iphonesimulator/include -Xcc -I/Users/german/Work/JS/polski-grammar-srs/kotlin/iosApp/build/FinalVirtualFullFinal/Build/Intermediates.noindex/PolskiGrammar.build/Debug-iphonesimulator/PolskiGrammarUITests.build/DerivedSources-normal/arm64 -Xcc -I/Users/german/Work/JS/polski-grammar-srs/kotlin/iosApp/build/FinalVirtualFullFinal/Build/Intermediates.noindex/PolskiGrammar.build/Debug-iphonesimulator/PolskiGrammarUITests.build/DerivedSources/arm64 -Xcc -I/Users/german/Work/JS/polski-grammar-srs/kotlin/iosApp/build/FinalVirtualFullFinal/Build/Intermediates.noindex/PolskiGrammar.build/Debug-iphonesimulator/PolskiGrammarUITests.build/DerivedSources -Xcc -DDEBUG\=1 -emit-objc-header -emit-objc-header-path /Users/german/Work/JS/polski-grammar-srs/kotlin/iosApp/build/FinalVirtualFullFinal/Build/Intermediates.noindex/PolskiGrammar.build/Debug-iphonesimulator/PolskiGrammarUITests.build/Objects-normal/arm64/PolskiGrammarUITests-Swift.h -working-directory /Users/german/Work/JS/polski-grammar-srs/kotlin/iosApp -experimental-emit-module-separately -disable-cmo

SwiftExplicitDependencyGeneratePcm arm64 /Users/german/Work/JS/polski-grammar-srs/kotlin/iosApp/build/FinalVirtualFullFinal/Build/Intermediates.noindex/SwiftExplicitPrecompiledModules/XCUIAutomation-93A43YJYPOE7X9FECAD8HEP6X.pcm

SwiftExplicitDependencyCompileModuleFromInterface arm64 /Users/german/Work/JS/polski-grammar-srs/kotlin/iosApp/build/FinalVirtualFullFinal/Build/Intermediates.noindex/SwiftExplicitPrecompiledModules/XCUIAutomation-3RUAIQ0SA0ZZ3.swiftmodule

SwiftExplicitDependencyGeneratePcm arm64 /Users/german/Work/JS/polski-grammar-srs/kotlin/iosApp/build/FinalVirtualFullFinal/Build/Intermediates.noindex/SwiftExplicitPrecompiledModules/XCTest-2K13OLYPVHQK2FI34HTFNA82W.pcm

SwiftExplicitDependencyCompileModuleFromInterface arm64 /Users/german/Work/JS/polski-grammar-srs/kotlin/iosApp/build/FinalVirtualFullFinal/Build/Intermediates.noindex/SwiftExplicitPrecompiledModules/XCTest-R0YI64P26EWU.swiftmodule

SwiftCompile normal arm64 Compiling\ PolskiGrammarUITests.swift /Users/german/Work/JS/polski-grammar-srs/kotlin/iosApp/PolskiGrammarUITests/PolskiGrammarUITests.swift (in target 'PolskiGrammarUITests' from project 'PolskiGrammar')

SwiftCompile normal arm64 /Users/german/Work/JS/polski-grammar-srs/kotlin/iosApp/PolskiGrammarUITests/PolskiGrammarUITests.swift (in target 'PolskiGrammarUITests' from project 'PolskiGrammar')
    cd /Users/german/Work/JS/polski-grammar-srs/kotlin/iosApp
    builtin-SwiftPerFileCompile PolskiGrammarUITests.swift

SwiftEmitModule normal arm64 Emitting\ module\ for\ PolskiGrammarUITests (in target 'PolskiGrammarUITests' from project 'PolskiGrammar')

SwiftCompile normal arm64 (in target 'PolskiGrammarUITests' from project 'PolskiGrammar')
    cd /Users/german/Work/JS/polski-grammar-srs/kotlin/iosApp
    

SwiftDriverJobDiscovery normal arm64 Compiling GeneratedAssetSymbols.swift (in target 'PolskiGrammar' from project 'PolskiGrammar')

SwiftDriverJobDiscovery normal arm64 Emitting module for PolskiGrammarUITests (in target 'PolskiGrammarUITests' from project 'PolskiGrammar')

SwiftDriver\ Compilation\ Requirements PolskiGrammarUITests normal arm64 com.apple.xcode.tools.swift.compiler (in target 'PolskiGrammarUITests' from project 'PolskiGrammar')
    cd /Users/german/Work/JS/polski-grammar-srs/kotlin/iosApp
    builtin-Swift-Compilation-Requirements -- /Applications/Xcode.app/Contents/Developer/Toolchains/XcodeDefault.xctoolchain/usr/bin/swiftc -module-name PolskiGrammarUITests -Onone @/Users/german/Work/JS/polski-grammar-srs/kotlin/iosApp/build/FinalVirtualFullFinal/Build/Intermediates.noindex/PolskiGrammar.build/Debug-iphonesimulator/PolskiGrammarUITests.build/Objects-normal/arm64/PolskiGrammarUITests.SwiftFileList -DDEBUG -module-alias Testing\=_Testing_Unavailable -plugin-path /Applications/Xcode.app/Contents/Developer/Toolchains/XcodeDefault.xctoolchain/usr/lib/swift/host/plugins/testing -enable-bare-slash-regex -enable-experimental-feature DebugDescriptionMacro -sdk /Applications/Xcode.app/Contents/Developer/Platforms/iPhoneSimulator.platform/Developer/SDKs/iPhoneSimulator27.0.sdk -target arm64-apple-ios17.0-simulator -g -module-cache-path /Users/german/Work/JS/polski-grammar-srs/kotlin/iosApp/build/FinalVirtualFullFinal/ModuleCache.noindex -Xfrontend -serialize-debugging-options -enable-testing -index-store-path /Users/german/Work/JS/polski-grammar-srs/kotlin/iosApp/build/FinalVirtualFullFinal/Index.noindex/DataStore -Xcc -D_LIBCPP_HARDENING_MODE\=_LIBCPP_HARDENING_MODE_DEBUG -swift-version 5 -I /Users/german/Work/JS/polski-grammar-srs/kotlin/iosApp/build/FinalVirtualFullFinal/Build/Products/Debug-iphonesimulator -Isystem /Applications/Xcode.app/Contents/Developer/Platforms/iPhoneSimulator.platform/Developer/usr/lib -F /Users/german/Work/JS/polski-grammar-srs/kotlin/iosApp/build/FinalVirtualFullFinal/Build/Products/Debug-iphonesimulator -F /Applications/Xcode.app/Contents/Developer/Platforms/iPhoneSimulator.platform/Developer/Library/Frameworks -F /Applications/Xcode.app/Contents/Developer/Platforms/iPhoneSimulator.platform/Developer/SDKs/iPhoneSimulator27.0.sdk/Developer/Library/Frameworks -parse-as-library -c -j10 -enable-batch-mode -incremental -Xcc -ivfsstatcache -Xcc /Users/german/Work/JS/polski-grammar-srs/kotlin/iosApp/build/FinalVirtualFullFinal/SDKStatCaches.noindex/iphonesimulator27.0-24A430-8dc58220667be655e1bcc261a7455254.sdkstatcache -output-file-map /Users/german/Work/JS/polski-grammar-srs/kotlin/iosApp/build/FinalVirtualFullFinal/Build/Intermediates.noindex/PolskiGrammar.build/Debug-iphonesimulator/PolskiGrammarUITests.build/Objects-normal/arm64/PolskiGrammarUITests-OutputFileMap.json -save-temps -no-color-diagnostics -explicit-module-build -module-cache-path /Users/german/Work/JS/polski-grammar-srs/kotlin/iosApp/build/FinalVirtualFullFinal/Build/Intermediates.noindex/SwiftExplicitPrecompiledModules -clang-scanner-module-cache-path /Users/german/Work/JS/polski-grammar-srs/kotlin/iosApp/build/FinalVirtualFullFinal/ModuleCache.noindex -sdk-module-cache-path /Users/german/Work/JS/polski-grammar-srs/kotlin/iosApp/build/FinalVirtualFullFinal/SDKExplicitPrecompiledModules -emit-dependencies -emit-module -emit-module-path /Users/german/Work/JS/polski-grammar-srs/kotlin/iosApp/build/FinalVirtualFullFinal/Build/Intermediates.noindex/PolskiGrammar.build/Debug-iphonesimulator/PolskiGrammarUITests.build/Objects-normal/arm64/PolskiGrammarUITests.swiftmodule -serialize-diagnostics -dependency-scan-serialize-diagnostics-path /Users/german/Work/JS/polski-grammar-srs/kotlin/iosApp/build/FinalVirtualFullFinal/Build/Intermediates.noindex/PolskiGrammar.build/Debug-iphonesimulator/PolskiGrammarUITests.build/Objects-normal/arm64/PolskiGrammarUITests-dependency-scan.dia -validate-clang-modules-once -clang-build-session-file /Users/german/Work/JS/polski-grammar-srs/kotlin/iosApp/build/FinalVirtualFullFinal/ModuleCache.noindex/Session.modulevalidation -Xcc -fmodules-prune-interval\=86400 -Xcc -fmodules-prune-after\=345600 -emit-const-values -const-gather-protocols-list /Users/german/Work/JS/polski-grammar-srs/kotlin/iosApp/build/FinalVirtualFullFinal/Build/Intermediates.noindex/PolskiGrammar.build/Debug-iphonesimulator/PolskiGrammarUITests.build/Objects-normal/arm64/PolskiGrammarUITests_const_extract_protocols.json -Xcc -iquote -Xcc /Users/german/Work/JS/polski-grammar-srs/kotlin/iosApp/build/FinalVirtualFullFinal/Build/Intermediates.noindex/PolskiGrammar.build/Debug-iphonesimulator/PolskiGrammarUITests.build/PolskiGrammarUITests-generated-files.hmap -Xcc -I/Users/german/Work/JS/polski-grammar-srs/kotlin/iosApp/build/FinalVirtualFullFinal/Build/Intermediates.noindex/PolskiGrammar.build/Debug-iphonesimulator/PolskiGrammarUITests.build/PolskiGrammarUITests-own-target-headers.hmap -Xcc -I/Users/german/Work/JS/polski-grammar-srs/kotlin/iosApp/build/FinalVirtualFullFinal/Build/Intermediates.noindex/PolskiGrammar.build/Debug-iphonesimulator/PolskiGrammarUITests.build/PolskiGrammarUITests-all-target-headers.hmap -Xcc -iquote -Xcc /Users/german/Work/JS/polski-grammar-srs/kotlin/iosApp/build/FinalVirtualFullFinal/Build/Intermediates.noindex/PolskiGrammar.build/Debug-iphonesimulator/PolskiGrammarUITests.build/PolskiGrammarUITests-project-headers.hmap -Xcc -I/Users/german/Work/JS/polski-grammar-srs/kotlin/iosApp/build/FinalVirtualFullFinal/Build/Products/Debug-iphonesimulator/include -Xcc -I/Users/german/Work/JS/polski-grammar-srs/kotlin/iosApp/build/FinalVirtualFullFinal/Build/Intermediates.noindex/PolskiGrammar.build/Debug-iphonesimulator/PolskiGrammarUITests.build/DerivedSources-normal/arm64 -Xcc -I/Users/german/Work/JS/polski-grammar-srs/kotlin/iosApp/build/FinalVirtualFullFinal/Build/Intermediates.noindex/PolskiGrammar.build/Debug-iphonesimulator/PolskiGrammarUITests.build/DerivedSources/arm64 -Xcc -I/Users/german/Work/JS/polski-grammar-srs/kotlin/iosApp/build/FinalVirtualFullFinal/Build/Intermediates.noindex/PolskiGrammar.build/Debug-iphonesimulator/PolskiGrammarUITests.build/DerivedSources -Xcc -DDEBUG\=1 -emit-objc-header -emit-objc-header-path /Users/german/Work/JS/polski-grammar-srs/kotlin/iosApp/build/FinalVirtualFullFinal/Build/Intermediates.noindex/PolskiGrammar.build/Debug-iphonesimulator/PolskiGrammarUITests.build/Objects-normal/arm64/PolskiGrammarUITests-Swift.h -working-directory /Users/german/Work/JS/polski-grammar-srs/kotlin/iosApp -experimental-emit-module-separately -disable-cmo

SwiftMergeGeneratedHeaders /Users/german/Work/JS/polski-grammar-srs/kotlin/iosApp/build/FinalVirtualFullFinal/Build/Intermediates.noindex/PolskiGrammar.build/Debug-iphonesimulator/PolskiGrammarUITests.build/DerivedSources/PolskiGrammarUITests-Swift.h /Users/german/Work/JS/polski-grammar-srs/kotlin/iosApp/build/FinalVirtualFullFinal/Build/Intermediates.noindex/PolskiGrammar.build/Debug-iphonesimulator/PolskiGrammarUITests.build/Objects-normal/arm64/PolskiGrammarUITests-Swift.h (in target 'PolskiGrammarUITests' from project 'PolskiGrammar')
    cd /Users/german/Work/JS/polski-grammar-srs/kotlin/iosApp
    builtin-swiftHeaderTool -arch arm64 /Users/german/Work/JS/polski-grammar-srs/kotlin/iosApp/build/FinalVirtualFullFinal/Build/Intermediates.noindex/PolskiGrammar.build/Debug-iphonesimulator/PolskiGrammarUITests.build/Objects-normal/arm64/PolskiGrammarUITests-Swift.h -o /Users/german/Work/JS/polski-grammar-srs/kotlin/iosApp/build/FinalVirtualFullFinal/Build/Intermediates.noindex/PolskiGrammar.build/Debug-iphonesimulator/PolskiGrammarUITests.build/DerivedSources/PolskiGrammarUITests-Swift.h

Copy /Users/german/Work/JS/polski-grammar-srs/kotlin/iosApp/build/FinalVirtualFullFinal/Build/Products/Debug-iphonesimulator/PolskiGrammarUITests.swiftmodule/arm64-apple-ios-simulator.swiftdoc /Users/german/Work/JS/polski-grammar-srs/kotlin/iosApp/build/FinalVirtualFullFinal/Build/Intermediates.noindex/PolskiGrammar.build/Debug-iphonesimulator/PolskiGrammarUITests.build/Objects-normal/arm64/PolskiGrammarUITests.swiftdoc (in target 'PolskiGrammarUITests' from project 'PolskiGrammar')
    cd /Users/german/Work/JS/polski-grammar-srs/kotlin/iosApp
    builtin-copy -exclude .DS_Store -exclude CVS -exclude .svn -exclude .git -exclude .hg -resolve-src-symlinks -rename /Users/german/Work/JS/polski-grammar-srs/kotlin/iosApp/build/FinalVirtualFullFinal/Build/Intermediates.noindex/PolskiGrammar.build/Debug-iphonesimulator/PolskiGrammarUITests.build/Objects-normal/arm64/PolskiGrammarUITests.swiftdoc /Users/german/Work/JS/polski-grammar-srs/kotlin/iosApp/build/FinalVirtualFullFinal/Build/Products/Debug-iphonesimulator/PolskiGrammarUITests.swiftmodule/arm64-apple-ios-simulator.swiftdoc

Copy /Users/german/Work/JS/polski-grammar-srs/kotlin/iosApp/build/FinalVirtualFullFinal/Build/Products/Debug-iphonesimulator/PolskiGrammarUITests.swiftmodule/arm64-apple-ios-simulator.abi.json /Users/german/Work/JS/polski-grammar-srs/kotlin/iosApp/build/FinalVirtualFullFinal/Build/Intermediates.noindex/PolskiGrammar.build/Debug-iphonesimulator/PolskiGrammarUITests.build/Objects-normal/arm64/PolskiGrammarUITests.abi.json (in target 'PolskiGrammarUITests' from project 'PolskiGrammar')
    cd /Users/german/Work/JS/polski-grammar-srs/kotlin/iosApp
    builtin-copy -exclude .DS_Store -exclude CVS -exclude .svn -exclude .git -exclude .hg -resolve-src-symlinks -rename /Users/german/Work/JS/polski-grammar-srs/kotlin/iosApp/build/FinalVirtualFullFinal/Build/Intermediates.noindex/PolskiGrammar.build/Debug-iphonesimulator/PolskiGrammarUITests.build/Objects-normal/arm64/PolskiGrammarUITests.abi.json /Users/german/Work/JS/polski-grammar-srs/kotlin/iosApp/build/FinalVirtualFullFinal/Build/Products/Debug-iphonesimulator/PolskiGrammarUITests.swiftmodule/arm64-apple-ios-simulator.abi.json

Copy /Users/german/Work/JS/polski-grammar-srs/kotlin/iosApp/build/FinalVirtualFullFinal/Build/Products/Debug-iphonesimulator/PolskiGrammarUITests.swiftmodule/arm64-apple-ios-simulator.swiftmodule /Users/german/Work/JS/polski-grammar-srs/kotlin/iosApp/build/FinalVirtualFullFinal/Build/Intermediates.noindex/PolskiGrammar.build/Debug-iphonesimulator/PolskiGrammarUITests.build/Objects-normal/arm64/PolskiGrammarUITests.swiftmodule (in target 'PolskiGrammarUITests' from project 'PolskiGrammar')
    cd /Users/german/Work/JS/polski-grammar-srs/kotlin/iosApp
    builtin-copy -exclude .DS_Store -exclude CVS -exclude .svn -exclude .git -exclude .hg -resolve-src-symlinks -rename /Users/german/Work/JS/polski-grammar-srs/kotlin/iosApp/build/FinalVirtualFullFinal/Build/Intermediates.noindex/PolskiGrammar.build/Debug-iphonesimulator/PolskiGrammarUITests.build/Objects-normal/arm64/PolskiGrammarUITests.swiftmodule /Users/german/Work/JS/polski-grammar-srs/kotlin/iosApp/build/FinalVirtualFullFinal/Build/Products/Debug-iphonesimulator/PolskiGrammarUITests.swiftmodule/arm64-apple-ios-simulator.swiftmodule

Copy /Users/german/Work/JS/polski-grammar-srs/kotlin/iosApp/build/FinalVirtualFullFinal/Build/Products/Debug-iphonesimulator/PolskiGrammarUITests.swiftmodule/Project/arm64-apple-ios-simulator.swiftsourceinfo /Users/german/Work/JS/polski-grammar-srs/kotlin/iosApp/build/FinalVirtualFullFinal/Build/Intermediates.noindex/PolskiGrammar.build/Debug-iphonesimulator/PolskiGrammarUITests.build/Objects-normal/arm64/PolskiGrammarUITests.swiftsourceinfo (in target 'PolskiGrammarUITests' from project 'PolskiGrammar')
    cd /Users/german/Work/JS/polski-grammar-srs/kotlin/iosApp
    builtin-copy -exclude .DS_Store -exclude CVS -exclude .svn -exclude .git -exclude .hg -resolve-src-symlinks -rename /Users/german/Work/JS/polski-grammar-srs/kotlin/iosApp/build/FinalVirtualFullFinal/Build/Intermediates.noindex/PolskiGrammar.build/Debug-iphonesimulator/PolskiGrammarUITests.build/Objects-normal/arm64/PolskiGrammarUITests.swiftsourceinfo /Users/german/Work/JS/polski-grammar-srs/kotlin/iosApp/build/FinalVirtualFullFinal/Build/Products/Debug-iphonesimulator/PolskiGrammarUITests.swiftmodule/Project/arm64-apple-ios-simulator.swiftsourceinfo

SwiftDriverJobDiscovery normal arm64 Compiling PolskiGrammarUITests.swift (in target 'PolskiGrammarUITests' from project 'PolskiGrammar')

SwiftDriver\ Compilation PolskiGrammarUITests normal arm64 com.apple.xcode.tools.swift.compiler (in target 'PolskiGrammarUITests' from project 'PolskiGrammar')
    cd /Users/german/Work/JS/polski-grammar-srs/kotlin/iosApp
    builtin-Swift-Compilation -- /Applications/Xcode.app/Contents/Developer/Toolchains/XcodeDefault.xctoolchain/usr/bin/swiftc -module-name PolskiGrammarUITests -Onone @/Users/german/Work/JS/polski-grammar-srs/kotlin/iosApp/build/FinalVirtualFullFinal/Build/Intermediates.noindex/PolskiGrammar.build/Debug-iphonesimulator/PolskiGrammarUITests.build/Objects-normal/arm64/PolskiGrammarUITests.SwiftFileList -DDEBUG -module-alias Testing\=_Testing_Unavailable -plugin-path /Applications/Xcode.app/Contents/Developer/Toolchains/XcodeDefault.xctoolchain/usr/lib/swift/host/plugins/testing -enable-bare-slash-regex -enable-experimental-feature DebugDescriptionMacro -sdk /Applications/Xcode.app/Contents/Developer/Platforms/iPhoneSimulator.platform/Developer/SDKs/iPhoneSimulator27.0.sdk -target arm64-apple-ios17.0-simulator -g -module-cache-path /Users/german/Work/JS/polski-grammar-srs/kotlin/iosApp/build/FinalVirtualFullFinal/ModuleCache.noindex -Xfrontend -serialize-debugging-options -enable-testing -index-store-path /Users/german/Work/JS/polski-grammar-srs/kotlin/iosApp/build/FinalVirtualFullFinal/Index.noindex/DataStore -Xcc -D_LIBCPP_HARDENING_MODE\=_LIBCPP_HARDENING_MODE_DEBUG -swift-version 5 -I /Users/german/Work/JS/polski-grammar-srs/kotlin/iosApp/build/FinalVirtualFullFinal/Build/Products/Debug-iphonesimulator -Isystem /Applications/Xcode.app/Contents/Developer/Platforms/iPhoneSimulator.platform/Developer/usr/lib -F /Users/german/Work/JS/polski-grammar-srs/kotlin/iosApp/build/FinalVirtualFullFinal/Build/Products/Debug-iphonesimulator -F /Applications/Xcode.app/Contents/Developer/Platforms/iPhoneSimulator.platform/Developer/Library/Frameworks -F /Applications/Xcode.app/Contents/Developer/Platforms/iPhoneSimulator.platform/Developer/SDKs/iPhoneSimulator27.0.sdk/Developer/Library/Frameworks -parse-as-library -c -j10 -enable-batch-mode -incremental -Xcc -ivfsstatcache -Xcc /Users/german/Work/JS/polski-grammar-srs/kotlin/iosApp/build/FinalVirtualFullFinal/SDKStatCaches.noindex/iphonesimulator27.0-24A430-8dc58220667be655e1bcc261a7455254.sdkstatcache -output-file-map /Users/german/Work/JS/polski-grammar-srs/kotlin/iosApp/build/FinalVirtualFullFinal/Build/Intermediates.noindex/PolskiGrammar.build/Debug-iphonesimulator/PolskiGrammarUITests.build/Objects-normal/arm64/PolskiGrammarUITests-OutputFileMap.json -save-temps -no-color-diagnostics -explicit-module-build -module-cache-path /Users/german/Work/JS/polski-grammar-srs/kotlin/iosApp/build/FinalVirtualFullFinal/Build/Intermediates.noindex/SwiftExplicitPrecompiledModules -clang-scanner-module-cache-path /Users/german/Work/JS/polski-grammar-srs/kotlin/iosApp/build/FinalVirtualFullFinal/ModuleCache.noindex -sdk-module-cache-path /Users/german/Work/JS/polski-grammar-srs/kotlin/iosApp/build/FinalVirtualFullFinal/SDKExplicitPrecompiledModules -emit-dependencies -emit-module -emit-module-path /Users/german/Work/JS/polski-grammar-srs/kotlin/iosApp/build/FinalVirtualFullFinal/Build/Intermediates.noindex/PolskiGrammar.build/Debug-iphonesimulator/PolskiGrammarUITests.build/Objects-normal/arm64/PolskiGrammarUITests.swiftmodule -serialize-diagnostics -dependency-scan-serialize-diagnostics-path /Users/german/Work/JS/polski-grammar-srs/kotlin/iosApp/build/FinalVirtualFullFinal/Build/Intermediates.noindex/PolskiGrammar.build/Debug-iphonesimulator/PolskiGrammarUITests.build/Objects-normal/arm64/PolskiGrammarUITests-dependency-scan.dia -validate-clang-modules-once -clang-build-session-file /Users/german/Work/JS/polski-grammar-srs/kotlin/iosApp/build/FinalVirtualFullFinal/ModuleCache.noindex/Session.modulevalidation -Xcc -fmodules-prune-interval\=86400 -Xcc -fmodules-prune-after\=345600 -emit-const-values -const-gather-protocols-list /Users/german/Work/JS/polski-grammar-srs/kotlin/iosApp/build/FinalVirtualFullFinal/Build/Intermediates.noindex/PolskiGrammar.build/Debug-iphonesimulator/PolskiGrammarUITests.build/Objects-normal/arm64/PolskiGrammarUITests_const_extract_protocols.json -Xcc -iquote -Xcc /Users/german/Work/JS/polski-grammar-srs/kotlin/iosApp/build/FinalVirtualFullFinal/Build/Intermediates.noindex/PolskiGrammar.build/Debug-iphonesimulator/PolskiGrammarUITests.build/PolskiGrammarUITests-generated-files.hmap -Xcc -I/Users/german/Work/JS/polski-grammar-srs/kotlin/iosApp/build/FinalVirtualFullFinal/Build/Intermediates.noindex/PolskiGrammar.build/Debug-iphonesimulator/PolskiGrammarUITests.build/PolskiGrammarUITests-own-target-headers.hmap -Xcc -I/Users/german/Work/JS/polski-grammar-srs/kotlin/iosApp/build/FinalVirtualFullFinal/Build/Intermediates.noindex/PolskiGrammar.build/Debug-iphonesimulator/PolskiGrammarUITests.build/PolskiGrammarUITests-all-target-headers.hmap -Xcc -iquote -Xcc /Users/german/Work/JS/polski-grammar-srs/kotlin/iosApp/build/FinalVirtualFullFinal/Build/Intermediates.noindex/PolskiGrammar.build/Debug-iphonesimulator/PolskiGrammarUITests.build/PolskiGrammarUITests-project-headers.hmap -Xcc -I/Users/german/Work/JS/polski-grammar-srs/kotlin/iosApp/build/FinalVirtualFullFinal/Build/Products/Debug-iphonesimulator/include -Xcc -I/Users/german/Work/JS/polski-grammar-srs/kotlin/iosApp/build/FinalVirtualFullFinal/Build/Intermediates.noindex/PolskiGrammar.build/Debug-iphonesimulator/PolskiGrammarUITests.build/DerivedSources-normal/arm64 -Xcc -I/Users/german/Work/JS/polski-grammar-srs/kotlin/iosApp/build/FinalVirtualFullFinal/Build/Intermediates.noindex/PolskiGrammar.build/Debug-iphonesimulator/PolskiGrammarUITests.build/DerivedSources/arm64 -Xcc -I/Users/german/Work/JS/polski-grammar-srs/kotlin/iosApp/build/FinalVirtualFullFinal/Build/Intermediates.noindex/PolskiGrammar.build/Debug-iphonesimulator/PolskiGrammarUITests.build/DerivedSources -Xcc -DDEBUG\=1 -emit-objc-header -emit-objc-header-path /Users/german/Work/JS/polski-grammar-srs/kotlin/iosApp/build/FinalVirtualFullFinal/Build/Intermediates.noindex/PolskiGrammar.build/Debug-iphonesimulator/PolskiGrammarUITests.build/Objects-normal/arm64/PolskiGrammarUITests-Swift.h -working-directory /Users/german/Work/JS/polski-grammar-srs/kotlin/iosApp -experimental-emit-module-separately -disable-cmo

SwiftDriverJobDiscovery normal arm64 Compiling PolskiGrammarApp.swift (in target 'PolskiGrammar' from project 'PolskiGrammar')

SwiftDriver\ Compilation PolskiGrammar normal arm64 com.apple.xcode.tools.swift.compiler (in target 'PolskiGrammar' from project 'PolskiGrammar')
    cd /Users/german/Work/JS/polski-grammar-srs/kotlin/iosApp
    builtin-Swift-Compilation -- /Applications/Xcode.app/Contents/Developer/Toolchains/XcodeDefault.xctoolchain/usr/bin/swiftc -module-name PolskiGrammar -Onone @/Users/german/Work/JS/polski-grammar-srs/kotlin/iosApp/build/FinalVirtualFullFinal/Build/Intermediates.noindex/PolskiGrammar.build/Debug-iphonesimulator/PolskiGrammar.build/Objects-normal/arm64/PolskiGrammar.SwiftFileList -DDEBUG -enable-bare-slash-regex -enable-experimental-feature DebugDescriptionMacro -sdk /Applications/Xcode.app/Contents/Developer/Platforms/iPhoneSimulator.platform/Developer/SDKs/iPhoneSimulator27.0.sdk -target arm64-apple-ios17.0-simulator -g -module-cache-path /Users/german/Work/JS/polski-grammar-srs/kotlin/iosApp/build/FinalVirtualFullFinal/ModuleCache.noindex -Xfrontend -serialize-debugging-options -enable-testing -index-store-path /Users/german/Work/JS/polski-grammar-srs/kotlin/iosApp/build/FinalVirtualFullFinal/Index.noindex/DataStore -Xcc -D_LIBCPP_HARDENING_MODE\=_LIBCPP_HARDENING_MODE_DEBUG -swift-version 5 -I /Users/german/Work/JS/polski-grammar-srs/kotlin/iosApp/build/FinalVirtualFullFinal/Build/Products/Debug-iphonesimulator -F /Users/german/Work/JS/polski-grammar-srs/kotlin/iosApp/build/FinalVirtualFullFinal/Build/Products/Debug-iphonesimulator -c -j10 -enable-batch-mode -incremental -Xcc -ivfsstatcache -Xcc /Users/german/Work/JS/polski-grammar-srs/kotlin/iosApp/build/FinalVirtualFullFinal/SDKStatCaches.noindex/iphonesimulator27.0-24A430-8dc58220667be655e1bcc261a7455254.sdkstatcache -output-file-map /Users/german/Work/JS/polski-grammar-srs/kotlin/iosApp/build/FinalVirtualFullFinal/Build/Intermediates.noindex/PolskiGrammar.build/Debug-iphonesimulator/PolskiGrammar.build/Objects-normal/arm64/PolskiGrammar-OutputFileMap.json -save-temps -no-color-diagnostics -explicit-module-build -module-cache-path /Users/german/Work/JS/polski-grammar-srs/kotlin/iosApp/build/FinalVirtualFullFinal/Build/Intermediates.noindex/SwiftExplicitPrecompiledModules -clang-scanner-module-cache-path /Users/german/Work/JS/polski-grammar-srs/kotlin/iosApp/build/FinalVirtualFullFinal/ModuleCache.noindex -sdk-module-cache-path /Users/german/Work/JS/polski-grammar-srs/kotlin/iosApp/build/FinalVirtualFullFinal/SDKExplicitPrecompiledModules -emit-dependencies -emit-module -emit-module-path /Users/german/Work/JS/polski-grammar-srs/kotlin/iosApp/build/FinalVirtualFullFinal/Build/Intermediates.noindex/PolskiGrammar.build/Debug-iphonesimulator/PolskiGrammar.build/Objects-normal/arm64/PolskiGrammar.swiftmodule -serialize-diagnostics -dependency-scan-serialize-diagnostics-path /Users/german/Work/JS/polski-grammar-srs/kotlin/iosApp/build/FinalVirtualFullFinal/Build/Intermediates.noindex/PolskiGrammar.build/Debug-iphonesimulator/PolskiGrammar.build/Objects-normal/arm64/PolskiGrammar-dependency-scan.dia -validate-clang-modules-once -clang-build-session-file /Users/german/Work/JS/polski-grammar-srs/kotlin/iosApp/build/FinalVirtualFullFinal/ModuleCache.noindex/Session.modulevalidation -Xcc -fmodules-prune-interval\=86400 -Xcc -fmodules-prune-after\=345600 -emit-const-values -const-gather-protocols-list /Users/german/Work/JS/polski-grammar-srs/kotlin/iosApp/build/FinalVirtualFullFinal/Build/Intermediates.noindex/PolskiGrammar.build/Debug-iphonesimulator/PolskiGrammar.build/Objects-normal/arm64/PolskiGrammar_const_extract_protocols.json -Xcc -iquote -Xcc /Users/german/Work/JS/polski-grammar-srs/kotlin/iosApp/build/FinalVirtualFullFinal/Build/Intermediates.noindex/PolskiGrammar.build/Debug-iphonesimulator/PolskiGrammar.build/PolskiGrammar-generated-files.hmap -Xcc -I/Users/german/Work/JS/polski-grammar-srs/kotlin/iosApp/build/FinalVirtualFullFinal/Build/Intermediates.noindex/PolskiGrammar.build/Debug-iphonesimulator/PolskiGrammar.build/PolskiGrammar-own-target-headers.hmap -Xcc -I/Users/german/Work/JS/polski-grammar-srs/kotlin/iosApp/build/FinalVirtualFullFinal/Build/Intermediates.noindex/PolskiGrammar.build/Debug-iphonesimulator/PolskiGrammar.build/PolskiGrammar-all-target-headers.hmap -Xcc -iquote -Xcc /Users/german/Work/JS/polski-grammar-srs/kotlin/iosApp/build/FinalVirtualFullFinal/Build/Intermediates.noindex/PolskiGrammar.build/Debug-iphonesimulator/PolskiGrammar.build/PolskiGrammar-project-headers.hmap -Xcc -I/Users/german/Work/JS/polski-grammar-srs/kotlin/iosApp/build/FinalVirtualFullFinal/Build/Products/Debug-iphonesimulator/include -Xcc -I/Users/german/Work/JS/polski-grammar-srs/kotlin/iosApp/build/FinalVirtualFullFinal/Build/Intermediates.noindex/PolskiGrammar.build/Debug-iphonesimulator/PolskiGrammar.build/DerivedSources-normal/arm64 -Xcc -I/Users/german/Work/JS/polski-grammar-srs/kotlin/iosApp/build/FinalVirtualFullFinal/Build/Intermediates.noindex/PolskiGrammar.build/Debug-iphonesimulator/PolskiGrammar.build/DerivedSources/arm64 -Xcc -I/Users/german/Work/JS/polski-grammar-srs/kotlin/iosApp/build/FinalVirtualFullFinal/Build/Intermediates.noindex/PolskiGrammar.build/Debug-iphonesimulator/PolskiGrammar.build/DerivedSources -Xcc -DDEBUG\=1 -emit-objc-header -emit-objc-header-path /Users/german/Work/JS/polski-grammar-srs/kotlin/iosApp/build/FinalVirtualFullFinal/Build/Intermediates.noindex/PolskiGrammar.build/Debug-iphonesimulator/PolskiGrammar.build/Objects-normal/arm64/PolskiGrammar-Swift.h -working-directory /Users/german/Work/JS/polski-grammar-srs/kotlin/iosApp -experimental-emit-module-separately -disable-cmo

Ld /Users/german/Work/JS/polski-grammar-srs/kotlin/iosApp/build/FinalVirtualFullFinal/Build/Products/Debug-iphonesimulator/PolskiGrammar.app/PolskiGrammar.debug.dylib normal (in target 'PolskiGrammar' from project 'PolskiGrammar')
    cd /Users/german/Work/JS/polski-grammar-srs/kotlin/iosApp
    /Applications/Xcode.app/Contents/Developer/Toolchains/XcodeDefault.xctoolchain/usr/bin/clang -Xlinker -reproducible -target arm64-apple-ios17.0-simulator -dynamiclib -isysroot /Applications/Xcode.app/Contents/Developer/Platforms/iPhoneSimulator.platform/Developer/SDKs/iPhoneSimulator27.0.sdk -O0 -Xlinker -no_warn_duplicate_libraries -L/Users/german/Work/JS/polski-grammar-srs/kotlin/iosApp/build/FinalVirtualFullFinal/Build/Intermediates.noindex/EagerLinkingTBDs/Debug-iphonesimulator -L/Users/german/Work/JS/polski-grammar-srs/kotlin/iosApp/build/FinalVirtualFullFinal/Build/Products/Debug-iphonesimulator -F/Users/german/Work/JS/polski-grammar-srs/kotlin/iosApp/build/FinalVirtualFullFinal/Build/Intermediates.noindex/EagerLinkingTBDs/Debug-iphonesimulator -F/Users/german/Work/JS/polski-grammar-srs/kotlin/iosApp/build/FinalVirtualFullFinal/Build/Products/Debug-iphonesimulator -filelist /Users/german/Work/JS/polski-grammar-srs/kotlin/iosApp/build/FinalVirtualFullFinal/Build/Intermediates.noindex/PolskiGrammar.build/Debug-iphonesimulator/PolskiGrammar.build/Objects-normal/arm64/PolskiGrammar.LinkFileList -install_name @rpath/PolskiGrammar.debug.dylib -Xlinker -rpath -Xlinker /usr/lib/swift -Xlinker -rpath -Xlinker @executable_path/Frameworks -Xlinker -dead_strip -Xlinker -object_path_lto -Xlinker /Users/german/Work/JS/polski-grammar-srs/kotlin/iosApp/build/FinalVirtualFullFinal/Build/Intermediates.noindex/PolskiGrammar.build/Debug-iphonesimulator/PolskiGrammar.build/Objects-normal/arm64/PolskiGrammar_lto.o -rdynamic -Xlinker -no_deduplicate -Xlinker -objc_abi_version -Xlinker 2 -Xlinker -dependency_info -Xlinker /Users/german/Work/JS/polski-grammar-srs/kotlin/iosApp/build/FinalVirtualFullFinal/Build/Intermediates.noindex/PolskiGrammar.build/Debug-iphonesimulator/PolskiGrammar.build/Objects-normal/arm64/PolskiGrammar_dependency_info.dat -fobjc-link-runtime -L/Applications/Xcode.app/Contents/Developer/Toolchains/XcodeDefault.xctoolchain/usr/lib/swift/iphonesimulator -L/usr/lib/swift -Xlinker -add_ast_path -Xlinker /Users/german/Work/JS/polski-grammar-srs/kotlin/iosApp/build/FinalVirtualFullFinal/Build/Intermediates.noindex/PolskiGrammar.build/Debug-iphonesimulator/PolskiGrammar.build/Objects-normal/arm64/PolskiGrammar.swiftmodule -framework PolskiShared -Xlinker -alias -Xlinker _main -Xlinker ___debug_main_executable_dylib_entry_point -framework Foundation -o /Users/german/Work/JS/polski-grammar-srs/kotlin/iosApp/build/FinalVirtualFullFinal/Build/Products/Debug-iphonesimulator/PolskiGrammar.app/PolskiGrammar.debug.dylib

ConstructStubExecutorLinkFileList /Users/german/Work/JS/polski-grammar-srs/kotlin/iosApp/build/FinalVirtualFullFinal/Build/Intermediates.noindex/PolskiGrammar.build/Debug-iphonesimulator/PolskiGrammar.build/PolskiGrammar-ExecutorLinkFileList-normal-arm64.txt (in target 'PolskiGrammar' from project 'PolskiGrammar')
    cd /Users/german/Work/JS/polski-grammar-srs/kotlin/iosApp
    construct-stub-executor-link-file-list /Users/german/Work/JS/polski-grammar-srs/kotlin/iosApp/build/FinalVirtualFullFinal/Build/Products/Debug-iphonesimulator/PolskiGrammar.app/PolskiGrammar.debug.dylib /Applications/Xcode.app/Contents/Developer/Platforms/iPhoneSimulator.platform/Developer/usr/lib/libPreviewsJITStubExecutor_no_swift_entry_point.a /Applications/Xcode.app/Contents/Developer/Platforms/iPhoneSimulator.platform/Developer/usr/lib/libPreviewsJITStubExecutor.a --output /Users/german/Work/JS/polski-grammar-srs/kotlin/iosApp/build/FinalVirtualFullFinal/Build/Intermediates.noindex/PolskiGrammar.build/Debug-iphonesimulator/PolskiGrammar.build/PolskiGrammar-ExecutorLinkFileList-normal-arm64.txt
note: Using stub executor library with Swift entry point. (in target 'PolskiGrammar' from project 'PolskiGrammar')

Ld /Users/german/Work/JS/polski-grammar-srs/kotlin/iosApp/build/FinalVirtualFullFinal/Build/Products/Debug-iphonesimulator/PolskiGrammar.app/PolskiGrammar normal (in target 'PolskiGrammar' from project 'PolskiGrammar')
    cd /Users/german/Work/JS/polski-grammar-srs/kotlin/iosApp
    /Applications/Xcode.app/Contents/Developer/Toolchains/XcodeDefault.xctoolchain/usr/bin/clang -Xlinker -reproducible -target arm64-apple-ios17.0-simulator -isysroot /Applications/Xcode.app/Contents/Developer/Platforms/iPhoneSimulator.platform/Developer/SDKs/iPhoneSimulator27.0.sdk -O0 -Xlinker -no_warn_duplicate_libraries -L/Users/german/Work/JS/polski-grammar-srs/kotlin/iosApp/build/FinalVirtualFullFinal/Build/Products/Debug-iphonesimulator -F/Users/german/Work/JS/polski-grammar-srs/kotlin/iosApp/build/FinalVirtualFullFinal/Build/Products/Debug-iphonesimulator -Xlinker -rpath -Xlinker @executable_path -Xlinker -rpath -Xlinker @executable_path/Frameworks -rdynamic -Xlinker -no_deduplicate -Xlinker -objc_abi_version -Xlinker 2 -e ___debug_blank_executor_main -Xlinker -sectcreate -Xlinker __TEXT -Xlinker __debug_dylib -Xlinker /Users/german/Work/JS/polski-grammar-srs/kotlin/iosApp/build/FinalVirtualFullFinal/Build/Intermediates.noindex/PolskiGrammar.build/Debug-iphonesimulator/PolskiGrammar.build/PolskiGrammar-DebugDylibPath-normal-arm64.txt -Xlinker -sectcreate -Xlinker __TEXT -Xlinker __debug_instlnm -Xlinker /Users/german/Work/JS/polski-grammar-srs/kotlin/iosApp/build/FinalVirtualFullFinal/Build/Intermediates.noindex/PolskiGrammar.build/Debug-iphonesimulator/PolskiGrammar.build/PolskiGrammar-DebugDylibInstallName-normal-arm64.txt -Xlinker -filelist -Xlinker /Users/german/Work/JS/polski-grammar-srs/kotlin/iosApp/build/FinalVirtualFullFinal/Build/Intermediates.noindex/PolskiGrammar.build/Debug-iphonesimulator/PolskiGrammar.build/PolskiGrammar-ExecutorLinkFileList-normal-arm64.txt /Users/german/Work/JS/polski-grammar-srs/kotlin/iosApp/build/FinalVirtualFullFinal/Build/Products/Debug-iphonesimulator/PolskiGrammar.app/PolskiGrammar.debug.dylib -o /Users/german/Work/JS/polski-grammar-srs/kotlin/iosApp/build/FinalVirtualFullFinal/Build/Products/Debug-iphonesimulator/PolskiGrammar.app/PolskiGrammar

CopySwiftLibs /Users/german/Work/JS/polski-grammar-srs/kotlin/iosApp/build/FinalVirtualFullFinal/Build/Products/Debug-iphonesimulator/PolskiGrammar.app (in target 'PolskiGrammar' from project 'PolskiGrammar')
    cd /Users/german/Work/JS/polski-grammar-srs/kotlin/iosApp
    builtin-swiftStdLibTool --copy --verbose --scan-executable /Users/german/Work/JS/polski-grammar-srs/kotlin/iosApp/build/FinalVirtualFullFinal/Build/Products/Debug-iphonesimulator/PolskiGrammar.app/PolskiGrammar.debug.dylib --scan-folder /Users/german/Work/JS/polski-grammar-srs/kotlin/iosApp/build/FinalVirtualFullFinal/Build/Products/Debug-iphonesimulator/PolskiGrammar.app/Frameworks --scan-folder /Users/german/Work/JS/polski-grammar-srs/kotlin/iosApp/build/FinalVirtualFullFinal/Build/Products/Debug-iphonesimulator/PolskiGrammar.app/PlugIns --scan-folder /Users/german/Work/JS/polski-grammar-srs/kotlin/iosApp/build/FinalVirtualFullFinal/Build/Products/Debug-iphonesimulator/PolskiGrammar.app/SystemExtensions --scan-folder /Users/german/Work/JS/polski-grammar-srs/kotlin/iosApp/build/FinalVirtualFullFinal/Build/Products/Debug-iphonesimulator/PolskiGrammar.app/Extensions --scan-folder /Applications/Xcode.app/Contents/Developer/Platforms/iPhoneOS.platform/Developer/SDKs/iPhoneOS18.0.sdk/System/Library/Frameworks/Foundation.framework --platform iphonesimulator --toolchain /Applications/Xcode.app/Contents/Developer/Toolchains/XcodeDefault.xctoolchain --destination /Users/german/Work/JS/polski-grammar-srs/kotlin/iosApp/build/FinalVirtualFullFinal/Build/Products/Debug-iphonesimulator/PolskiGrammar.app/Frameworks --strip-bitcode --strip-bitcode-tool /Applications/Xcode.app/Contents/Developer/Toolchains/XcodeDefault.xctoolchain/usr/bin/bitcode_strip --emit-dependency-info /Users/german/Work/JS/polski-grammar-srs/kotlin/iosApp/build/FinalVirtualFullFinal/Build/Intermediates.noindex/PolskiGrammar.build/Debug-iphonesimulator/PolskiGrammar.build/SwiftStdLibToolInputDependencies.dep --filter-for-swift-os
Ignoring --strip-bitcode because --sign was not passed

ExtractAppIntentsMetadata (in target 'PolskiGrammar' from project 'PolskiGrammar')
    cd /Users/german/Work/JS/polski-grammar-srs/kotlin/iosApp
    /Applications/Xcode.app/Contents/Developer/Toolchains/XcodeDefault.xctoolchain/usr/bin/appintentsmetadataprocessor --toolchain-dir /Applications/Xcode.app/Contents/Developer/Toolchains/XcodeDefault.xctoolchain --module-name PolskiGrammar --sdk-root /Applications/Xcode.app/Contents/Developer/Platforms/iPhoneSimulator.platform/Developer/SDKs/iPhoneSimulator27.0.sdk --xcode-version 27A266a --platform-family iOS --deployment-target 17.0 --bundle-identifier dev.polski.grammarmatrix.ios --output /Users/german/Work/JS/polski-grammar-srs/kotlin/iosApp/build/FinalVirtualFullFinal/Build/Products/Debug-iphonesimulator/PolskiGrammar.app --target-triple arm64-apple-ios17.0-simulator --binary-file /Users/german/Work/JS/polski-grammar-srs/kotlin/iosApp/build/FinalVirtualFullFinal/Build/Products/Debug-iphonesimulator/PolskiGrammar.app/PolskiGrammar --dependency-file /Users/german/Work/JS/polski-grammar-srs/kotlin/iosApp/build/FinalVirtualFullFinal/Build/Intermediates.noindex/PolskiGrammar.build/Debug-iphonesimulator/PolskiGrammar.build/Objects-normal/arm64/PolskiGrammar_dependency_info.dat --stringsdata-file /Users/german/Work/JS/polski-grammar-srs/kotlin/iosApp/build/FinalVirtualFullFinal/Build/Intermediates.noindex/PolskiGrammar.build/Debug-iphonesimulator/PolskiGrammar.build/Objects-normal/arm64/ExtractedAppShortcutsMetadata.stringsdata --source-file-list /Users/german/Work/JS/polski-grammar-srs/kotlin/iosApp/build/FinalVirtualFullFinal/Build/Intermediates.noindex/PolskiGrammar.build/Debug-iphonesimulator/PolskiGrammar.build/Objects-normal/arm64/PolskiGrammar.SwiftFileList --metadata-file-list /Users/german/Work/JS/polski-grammar-srs/kotlin/iosApp/build/FinalVirtualFullFinal/Build/Intermediates.noindex/PolskiGrammar.build/Debug-iphonesimulator/PolskiGrammar.build/PolskiGrammar.DependencyMetadataFileList --static-metadata-file-list /Users/german/Work/JS/polski-grammar-srs/kotlin/iosApp/build/FinalVirtualFullFinal/Build/Intermediates.noindex/PolskiGrammar.build/Debug-iphonesimulator/PolskiGrammar.build/PolskiGrammar.DependencyStaticMetadataFileList --swift-const-vals-list /Users/german/Work/JS/polski-grammar-srs/kotlin/iosApp/build/FinalVirtualFullFinal/Build/Intermediates.noindex/PolskiGrammar.build/Debug-iphonesimulator/PolskiGrammar.build/Objects-normal/arm64/PolskiGrammar.SwiftConstValuesFileList --compile-time-extraction --deployment-aware-processing --no-app-shortcuts-localization
2026-09-24 20:53:29.194 appintentsmetadataprocessor[97202:18040849] Starting appintentsmetadataprocessor export
2026-09-24 20:53:29.199 appintentsmetadataprocessor[97202:18040849] warning: Metadata extraction skipped, no AppIntents.framework dependency found

AppIntentsSSUTraining (in target 'PolskiGrammar' from project 'PolskiGrammar')
    cd /Users/german/Work/JS/polski-grammar-srs/kotlin/iosApp
    /Applications/Xcode.app/Contents/Developer/Toolchains/XcodeDefault.xctoolchain/usr/bin/appintentsnltrainingprocessor --infoplist-path /Users/german/Work/JS/polski-grammar-srs/kotlin/iosApp/build/FinalVirtualFullFinal/Build/Products/Debug-iphonesimulator/PolskiGrammar.app/Info.plist --temp-dir-path /Users/german/Work/JS/polski-grammar-srs/kotlin/iosApp/build/FinalVirtualFullFinal/Build/Intermediates.noindex/PolskiGrammar.build/Debug-iphonesimulator/PolskiGrammar.build/ssu --bundle-id dev.polski.grammarmatrix.ios --product-path /Users/german/Work/JS/polski-grammar-srs/kotlin/iosApp/build/FinalVirtualFullFinal/Build/Products/Debug-iphonesimulator/PolskiGrammar.app --extracted-metadata-path /Users/german/Work/JS/polski-grammar-srs/kotlin/iosApp/build/FinalVirtualFullFinal/Build/Products/Debug-iphonesimulator/PolskiGrammar.app/Metadata.appintents --metadata-file-list /Users/german/Work/JS/polski-grammar-srs/kotlin/iosApp/build/FinalVirtualFullFinal/Build/Intermediates.noindex/PolskiGrammar.build/Debug-iphonesimulator/PolskiGrammar.build/PolskiGrammar.DependencyMetadataFileList --source-file /Users/german/Work/JS/polski-grammar-srs/kotlin/iosApp/build/FinalVirtualFullFinal/Build/Products/Debug-iphonesimulator/PolskiGrammar.app/Info.plist --archive-ssu-assets
2026-09-24 20:53:29.220 appintentsnltrainingprocessor[97203:18040851] Parsing options for appintentsnltrainingprocessor
2026-09-24 20:53:29.220 appintentsnltrainingprocessor[97203:18040851] Starting AppIntents SSU YAML Generation
2026-09-24 20:53:29.220 appintentsnltrainingprocessor[97203:18040851] No AppShortcuts found - Skipping.

RegisterExecutionPolicyException /Users/german/Work/JS/polski-grammar-srs/kotlin/iosApp/build/FinalVirtualFullFinal/Build/Products/Debug-iphonesimulator/PolskiGrammar.app (in target 'PolskiGrammar' from project 'PolskiGrammar')
    cd /Users/german/Work/JS/polski-grammar-srs/kotlin/iosApp
    builtin-RegisterExecutionPolicyException /Users/german/Work/JS/polski-grammar-srs/kotlin/iosApp/build/FinalVirtualFullFinal/Build/Products/Debug-iphonesimulator/PolskiGrammar.app

Validate /Users/german/Work/JS/polski-grammar-srs/kotlin/iosApp/build/FinalVirtualFullFinal/Build/Products/Debug-iphonesimulator/PolskiGrammar.app (in target 'PolskiGrammar' from project 'PolskiGrammar')
    cd /Users/german/Work/JS/polski-grammar-srs/kotlin/iosApp
    builtin-validationUtility /Users/german/Work/JS/polski-grammar-srs/kotlin/iosApp/build/FinalVirtualFullFinal/Build/Products/Debug-iphonesimulator/PolskiGrammar.app -shallow-bundle -infoplist-subpath Info.plist

Touch /Users/german/Work/JS/polski-grammar-srs/kotlin/iosApp/build/FinalVirtualFullFinal/Build/Products/Debug-iphonesimulator/PolskiGrammar.app (in target 'PolskiGrammar' from project 'PolskiGrammar')
    cd /Users/german/Work/JS/polski-grammar-srs/kotlin/iosApp
    /usr/bin/touch -c /Users/german/Work/JS/polski-grammar-srs/kotlin/iosApp/build/FinalVirtualFullFinal/Build/Products/Debug-iphonesimulator/PolskiGrammar.app

ProcessInfoPlistFile /Users/german/Work/JS/polski-grammar-srs/kotlin/iosApp/build/FinalVirtualFullFinal/Build/Products/Debug-iphonesimulator/PolskiGrammarUITests-Runner.app/PlugIns/PolskiGrammarUITests.xctest/Info.plist /Users/german/Work/JS/polski-grammar-srs/kotlin/iosApp/build/FinalVirtualFullFinal/Build/Intermediates.noindex/PolskiGrammar.build/Debug-iphonesimulator/PolskiGrammarUITests.build/empty-PolskiGrammarUITests.plist (in target 'PolskiGrammarUITests' from project 'PolskiGrammar')
    cd /Users/german/Work/JS/polski-grammar-srs/kotlin/iosApp
    builtin-infoPlistUtility /Users/german/Work/JS/polski-grammar-srs/kotlin/iosApp/build/FinalVirtualFullFinal/Build/Intermediates.noindex/PolskiGrammar.build/Debug-iphonesimulator/PolskiGrammarUITests.build/empty-PolskiGrammarUITests.plist -producttype com.apple.product-type.bundle.ui-testing -expandbuildsettings -format binary -platform iphonesimulator -additionalcontentfile /Users/german/Work/JS/polski-grammar-srs/kotlin/iosApp/build/FinalVirtualFullFinal/Build/Intermediates.noindex/PolskiGrammar.build/Debug-iphonesimulator/PolskiGrammarUITests.build/ProductTypeInfoPlistAdditions.plist -o /Users/german/Work/JS/polski-grammar-srs/kotlin/iosApp/build/FinalVirtualFullFinal/Build/Products/Debug-iphonesimulator/PolskiGrammarUITests-Runner.app/PlugIns/PolskiGrammarUITests.xctest/Info.plist

Ld /Users/german/Work/JS/polski-grammar-srs/kotlin/iosApp/build/FinalVirtualFullFinal/Build/Products/Debug-iphonesimulator/PolskiGrammarUITests-Runner.app/PlugIns/PolskiGrammarUITests.xctest/PolskiGrammarUITests normal (in target 'PolskiGrammarUITests' from project 'PolskiGrammar')
    cd /Users/german/Work/JS/polski-grammar-srs/kotlin/iosApp
    /Applications/Xcode.app/Contents/Developer/Toolchains/XcodeDefault.xctoolchain/usr/bin/clang -Xlinker -reproducible -target arm64-apple-ios17.0-simulator -bundle -isysroot /Applications/Xcode.app/Contents/Developer/Platforms/iPhoneSimulator.platform/Developer/SDKs/iPhoneSimulator27.0.sdk -O0 -Xlinker -no_warn_duplicate_libraries -L/Users/german/Work/JS/polski-grammar-srs/kotlin/iosApp/build/FinalVirtualFullFinal/Build/Intermediates.noindex/EagerLinkingTBDs/Debug-iphonesimulator -L/Users/german/Work/JS/polski-grammar-srs/kotlin/iosApp/build/FinalVirtualFullFinal/Build/Products/Debug-iphonesimulator -L/Applications/Xcode.app/Contents/Developer/Platforms/iPhoneSimulator.platform/Developer/usr/lib -F/Users/german/Work/JS/polski-grammar-srs/kotlin/iosApp/build/FinalVirtualFullFinal/Build/Intermediates.noindex/EagerLinkingTBDs/Debug-iphonesimulator -F/Users/german/Work/JS/polski-grammar-srs/kotlin/iosApp/build/FinalVirtualFullFinal/Build/Products/Debug-iphonesimulator -iframework /Applications/Xcode.app/Contents/Developer/Platforms/iPhoneSimulator.platform/Developer/Library/Frameworks -iframework /Applications/Xcode.app/Contents/Developer/Platforms/iPhoneSimulator.platform/Developer/SDKs/iPhoneSimulator27.0.sdk/Developer/Library/Frameworks -filelist /Users/german/Work/JS/polski-grammar-srs/kotlin/iosApp/build/FinalVirtualFullFinal/Build/Intermediates.noindex/PolskiGrammar.build/Debug-iphonesimulator/PolskiGrammarUITests.build/Objects-normal/arm64/PolskiGrammarUITests.LinkFileList -Xlinker -rpath -Xlinker /usr/lib/swift -Xlinker -rpath -Xlinker @loader_path/Frameworks -Xlinker -dead_strip -Xlinker -object_path_lto -Xlinker /Users/german/Work/JS/polski-grammar-srs/kotlin/iosApp/build/FinalVirtualFullFinal/Build/Intermediates.noindex/PolskiGrammar.build/Debug-iphonesimulator/PolskiGrammarUITests.build/Objects-normal/arm64/PolskiGrammarUITests_lto.o -rdynamic -Xlinker -no_deduplicate -Xlinker -objc_abi_version -Xlinker 2 -Xlinker -dependency_info -Xlinker /Users/german/Work/JS/polski-grammar-srs/kotlin/iosApp/build/FinalVirtualFullFinal/Build/Intermediates.noindex/PolskiGrammar.build/Debug-iphonesimulator/PolskiGrammarUITests.build/Objects-normal/arm64/PolskiGrammarUITests_dependency_info.dat -fobjc-link-runtime -L/Applications/Xcode.app/Contents/Developer/Toolchains/XcodeDefault.xctoolchain/usr/lib/swift/iphonesimulator -L/usr/lib/swift -Xlinker -add_ast_path -Xlinker /Users/german/Work/JS/polski-grammar-srs/kotlin/iosApp/build/FinalVirtualFullFinal/Build/Intermediates.noindex/PolskiGrammar.build/Debug-iphonesimulator/PolskiGrammarUITests.build/Objects-normal/arm64/PolskiGrammarUITests.swiftmodule -Xlinker -needed_framework -Xlinker XCTest -framework XCTest -Xlinker -needed-lXCTestSwiftSupport -lXCTestSwiftSupport -framework Foundation -o /Users/german/Work/JS/polski-grammar-srs/kotlin/iosApp/build/FinalVirtualFullFinal/Build/Products/Debug-iphonesimulator/PolskiGrammarUITests-Runner.app/PlugIns/PolskiGrammarUITests.xctest/PolskiGrammarUITests

CopySwiftLibs /Users/german/Work/JS/polski-grammar-srs/kotlin/iosApp/build/FinalVirtualFullFinal/Build/Products/Debug-iphonesimulator/PolskiGrammarUITests-Runner.app/PlugIns/PolskiGrammarUITests.xctest (in target 'PolskiGrammarUITests' from project 'PolskiGrammar')
    cd /Users/german/Work/JS/polski-grammar-srs/kotlin/iosApp
    builtin-swiftStdLibTool --copy --verbose --scan-executable /Users/german/Work/JS/polski-grammar-srs/kotlin/iosApp/build/FinalVirtualFullFinal/Build/Products/Debug-iphonesimulator/PolskiGrammarUITests-Runner.app/PlugIns/PolskiGrammarUITests.xctest/PolskiGrammarUITests --scan-folder /Users/german/Work/JS/polski-grammar-srs/kotlin/iosApp/build/FinalVirtualFullFinal/Build/Products/Debug-iphonesimulator/PolskiGrammarUITests-Runner.app/PlugIns/PolskiGrammarUITests.xctest/Frameworks --scan-folder /Users/german/Work/JS/polski-grammar-srs/kotlin/iosApp/build/FinalVirtualFullFinal/Build/Products/Debug-iphonesimulator/PolskiGrammarUITests-Runner.app/PlugIns/PolskiGrammarUITests.xctest/PlugIns --scan-folder /Users/german/Work/JS/polski-grammar-srs/kotlin/iosApp/build/FinalVirtualFullFinal/Build/Products/Debug-iphonesimulator/PolskiGrammarUITests-Runner.app/PlugIns/PolskiGrammarUITests.xctest/SystemExtensions --scan-folder /Users/german/Work/JS/polski-grammar-srs/kotlin/iosApp/build/FinalVirtualFullFinal/Build/Products/Debug-iphonesimulator/PolskiGrammarUITests-Runner.app/PlugIns/PolskiGrammarUITests.xctest/Extensions --scan-folder /Applications/Xcode.app/Contents/Developer/Platforms/iPhoneOS.platform/Developer/SDKs/iPhoneOS18.0.sdk/System/Library/Frameworks/Foundation.framework --platform iphonesimulator --toolchain /Applications/Xcode.app/Contents/Developer/Toolchains/XcodeDefault.xctoolchain --destination /Users/german/Work/JS/polski-grammar-srs/kotlin/iosApp/build/FinalVirtualFullFinal/Build/Products/Debug-iphonesimulator/PolskiGrammarUITests-Runner.app/PlugIns/PolskiGrammarUITests.xctest/Frameworks --strip-bitcode --scan-executable /Applications/Xcode.app/Contents/Developer/Platforms/iPhoneSimulator.platform/Developer/usr/lib/libXCTestSwiftSupport.dylib --strip-bitcode-tool /Applications/Xcode.app/Contents/Developer/Toolchains/XcodeDefault.xctoolchain/usr/bin/bitcode_strip --emit-dependency-info /Users/german/Work/JS/polski-grammar-srs/kotlin/iosApp/build/FinalVirtualFullFinal/Build/Intermediates.noindex/PolskiGrammar.build/Debug-iphonesimulator/PolskiGrammarUITests.build/SwiftStdLibToolInputDependencies.dep --filter-for-swift-os
Ignoring --strip-bitcode because --sign was not passed

ExtractAppIntentsMetadata (in target 'PolskiGrammarUITests' from project 'PolskiGrammar')
    cd /Users/german/Work/JS/polski-grammar-srs/kotlin/iosApp
    /Applications/Xcode.app/Contents/Developer/Toolchains/XcodeDefault.xctoolchain/usr/bin/appintentsmetadataprocessor --toolchain-dir /Applications/Xcode.app/Contents/Developer/Toolchains/XcodeDefault.xctoolchain --module-name PolskiGrammarUITests --sdk-root /Applications/Xcode.app/Contents/Developer/Platforms/iPhoneSimulator.platform/Developer/SDKs/iPhoneSimulator27.0.sdk --xcode-version 27A266a --platform-family iOS --deployment-target 17.0 --bundle-identifier dev.polski.grammarmatrix.ios.uitests --output /Users/german/Work/JS/polski-grammar-srs/kotlin/iosApp/build/FinalVirtualFullFinal/Build/Products/Debug-iphonesimulator/PolskiGrammarUITests-Runner.app/PlugIns/PolskiGrammarUITests.xctest --target-triple arm64-apple-ios17.0-simulator --binary-file /Users/german/Work/JS/polski-grammar-srs/kotlin/iosApp/build/FinalVirtualFullFinal/Build/Products/Debug-iphonesimulator/PolskiGrammarUITests-Runner.app/PlugIns/PolskiGrammarUITests.xctest/PolskiGrammarUITests --dependency-file /Users/german/Work/JS/polski-grammar-srs/kotlin/iosApp/build/FinalVirtualFullFinal/Build/Intermediates.noindex/PolskiGrammar.build/Debug-iphonesimulator/PolskiGrammarUITests.build/Objects-normal/arm64/PolskiGrammarUITests_dependency_info.dat --stringsdata-file /Users/german/Work/JS/polski-grammar-srs/kotlin/iosApp/build/FinalVirtualFullFinal/Build/Intermediates.noindex/PolskiGrammar.build/Debug-iphonesimulator/PolskiGrammarUITests.build/Objects-normal/arm64/ExtractedAppShortcutsMetadata.stringsdata --source-file-list /Users/german/Work/JS/polski-grammar-srs/kotlin/iosApp/build/FinalVirtualFullFinal/Build/Intermediates.noindex/PolskiGrammar.build/Debug-iphonesimulator/PolskiGrammarUITests.build/Objects-normal/arm64/PolskiGrammarUITests.SwiftFileList --metadata-file-list /Users/german/Work/JS/polski-grammar-srs/kotlin/iosApp/build/FinalVirtualFullFinal/Build/Intermediates.noindex/PolskiGrammar.build/Debug-iphonesimulator/PolskiGrammarUITests.build/PolskiGrammarUITests.DependencyMetadataFileList --static-metadata-file-list /Users/german/Work/JS/polski-grammar-srs/kotlin/iosApp/build/FinalVirtualFullFinal/Build/Intermediates.noindex/PolskiGrammar.build/Debug-iphonesimulator/PolskiGrammarUITests.build/PolskiGrammarUITests.DependencyStaticMetadataFileList --swift-const-vals-list /Users/german/Work/JS/polski-grammar-srs/kotlin/iosApp/build/FinalVirtualFullFinal/Build/Intermediates.noindex/PolskiGrammar.build/Debug-iphonesimulator/PolskiGrammarUITests.build/Objects-normal/arm64/PolskiGrammarUITests.SwiftConstValuesFileList --compile-time-extraction --deployment-aware-processing --no-app-shortcuts-localization
2026-09-24 20:53:29.482 appintentsmetadataprocessor[97220:18040884] Starting appintentsmetadataprocessor export
2026-09-24 20:53:29.483 appintentsmetadataprocessor[97220:18040884] warning: Metadata extraction skipped, no AppIntents.framework dependency found

AppIntentsSSUTraining (in target 'PolskiGrammarUITests' from project 'PolskiGrammar')
    cd /Users/german/Work/JS/polski-grammar-srs/kotlin/iosApp
    /Applications/Xcode.app/Contents/Developer/Toolchains/XcodeDefault.xctoolchain/usr/bin/appintentsnltrainingprocessor --infoplist-path /Users/german/Work/JS/polski-grammar-srs/kotlin/iosApp/build/FinalVirtualFullFinal/Build/Products/Debug-iphonesimulator/PolskiGrammarUITests-Runner.app/PlugIns/PolskiGrammarUITests.xctest/Info.plist --temp-dir-path /Users/german/Work/JS/polski-grammar-srs/kotlin/iosApp/build/FinalVirtualFullFinal/Build/Intermediates.noindex/PolskiGrammar.build/Debug-iphonesimulator/PolskiGrammarUITests.build/ssu --bundle-id dev.polski.grammarmatrix.ios.uitests --product-path /Users/german/Work/JS/polski-grammar-srs/kotlin/iosApp/build/FinalVirtualFullFinal/Build/Products/Debug-iphonesimulator/PolskiGrammarUITests-Runner.app/PlugIns/PolskiGrammarUITests.xctest --extracted-metadata-path /Users/german/Work/JS/polski-grammar-srs/kotlin/iosApp/build/FinalVirtualFullFinal/Build/Products/Debug-iphonesimulator/PolskiGrammarUITests-Runner.app/PlugIns/PolskiGrammarUITests.xctest/Metadata.appintents --metadata-file-list /Users/german/Work/JS/polski-grammar-srs/kotlin/iosApp/build/FinalVirtualFullFinal/Build/Intermediates.noindex/PolskiGrammar.build/Debug-iphonesimulator/PolskiGrammarUITests.build/PolskiGrammarUITests.DependencyMetadataFileList --source-file /Users/german/Work/JS/polski-grammar-srs/kotlin/iosApp/build/FinalVirtualFullFinal/Build/Products/Debug-iphonesimulator/PolskiGrammarUITests-Runner.app/PlugIns/PolskiGrammarUITests.xctest/Info.plist --archive-ssu-assets
2026-09-24 20:53:29.501 appintentsnltrainingprocessor[97221:18040885] Parsing options for appintentsnltrainingprocessor
2026-09-24 20:53:29.502 appintentsnltrainingprocessor[97221:18040885] Starting AppIntents SSU YAML Generation
2026-09-24 20:53:29.502 appintentsnltrainingprocessor[97221:18040885] No AppShortcuts found - Skipping.

MkDir /Users/german/Work/JS/polski-grammar-srs/kotlin/iosApp/build/FinalVirtualFullFinal/Build/Products/Debug-iphonesimulator/PolskiGrammarUITests-Runner.app (in target 'PolskiGrammarUITests' from project 'PolskiGrammar')
    cd /Users/german/Work/JS/polski-grammar-srs/kotlin/iosApp
    /bin/mkdir -p /Users/german/Work/JS/polski-grammar-srs/kotlin/iosApp/build/FinalVirtualFullFinal/Build/Products/Debug-iphonesimulator/PolskiGrammarUITests-Runner.app

CopyAndPreserveArchs /Users/german/Work/JS/polski-grammar-srs/kotlin/iosApp/build/FinalVirtualFullFinal/Build/Products/Debug-iphonesimulator/PolskiGrammarUITests-Runner.app/PolskiGrammarUITests-Runner (in target 'PolskiGrammarUITests' from project 'PolskiGrammar')
    cd /Users/german/Work/JS/polski-grammar-srs/kotlin/iosApp
    /Applications/Xcode.app/Contents/Developer/Toolchains/XcodeDefault.xctoolchain/usr/bin/lipo /Applications/Xcode.app/Contents/Developer/Platforms/iPhoneSimulator.platform/Developer/Library/Xcode/Agents/XCTRunner.app/XCTRunner -output /Users/german/Work/JS/polski-grammar-srs/kotlin/iosApp/build/FinalVirtualFullFinal/Build/Products/Debug-iphonesimulator/PolskiGrammarUITests-Runner.app/PolskiGrammarUITests-Runner -extract arm64

CopyPlistFile /Users/german/Work/JS/polski-grammar-srs/kotlin/iosApp/build/FinalVirtualFullFinal/Build/Products/Debug-iphonesimulator/PolskiGrammarUITests-Runner.app/Info.plist /Applications/Xcode.app/Contents/Developer/Platforms/iPhoneSimulator.platform/Developer/Library/Xcode/Agents/XCTRunner.app/Info.plist (in target 'PolskiGrammarUITests' from project 'PolskiGrammar')
    cd /Users/german/Work/JS/polski-grammar-srs/kotlin/iosApp
    builtin-copyPlist --validate --convert xml1 --macro-expansion WRAPPEDPRODUCTNAME PolskiGrammarUITests-Runner --macro-expansion WRAPPEDPRODUCTBUNDLEIDENTIFIER dev.polski.grammarmatrix.ios.uitests.xctrunner --macro-expansion TESTPRODUCTNAME PolskiGrammarUITests --macro-expansion TESTPRODUCTBUNDLEIDENTIFIER dev.polski.grammarmatrix.ios.uitests --copy-value UIDeviceFamily /Users/german/Work/JS/polski-grammar-srs/kotlin/iosApp/build/FinalVirtualFullFinal/Build/Products/Debug-iphonesimulator/PolskiGrammarUITests-Runner.app/PlugIns/PolskiGrammarUITests.xctest/Info.plist --outdir /Users/german/Work/JS/polski-grammar-srs/kotlin/iosApp/build/FinalVirtualFullFinal/Build/Products/Debug-iphonesimulator/PolskiGrammarUITests-Runner.app -- /Applications/Xcode.app/Contents/Developer/Platforms/iPhoneSimulator.platform/Developer/Library/Xcode/Agents/XCTRunner.app/Info.plist

Copy /Users/german/Work/JS/polski-grammar-srs/kotlin/iosApp/build/FinalVirtualFullFinal/Build/Products/Debug-iphonesimulator/PolskiGrammarUITests-Runner.app/PkgInfo /Applications/Xcode.app/Contents/Developer/Platforms/iPhoneSimulator.platform/Developer/Library/Xcode/Agents/XCTRunner.app/PkgInfo (in target 'PolskiGrammarUITests' from project 'PolskiGrammar')
    cd /Users/german/Work/JS/polski-grammar-srs/kotlin/iosApp
    builtin-copy -exclude .DS_Store -exclude CVS -exclude .svn -exclude .git -exclude .hg -resolve-src-symlinks /Applications/Xcode.app/Contents/Developer/Platforms/iPhoneSimulator.platform/Developer/Library/Xcode/Agents/XCTRunner.app/PkgInfo /Users/german/Work/JS/polski-grammar-srs/kotlin/iosApp/build/FinalVirtualFullFinal/Build/Products/Debug-iphonesimulator/PolskiGrammarUITests-Runner.app

RegisterExecutionPolicyException /Users/german/Work/JS/polski-grammar-srs/kotlin/iosApp/build/FinalVirtualFullFinal/Build/Products/Debug-iphonesimulator/PolskiGrammarUITests-Runner.app/PlugIns/PolskiGrammarUITests.xctest (in target 'PolskiGrammarUITests' from project 'PolskiGrammar')
    cd /Users/german/Work/JS/polski-grammar-srs/kotlin/iosApp
    builtin-RegisterExecutionPolicyException /Users/german/Work/JS/polski-grammar-srs/kotlin/iosApp/build/FinalVirtualFullFinal/Build/Products/Debug-iphonesimulator/PolskiGrammarUITests-Runner.app/PlugIns/PolskiGrammarUITests.xctest

Touch /Users/german/Work/JS/polski-grammar-srs/kotlin/iosApp/build/FinalVirtualFullFinal/Build/Products/Debug-iphonesimulator/PolskiGrammarUITests-Runner.app/PlugIns/PolskiGrammarUITests.xctest (in target 'PolskiGrammarUITests' from project 'PolskiGrammar')
    cd /Users/german/Work/JS/polski-grammar-srs/kotlin/iosApp
    /usr/bin/touch -c /Users/german/Work/JS/polski-grammar-srs/kotlin/iosApp/build/FinalVirtualFullFinal/Build/Products/Debug-iphonesimulator/PolskiGrammarUITests-Runner.app/PlugIns/PolskiGrammarUITests.xctest

PruneExplicitPrecompiledModules /Users/german/Work/JS/polski-grammar-srs/kotlin/iosApp/build/FinalVirtualFullFinal/SDKExplicitPrecompiledModules

PruneExplicitPrecompiledModules /Users/german/Work/JS/polski-grammar-srs/kotlin/iosApp/build/FinalVirtualFullFinal/Build/Intermediates.noindex/ExplicitPrecompiledModules

PruneExplicitPrecompiledModules /Users/german/Work/JS/polski-grammar-srs/kotlin/iosApp/build/FinalVirtualFullFinal/Build/Intermediates.noindex/SwiftExplicitPrecompiledModules

note: Run script build phase 'Build Kotlin framework' will be run during every build because the option to run the script phase "Based on dependency analysis" is unchecked. (in target 'PolskiGrammar' from project 'PolskiGrammar')
2026-09-24 20:53:31.332175+0200 PolskiGrammarUITests-Runner[97251:18041080] [Default] Running tests...
    t =      nans Interface orientation changed to Portrait
Test Suite 'All tests' started at 2026-09-24 20:53:32.420.
Test Suite 'PolskiGrammarUITests.xctest' started at 2026-09-24 20:53:32.421.
Test Suite 'PolskiGrammarUITests' started at 2026-09-24 20:53:32.421.
Test Case '-[PolskiGrammarUITests.PolskiGrammarUITests testBinaryRatingSwipesAdvanceOnceInEachDirection]' started.
    t =     0.00s Start Test at 2026-09-24 20:53:32.423
    t =     0.06s Set Up
    t =     0.07s Open dev.polski.grammarmatrix.ios
    t =     0.07s     Launch dev.polski.grammarmatrix.ios
2026-09-24 20:53:32.581 xcodebuild[96668:18039340] [MT] IDELaunchParametersSnapshot: debugger version lookup failed for path '<nil>': noURL
2026-09-24 20:53:32.581 xcodebuild[96668:18039340] [MT] IDELaunchParametersSnapshot: no debugger version
    t =     2.04s         Setting up automation session
    t =     2.84s         Wait for dev.polski.grammarmatrix.ios to idle
    t =     4.69s Tap "Прогресс" Button
    t =     4.69s     Wait for dev.polski.grammarmatrix.ios to idle
    t =     4.69s     Find the "Прогресс" Button
    t =     4.83s     Check for interrupting elements affecting "Прогресс" Button
    t =     4.95s     Synthesize event
    t =     5.26s     Wait for dev.polski.grammarmatrix.ios to idle
    t =     6.78s Find the "Сбросить прогресс" Button
    t =     7.90s     Find the "Сбросить прогресс" Button (retry 1)
    t =     8.99s     Find the "Сбросить прогресс" Button (retry 2)
    t =     9.08s Swipe up Target Application 'dev.polski.grammarmatrix.ios'
    t =     9.08s     Wait for dev.polski.grammarmatrix.ios to idle
    t =     9.08s     Find the Target Application 'dev.polski.grammarmatrix.ios'
    t =     9.13s     Check for interrupting elements affecting "Polski Grammar Matrix" Application
    t =     9.19s     Synthesize event
    t =     9.64s     Wait for dev.polski.grammarmatrix.ios to idle
    t =    11.73s Find the "Сбросить прогресс" Button
    t =    12.83s     Find the "Сбросить прогресс" Button (retry 1)
    t =    13.91s     Find the "Сбросить прогресс" Button (retry 2)
    t =    13.99s Swipe up Target Application 'dev.polski.grammarmatrix.ios'
    t =    13.99s     Wait for dev.polski.grammarmatrix.ios to idle
    t =    13.99s     Find the Target Application 'dev.polski.grammarmatrix.ios'
    t =    14.04s     Check for interrupting elements affecting "Polski Grammar Matrix" Application
    t =    14.10s     Synthesize event
    t =    14.55s     Wait for dev.polski.grammarmatrix.ios to idle
    t =    15.80s Find the "Сбросить прогресс" Button
    t =    15.90s Waiting 5.0s for "Сбросить прогресс" Button to exist
    t =    17.00s     Checking `Expect predicate `existsNoRetry == 1` for object "Сбросить прогресс" Button`
    t =    17.00s         Checking existence of `"Сбросить прогресс" Button`
    t =    17.07s Tap "Сбросить прогресс" Button
    t =    17.07s     Wait for dev.polski.grammarmatrix.ios to idle
    t =    17.08s     Find the "Сбросить прогресс" Button
    t =    17.15s     Check for interrupting elements affecting "Сбросить прогресс" Button
    t =    17.20s     Synthesize event
    t =    17.51s     Wait for dev.polski.grammarmatrix.ios to idle
    t =    17.88s Waiting 5.0s for "Сбросить весь прогресс?" Alert to exist
    t =    18.96s     Checking `Expect predicate `existsNoRetry == 1` for object "Сбросить весь прогресс?" Alert`
    t =    18.97s         Checking existence of `"Сбросить весь прогресс?" Alert`
    t =    19.05s Tap "Сбросить" Button
    t =    19.05s     Wait for dev.polski.grammarmatrix.ios to idle
    t =    19.05s     Find the "Сбросить" Button
    t =    19.12s     Check for interrupting elements affecting "Сбросить" Button
    t =    19.20s     Synthesize event
    t =    19.52s     Wait for dev.polski.grammarmatrix.ios to idle
    t =    19.87s Waiting 2.0s for "Сообщение" Alert to exist
    t =    20.95s     Checking `Expect predicate `existsNoRetry == 1` for object "Сообщение" Alert`
    t =    20.95s         Checking existence of `"Сообщение" Alert`
    t =    21.05s         Capturing element debug description
    t =    21.88s     Checking `Expect predicate `existsNoRetry == 1` for object "Сообщение" Alert`
    t =    21.88s         Checking existence of `"Сообщение" Alert`
    t =    21.95s         Capturing element debug description
    t =    21.95s     Checking existence of `"Сообщение" Alert`
    t =    22.01s Collecting debug information to assist test failure triage
    t =    22.01s     Requesting snapshot of accessibility hierarchy for app with pid 97362
    t =    22.08s Tap "Тренировка" Button
    t =    22.08s     Wait for dev.polski.grammarmatrix.ios to idle
    t =    22.09s     Find the "Тренировка" Button
    t =    22.14s     Check for interrupting elements affecting "square.stack" Button
    t =    22.20s     Synthesize event
    t =    22.52s     Wait for dev.polski.grammarmatrix.ios to idle
    t =    23.37s Checking existence of `"Перейти к заданию" Button`
    t =    23.44s Find the "Перейти к заданию" Button
    t =    23.53s Swipe up Target Application 'dev.polski.grammarmatrix.ios'
    t =    23.53s     Wait for dev.polski.grammarmatrix.ios to idle
    t =    23.53s     Find the Target Application 'dev.polski.grammarmatrix.ios'
    t =    23.57s     Check for interrupting elements affecting "Polski Grammar Matrix" Application
    t =    23.63s     Synthesize event
    t =    24.07s     Wait for dev.polski.grammarmatrix.ios to idle
    t =    25.09s Checking existence of `"continueIntroduction" Button`
    t =    25.17s Find the "continueIntroduction" Button
    t =    25.25s Checking existence of `"continueIntroduction" Button`
    t =    25.31s Tap "continueIntroduction" Button
    t =    25.31s     Wait for dev.polski.grammarmatrix.ios to idle
    t =    25.31s     Find the "continueIntroduction" Button
    t =    25.40s     Check for interrupting elements affecting "continueIntroduction" Button
    t =    25.46s     Synthesize event
    t =    25.77s     Wait for dev.polski.grammarmatrix.ios to idle
    t =    25.83s Waiting 20.0s for "revealAnswer" Button to exist
    t =    26.92s     Checking `Expect predicate `existsNoRetry == 1` for object "revealAnswer" Button`
    t =    26.92s         Checking existence of `"revealAnswer" Button`
    t =    26.99s Tap "revealAnswer" Button
    t =    26.99s     Wait for dev.polski.grammarmatrix.ios to idle
    t =    26.99s     Find the "revealAnswer" Button
    t =    27.07s     Check for interrupting elements affecting "revealAnswer" Button
    t =    27.15s     Synthesize event
    t =    27.18s         Scroll element to visible
    t =    27.18s         Find the "revealAnswer" Button
    t =    27.29s         Computed hit point {201, 644.16666666666674} after scrolling to visible
    t =    27.59s     Wait for dev.polski.grammarmatrix.ios to idle
    t =    28.40s Checking existence of `"rateHard" Button`
    t =    28.48s Checking existence of `"rateEasy" Button`
    t =    28.55s Checking existence of `"ratingSwipeArea" Any`
    t =    29.30s Find the "ratingSwipeArea" Any
    t =    30.11s Swipe up Target Application 'dev.polski.grammarmatrix.ios'
    t =    30.11s     Wait for dev.polski.grammarmatrix.ios to idle
    t =    30.12s     Find the Target Application 'dev.polski.grammarmatrix.ios'
    t =    30.17s     Check for interrupting elements affecting "Polski Grammar Matrix" Application
    t =    30.24s     Synthesize event
    t =    30.68s     Wait for dev.polski.grammarmatrix.ios to idle
    t =    31.49s Checking existence of `"ratingSwipeArea" StaticText`
    t =    32.08s Find the "ratingSwipeArea" StaticText
    t =    32.65s Find the "ratingSwipeArea" StaticText
    t =    33.20s Swipe left "ratingSwipeArea" StaticText
    t =    33.20s     Wait for dev.polski.grammarmatrix.ios to idle
    t =    33.21s     Find the "ratingSwipeArea" StaticText
    t =    33.81s     Check for interrupting elements affecting "ratingSwipeArea" StaticText
    t =    33.92s     Synthesize event
    t =    34.46s     Wait for dev.polski.grammarmatrix.ios to idle
    t =    34.76s Checking existence of `"Перейти к заданию" Button`
    t =    34.84s Find the "Перейти к заданию" Button
    t =    34.95s Checking existence of `"continueIntroduction" Button`
    t =    35.02s Tap "continueIntroduction" Button
    t =    35.02s     Wait for dev.polski.grammarmatrix.ios to idle
    t =    35.03s     Find the "continueIntroduction" Button
    t =    35.10s     Check for interrupting elements affecting "continueIntroduction" Button
    t =    35.19s     Synthesize event
    t =    35.51s     Wait for dev.polski.grammarmatrix.ios to idle
    t =    36.15s Waiting 5.0s for "revealAnswer" Button to exist
    t =    37.23s     Checking `Expect predicate `existsNoRetry == 1` for object "revealAnswer" Button`
    t =    37.23s         Checking existence of `"revealAnswer" Button`
    t =    37.31s Tap "revealAnswer" Button
    t =    37.31s     Wait for dev.polski.grammarmatrix.ios to idle
    t =    37.32s     Find the "revealAnswer" Button
    t =    37.38s     Check for interrupting elements affecting "revealAnswer" Button
    t =    37.45s     Synthesize event
    t =    37.49s         Scroll element to visible
    t =    37.49s         Find the "revealAnswer" Button
    t =    37.60s         Computed hit point {201, 644.16666666666674} after scrolling to visible
    t =    37.90s     Wait for dev.polski.grammarmatrix.ios to idle
    t =    38.84s Checking existence of `"ratingSwipeArea" StaticText`
    t =    39.55s Find the "ratingSwipeArea" StaticText
    t =    40.26s Swipe up Target Application 'dev.polski.grammarmatrix.ios'
    t =    40.26s     Wait for dev.polski.grammarmatrix.ios to idle
    t =    40.27s     Find the Target Application 'dev.polski.grammarmatrix.ios'
    t =    40.31s     Check for interrupting elements affecting "Polski Grammar Matrix" Application
    t =    40.37s     Synthesize event
    t =    40.82s     Wait for dev.polski.grammarmatrix.ios to idle
    t =    41.51s Checking existence of `"ratingSwipeArea" StaticText`
    t =    42.04s Find the "ratingSwipeArea" StaticText
    t =    42.58s Find the "ratingSwipeArea" StaticText
    t =    43.17s Swipe right "ratingSwipeArea" StaticText
    t =    43.17s     Wait for dev.polski.grammarmatrix.ios to idle
    t =    43.17s     Find the "ratingSwipeArea" StaticText
    t =    43.74s     Check for interrupting elements affecting "ratingSwipeArea" StaticText
    t =    43.89s     Synthesize event
    t =    44.43s     Wait for dev.polski.grammarmatrix.ios to idle
    t =    44.73s Checking existence of `"Перейти к заданию" Button`
    t =    44.81s Find the "Перейти к заданию" Button
    t =    44.96s Checking existence of `"continueIntroduction" Button`
    t =    45.02s Tap "continueIntroduction" Button
    t =    45.02s     Wait for dev.polski.grammarmatrix.ios to idle
    t =    45.03s     Find the "continueIntroduction" Button
    t =    45.10s     Check for interrupting elements affecting "continueIntroduction" Button
    t =    45.18s     Synthesize event
    t =    45.50s     Wait for dev.polski.grammarmatrix.ios to idle
    t =    45.52s Waiting 5.0s for "revealAnswer" Button to exist
    t =    46.59s     Checking `Expect predicate `existsNoRetry == 1` for object "revealAnswer" Button`
    t =    46.59s         Checking existence of `"revealAnswer" Button`
    t =    46.68s Tear Down
Test Case '-[PolskiGrammarUITests.PolskiGrammarUITests testBinaryRatingSwipesAdvanceOnceInEachDirection]' passed (47.050 seconds).
Test Case '-[PolskiGrammarUITests.PolskiGrammarUITests testFirstMethodIntroductionKeepsReferenceAnswerHiddenUntilContinue]' started.
    t =     0.00s Start Test at 2026-09-24 20:54:19.475
    t =     0.07s Set Up
    t =     0.07s Open dev.polski.grammarmatrix.ios
    t =     0.07s     Launch dev.polski.grammarmatrix.ios
    t =     0.07s         Terminate dev.polski.grammarmatrix.ios:97362
2026-09-24 20:54:20.622 xcodebuild[96668:18039340] [MT] IDELaunchParametersSnapshot: debugger version lookup failed for path '<nil>': noURL
2026-09-24 20:54:20.622 xcodebuild[96668:18039340] [MT] IDELaunchParametersSnapshot: no debugger version
    t =     1.36s         Setting up automation session
    t =     2.28s         Wait for dev.polski.grammarmatrix.ios to idle
    t =     4.02s Tap "Прогресс" Button
    t =     4.02s     Wait for dev.polski.grammarmatrix.ios to idle
    t =     4.04s     Find the "Прогресс" Button
    t =     4.16s     Check for interrupting elements affecting "Прогресс" Button
    t =     4.27s     Synthesize event
    t =     4.58s     Wait for dev.polski.grammarmatrix.ios to idle
    t =     6.06s Find the "Сбросить прогресс" Button
    t =     7.17s     Find the "Сбросить прогресс" Button (retry 1)
    t =     8.27s     Find the "Сбросить прогресс" Button (retry 2)
    t =     8.36s Swipe up Target Application 'dev.polski.grammarmatrix.ios'
    t =     8.36s     Wait for dev.polski.grammarmatrix.ios to idle
    t =     8.36s     Find the Target Application 'dev.polski.grammarmatrix.ios'
    t =     8.41s     Check for interrupting elements affecting "Polski Grammar Matrix" Application
    t =     8.46s     Synthesize event
    t =     8.89s     Wait for dev.polski.grammarmatrix.ios to idle
    t =    11.00s Find the "Сбросить прогресс" Button
    t =    12.10s     Find the "Сбросить прогресс" Button (retry 1)
    t =    13.21s     Find the "Сбросить прогресс" Button (retry 2)
    t =    13.29s Swipe up Target Application 'dev.polski.grammarmatrix.ios'
    t =    13.29s     Wait for dev.polski.grammarmatrix.ios to idle
    t =    13.30s     Find the Target Application 'dev.polski.grammarmatrix.ios'
    t =    13.34s     Check for interrupting elements affecting "Polski Grammar Matrix" Application
    t =    13.40s     Synthesize event
    t =    13.84s     Wait for dev.polski.grammarmatrix.ios to idle
    t =    14.92s Find the "Сбросить прогресс" Button
    t =    15.02s Waiting 5.0s for "Сбросить прогресс" Button to exist
    t =    16.09s     Checking `Expect predicate `existsNoRetry == 1` for object "Сбросить прогресс" Button`
    t =    16.09s         Checking existence of `"Сбросить прогресс" Button`
    t =    16.19s Tap "Сбросить прогресс" Button
    t =    16.19s     Wait for dev.polski.grammarmatrix.ios to idle
    t =    16.19s     Find the "Сбросить прогресс" Button
    t =    16.27s     Check for interrupting elements affecting "Сбросить прогресс" Button
    t =    16.34s     Synthesize event
    t =    16.66s     Wait for dev.polski.grammarmatrix.ios to idle
    t =    17.04s Waiting 5.0s for "Сбросить весь прогресс?" Alert to exist
    t =    18.08s     Checking `Expect predicate `existsNoRetry == 1` for object "Сбросить весь прогресс?" Alert`
    t =    18.08s         Checking existence of `"Сбросить весь прогресс?" Alert`
    t =    18.17s Tap "Сбросить" Button
    t =    18.17s     Wait for dev.polski.grammarmatrix.ios to idle
    t =    18.17s     Find the "Сбросить" Button
    t =    18.25s     Check for interrupting elements affecting "Сбросить" Button
    t =    18.34s     Synthesize event
    t =    18.67s     Wait for dev.polski.grammarmatrix.ios to idle
    t =    19.01s Waiting 2.0s for "Сообщение" Alert to exist
    t =    20.08s     Checking `Expect predicate `existsNoRetry == 1` for object "Сообщение" Alert`
    t =    20.08s         Checking existence of `"Сообщение" Alert`
    t =    20.18s         Capturing element debug description
    t =    21.02s     Checking `Expect predicate `existsNoRetry == 1` for object "Сообщение" Alert`
    t =    21.02s         Checking existence of `"Сообщение" Alert`
    t =    21.09s         Capturing element debug description
    t =    21.09s     Checking existence of `"Сообщение" Alert`
    t =    21.14s Collecting debug information to assist test failure triage
    t =    21.15s     Requesting snapshot of accessibility hierarchy for app with pid 98952
    t =    21.22s Tap "Тренировка" Button
    t =    21.22s     Wait for dev.polski.grammarmatrix.ios to idle
    t =    21.22s     Find the "Тренировка" Button
    t =    21.27s     Check for interrupting elements affecting "square.stack" Button
    t =    21.33s     Synthesize event
    t =    21.66s     Wait for dev.polski.grammarmatrix.ios to idle
    t =    22.41s Waiting 20.0s for "continueIntroduction" Button to exist
    t =    23.48s     Checking `Expect predicate `existsNoRetry == 1` for object "continueIntroduction" Button`
    t =    23.48s         Checking existence of `"continueIntroduction" Button`
    t =    23.57s Checking existence of `"To jest moja piękna żona." StaticText`
    t =    23.63s Checking existence of `"Widzę moją piękną żonę." StaticText`
    t =    23.69s Checking existence of `"Таблица под рукой" Button`
    t =    23.74s Swipe up Target Application 'dev.polski.grammarmatrix.ios'
    t =    23.74s     Wait for dev.polski.grammarmatrix.ios to idle
    t =    23.75s     Find the Target Application 'dev.polski.grammarmatrix.ios'
    t =    23.80s     Check for interrupting elements affecting "Polski Grammar Matrix" Application
    t =    23.85s     Synthesize event
    t =    24.28s     Wait for dev.polski.grammarmatrix.ios to idle
    t =    24.90s Checking existence of `"Таблица под рукой" Button`
    t =    24.99s Checking existence of `"Таблица под рукой" Button`
    t =    25.05s Find the "Таблица под рукой" Button
    t =    25.12s Checking existence of `"Было: moja piękna żona; Стало: moją piękną żonę" Any`
    t =    25.84s Find the "continueIntroduction" Button
    t =    25.93s Find the "continueIntroduction" Button
    t =    26.01s Tap "continueIntroduction" Button
    t =    26.01s     Wait for dev.polski.grammarmatrix.ios to idle
    t =    26.13s     Find the "continueIntroduction" Button
    t =    26.21s     Check for interrupting elements affecting "continueIntroduction" Button
    t =    26.27s     Synthesize event
    t =    26.59s     Wait for dev.polski.grammarmatrix.ios to idle
    t =    26.60s Checking existence of `"Таблица под рукой" Button`
    t =    26.67s Swipe up Target Application 'dev.polski.grammarmatrix.ios'
    t =    26.68s     Wait for dev.polski.grammarmatrix.ios to idle
    t =    26.68s     Find the Target Application 'dev.polski.grammarmatrix.ios'
    t =    26.73s     Check for interrupting elements affecting "Polski Grammar Matrix" Application
    t =    26.79s     Synthesize event
    t =    27.23s     Wait for dev.polski.grammarmatrix.ios to idle
    t =    28.39s Checking existence of `"Таблица под рукой" Button`
    t =    28.50s Waiting 5.0s for "Таблица под рукой" Button to exist
    t =    29.57s     Checking `Expect predicate `existsNoRetry == 1` for object "Таблица под рукой" Button`
    t =    29.57s         Checking existence of `"Таблица под рукой" Button`
    t =    29.66s Find the "Таблица под рукой" Button
    t =    29.74s Tap "Таблица под рукой" Button
    t =    29.74s     Wait for dev.polski.grammarmatrix.ios to idle
    t =    29.74s     Find the "Таблица под рукой" Button
    t =    29.82s     Check for interrupting elements affecting "Таблица под рукой" Button
    t =    29.89s     Synthesize event
    t =    30.21s     Wait for dev.polski.grammarmatrix.ios to idle
    t =    30.46s Checking existence of `"Было: moja piękna żona; Стало: moją piękną żonę" Any`
    t =    31.29s Swipe up Target Application 'dev.polski.grammarmatrix.ios'
    t =    31.29s     Wait for dev.polski.grammarmatrix.ios to idle
    t =    31.29s     Find the Target Application 'dev.polski.grammarmatrix.ios'
    t =    31.34s     Check for interrupting elements affecting "Polski Grammar Matrix" Application
    t =    31.40s     Synthesize event
    t =    31.84s     Wait for dev.polski.grammarmatrix.ios to idle
    t =    33.98s Checking existence of `"Было: moja piękna żona; Стало: moją piękną żonę" Any`
    t =    34.79s Waiting 5.0s for "Было: moja piękna żona; Стало: moją piękną żonę" Any to exist
    t =    35.84s     Checking `Expect predicate `existsNoRetry == 1` for object "Было: moja piękna żona; Стало: moją piękną żonę" Any`
    t =    35.84s         Checking existence of `"Было: moja piękna żona; Стало: moją piękną żonę" Any`
    t =    36.41s Checking existence of `"revealAnswer" Button`
/Users/german/Work/JS/polski-grammar-srs/kotlin/iosApp/PolskiGrammarUITests/PolskiGrammarUITests.swift:180: error: -[PolskiGrammarUITests.PolskiGrammarUITests testFirstMethodIntroductionKeepsReferenceAnswerHiddenUntilContinue] : XCTAssertTrue failed
    t =    36.50s Find the "revealAnswer" Button
    t =    37.57s     Find the "revealAnswer" Button (retry 1)
    t =    38.65s     Find the "revealAnswer" Button (retry 2)
    t =    38.73s Swipe down Target Application 'dev.polski.grammarmatrix.ios'
    t =    38.73s     Wait for dev.polski.grammarmatrix.ios to idle
    t =    38.73s     Find the Target Application 'dev.polski.grammarmatrix.ios'
    t =    38.79s     Check for interrupting elements affecting "Polski Grammar Matrix" Application
    t =    38.86s     Synthesize event
    t =    39.31s     Wait for dev.polski.grammarmatrix.ios to idle
    t =    41.41s Find the "revealAnswer" Button
    t =    41.52s Checking existence of `"revealAnswer" Button`
    t =    41.60s Tap "revealAnswer" Button
    t =    41.60s     Wait for dev.polski.grammarmatrix.ios to idle
    t =    41.61s     Find the "revealAnswer" Button
    t =    41.69s     Check for interrupting elements affecting "revealAnswer" Button
    t =    41.76s     Synthesize event
    t =    42.11s     Wait for dev.polski.grammarmatrix.ios to idle
    t =    42.78s Find the "rateGood" Button
    t =    42.90s Swipe up Target Application 'dev.polski.grammarmatrix.ios'
    t =    42.90s     Wait for dev.polski.grammarmatrix.ios to idle
    t =    42.90s     Find the Target Application 'dev.polski.grammarmatrix.ios'
    t =    42.96s     Check for interrupting elements affecting "Polski Grammar Matrix" Application
    t =    43.01s     Synthesize event
    t =    43.46s     Wait for dev.polski.grammarmatrix.ios to idle
    t =    45.54s Find the "rateGood" Button
    t =    45.66s Tap "rateGood" Button
    t =    45.66s     Wait for dev.polski.grammarmatrix.ios to idle
    t =    46.11s     Find the "rateGood" Button
    t =    46.17s     Check for interrupting elements affecting "rateGood" Button
    t =    46.23s     Synthesize event
    t =    46.56s     Wait for dev.polski.grammarmatrix.ios to idle
    t =    46.91s Waiting 5.0s for "continueIntroduction" Button to exist
    t =    47.99s     Checking `Expect predicate `existsNoRetry == 1` for object "continueIntroduction" Button`
    t =    47.99s         Checking existence of `"continueIntroduction" Button`
    t =    48.08s Checking existence of `"Таблица под рукой" Button`
    t =    48.14s Checking existence of `"Таблица под рукой" Button`
    t =    48.22s Find the "Таблица под рукой" Button
    t =    48.28s Checking existence of `"Скрыть таблицу" Button`
    t =    48.34s Checking existence of `"Было: moja piękna żona; Стало: moją piękną żonę" Any`
    t =    49.04s Find the "continueIntroduction" Button
    t =    49.14s Tap "continueIntroduction" Button
    t =    49.14s     Wait for dev.polski.grammarmatrix.ios to idle
    t =    49.15s     Find the "continueIntroduction" Button
    t =    49.23s     Check for interrupting elements affecting "continueIntroduction" Button
    t =    49.30s     Synthesize event
    t =    49.61s     Wait for dev.polski.grammarmatrix.ios to idle
    t =    50.24s Checking existence of `"Скрыть таблицу" Button`
    t =    50.32s Swipe up Target Application 'dev.polski.grammarmatrix.ios'
    t =    50.32s     Wait for dev.polski.grammarmatrix.ios to idle
    t =    50.33s     Find the Target Application 'dev.polski.grammarmatrix.ios'
    t =    50.39s     Check for interrupting elements affecting "Polski Grammar Matrix" Application
    t =    50.46s     Synthesize event
    t =    50.90s     Wait for dev.polski.grammarmatrix.ios to idle
    t =    53.03s Checking existence of `"Скрыть таблицу" Button`
    t =    53.10s Waiting 5.0s for "Скрыть таблицу" Button to exist
    t =    54.12s     Checking `Expect predicate `existsNoRetry == 1` for object "Скрыть таблицу" Button`
    t =    54.13s         Checking existence of `"Скрыть таблицу" Button`
    t =    54.21s Find the "Скрыть таблицу" Button
    t =    54.28s Checking existence of `"Было: moja piękna żona; Стало: moją piękną żonę" Any`
    t =    54.84s Checking existence of `"Было: moja piękna żona; Стало: moją piękną żonę" Any`
    t =    55.41s Tear Down
Test Case '-[PolskiGrammarUITests.PolskiGrammarUITests testFirstMethodIntroductionKeepsReferenceAnswerHiddenUntilContinue]' failed (55.867 seconds).
Test Case '-[PolskiGrammarUITests.PolskiGrammarUITests testInventoryAuthoredMatrixAndVocabularyCopyOnSimulator]' started.
    t =     0.00s Start Test at 2026-09-24 20:55:15.342
    t =     0.06s Set Up
    t =     0.06s Open dev.polski.grammarmatrix.ios
    t =     0.07s     Launch dev.polski.grammarmatrix.ios
    t =     0.07s         Terminate dev.polski.grammarmatrix.ios:98952
2026-09-24 20:55:16.505 xcodebuild[96668:18039340] [MT] IDELaunchParametersSnapshot: debugger version lookup failed for path '<nil>': noURL
2026-09-24 20:55:16.505 xcodebuild[96668:18039340] [MT] IDELaunchParametersSnapshot: no debugger version
    t =     1.38s         Setting up automation session
    t =     2.34s         Wait for dev.polski.grammarmatrix.ios to idle
    t =     4.08s Tap "Матрица" Button
    t =     4.08s     Wait for dev.polski.grammarmatrix.ios to idle
    t =     4.09s     Find the "Матрица" Button
    t =     4.22s     Check for interrupting elements affecting "Матрица" Button
    t =     4.32s     Synthesize event
    t =     4.65s     Wait for dev.polski.grammarmatrix.ios to idle
    t =     6.38s Waiting 10.0s for "Один небольшой словарь. Видно, что меняется при каждой операции." StaticText to exist
    t =     7.45s     Checking `Expect predicate `existsNoRetry == 1` for object "Один небольшой словарь. Видно, что меняется при каждой операции." StaticText`
    t =     7.45s         Checking existence of `"Один небольшой словарь. Видно, что меняется при каждой операции." StaticText`
    t =     7.55s Tap "Слова" Button
    t =     7.55s     Wait for dev.polski.grammarmatrix.ios to idle
    t =     7.55s     Find the "Слова" Button
    t =     7.61s     Check for interrupting elements affecting "character.book.closed" Button
    t =     7.66s     Synthesize event
    t =     7.98s     Wait for dev.polski.grammarmatrix.ios to idle
    t =     9.52s Checking existence of `StaticText (First Match)`
    t =     9.83s Waiting 5.0s for StaticText (First Match) to exist
    t =    10.90s     Checking `Expect predicate `existsNoRetry == 1` for object StaticText (First Match)`
    t =    10.90s         Checking existence of `StaticText (First Match)`
    t =    11.30s Find the Button (First Match)
    t =    11.65s Find the "Подборка, A1" Button
    t =    11.97s Tap "Подборка, A1" Button
    t =    11.97s     Wait for dev.polski.grammarmatrix.ios to idle
    t =    11.97s     Find the "Подборка, A1" Button
    t =    12.25s     Check for interrupting elements affecting "Подборка, A1" Button
    t =    12.31s     Synthesize event
    t =    12.62s     Wait for dev.polski.grammarmatrix.ios to idle
    t =    13.52s Waiting 5.0s for Any (First Match) to exist
    t =    14.59s     Checking `Expect predicate `existsNoRetry == 1` for object Any (First Match)`
    t =    14.59s         Checking existence of `Any (First Match)`
    t =    14.67s Tap Any (First Match)
    t =    14.67s     Wait for dev.polski.grammarmatrix.ios to idle
    t =    14.67s     Find the Any (First Match)
    t =    14.76s     Check for interrupting elements affecting "Топ 100" Button
    t =    14.86s     Synthesize event
    t =    15.17s     Wait for dev.polski.grammarmatrix.ios to idle
    t =    16.02s Checking existence of `"Готово 7/100 · недоступно 93" StaticText`
    t =    16.10s Swipe up Target Application 'dev.polski.grammarmatrix.ios'
    t =    16.10s     Wait for dev.polski.grammarmatrix.ios to idle
    t =    16.10s     Find the Target Application 'dev.polski.grammarmatrix.ios'
    t =    16.17s     Check for interrupting elements affecting "Polski Grammar Matrix" Application
    t =    16.24s     Synthesize event
    t =    16.68s     Wait for dev.polski.grammarmatrix.ios to idle
    t =    18.78s Checking existence of `"Готово 7/100 · недоступно 93" StaticText`
    t =    18.86s Waiting 5.0s for "Готово 7/100 · недоступно 93" StaticText to exist
    t =    19.95s     Checking `Expect predicate `existsNoRetry == 1` for object "Готово 7/100 · недоступно 93" StaticText`
    t =    19.95s         Checking existence of `"Готово 7/100 · недоступно 93" StaticText`
    t =    20.02s Checking existence of `"vocabularySelect-" Button`
    t =    20.41s Waiting 5.0s for "vocabularySelect-" Button to exist
    t =    21.45s     Checking `Expect predicate `existsNoRetry == 1` for object "vocabularySelect-" Button`
    t =    21.45s         Checking existence of `"vocabularySelect-" Button`
    t =    21.80s Find the "vocabularySelect-" Button
    t =    22.17s Tear Down
Test Case '-[PolskiGrammarUITests.PolskiGrammarUITests testInventoryAuthoredMatrixAndVocabularyCopyOnSimulator]' passed (22.403 seconds).
Test Case '-[PolskiGrammarUITests.PolskiGrammarUITests testMethodSwitchKeepsTypedDraftThroughRevealAndOneReview]' started.
    t =     0.00s Start Test at 2026-09-24 20:55:37.745
    t =     0.04s Set Up
    t =     0.05s Open dev.polski.grammarmatrix.ios
    t =     0.05s     Launch dev.polski.grammarmatrix.ios
    t =     0.05s         Terminate dev.polski.grammarmatrix.ios:1777
2026-09-24 20:55:38.891 xcodebuild[96668:18039340] [MT] IDELaunchParametersSnapshot: debugger version lookup failed for path '<nil>': noURL
2026-09-24 20:55:38.891 xcodebuild[96668:18039340] [MT] IDELaunchParametersSnapshot: no debugger version
    t =     1.37s         Setting up automation session
    t =     2.26s         Wait for dev.polski.grammarmatrix.ios to idle
    t =     3.97s Tap "Прогресс" Button
    t =     3.97s     Wait for dev.polski.grammarmatrix.ios to idle
    t =     3.98s     Find the "Прогресс" Button
    t =     4.11s     Check for interrupting elements affecting "Прогресс" Button
    t =     4.21s     Synthesize event
    t =     4.53s     Wait for dev.polski.grammarmatrix.ios to idle
    t =     6.07s Find the "Сбросить прогресс" Button
    t =     7.18s     Find the "Сбросить прогресс" Button (retry 1)
    t =     8.27s     Find the "Сбросить прогресс" Button (retry 2)
    t =     8.36s Swipe up Target Application 'dev.polski.grammarmatrix.ios'
    t =     8.36s     Wait for dev.polski.grammarmatrix.ios to idle
    t =     8.36s     Find the Target Application 'dev.polski.grammarmatrix.ios'
    t =     8.41s     Check for interrupting elements affecting "Polski Grammar Matrix" Application
    t =     8.47s     Synthesize event
    t =     8.91s     Wait for dev.polski.grammarmatrix.ios to idle
    t =    11.02s Find the "Сбросить прогресс" Button
    t =    12.12s     Find the "Сбросить прогресс" Button (retry 1)
    t =    13.20s     Find the "Сбросить прогресс" Button (retry 2)
    t =    13.29s Swipe up Target Application 'dev.polski.grammarmatrix.ios'
    t =    13.29s     Wait for dev.polski.grammarmatrix.ios to idle
    t =    13.30s     Find the Target Application 'dev.polski.grammarmatrix.ios'
    t =    13.35s     Check for interrupting elements affecting "Polski Grammar Matrix" Application
    t =    13.41s     Synthesize event
    t =    13.85s     Wait for dev.polski.grammarmatrix.ios to idle
    t =    15.11s Find the "Сбросить прогресс" Button
    t =    15.22s Waiting 5.0s for "Сбросить прогресс" Button to exist
    t =    16.26s     Checking `Expect predicate `existsNoRetry == 1` for object "Сбросить прогресс" Button`
    t =    16.26s         Checking existence of `"Сбросить прогресс" Button`
    t =    16.33s Tap "Сбросить прогресс" Button
    t =    16.33s     Wait for dev.polski.grammarmatrix.ios to idle
    t =    16.36s     Find the "Сбросить прогресс" Button
    t =    16.43s     Check for interrupting elements affecting "Сбросить прогресс" Button
    t =    16.49s     Synthesize event
    t =    16.81s     Wait for dev.polski.grammarmatrix.ios to idle
    t =    17.19s Waiting 5.0s for "Сбросить весь прогресс?" Alert to exist
    t =    18.27s     Checking `Expect predicate `existsNoRetry == 1` for object "Сбросить весь прогресс?" Alert`
    t =    18.28s         Checking existence of `"Сбросить весь прогресс?" Alert`
    t =    18.36s Tap "Сбросить" Button
    t =    18.36s     Wait for dev.polski.grammarmatrix.ios to idle
    t =    18.37s     Find the "Сбросить" Button
    t =    18.45s     Check for interrupting elements affecting "Сбросить" Button
    t =    18.55s     Synthesize event
    t =    18.88s     Wait for dev.polski.grammarmatrix.ios to idle
    t =    19.22s Waiting 2.0s for "Сообщение" Alert to exist
    t =    20.27s     Checking `Expect predicate `existsNoRetry == 1` for object "Сообщение" Alert`
    t =    20.27s         Checking existence of `"Сообщение" Alert`
    t =    20.37s         Capturing element debug description
    t =    21.23s     Checking `Expect predicate `existsNoRetry == 1` for object "Сообщение" Alert`
    t =    21.23s         Checking existence of `"Сообщение" Alert`
    t =    21.30s         Capturing element debug description
    t =    21.30s     Checking existence of `"Сообщение" Alert`
    t =    21.36s Collecting debug information to assist test failure triage
    t =    21.36s     Requesting snapshot of accessibility hierarchy for app with pid 2896
    t =    21.43s Tap "Тренировка" Button
    t =    21.43s     Wait for dev.polski.grammarmatrix.ios to idle
    t =    21.44s     Find the "Тренировка" Button
    t =    21.49s     Check for interrupting elements affecting "square.stack" Button
    t =    21.55s     Synthesize event
    t =    21.90s     Wait for dev.polski.grammarmatrix.ios to idle
    t =    22.66s Waiting 20.0s for "continueIntroduction" Button to exist
    t =    23.71s     Checking `Expect predicate `existsNoRetry == 1` for object "continueIntroduction" Button`
    t =    23.71s         Checking existence of `"continueIntroduction" Button`
    t =    23.78s Checking existence of `"Перейти к заданию" Button`
    t =    23.84s Find the "Перейти к заданию" Button
    t =    23.94s Swipe up Target Application 'dev.polski.grammarmatrix.ios'
    t =    23.94s     Wait for dev.polski.grammarmatrix.ios to idle
    t =    23.95s     Find the Target Application 'dev.polski.grammarmatrix.ios'
    t =    24.00s     Check for interrupting elements affecting "Polski Grammar Matrix" Application
    t =    24.05s     Synthesize event
    t =    24.50s     Wait for dev.polski.grammarmatrix.ios to idle
    t =    25.51s Checking existence of `"continueIntroduction" Button`
    t =    25.59s Find the "continueIntroduction" Button
    t =    25.71s Checking existence of `"continueIntroduction" Button`
    t =    25.78s Tap "continueIntroduction" Button
    t =    25.78s     Wait for dev.polski.grammarmatrix.ios to idle
    t =    25.78s     Find the "continueIntroduction" Button
    t =    25.85s     Check for interrupting elements affecting "continueIntroduction" Button
    t =    25.91s     Synthesize event
    t =    26.23s     Wait for dev.polski.grammarmatrix.ios to idle
    t =    26.26s Waiting 5.0s for Button (First Match) to exist
    t =    27.34s     Checking `Expect predicate `existsNoRetry == 1` for object Button (First Match)`
    t =    27.34s         Checking existence of `Button (First Match)`
    t =    27.75s Tap Button (First Match)
    t =    27.75s     Wait for dev.polski.grammarmatrix.ios to idle
    t =    27.76s     Find the Button (First Match)
    t =    28.10s     Check for interrupting elements affecting "Ответ, Вслух / про себя" Button
    t =    28.16s     Synthesize event
    t =    28.48s     Wait for dev.polski.grammarmatrix.ios to idle
    t =    29.43s Tap "Напечатать" Button
    t =    29.43s     Wait for dev.polski.grammarmatrix.ios to idle
    t =    29.44s     Find the "Напечатать" Button
    t =    29.55s     Check for interrupting elements affecting "Напечатать" Button
    t =    29.62s     Synthesize event
    t =    29.94s     Wait for dev.polski.grammarmatrix.ios to idle
    t =    30.79s Waiting 5.0s for "typedAnswer" Any to exist
    t =    31.84s     Checking `Expect predicate `existsNoRetry == 1` for object "typedAnswer" Any`
    t =    31.84s         Checking existence of `"typedAnswer" Any`
    t =    32.66s Tap "typedAnswer" Any
    t =    32.66s     Wait for dev.polski.grammarmatrix.ios to idle
    t =    32.66s     Find the "typedAnswer" Any
    t =    33.44s     Check for interrupting elements affecting "typedAnswer" TextField
    t =    33.58s     Synthesize event
    t =    33.90s     Wait for dev.polski.grammarmatrix.ios to idle
    t =    34.15s Type 'Moja proba' into "typedAnswer" TextField
    t =    34.15s     Wait for dev.polski.grammarmatrix.ios to idle
    t =    35.16s     Find the "typedAnswer" TextField
    t =    36.08s     Check for interrupting elements affecting "typedAnswer" TextField
    t =    36.24s     Synthesize event
    t =    36.61s     Wait for dev.polski.grammarmatrix.ios to idle
    t =    36.62s Find the Button (First Match)
    t =    38.09s     Find the Button (First Match) (retry 1)
    t =    39.61s     Find the Button (First Match) (retry 2)
    t =    40.02s Swipe down Target Application 'dev.polski.grammarmatrix.ios'
    t =    40.02s     Wait for dev.polski.grammarmatrix.ios to idle
    t =    40.03s     Find the Target Application 'dev.polski.grammarmatrix.ios'
    t =    40.10s     Check for interrupting elements affecting "Polski Grammar Matrix" Application
    t =    40.17s     Synthesize event
    t =    40.62s     Wait for dev.polski.grammarmatrix.ios to idle
    t =    42.02s Find the Button (First Match)
    t =    42.46s Find the "Подача объяснений, Схемы и логика" Button
    t =    42.88s Tap "Подача объяснений, Схемы и логика" Button
    t =    42.88s     Wait for dev.polski.grammarmatrix.ios to idle
    t =    43.11s     Find the "Подача объяснений, Схемы и логика" Button
    t =    43.53s     Check for interrupting elements affecting "Подача объяснений, Схемы и логика" Button
    t =    43.63s     Synthesize event
    t =    43.95s     Wait for dev.polski.grammarmatrix.ios to idle
    t =    44.34s Tap "Живые ситуации" Any
    t =    44.34s     Wait for dev.polski.grammarmatrix.ios to idle
    t =    44.35s     Find the "Живые ситуации" Any
    t =    46.15s         Find the "Живые ситуации" Any (retry 1)
    t =    47.90s         Find the "Живые ситуации" Any (retry 2)
    t =    48.75s Requesting snapshot of accessibility hierarchy for app with pid 2896
<unknown>:0: error: -[PolskiGrammarUITests.PolskiGrammarUITests testMethodSwitchKeepsTypedDraftThroughRevealAndOneReview] : Failed to tap "Живые ситуации" Any: No matches found for first query match sequence: `Descendants matching type Any` -> `Elements matching predicate '"Живые ситуации" IN identifiers'`, given input App element pid: 2896
    t =    48.84s Tear Down
Test Case '-[PolskiGrammarUITests.PolskiGrammarUITests testMethodSwitchKeepsTypedDraftThroughRevealAndOneReview]' failed (49.159 seconds).
Test Case '-[PolskiGrammarUITests.PolskiGrammarUITests testNativeCasesShowCompactNoteAndOrderedComparisonNouns]' started.
    t =     0.00s Start Test at 2026-09-24 20:56:26.905
    t =     0.04s Set Up
    t =     0.04s Open dev.polski.grammarmatrix.ios
    t =     0.05s     Launch dev.polski.grammarmatrix.ios
    t =     0.05s         Terminate dev.polski.grammarmatrix.ios:2896
2026-09-24 20:56:28.056 xcodebuild[96668:18039340] [MT] IDELaunchParametersSnapshot: debugger version lookup failed for path '<nil>': noURL
2026-09-24 20:56:28.056 xcodebuild[96668:18039340] [MT] IDELaunchParametersSnapshot: no debugger version
    t =     1.37s         Setting up automation session
    t =     2.30s         Wait for dev.polski.grammarmatrix.ios to idle
    t =     4.05s Tap "Матрица" Button
    t =     4.05s     Wait for dev.polski.grammarmatrix.ios to idle
    t =     4.05s     Find the "Матрица" Button
    t =     4.16s     Check for interrupting elements affecting "Матрица" Button
    t =     4.26s     Synthesize event
    t =     4.57s     Wait for dev.polski.grammarmatrix.ios to idle
    t =     6.03s Waiting 10.0s for Button (First Match) to exist
    t =     7.09s     Checking `Expect predicate `existsNoRetry == 1` for object Button (First Match)`
    t =     7.09s         Checking existence of `Button (First Match)`
    t =     7.33s Tap Button (First Match)
    t =     7.33s     Wait for dev.polski.grammarmatrix.ios to idle
    t =     7.34s     Find the Button (First Match)
    t =     7.57s     Check for interrupting elements affecting "Раздел, Карта системы" Button
    t =     7.62s     Synthesize event
    t =     7.93s     Wait for dev.polski.grammarmatrix.ios to idle
    t =     8.89s Tap "Падежи и окончания" Button
    t =     8.89s     Wait for dev.polski.grammarmatrix.ios to idle
    t =     8.90s     Find the "Падежи и окончания" Button
    t =     8.99s     Check for interrupting elements affecting "Падежи и окончания" Button
    t =     9.05s     Synthesize event
    t =     9.36s     Wait for dev.polski.grammarmatrix.ios to idle
    t =    10.21s Checking existence of `"Wołacz — форма обращения. «Zachwycam się…» требует Narzędnik; «Przyglądam się…» — Celownik." StaticText`
    t =    10.30s Swipe up Target Application 'dev.polski.grammarmatrix.ios'
    t =    10.30s     Wait for dev.polski.grammarmatrix.ios to idle
    t =    10.30s     Find the Target Application 'dev.polski.grammarmatrix.ios'
    t =    10.35s     Check for interrupting elements affecting "Polski Grammar Matrix" Application
    t =    10.40s     Synthesize event
    t =    10.85s     Wait for dev.polski.grammarmatrix.ios to idle
    t =    12.95s Checking existence of `"Wołacz — форма обращения. «Zachwycam się…» требует Narzędnik; «Przyglądam się…» — Celownik." StaticText`
    t =    13.04s Swipe up Target Application 'dev.polski.grammarmatrix.ios'
    t =    13.04s     Wait for dev.polski.grammarmatrix.ios to idle
    t =    13.04s     Find the Target Application 'dev.polski.grammarmatrix.ios'
    t =    13.10s     Check for interrupting elements affecting "Polski Grammar Matrix" Application
    t =    13.16s     Synthesize event
    t =    13.61s     Wait for dev.polski.grammarmatrix.ios to idle
    t =    15.72s Checking existence of `"Wołacz — форма обращения. «Zachwycam się…» требует Narzędnik; «Przyglądam się…» — Celownik." StaticText`
    t =    15.81s Swipe up Target Application 'dev.polski.grammarmatrix.ios'
    t =    15.81s     Wait for dev.polski.grammarmatrix.ios to idle
    t =    15.82s     Find the Target Application 'dev.polski.grammarmatrix.ios'
    t =    15.88s     Check for interrupting elements affecting "Polski Grammar Matrix" Application
    t =    15.95s     Synthesize event
    t =    16.39s     Wait for dev.polski.grammarmatrix.ios to idle
    t =    18.51s Checking existence of `"Wołacz — форма обращения. «Zachwycam się…» требует Narzędnik; «Przyglądam się…» — Celownik." StaticText`
    t =    18.61s Swipe up Target Application 'dev.polski.grammarmatrix.ios'
    t =    18.61s     Wait for dev.polski.grammarmatrix.ios to idle
    t =    18.61s     Find the Target Application 'dev.polski.grammarmatrix.ios'
    t =    18.66s     Check for interrupting elements affecting "Polski Grammar Matrix" Application
    t =    18.74s     Synthesize event
    t =    19.18s     Wait for dev.polski.grammarmatrix.ios to idle
    t =    21.32s Checking existence of `"Wołacz — форма обращения. «Zachwycam się…» требует Narzędnik; «Przyglądam się…» — Celownik." StaticText`
    t =    21.40s Waiting 5.0s for "Wołacz — форма обращения. «Zachwycam się…» требует Narzędnik; «Przyglądam się…» — Celownik." StaticText to exist
    t =    22.47s     Checking `Expect predicate `existsNoRetry == 1` for object "Wołacz — форма обращения. «Zachwycam się…» требует Narzędnik; «Przyglądam się…» — Celownik." StaticText`
    t =    22.48s         Checking existence of `"Wołacz — форма обращения. «Zachwycam się…» требует Narzędnik; «Przyglądam się…» — Celownik." StaticText`
    t =    22.54s Checking existence of `"Сравнение типов склонения" StaticText`
    t =    22.60s Waiting 5.0s for "Сравнение типов склонения" StaticText to exist
    t =    23.68s     Checking `Expect predicate `existsNoRetry == 1` for object "Сравнение типов склонения" StaticText`
    t =    23.68s         Checking existence of `"Сравнение типов склонения" StaticText`
    t =    23.74s Checking existence of `"mąż" StaticText`
    t =    23.80s Waiting 5.0s for "mąż" StaticText to exist
    t =    24.84s     Checking `Expect predicate `existsNoRetry == 1` for object "mąż" StaticText`
    t =    24.84s         Checking existence of `"mąż" StaticText`
    t =    24.95s Checking existence of `"kolega" StaticText`
    t =    25.02s Waiting 5.0s for "kolega" StaticText to exist
    t =    26.08s     Checking `Expect predicate `existsNoRetry == 1` for object "kolega" StaticText`
    t =    26.08s         Checking existence of `"kolega" StaticText`
    t =    26.14s Checking existence of `"pies" StaticText`
    t =    26.20s Swipe up Target Application 'dev.polski.grammarmatrix.ios'
    t =    26.20s     Wait for dev.polski.grammarmatrix.ios to idle
    t =    26.20s     Find the Target Application 'dev.polski.grammarmatrix.ios'
    t =    26.25s     Check for interrupting elements affecting "Polski Grammar Matrix" Application
    t =    26.30s     Synthesize event
    t =    26.74s     Wait for dev.polski.grammarmatrix.ios to idle
    t =    28.87s Checking existence of `"pies" StaticText`
    t =    28.93s Waiting 5.0s for "pies" StaticText to exist
    t =    29.98s     Checking `Expect predicate `existsNoRetry == 1` for object "pies" StaticText`
    t =    29.98s         Checking existence of `"pies" StaticText`
    t =    30.08s Checking existence of `"dom" StaticText`
    t =    30.15s Waiting 5.0s for "dom" StaticText to exist
    t =    31.23s     Checking `Expect predicate `existsNoRetry == 1` for object "dom" StaticText`
    t =    31.23s         Checking existence of `"dom" StaticText`
    t =    31.32s Checking existence of `"żona" StaticText`
    t =    31.38s Waiting 5.0s for "żona" StaticText to exist
    t =    32.47s     Checking `Expect predicate `existsNoRetry == 1` for object "żona" StaticText`
    t =    32.47s         Checking existence of `"żona" StaticText`
    t =    32.53s Checking existence of `"książka" StaticText`
    t =    32.59s Waiting 5.0s for "książka" StaticText to exist
    t =    33.66s     Checking `Expect predicate `existsNoRetry == 1` for object "książka" StaticText`
    t =    33.66s         Checking existence of `"książka" StaticText`
    t =    33.72s Checking existence of `"dziecko" StaticText`
    t =    33.79s Waiting 5.0s for "dziecko" StaticText to exist
    t =    34.82s     Checking `Expect predicate `existsNoRetry == 1` for object "dziecko" StaticText`
    t =    34.83s         Checking existence of `"dziecko" StaticText`
    t =    34.91s Tear Down
Test Case '-[PolskiGrammarUITests.PolskiGrammarUITests testNativeCasesShowCompactNoteAndOrderedComparisonNouns]' passed (35.254 seconds).
Test Case '-[PolskiGrammarUITests.PolskiGrammarUITests testNativeChainCompletionShowsFiveAnswersAndKeepsFiveRatings]' started.
    t =     0.00s Start Test at 2026-09-24 20:57:02.159
    t =     0.03s Set Up
    t =     0.03s Open dev.polski.grammarmatrix.ios
    t =     0.03s     Launch dev.polski.grammarmatrix.ios
    t =     0.03s         Terminate dev.polski.grammarmatrix.ios:5003
2026-09-24 20:57:03.192 xcodebuild[96668:18039340] [MT] IDELaunchParametersSnapshot: debugger version lookup failed for path '<nil>': noURL
2026-09-24 20:57:03.192 xcodebuild[96668:18039340] [MT] IDELaunchParametersSnapshot: no debugger version
    t =     1.26s         Setting up automation session
    t =     2.25s         Wait for dev.polski.grammarmatrix.ios to idle
    t =     3.83s Tap "Прогресс" Button
    t =     3.83s     Wait for dev.polski.grammarmatrix.ios to idle
    t =     3.84s     Find the "Прогресс" Button
    t =     3.98s     Check for interrupting elements affecting "Прогресс" Button
    t =     4.09s     Synthesize event
    t =     4.42s     Wait for dev.polski.grammarmatrix.ios to idle
    t =     5.73s Waiting 10.0s for "totalReviews" Any to exist
    t =     6.79s     Checking `Expect predicate `existsNoRetry == 1` for object "totalReviews" Any`
    t =     6.79s         Checking existence of `"totalReviews" Any`
    t =     7.47s Find the "totalReviews" Any
    t =     8.07s Tap "Тренировка" Button
    t =     8.07s     Wait for dev.polski.grammarmatrix.ios to idle
    t =     8.07s     Find the "Тренировка" Button
    t =     8.13s     Check for interrupting elements affecting "square.stack" Button
    t =     8.19s     Synthesize event
    t =     8.53s     Wait for dev.polski.grammarmatrix.ios to idle
    t =    10.03s Checking existence of `"0 / 5 · Вижу → Прошлое → Отрицание → Владелец → Говорю о" StaticText`
    t =    10.13s Waiting 5.0s for "0 / 5 · Вижу → Прошлое → Отрицание → Владелец → Говорю о" StaticText to exist
    t =    11.18s     Checking `Expect predicate `existsNoRetry == 1` for object "0 / 5 · Вижу → Прошлое → Отрицание → Владелец → Говорю о" StaticText`
    t =    11.18s         Checking existence of `"0 / 5 · Вижу → Прошлое → Отрицание → Владелец → Говорю о" StaticText`
    t =    11.28s Checking existence of `"Перейти к заданию" Button`
    t =    11.36s Find the "Перейти к заданию" Button
    t =    11.51s Swipe up Target Application 'dev.polski.grammarmatrix.ios'
    t =    11.51s     Wait for dev.polski.grammarmatrix.ios to idle
    t =    11.52s     Find the Target Application 'dev.polski.grammarmatrix.ios'
    t =    11.59s     Check for interrupting elements affecting "Polski Grammar Matrix" Application
    t =    11.66s     Synthesize event
    t =    12.15s     Wait for dev.polski.grammarmatrix.ios to idle
    t =    12.87s Checking existence of `"continueIntroduction" Button`
    t =    12.97s Find the "continueIntroduction" Button
    t =    13.08s Checking existence of `"continueIntroduction" Button`
    t =    13.15s Tap "continueIntroduction" Button
    t =    13.15s     Wait for dev.polski.grammarmatrix.ios to idle
    t =    13.16s     Find the "continueIntroduction" Button
    t =    13.26s     Check for interrupting elements affecting "continueIntroduction" Button
    t =    13.35s     Synthesize event
    t =    13.69s     Wait for dev.polski.grammarmatrix.ios to idle
    t =    13.69s Checking existence of `"revealAnswer" Button`
    t =    13.79s Find the "revealAnswer" Button
    t =    13.88s Swipe up Target Application 'dev.polski.grammarmatrix.ios'
    t =    13.88s     Wait for dev.polski.grammarmatrix.ios to idle
    t =    13.88s     Find the Target Application 'dev.polski.grammarmatrix.ios'
    t =    13.94s     Check for interrupting elements affecting "Polski Grammar Matrix" Application
    t =    14.00s     Synthesize event
    t =    14.44s     Wait for dev.polski.grammarmatrix.ios to idle
    t =    15.35s Checking existence of `"revealAnswer" Button`
    t =    15.42s Find the "revealAnswer" Button
    t =    15.50s Find the "revealAnswer" Button
    t =    15.58s Tap "revealAnswer" Button
    t =    15.58s     Wait for dev.polski.grammarmatrix.ios to idle
    t =    15.59s     Find the "revealAnswer" Button
    t =    15.65s     Check for interrupting elements affecting "revealAnswer" Button
    t =    15.71s     Synthesize event
    t =    16.03s     Wait for dev.polski.grammarmatrix.ios to idle
    t =    16.36s Checking existence of `"rateGood" Button`
    t =    16.44s Find the "rateGood" Button
    t =    16.54s Swipe up Target Application 'dev.polski.grammarmatrix.ios'
    t =    16.54s     Wait for dev.polski.grammarmatrix.ios to idle
    t =    16.54s     Find the Target Application 'dev.polski.grammarmatrix.ios'
    t =    16.60s     Check for interrupting elements affecting "Polski Grammar Matrix" Application
    t =    16.66s     Synthesize event
    t =    17.10s     Wait for dev.polski.grammarmatrix.ios to idle
    t =    17.86s Checking existence of `"rateGood" Button`
    t =    17.92s Find the "rateGood" Button
    t =    18.01s Find the "rateGood" Button
    t =    18.07s Tap "rateGood" Button
    t =    18.07s     Wait for dev.polski.grammarmatrix.ios to idle
    t =    18.08s     Find the "rateGood" Button
    t =    18.13s     Check for interrupting elements affecting "rateGood" Button
    t =    18.18s     Synthesize event
    t =    18.50s     Wait for dev.polski.grammarmatrix.ios to idle
    t =    18.84s Checking existence of `"1 / 5 · Вижу → Прошлое → Отрицание → Владелец → Говорю о" StaticText`
    t =    18.92s Waiting 5.0s for "1 / 5 · Вижу → Прошлое → Отрицание → Владелец → Говорю о" StaticText to exist
    t =    19.99s     Checking `Expect predicate `existsNoRetry == 1` for object "1 / 5 · Вижу → Прошлое → Отрицание → Владелец → Говорю о" StaticText`
    t =    19.99s         Checking existence of `"1 / 5 · Вижу → Прошлое → Отрицание → Владелец → Говорю о" StaticText`
    t =    20.05s Checking existence of `"Перейти к заданию" Button`
    t =    20.11s Find the "Перейти к заданию" Button
    t =    20.21s Checking existence of `"continueIntroduction" Button`
    t =    20.27s Tap "continueIntroduction" Button
    t =    20.27s     Wait for dev.polski.grammarmatrix.ios to idle
    t =    20.28s     Find the "continueIntroduction" Button
    t =    20.35s     Check for interrupting elements affecting "continueIntroduction" Button
    t =    20.41s     Synthesize event
    t =    20.73s     Wait for dev.polski.grammarmatrix.ios to idle
    t =    21.29s Checking existence of `"revealAnswer" Button`
    t =    21.39s Find the "revealAnswer" Button
    t =    21.48s Swipe up Target Application 'dev.polski.grammarmatrix.ios'
    t =    21.48s     Wait for dev.polski.grammarmatrix.ios to idle
    t =    21.49s     Find the Target Application 'dev.polski.grammarmatrix.ios'
    t =    21.54s     Check for interrupting elements affecting "Polski Grammar Matrix" Application
    t =    21.60s     Synthesize event
    t =    22.03s     Wait for dev.polski.grammarmatrix.ios to idle
    t =    22.63s Checking existence of `"revealAnswer" Button`
    t =    22.69s Find the "revealAnswer" Button
    t =    22.78s Find the "revealAnswer" Button
    t =    22.87s Tap "revealAnswer" Button
    t =    22.87s     Wait for dev.polski.grammarmatrix.ios to idle
    t =    22.88s     Find the "revealAnswer" Button
    t =    22.93s     Check for interrupting elements affecting "revealAnswer" Button
    t =    22.99s     Synthesize event
    t =    23.30s     Wait for dev.polski.grammarmatrix.ios to idle
    t =    23.62s Checking existence of `"rateGood" Button`
    t =    23.71s Find the "rateGood" Button
    t =    23.80s Swipe up Target Application 'dev.polski.grammarmatrix.ios'
    t =    23.80s     Wait for dev.polski.grammarmatrix.ios to idle
    t =    23.81s     Find the Target Application 'dev.polski.grammarmatrix.ios'
    t =    23.86s     Check for interrupting elements affecting "Polski Grammar Matrix" Application
    t =    23.94s     Synthesize event
    t =    24.38s     Wait for dev.polski.grammarmatrix.ios to idle
    t =    25.08s Checking existence of `"rateGood" Button`
    t =    25.14s Find the "rateGood" Button
    t =    25.22s Find the "rateGood" Button
    t =    25.31s Tap "rateGood" Button
    t =    25.31s     Wait for dev.polski.grammarmatrix.ios to idle
    t =    25.31s     Find the "rateGood" Button
    t =    25.36s     Check for interrupting elements affecting "rateGood" Button
    t =    25.42s     Synthesize event
    t =    25.73s     Wait for dev.polski.grammarmatrix.ios to idle
    t =    26.07s Checking existence of `"2 / 5 · Вижу → Прошлое → Отрицание → Владелец → Говорю о" StaticText`
    t =    26.15s Waiting 5.0s for "2 / 5 · Вижу → Прошлое → Отрицание → Владелец → Говорю о" StaticText to exist
    t =    27.21s     Checking `Expect predicate `existsNoRetry == 1` for object "2 / 5 · Вижу → Прошлое → Отрицание → Владелец → Говорю о" StaticText`
    t =    27.21s         Checking existence of `"2 / 5 · Вижу → Прошлое → Отрицание → Владелец → Говорю о" StaticText`
    t =    27.28s Checking existence of `"Перейти к заданию" Button`
    t =    27.35s Find the "Перейти к заданию" Button
    t =    27.43s Checking existence of `"continueIntroduction" Button`
    t =    27.49s Tap "continueIntroduction" Button
    t =    27.49s     Wait for dev.polski.grammarmatrix.ios to idle
    t =    27.49s     Find the "continueIntroduction" Button
    t =    27.56s     Check for interrupting elements affecting "continueIntroduction" Button
    t =    27.61s     Synthesize event
    t =    27.93s     Wait for dev.polski.grammarmatrix.ios to idle
    t =    27.93s Checking existence of `"revealAnswer" Button`
    t =    28.00s Find the "revealAnswer" Button
    t =    28.09s Swipe up Target Application 'dev.polski.grammarmatrix.ios'
    t =    28.09s     Wait for dev.polski.grammarmatrix.ios to idle
    t =    28.10s     Find the Target Application 'dev.polski.grammarmatrix.ios'
    t =    28.15s     Check for interrupting elements affecting "Polski Grammar Matrix" Application
    t =    28.21s     Synthesize event
    t =    28.66s     Wait for dev.polski.grammarmatrix.ios to idle
    t =    29.26s Checking existence of `"revealAnswer" Button`
    t =    29.33s Find the "revealAnswer" Button
    t =    29.43s Find the "revealAnswer" Button
    t =    29.52s Tap "revealAnswer" Button
    t =    29.52s     Wait for dev.polski.grammarmatrix.ios to idle
    t =    29.53s     Find the "revealAnswer" Button
    t =    29.60s     Check for interrupting elements affecting "revealAnswer" Button
    t =    29.66s     Synthesize event
    t =    29.98s     Wait for dev.polski.grammarmatrix.ios to idle
    t =    31.18s Checking existence of `"rateGood" Button`
    t =    31.25s Swipe up Target Application 'dev.polski.grammarmatrix.ios'
    t =    31.25s     Wait for dev.polski.grammarmatrix.ios to idle
    t =    31.25s     Find the Target Application 'dev.polski.grammarmatrix.ios'
    t =    31.30s     Check for interrupting elements affecting "Polski Grammar Matrix" Application
    t =    31.36s     Synthesize event
    t =    31.80s     Wait for dev.polski.grammarmatrix.ios to idle
    t =    32.55s Checking existence of `"rateGood" Button`
    t =    32.62s Find the "rateGood" Button
    t =    32.71s Find the "rateGood" Button
    t =    32.80s Tap "rateGood" Button
    t =    32.80s     Wait for dev.polski.grammarmatrix.ios to idle
    t =    32.80s     Find the "rateGood" Button
    t =    32.86s     Check for interrupting elements affecting "rateGood" Button
    t =    32.91s     Synthesize event
    t =    33.23s     Wait for dev.polski.grammarmatrix.ios to idle
    t =    33.59s Checking existence of `"3 / 5 · Вижу → Прошлое → Отрицание → Владелец → Говорю о" StaticText`
    t =    33.67s Waiting 5.0s for "3 / 5 · Вижу → Прошлое → Отрицание → Владелец → Говорю о" StaticText to exist
    t =    34.72s     Checking `Expect predicate `existsNoRetry == 1` for object "3 / 5 · Вижу → Прошлое → Отрицание → Владелец → Говорю о" StaticText`
    t =    34.72s         Checking existence of `"3 / 5 · Вижу → Прошлое → Отрицание → Владелец → Говорю о" StaticText`
    t =    34.79s Checking existence of `"Перейти к заданию" Button`
    t =    34.84s Find the "Перейти к заданию" Button
    t =    34.94s Checking existence of `"continueIntroduction" Button`
    t =    35.00s Tap "continueIntroduction" Button
    t =    35.00s     Wait for dev.polski.grammarmatrix.ios to idle
    t =    35.01s     Find the "continueIntroduction" Button
    t =    35.08s     Check for interrupting elements affecting "continueIntroduction" Button
    t =    35.14s     Synthesize event
    t =    35.47s     Wait for dev.polski.grammarmatrix.ios to idle
    t =    36.08s Checking existence of `"revealAnswer" Button`
    t =    36.18s Find the "revealAnswer" Button
    t =    36.27s Swipe up Target Application 'dev.polski.grammarmatrix.ios'
    t =    36.27s     Wait for dev.polski.grammarmatrix.ios to idle
    t =    36.27s     Find the Target Application 'dev.polski.grammarmatrix.ios'
    t =    36.33s     Check for interrupting elements affecting "Polski Grammar Matrix" Application
    t =    36.39s     Synthesize event
    t =    36.85s     Wait for dev.polski.grammarmatrix.ios to idle
    t =    37.34s Checking existence of `"revealAnswer" Button`
    t =    37.41s Find the "revealAnswer" Button
    t =    37.49s Find the "revealAnswer" Button
    t =    37.57s Tap "revealAnswer" Button
    t =    37.57s     Wait for dev.polski.grammarmatrix.ios to idle
    t =    37.57s     Find the "revealAnswer" Button
    t =    37.63s     Check for interrupting elements affecting "revealAnswer" Button
    t =    37.69s     Synthesize event
    t =    38.01s     Wait for dev.polski.grammarmatrix.ios to idle
    t =    39.17s Checking existence of `"rateGood" Button`
    t =    39.25s Swipe up Target Application 'dev.polski.grammarmatrix.ios'
    t =    39.25s     Wait for dev.polski.grammarmatrix.ios to idle
    t =    39.25s     Find the Target Application 'dev.polski.grammarmatrix.ios'
    t =    39.31s     Check for interrupting elements affecting "Polski Grammar Matrix" Application
    t =    39.38s     Synthesize event
    t =    39.82s     Wait for dev.polski.grammarmatrix.ios to idle
    t =    40.78s Checking existence of `"rateGood" Button`
    t =    40.83s Find the "rateGood" Button
    t =    40.91s Find the "rateGood" Button
    t =    40.99s Tap "rateGood" Button
    t =    40.99s     Wait for dev.polski.grammarmatrix.ios to idle
    t =    41.00s     Find the "rateGood" Button
    t =    41.05s     Check for interrupting elements affecting "rateGood" Button
    t =    41.10s     Synthesize event
    t =    41.42s     Wait for dev.polski.grammarmatrix.ios to idle
    t =    41.76s Checking existence of `"4 / 5 · Вижу → Прошлое → Отрицание → Владелец → Говорю о" StaticText`
    t =    41.84s Waiting 5.0s for "4 / 5 · Вижу → Прошлое → Отрицание → Владелец → Говорю о" StaticText to exist
    t =    42.90s     Checking `Expect predicate `existsNoRetry == 1` for object "4 / 5 · Вижу → Прошлое → Отрицание → Владелец → Говорю о" StaticText`
    t =    42.90s         Checking existence of `"4 / 5 · Вижу → Прошлое → Отрицание → Владелец → Говорю о" StaticText`
    t =    42.98s Checking existence of `"Перейти к заданию" Button`
    t =    43.04s Find the "Перейти к заданию" Button
    t =    43.13s Checking existence of `"continueIntroduction" Button`
    t =    43.20s Tap "continueIntroduction" Button
    t =    43.20s     Wait for dev.polski.grammarmatrix.ios to idle
    t =    43.20s     Find the "continueIntroduction" Button
    t =    43.27s     Check for interrupting elements affecting "continueIntroduction" Button
    t =    43.34s     Synthesize event
    t =    43.67s     Wait for dev.polski.grammarmatrix.ios to idle
    t =    43.68s Checking existence of `"revealAnswer" Button`
    t =    43.75s Find the "revealAnswer" Button
    t =    43.84s Swipe up Target Application 'dev.polski.grammarmatrix.ios'
    t =    43.84s     Wait for dev.polski.grammarmatrix.ios to idle
    t =    43.85s     Find the Target Application 'dev.polski.grammarmatrix.ios'
    t =    43.90s     Check for interrupting elements affecting "Polski Grammar Matrix" Application
    t =    43.95s     Synthesize event
    t =    44.39s     Wait for dev.polski.grammarmatrix.ios to idle
    t =    44.99s Checking existence of `"revealAnswer" Button`
    t =    45.06s Find the "revealAnswer" Button
    t =    45.15s Find the "revealAnswer" Button
    t =    45.23s Tap "revealAnswer" Button
    t =    45.23s     Wait for dev.polski.grammarmatrix.ios to idle
    t =    45.23s     Find the "revealAnswer" Button
    t =    45.30s     Check for interrupting elements affecting "revealAnswer" Button
    t =    45.38s     Synthesize event
    t =    45.70s     Wait for dev.polski.grammarmatrix.ios to idle
    t =    46.93s Checking existence of `"rateGood" Button`
    t =    47.00s Swipe up Target Application 'dev.polski.grammarmatrix.ios'
    t =    47.00s     Wait for dev.polski.grammarmatrix.ios to idle
    t =    47.01s     Find the Target Application 'dev.polski.grammarmatrix.ios'
    t =    47.06s     Check for interrupting elements affecting "Polski Grammar Matrix" Application
    t =    47.12s     Synthesize event
    t =    47.55s     Wait for dev.polski.grammarmatrix.ios to idle
    t =    48.53s Checking existence of `"rateGood" Button`
    t =    48.58s Find the "rateGood" Button
    t =    48.66s Find the "rateGood" Button
    t =    48.74s Tap "rateGood" Button
    t =    48.74s     Wait for dev.polski.grammarmatrix.ios to idle
    t =    48.75s     Find the "rateGood" Button
    t =    48.80s     Check for interrupting elements affecting "rateGood" Button
    t =    48.85s     Synthesize event
    t =    49.16s     Wait for dev.polski.grammarmatrix.ios to idle
    t =    49.52s Checking existence of `"Цепочка завершена" StaticText`
    t =    49.60s Waiting 5.0s for "Цепочка завершена" StaticText to exist
    t =    50.65s     Checking `Expect predicate `existsNoRetry == 1` for object "Цепочка завершена" StaticText`
    t =    50.65s         Checking existence of `"Цепочка завершена" StaticText`
    t =    50.75s Checking existence of `"5 / 5 · Вижу → Прошлое → Отрицание → Владелец → Говорю о" StaticText`
    t =    50.81s Waiting 5.0s for "5 / 5 · Вижу → Прошлое → Отрицание → Владелец → Говорю о" StaticText to exist
    t =    51.87s     Checking `Expect predicate `existsNoRetry == 1` for object "5 / 5 · Вижу → Прошлое → Отрицание → Владелец → Говорю о" StaticText`
    t =    51.87s         Checking existence of `"5 / 5 · Вижу → Прошлое → Отрицание → Владелец → Говорю о" StaticText`
    t =    51.97s Checking existence of `"1. Widzę moją piękną żonę." StaticText`
    t =    52.04s Waiting 5.0s for "1. Widzę moją piękną żonę." StaticText to exist
    t =    53.08s     Checking `Expect predicate `existsNoRetry == 1` for object "1. Widzę moją piękną żonę." StaticText`
    t =    53.09s         Checking existence of `"1. Widzę moją piękną żonę." StaticText`
    t =    53.17s Checking existence of `"2. Widziałem moją piękną żonę." StaticText`
    t =    53.24s Waiting 5.0s for "2. Widziałem moją piękną żonę." StaticText to exist
    t =    54.28s     Checking `Expect predicate `existsNoRetry == 1` for object "2. Widziałem moją piękną żonę." StaticText`
    t =    54.28s         Checking existence of `"2. Widziałem moją piękną żonę." StaticText`
    t =    54.36s Checking existence of `"3. Nie widziałem mojej pięknej żony." StaticText`
    t =    54.42s Waiting 5.0s for "3. Nie widziałem mojej pięknej żony." StaticText to exist
    t =    55.49s     Checking `Expect predicate `existsNoRetry == 1` for object "3. Nie widziałem mojej pięknej żony." StaticText`
    t =    55.50s         Checking existence of `"3. Nie widziałem mojej pięknej żony." StaticText`
    t =    55.56s Checking existence of `"4. Nie widziałem ich pięknej żony." StaticText`
    t =    55.62s Waiting 5.0s for "4. Nie widziałem ich pięknej żony." StaticText to exist
    t =    56.66s     Checking `Expect predicate `existsNoRetry == 1` for object "4. Nie widziałem ich pięknej żony." StaticText`
    t =    56.66s         Checking existence of `"4. Nie widziałem ich pięknej żony." StaticText`
    t =    56.76s Checking existence of `"5. Mówię o ich pięknej żonie." StaticText`
    t =    56.82s Waiting 5.0s for "5. Mówię o ich pięknej żonie." StaticText to exist
    t =    57.88s     Checking `Expect predicate `existsNoRetry == 1` for object "5. Mówię o ich pięknej żonie." StaticText`
    t =    57.88s         Checking existence of `"5. Mówię o ich pięknej żonie." StaticText`
    t =    57.95s Checking existence of `"5 преобразований" StaticText`
    t =    58.02s Terminate dev.polski.grammarmatrix.ios:6557
    t =    59.11s Open dev.polski.grammarmatrix.ios
    t =    59.11s     Launch dev.polski.grammarmatrix.ios
2026-09-24 20:58:01.274 xcodebuild[96668:18039340] [MT] IDELaunchParametersSnapshot: debugger version lookup failed for path '<nil>': noURL
2026-09-24 20:58:01.274 xcodebuild[96668:18039340] [MT] IDELaunchParametersSnapshot: no debugger version
    t =    59.33s         Setting up automation session
    t =    60.28s         Wait for dev.polski.grammarmatrix.ios to idle
    t =    62.06s Tap "Прогресс" Button
    t =    62.06s     Wait for dev.polski.grammarmatrix.ios to idle
    t =    62.07s     Find the "Прогресс" Button
    t =    62.20s     Check for interrupting elements affecting "Прогресс" Button
    t =    62.30s     Synthesize event
    t =    62.63s     Wait for dev.polski.grammarmatrix.ios to idle
    t =    64.16s Waiting 10.0s for "totalReviews" StaticText to exist
    t =    65.21s     Checking `Expect predicate `existsNoRetry == 1` for object "totalReviews" StaticText`
    t =    65.21s         Checking existence of `"totalReviews" StaticText`
    t =    65.85s Find the "totalReviews" StaticText
    t =    66.66s Tear Down
Test Case '-[PolskiGrammarUITests.PolskiGrammarUITests testNativeChainCompletionShowsFiveAnswersAndKeepsFiveRatings]' passed (67.115 seconds).
Test Case '-[PolskiGrammarUITests.PolskiGrammarUITests testNativeContrastSupportPairsHaveOrderedAccessibleNames]' started.
    t =     0.00s Start Test at 2026-09-24 20:58:09.277
    t =     0.04s Set Up
    t =     0.04s Open dev.polski.grammarmatrix.ios
    t =     0.04s     Launch dev.polski.grammarmatrix.ios
    t =     0.04s         Terminate dev.polski.grammarmatrix.ios:9363
2026-09-24 20:58:10.399 xcodebuild[96668:18039340] [MT] IDELaunchParametersSnapshot: debugger version lookup failed for path '<nil>': noURL
2026-09-24 20:58:10.399 xcodebuild[96668:18039340] [MT] IDELaunchParametersSnapshot: no debugger version
    t =     1.34s         Setting up automation session
    t =     2.24s         Wait for dev.polski.grammarmatrix.ios to idle
    t =     3.82s Tap "Матрица" Button
    t =     3.82s     Wait for dev.polski.grammarmatrix.ios to idle
    t =     3.82s     Find the "Матрица" Button
    t =     3.97s     Check for interrupting elements affecting "Матрица" Button
    t =     4.08s     Synthesize event
    t =     4.39s     Wait for dev.polski.grammarmatrix.ios to idle
    t =     6.17s Checking existence of `"Было: moja żona; Стало: moją żonę" Any`
    t =     7.71s Swipe up Target Application 'dev.polski.grammarmatrix.ios'
    t =     7.71s     Wait for dev.polski.grammarmatrix.ios to idle
    t =     7.71s     Find the Target Application 'dev.polski.grammarmatrix.ios'
    t =     7.78s     Check for interrupting elements affecting "Polski Grammar Matrix" Application
    t =     7.86s     Synthesize event
    t =     8.33s     Wait for dev.polski.grammarmatrix.ios to idle
    t =    10.66s Checking existence of `"Было: moja żona; Стало: moją żonę" Any`
    t =    11.48s Swipe up Target Application 'dev.polski.grammarmatrix.ios'
    t =    11.48s     Wait for dev.polski.grammarmatrix.ios to idle
    t =    12.11s     Find the Target Application 'dev.polski.grammarmatrix.ios'
    t =    12.17s     Check for interrupting elements affecting "Polski Grammar Matrix" Application
    t =    12.22s     Synthesize event
    t =    12.67s     Wait for dev.polski.grammarmatrix.ios to idle
    t =    14.76s Checking existence of `"Было: moja żona; Стало: moją żonę" Any`
    t =    15.70s Swipe up Target Application 'dev.polski.grammarmatrix.ios'
    t =    15.70s     Wait for dev.polski.grammarmatrix.ios to idle
    t =    15.70s     Find the Target Application 'dev.polski.grammarmatrix.ios'
    t =    15.77s     Check for interrupting elements affecting "Polski Grammar Matrix" Application
    t =    15.83s     Synthesize event
    t =    16.31s     Wait for dev.polski.grammarmatrix.ios to idle
    t =    18.42s Checking existence of `"Было: moja żona; Стало: moją żonę" Any`
    t =    19.37s Swipe up Target Application 'dev.polski.grammarmatrix.ios'
    t =    19.37s     Wait for dev.polski.grammarmatrix.ios to idle
    t =    19.37s     Find the Target Application 'dev.polski.grammarmatrix.ios'
    t =    19.43s     Check for interrupting elements affecting "Polski Grammar Matrix" Application
    t =    19.49s     Synthesize event
    t =    19.95s     Wait for dev.polski.grammarmatrix.ios to idle
    t =    22.05s Checking existence of `"Было: moja żona; Стало: moją żonę" Any`
    t =    23.04s Waiting 5.0s for "Было: moja żona; Стало: moją żonę" Any to exist
    t =    24.09s     Checking `Expect predicate `existsNoRetry == 1` for object "Было: moja żona; Стало: moją żonę" Any`
    t =    24.09s         Checking existence of `"Было: moja żona; Стало: moją żonę" Any`
    t =    24.80s Checking existence of `"Было: moja żona; Стало: moją żoną" Any`
    t =    25.60s Waiting 5.0s for "Было: moja żona; Стало: moją żoną" Any to exist
    t =    26.64s     Checking `Expect predicate `existsNoRetry == 1` for object "Было: moja żona; Стало: moją żoną" Any`
    t =    26.64s         Checking existence of `"Было: moja żona; Стало: moją żoną" Any`
    t =    27.57s Checking existence of `"Было: żona; Стало: żonie" Any`
    t =    28.38s Waiting 5.0s for "Было: żona; Стало: żonie" Any to exist
    t =    29.44s     Checking `Expect predicate `existsNoRetry == 1` for object "Было: żona; Стало: żonie" Any`
    t =    29.44s         Checking existence of `"Было: żona; Стало: żonie" Any`
    t =    30.32s Checking existence of `"Было: moją żonę; Стало: jego żonę" Any`
    t =    31.07s Waiting 5.0s for "Было: moją żonę; Стало: jego żonę" Any to exist
    t =    32.14s     Checking `Expect predicate `existsNoRetry == 1` for object "Было: moją żonę; Стало: jego żonę" Any`
    t =    32.14s         Checking existence of `"Было: moją żonę; Стало: jego żonę" Any`
    t =    33.06s Checking existence of `"Было: moją żonę; Стало: ich żonę" Any`
    t =    34.35s Swipe up Target Application 'dev.polski.grammarmatrix.ios'
    t =    34.35s     Wait for dev.polski.grammarmatrix.ios to idle
    t =    34.35s     Find the Target Application 'dev.polski.grammarmatrix.ios'
    t =    34.42s     Check for interrupting elements affecting "Polski Grammar Matrix" Application
    t =    34.48s     Synthesize event
    t =    34.91s     Wait for dev.polski.grammarmatrix.ios to idle
    t =    35.87s Checking existence of `"Было: moją żonę; Стало: ich żonę" Any`
    t =    36.69s Waiting 5.0s for "Было: moją żonę; Стало: ich żonę" Any to exist
    t =    37.72s     Checking `Expect predicate `existsNoRetry == 1` for object "Было: moją żonę; Стало: ich żonę" Any`
    t =    37.73s         Checking existence of `"Было: moją żonę; Стало: ich żonę" Any`
    t =    38.45s Tear Down
Test Case '-[PolskiGrammarUITests.PolskiGrammarUITests testNativeContrastSupportPairsHaveOrderedAccessibleNames]' passed (38.788 seconds).
Test Case '-[PolskiGrammarUITests.PolskiGrammarUITests testNativeGeneratedCaseContrastKeepsFullWordsInSemantics]' started.
    t =     0.00s Start Test at 2026-09-24 20:58:48.066
    t =     0.05s Set Up
    t =     0.05s Open dev.polski.grammarmatrix.ios
    t =     0.05s     Launch dev.polski.grammarmatrix.ios
    t =     0.05s         Terminate dev.polski.grammarmatrix.ios:9858
2026-09-24 20:58:49.122 xcodebuild[96668:18039340] [MT] IDELaunchParametersSnapshot: debugger version lookup failed for path '<nil>': noURL
2026-09-24 20:58:49.122 xcodebuild[96668:18039340] [MT] IDELaunchParametersSnapshot: no debugger version
    t =     1.27s         Setting up automation session
    t =     2.26s         Wait for dev.polski.grammarmatrix.ios to idle
    t =     4.10s Tap "Матрица" Button
    t =     4.10s     Wait for dev.polski.grammarmatrix.ios to idle
    t =     4.10s     Find the "Матрица" Button
    t =     4.23s     Check for interrupting elements affecting "Матрица" Button
    t =     4.33s     Synthesize event
    t =     4.65s     Wait for dev.polski.grammarmatrix.ios to idle
    t =     6.20s Waiting 10.0s for Button (First Match) to exist
    t =     7.27s     Checking `Expect predicate `existsNoRetry == 1` for object Button (First Match)`
    t =     7.27s         Checking existence of `Button (First Match)`
    t =     7.69s Tap Button (First Match)
    t =     7.69s     Wait for dev.polski.grammarmatrix.ios to idle
    t =     7.70s     Find the Button (First Match)
    t =     8.03s     Check for interrupting elements affecting "Раздел, Карта системы" Button
    t =     8.10s     Synthesize event
    t =     8.42s     Wait for dev.polski.grammarmatrix.ios to idle
    t =     9.38s Tap "Падежи и окончания" Button
    t =     9.39s     Wait for dev.polski.grammarmatrix.ios to idle
    t =     9.41s     Find the "Падежи и окончания" Button
    t =     9.49s     Check for interrupting elements affecting "Падежи и окончания" Button
    t =     9.55s     Synthesize event
    t =     9.86s     Wait for dev.polski.grammarmatrix.ios to idle
    t =    10.70s Checking existence of `"Было: moja piękna żona; Стало: moją piękną żonę" Any`
    t =    11.73s Swipe up Target Application 'dev.polski.grammarmatrix.ios'
    t =    11.73s     Wait for dev.polski.grammarmatrix.ios to idle
    t =    11.74s     Find the Target Application 'dev.polski.grammarmatrix.ios'
    t =    11.80s     Check for interrupting elements affecting "Polski Grammar Matrix" Application
    t =    11.85s     Synthesize event
    t =    12.30s     Wait for dev.polski.grammarmatrix.ios to idle
    t =    14.45s Checking existence of `"Было: moja piękna żona; Стало: moją piękną żonę" Any`
    t =    15.25s Swipe up Target Application 'dev.polski.grammarmatrix.ios'
    t =    15.25s     Wait for dev.polski.grammarmatrix.ios to idle
    t =    15.26s     Find the Target Application 'dev.polski.grammarmatrix.ios'
    t =    15.33s     Check for interrupting elements affecting "Polski Grammar Matrix" Application
    t =    15.40s     Synthesize event
    t =    15.85s     Wait for dev.polski.grammarmatrix.ios to idle
    t =    17.96s Checking existence of `"Было: moja piękna żona; Стало: moją piękną żonę" Any`
    t =    18.82s Waiting 5.0s for "Было: moja piękna żona; Стало: moją piękną żonę" Any to exist
    t =    19.90s     Checking `Expect predicate `existsNoRetry == 1` for object "Было: moja piękna żona; Стало: moją piękną żonę" Any`
    t =    19.90s         Checking existence of `"Было: moja piękna żona; Стало: moją piękną żonę" Any`
    t =    20.62s Tear Down
Test Case '-[PolskiGrammarUITests.PolskiGrammarUITests testNativeGeneratedCaseContrastKeepsFullWordsInSemantics]' passed (20.896 seconds).
Test Case '-[PolskiGrammarUITests.PolskiGrammarUITests testNativePronounTeachingShowsCompactContextsAndOwnerDemo]' started.
    t =     0.00s Start Test at 2026-09-24 20:59:08.962
    t =     0.04s Set Up
    t =     0.04s Open dev.polski.grammarmatrix.ios
    t =     0.04s     Launch dev.polski.grammarmatrix.ios
    t =     0.04s         Terminate dev.polski.grammarmatrix.ios:11890
2026-09-24 20:59:10.097 xcodebuild[96668:18039340] [MT] IDELaunchParametersSnapshot: debugger version lookup failed for path '<nil>': noURL
2026-09-24 20:59:10.097 xcodebuild[96668:18039340] [MT] IDELaunchParametersSnapshot: no debugger version
    t =     1.35s         Setting up automation session
    t =     2.53s         Wait for dev.polski.grammarmatrix.ios to idle
    t =     4.28s Tap "Матрица" Button
    t =     4.28s     Wait for dev.polski.grammarmatrix.ios to idle
    t =     4.29s     Find the "Матрица" Button
    t =     4.39s     Check for interrupting elements affecting "Матрица" Button
    t =     4.49s     Synthesize event
    t =     4.81s     Wait for dev.polski.grammarmatrix.ios to idle
    t =     6.27s Waiting 10.0s for Button (First Match) to exist
    t =     7.34s     Checking `Expect predicate `existsNoRetry == 1` for object Button (First Match)`
    t =     7.34s         Checking existence of `Button (First Match)`
    t =     7.62s Tap Button (First Match)
    t =     7.62s     Wait for dev.polski.grammarmatrix.ios to idle
    t =     7.62s     Find the Button (First Match)
    t =     7.86s     Check for interrupting elements affecting "Раздел, Карта системы" Button
    t =     7.91s     Synthesize event
    t =     8.22s     Wait for dev.polski.grammarmatrix.ios to idle
    t =     9.19s Tap "Местоимения" Button
    t =     9.19s     Wait for dev.polski.grammarmatrix.ios to idle
    t =     9.19s     Find the "Местоимения" Button
    t =     9.27s     Check for interrupting elements affecting "Местоимения" Button
    t =     9.33s     Synthesize event
    t =     9.64s     Wait for dev.polski.grammarmatrix.ios to idle
    t =    10.49s Waiting 5.0s for "После предлогов у местоимений третьего лица появляется n-." StaticText to exist
    t =    11.56s     Checking `Expect predicate `existsNoRetry == 1` for object "После предлогов у местоимений третьего лица появляется n-." StaticText`
    t =    11.56s         Checking existence of `"После предлогов у местоимений третьего лица появляется n-." StaticText`
    t =    11.66s Waiting 5.0s for "ja" StaticText to exist
    t =    12.73s     Checking `Expect predicate `existsNoRetry == 1` for object "ja" StaticText`
    t =    12.73s         Checking existence of `"ja" StaticText`
    t =    12.80s Checking existence of `"Было: ja; Стало: mnie" Any`
    t =    13.46s Waiting 5.0s for "Было: ja; Стало: mnie" Any to exist
    t =    14.52s     Checking `Expect predicate `existsNoRetry == 1` for object "Было: ja; Стало: mnie" Any`
    t =    14.52s         Checking existence of `"Было: ja; Стало: mnie" Any`
    t =    15.15s Checking existence of `"Было: ja; Стало: ze mną" Any`
    t =    16.22s Swipe up Target Application 'dev.polski.grammarmatrix.ios'
    t =    16.22s     Wait for dev.polski.grammarmatrix.ios to idle
    t =    16.22s     Find the Target Application 'dev.polski.grammarmatrix.ios'
    t =    16.27s     Check for interrupting elements affecting "Polski Grammar Matrix" Application
    t =    16.33s     Synthesize event
    t =    16.79s     Wait for dev.polski.grammarmatrix.ios to idle
    t =    18.90s Checking existence of `"Было: ja; Стало: ze mną" Any`
    t =    19.53s Waiting 5.0s for "Было: ja; Стало: ze mną" Any to exist
    t =    20.59s     Checking `Expect predicate `existsNoRetry == 1` for object "Было: ja; Стало: ze mną" Any`
    t =    20.59s         Checking existence of `"Было: ja; Стало: ze mną" Any`
    t =    21.29s Checking existence of `"mój — мой" Any`
    t =    22.18s Swipe up Target Application 'dev.polski.grammarmatrix.ios'
    t =    22.18s     Wait for dev.polski.grammarmatrix.ios to idle
    t =    22.18s     Find the Target Application 'dev.polski.grammarmatrix.ios'
    t =    22.24s     Check for interrupting elements affecting "Polski Grammar Matrix" Application
    t =    22.29s     Synthesize event
    t =    22.74s     Wait for dev.polski.grammarmatrix.ios to idle
    t =    24.84s Checking existence of `"mój — мой" Any`
    t =    25.77s Swipe up Target Application 'dev.polski.grammarmatrix.ios'
    t =    25.77s     Wait for dev.polski.grammarmatrix.ios to idle
    t =    25.77s     Find the Target Application 'dev.polski.grammarmatrix.ios'
    t =    25.83s     Check for interrupting elements affecting "Polski Grammar Matrix" Application
    t =    25.90s     Synthesize event
    t =    26.34s     Wait for dev.polski.grammarmatrix.ios to idle
    t =    28.44s Checking existence of `"mój — мой" Any`
    t =    29.23s Swipe up Target Application 'dev.polski.grammarmatrix.ios'
    t =    29.23s     Wait for dev.polski.grammarmatrix.ios to idle
    t =    29.23s     Find the Target Application 'dev.polski.grammarmatrix.ios'
    t =    29.28s     Check for interrupting elements affecting "Polski Grammar Matrix" Application
    t =    29.33s     Synthesize event
    t =    29.78s     Wait for dev.polski.grammarmatrix.ios to idle
    t =    31.88s Checking existence of `"mój — мой" Any`
    t =    32.76s Swipe up Target Application 'dev.polski.grammarmatrix.ios'
    t =    32.76s     Wait for dev.polski.grammarmatrix.ios to idle
    t =    32.76s     Find the Target Application 'dev.polski.grammarmatrix.ios'
    t =    32.81s     Check for interrupting elements affecting "Polski Grammar Matrix" Application
    t =    32.87s     Synthesize event
    t =    33.31s     Wait for dev.polski.grammarmatrix.ios to idle
    t =    35.42s Checking existence of `"mój — мой" Any`
    t =    36.37s Swipe up Target Application 'dev.polski.grammarmatrix.ios'
    t =    36.37s     Wait for dev.polski.grammarmatrix.ios to idle
    t =    36.38s     Find the Target Application 'dev.polski.grammarmatrix.ios'
    t =    36.44s     Check for interrupting elements affecting "Polski Grammar Matrix" Application
    t =    36.50s     Synthesize event
    t =    36.95s     Wait for dev.polski.grammarmatrix.ios to idle
    t =    39.08s Checking existence of `"mój — мой" Any`
    t =    40.03s Swipe up Target Application 'dev.polski.grammarmatrix.ios'
    t =    40.03s     Wait for dev.polski.grammarmatrix.ios to idle
    t =    40.03s     Find the Target Application 'dev.polski.grammarmatrix.ios'
    t =    40.09s     Check for interrupting elements affecting "Polski Grammar Matrix" Application
    t =    40.16s     Synthesize event
    t =    40.61s     Wait for dev.polski.grammarmatrix.ios to idle
    t =    42.73s Checking existence of `"mój — мой" Any`
    t =    43.70s Swipe up Target Application 'dev.polski.grammarmatrix.ios'
    t =    43.70s     Wait for dev.polski.grammarmatrix.ios to idle
    t =    43.71s     Find the Target Application 'dev.polski.grammarmatrix.ios'
    t =    43.76s     Check for interrupting elements affecting "Polski Grammar Matrix" Application
    t =    43.82s     Synthesize event
    t =    44.27s     Wait for dev.polski.grammarmatrix.ios to idle
    t =    46.40s Checking existence of `"mój — мой" Any`
    t =    47.25s Swipe up Target Application 'dev.polski.grammarmatrix.ios'
    t =    47.25s     Wait for dev.polski.grammarmatrix.ios to idle
    t =    47.25s     Find the Target Application 'dev.polski.grammarmatrix.ios'
    t =    47.30s     Check for interrupting elements affecting "Polski Grammar Matrix" Application
    t =    47.36s     Synthesize event
    t =    47.80s     Wait for dev.polski.grammarmatrix.ios to idle
    t =    49.91s Checking existence of `"mój — мой" Any`
    t =    50.78s Swipe up Target Application 'dev.polski.grammarmatrix.ios'
    t =    50.78s     Wait for dev.polski.grammarmatrix.ios to idle
    t =    50.78s     Find the Target Application 'dev.polski.grammarmatrix.ios'
    t =    50.84s     Check for interrupting elements affecting "Polski Grammar Matrix" Application
    t =    50.89s     Synthesize event
    t =    51.34s     Wait for dev.polski.grammarmatrix.ios to idle
    t =    53.45s Checking existence of `"mój — мой" Any`
    t =    54.40s Swipe up Target Application 'dev.polski.grammarmatrix.ios'
    t =    54.40s     Wait for dev.polski.grammarmatrix.ios to idle
    t =    54.41s     Find the Target Application 'dev.polski.grammarmatrix.ios'
    t =    54.46s     Check for interrupting elements affecting "Polski Grammar Matrix" Application
    t =    54.52s     Synthesize event
    t =    54.96s     Wait for dev.polski.grammarmatrix.ios to idle
    t =    57.06s Checking existence of `"mój — мой" Any`
    t =    57.97s Swipe up Target Application 'dev.polski.grammarmatrix.ios'
    t =    57.97s     Wait for dev.polski.grammarmatrix.ios to idle
    t =    57.98s     Find the Target Application 'dev.polski.grammarmatrix.ios'
    t =    58.02s     Check for interrupting elements affecting "Polski Grammar Matrix" Application
    t =    58.07s     Synthesize event
    t =    58.51s     Wait for dev.polski.grammarmatrix.ios to idle
    t =    60.64s Checking existence of `"mój — мой" Any`
    t =    61.54s Swipe up Target Application 'dev.polski.grammarmatrix.ios'
    t =    61.54s     Wait for dev.polski.grammarmatrix.ios to idle
    t =    61.55s     Find the Target Application 'dev.polski.grammarmatrix.ios'
    t =    61.60s     Check for interrupting elements affecting "Polski Grammar Matrix" Application
    t =    61.66s     Synthesize event
    t =    62.11s     Wait for dev.polski.grammarmatrix.ios to idle
    t =    64.21s Checking existence of `"mój — мой" Any`
    t =    64.80s Waiting 5.0s for "mój — мой" Any to exist
    t =    65.88s     Checking `Expect predicate `existsNoRetry == 1` for object "mój — мой" Any`
    t =    65.88s         Checking existence of `"mój — мой" Any`
    t =    66.38s Checking existence of `"Было: moja piękna żona; Стало: moją piękną żonę" Any`
    t =    66.99s Waiting 5.0s for "Было: moja piękna żona; Стало: moją piękną żonę" Any to exist
    t =    68.06s     Checking `Expect predicate `existsNoRetry == 1` for object "Было: moja piękna żona; Стало: moją piękną żonę" Any`
    t =    68.07s         Checking existence of `"Было: moja piękna żona; Стало: moją piękną żonę" Any`
    t =    68.69s Checking existence of `"Было: moja piękna żona; Стало: mojej pięknej żony" Any`
    t =    69.35s Waiting 5.0s for "Было: moja piękna żona; Стало: mojej pięknej żony" Any to exist
    t =    70.38s     Checking `Expect predicate `existsNoRetry == 1` for object "Было: moja piękna żona; Стало: mojej pięknej żony" Any`
    t =    70.39s         Checking existence of `"Было: moja piękna żona; Стало: mojej pięknej żony" Any`
    t =    70.93s Checking existence of `"Тренировать смену владельца" Button`
    t =    70.98s Swipe up Target Application 'dev.polski.grammarmatrix.ios'
    t =    70.98s     Wait for dev.polski.grammarmatrix.ios to idle
    t =    70.99s     Find the Target Application 'dev.polski.grammarmatrix.ios'
    t =    71.04s     Check for interrupting elements affecting "Polski Grammar Matrix" Application
    t =    71.09s     Synthesize event
    t =    71.54s     Wait for dev.polski.grammarmatrix.ios to idle
    t =    73.65s Checking existence of `"Тренировать смену владельца" Button`
    t =    73.74s Swipe up Target Application 'dev.polski.grammarmatrix.ios'
    t =    73.74s     Wait for dev.polski.grammarmatrix.ios to idle
    t =    73.74s     Find the Target Application 'dev.polski.grammarmatrix.ios'
    t =    73.80s     Check for interrupting elements affecting "Polski Grammar Matrix" Application
    t =    73.87s     Synthesize event
    t =    74.32s     Wait for dev.polski.grammarmatrix.ios to idle
    t =    76.53s Checking existence of `"Тренировать смену владельца" Button`
    t =    76.60s Swipe up Target Application 'dev.polski.grammarmatrix.ios'
    t =    76.60s     Wait for dev.polski.grammarmatrix.ios to idle
    t =    76.61s     Find the Target Application 'dev.polski.grammarmatrix.ios'
    t =    76.67s     Check for interrupting elements affecting "Polski Grammar Matrix" Application
    t =    76.73s     Synthesize event
    t =    77.17s     Wait for dev.polski.grammarmatrix.ios to idle
    t =    79.28s Checking existence of `"Тренировать смену владельца" Button`
    t =    79.36s Swipe up Target Application 'dev.polski.grammarmatrix.ios'
    t =    79.36s     Wait for dev.polski.grammarmatrix.ios to idle
    t =    79.36s     Find the Target Application 'dev.polski.grammarmatrix.ios'
    t =    79.42s     Check for interrupting elements affecting "Polski Grammar Matrix" Application
    t =    79.48s     Synthesize event
    t =    79.92s     Wait for dev.polski.grammarmatrix.ios to idle
    t =    80.75s Checking existence of `"Тренировать смену владельца" Button`
    t =    80.81s Waiting 5.0s for "Тренировать смену владельца" Button to exist
    t =    81.85s     Checking `Expect predicate `existsNoRetry == 1` for object "Тренировать смену владельца" Button`
    t =    81.85s         Checking existence of `"Тренировать смену владельца" Button`
    t =    81.91s Tear Down
Test Case '-[PolskiGrammarUITests.PolskiGrammarUITests testNativePronounTeachingShowsCompactContextsAndOwnerDemo]' passed (82.274 seconds).
Test Case '-[PolskiGrammarUITests.PolskiGrammarUITests testNativeTrainingMatrixAndProgress]' started.
    t =     0.00s Start Test at 2026-09-24 21:00:31.237
    t =     0.04s Set Up
    t =     0.04s Open dev.polski.grammarmatrix.ios
    t =     0.04s     Launch dev.polski.grammarmatrix.ios
    t =     0.04s         Terminate dev.polski.grammarmatrix.ios:13554
2026-09-24 21:00:32.303 xcodebuild[96668:18039340] [MT] IDELaunchParametersSnapshot: debugger version lookup failed for path '<nil>': noURL
2026-09-24 21:00:32.303 xcodebuild[96668:18039340] [MT] IDELaunchParametersSnapshot: no debugger version
    t =     1.28s         Setting up automation session
    t =     2.31s         Wait for dev.polski.grammarmatrix.ios to idle
    t =     4.12s Tap "Прогресс" Button
    t =     4.12s     Wait for dev.polski.grammarmatrix.ios to idle
    t =     4.13s     Find the "Прогресс" Button
    t =     4.29s     Check for interrupting elements affecting "Прогресс" Button
    t =     4.41s     Synthesize event
    t =     4.74s     Wait for dev.polski.grammarmatrix.ios to idle
    t =     6.28s Waiting 10.0s for "totalReviews" Any to exist
    t =     7.34s     Checking `Expect predicate `existsNoRetry == 1` for object "totalReviews" Any`
    t =     7.34s         Checking existence of `"totalReviews" Any`
    t =     8.22s Find the "totalReviews" Any
    t =     9.01s Tap "Тренировка" Button
    t =     9.01s     Wait for dev.polski.grammarmatrix.ios to idle
    t =     9.01s     Find the "Тренировка" Button
    t =     9.10s     Check for interrupting elements affecting "square.stack" Button
    t =     9.17s     Synthesize event
    t =     9.49s     Wait for dev.polski.grammarmatrix.ios to idle
    t =    10.78s Waiting 20.0s for "To jest moja piękna żona." StaticText to exist
    t =    11.87s     Checking `Expect predicate `existsNoRetry == 1` for object "To jest moja piękna żona." StaticText`
    t =    11.87s         Checking existence of `"To jest moja piękna żona." StaticText`
    t =    11.94s Checking existence of `"Widzę moją piękną żonę." StaticText`
    t =    12.00s Checking existence of `"Перейти к заданию" Button`
    t =    12.06s Checking existence of `"Перейти к заданию" Button`
    t =    12.13s Checking existence of `"revealAnswer" Button`
    t =    12.19s Swipe up Target Application 'dev.polski.grammarmatrix.ios'
    t =    12.19s     Wait for dev.polski.grammarmatrix.ios to idle
    t =    12.19s     Find the Target Application 'dev.polski.grammarmatrix.ios'
    t =    12.24s     Check for interrupting elements affecting "Polski Grammar Matrix" Application
    t =    12.30s     Synthesize event
    t =    12.75s     Wait for dev.polski.grammarmatrix.ios to idle
    t =    14.01s Checking existence of `"revealAnswer" Button`
    t =    14.08s Checking existence of `"revealAnswer" Button`
    t =    14.16s Tap "revealAnswer" Button
    t =    14.16s     Wait for dev.polski.grammarmatrix.ios to idle
    t =    14.16s     Find the "revealAnswer" Button
    t =    14.24s     Check for interrupting elements affecting "revealAnswer" Button
    t =    14.30s     Synthesize event
    t =    14.62s     Wait for dev.polski.grammarmatrix.ios to idle
    t =    14.97s Waiting 5.0s for "Widzę moją piękną żonę." StaticText to exist
    t =    16.04s     Checking `Expect predicate `existsNoRetry == 1` for object "Widzę moją piękną żonę." StaticText`
    t =    16.04s         Checking existence of `"Widzę moją piękną żonę." StaticText`
    t =    16.15s Checking existence of `"rateGood" Button`
    t =    16.23s Checking existence of `"rateGood" Button`
    t =    16.30s Tap "rateGood" Button
    t =    16.30s     Wait for dev.polski.grammarmatrix.ios to idle
    t =    16.30s     Find the "rateGood" Button
    t =    16.41s     Check for interrupting elements affecting "rateGood" Button
    t =    16.48s     Synthesize event
    t =    16.51s         Scroll element to visible
    t =    16.51s         Find the "rateGood" Button
    t =    16.60s         Computed hit point {287.5, 634} after scrolling to visible
    t =    16.90s     Wait for dev.polski.grammarmatrix.ios to idle
    t =    17.27s Swipe down Target Application 'dev.polski.grammarmatrix.ios'
    t =    17.27s     Wait for dev.polski.grammarmatrix.ios to idle
    t =    17.28s     Find the Target Application 'dev.polski.grammarmatrix.ios'
    t =    17.34s     Check for interrupting elements affecting "Polski Grammar Matrix" Application
    t =    17.41s     Synthesize event
    t =    17.87s     Wait for dev.polski.grammarmatrix.ios to idle
    t =    19.01s Swipe down Target Application 'dev.polski.grammarmatrix.ios'
    t =    19.01s     Wait for dev.polski.grammarmatrix.ios to idle
    t =    19.01s     Find the Target Application 'dev.polski.grammarmatrix.ios'
    t =    19.06s     Check for interrupting elements affecting "Polski Grammar Matrix" Application
    t =    19.13s     Synthesize event
    t =    19.57s     Wait for dev.polski.grammarmatrix.ios to idle
    t =    20.16s Swipe down Target Application 'dev.polski.grammarmatrix.ios'
    t =    20.16s     Wait for dev.polski.grammarmatrix.ios to idle
    t =    20.17s     Find the Target Application 'dev.polski.grammarmatrix.ios'
    t =    20.25s     Check for interrupting elements affecting "Polski Grammar Matrix" Application
    t =    20.31s     Synthesize event
    t =    20.76s     Wait for dev.polski.grammarmatrix.ios to idle
    t =    21.25s Swipe down Target Application 'dev.polski.grammarmatrix.ios'
    t =    21.25s     Wait for dev.polski.grammarmatrix.ios to idle
    t =    21.26s     Find the Target Application 'dev.polski.grammarmatrix.ios'
    t =    21.32s     Check for interrupting elements affecting "Polski Grammar Matrix" Application
    t =    21.39s     Synthesize event
    t =    21.84s     Wait for dev.polski.grammarmatrix.ios to idle
    t =    22.70s Waiting 5.0s for "1 / 5 · Вижу → Прошлое → Отрицание → Владелец → Говорю о" StaticText to exist
    t =    23.75s     Checking `Expect predicate `existsNoRetry == 1` for object "1 / 5 · Вижу → Прошлое → Отрицание → Владелец → Говорю о" StaticText`
    t =    23.76s         Checking existence of `"1 / 5 · Вижу → Прошлое → Отрицание → Владелец → Говорю о" StaticText`
    t =    23.83s Tap "Матрица" Button
    t =    23.83s     Wait for dev.polski.grammarmatrix.ios to idle
    t =    23.83s     Find the "Матрица" Button
    t =    23.91s     Check for interrupting elements affecting "tablecells" Button
    t =    23.98s     Synthesize event
    t =    24.32s     Wait for dev.polski.grammarmatrix.ios to idle
    t =    26.03s Waiting 5.0s for "Что хочу сказать? → Какой падеж нужен? → Меняю всю группу" StaticText to exist
    t =    27.09s     Checking `Expect predicate `existsNoRetry == 1` for object "Что хочу сказать? → Какой падеж нужен? → Меняю всю группу" StaticText`
    t =    27.09s         Checking existence of `"Что хочу сказать? → Какой падеж нужен? → Меняю всю группу" StaticText`
    t =    27.17s Checking existence of `"вижу кого? что? → Widzę moją żonę. Окончания меняются во всей группе." StaticText`
    t =    27.22s Swipe up Target Application 'dev.polski.grammarmatrix.ios'
    t =    27.22s     Wait for dev.polski.grammarmatrix.ios to idle
    t =    27.23s     Find the Target Application 'dev.polski.grammarmatrix.ios'
    t =    27.28s     Check for interrupting elements affecting "Polski Grammar Matrix" Application
    t =    27.33s     Synthesize event
    t =    27.78s     Wait for dev.polski.grammarmatrix.ios to idle
    t =    29.92s Checking existence of `"вижу кого? что? → Widzę moją żonę. Окончания меняются во всей группе." StaticText`
    t =    30.01s Swipe up Target Application 'dev.polski.grammarmatrix.ios'
    t =    30.01s     Wait for dev.polski.grammarmatrix.ios to idle
    t =    30.01s     Find the Target Application 'dev.polski.grammarmatrix.ios'
    t =    30.08s     Check for interrupting elements affecting "Polski Grammar Matrix" Application
    t =    30.16s     Synthesize event
    t =    30.63s     Wait for dev.polski.grammarmatrix.ios to idle
    t =    32.79s Checking existence of `"вижу кого? что? → Widzę moją żonę. Окончания меняются во всей группе." StaticText`
    t =    32.89s Swipe up Target Application 'dev.polski.grammarmatrix.ios'
    t =    32.89s     Wait for dev.polski.grammarmatrix.ios to idle
    t =    32.89s     Find the Target Application 'dev.polski.grammarmatrix.ios'
    t =    32.96s     Check for interrupting elements affecting "Polski Grammar Matrix" Application
    t =    33.05s     Synthesize event
    t =    33.51s     Wait for dev.polski.grammarmatrix.ios to idle
    t =    35.61s Checking existence of `"вижу кого? что? → Widzę moją żonę. Окончания меняются во всей группе." StaticText`
    t =    35.74s Waiting 5.0s for "вижу кого? что? → Widzę moją żonę. Окончания меняются во всей группе." StaticText to exist
    t =    36.81s     Checking `Expect predicate `existsNoRetry == 1` for object "вижу кого? что? → Widzę moją żonę. Окончания меняются во всей группе." StaticText`
    t =    36.81s         Checking existence of `"вижу кого? что? → Widzę moją żonę. Окончания меняются во всей группе." StaticText`
    t =    36.91s Checking existence of `"с моей женой → z moją żoną. Женское -ą — творительный." StaticText`
    t =    37.04s Swipe up Target Application 'dev.polski.grammarmatrix.ios'
    t =    37.04s     Wait for dev.polski.grammarmatrix.ios to idle
    t =    37.05s     Find the Target Application 'dev.polski.grammarmatrix.ios'
    t =    37.12s     Check for interrupting elements affecting "Polski Grammar Matrix" Application
    t =    37.23s     Synthesize event
    t =    37.70s     Wait for dev.polski.grammarmatrix.ios to idle
    t =    39.81s Checking existence of `"с моей женой → z moją żoną. Женское -ą — творительный." StaticText`
    t =    39.92s Waiting 5.0s for "с моей женой → z moją żoną. Женское -ą — творительный." StaticText to exist
    t =    41.02s     Checking `Expect predicate `existsNoRetry == 1` for object "с моей женой → z moją żoną. Женское -ą — творительный." StaticText`
    t =    41.02s         Checking existence of `"с моей женой → z moją żoną. Женское -ą — творительный." StaticText`
    t =    41.15s Checking existence of `"говорю о жене → mówię o żonie. Местный требует предлога." StaticText`
    t =    41.25s Waiting 5.0s for "говорю о жене → mówię o żonie. Местный требует предлога." StaticText to exist
    t =    42.33s     Checking `Expect predicate `existsNoRetry == 1` for object "говорю о жене → mówię o żonie. Местный требует предлога." StaticText`
    t =    42.33s         Checking existence of `"говорю о жене → mówię o żonie. Местный требует предлога." StaticText`
    t =    42.42s Checking existence of `"мой / его / их → moją / jego / ich żonę. jego, jej, ich не склоняются." StaticText`
    t =    42.53s Waiting 5.0s for "мой / его / их → moją / jego / ich żonę. jego, jej, ich не склоняются." StaticText to exist
    t =    43.59s     Checking `Expect predicate `existsNoRetry == 1` for object "мой / его / их → moją / jego / ich żonę. jego, jej, ich не склоняются." StaticText`
    t =    43.60s         Checking existence of `"мой / его / их → moją / jego / ich żonę. jego, jej, ich не склоняются." StaticText`
    t =    43.70s Tap "Прогресс" Button
    t =    43.70s     Wait for dev.polski.grammarmatrix.ios to idle
    t =    43.71s     Find the "Прогресс" Button
    t =    43.84s     Check for interrupting elements affecting "chart.bar" Button
    t =    43.94s     Synthesize event
    t =    44.30s     Wait for dev.polski.grammarmatrix.ios to idle
    t =    46.02s Checking existence of `"Экспортировать JSON" Button`
    t =    46.12s Swipe up Target Application 'dev.polski.grammarmatrix.ios'
    t =    46.12s     Wait for dev.polski.grammarmatrix.ios to idle
    t =    46.13s     Find the Target Application 'dev.polski.grammarmatrix.ios'
    t =    46.20s     Check for interrupting elements affecting "Polski Grammar Matrix" Application
    t =    46.28s     Synthesize event
    t =    46.73s     Wait for dev.polski.grammarmatrix.ios to idle
    t =    48.84s Checking existence of `"Экспортировать JSON" Button`
    t =    48.92s Swipe up Target Application 'dev.polski.grammarmatrix.ios'
    t =    48.92s     Wait for dev.polski.grammarmatrix.ios to idle
    t =    48.92s     Find the Target Application 'dev.polski.grammarmatrix.ios'
    t =    48.98s     Check for interrupting elements affecting "Polski Grammar Matrix" Application
    t =    49.05s     Synthesize event
    t =    49.49s     Wait for dev.polski.grammarmatrix.ios to idle
    t =    50.84s Checking existence of `"Экспортировать JSON" Button`
    t =    50.92s Waiting 5.0s for "Экспортировать JSON" Button to exist
    t =    51.96s     Checking `Expect predicate `existsNoRetry == 1` for object "Экспортировать JSON" Button`
    t =    51.97s         Checking existence of `"Экспортировать JSON" Button`
    t =    52.06s Terminate dev.polski.grammarmatrix.ios:18435
    t =    53.10s Open dev.polski.grammarmatrix.ios
    t =    53.10s     Launch dev.polski.grammarmatrix.ios
2026-09-24 21:01:24.342 xcodebuild[96668:18039340] [MT] IDELaunchParametersSnapshot: debugger version lookup failed for path '<nil>': noURL
2026-09-24 21:01:24.342 xcodebuild[96668:18039340] [MT] IDELaunchParametersSnapshot: no debugger version
    t =    53.32s         Setting up automation session
    t =    54.30s         Wait for dev.polski.grammarmatrix.ios to idle
    t =    55.92s Tap "Прогресс" Button
    t =    55.92s     Wait for dev.polski.grammarmatrix.ios to idle
    t =    55.92s     Find the "Прогресс" Button
    t =    56.06s     Check for interrupting elements affecting "Прогресс" Button
    t =    56.16s     Synthesize event
    t =    56.49s     Wait for dev.polski.grammarmatrix.ios to idle
    t =    58.01s Waiting 10.0s for "totalReviews" Any to exist
    t =    59.09s     Checking `Expect predicate `existsNoRetry == 1` for object "totalReviews" Any`
    t =    59.10s         Checking existence of `"totalReviews" Any`
    t =    59.88s Find the "totalReviews" Any
    t =    60.53s Tear Down
Test Case '-[PolskiGrammarUITests.PolskiGrammarUITests testNativeTrainingMatrixAndProgress]' passed (61.031 seconds).
Test Case '-[PolskiGrammarUITests.PolskiGrammarUITests testNativeVerbGenderControlChangesSelectedSubjectOnly]' started.
    t =     0.00s Start Test at 2026-09-24 21:01:32.268
    t =     0.04s Set Up
    t =     0.04s Open dev.polski.grammarmatrix.ios
    t =     0.04s     Launch dev.polski.grammarmatrix.ios
    t =     0.04s         Terminate dev.polski.grammarmatrix.ios:24365
2026-09-24 21:01:33.322 xcodebuild[96668:18039340] [MT] IDELaunchParametersSnapshot: debugger version lookup failed for path '<nil>': noURL
2026-09-24 21:01:33.322 xcodebuild[96668:18039340] [MT] IDELaunchParametersSnapshot: no debugger version
    t =     1.27s         Setting up automation session
    t =     2.12s         Wait for dev.polski.grammarmatrix.ios to idle
    t =     3.86s Tap "Матрица" Button
    t =     3.86s     Wait for dev.polski.grammarmatrix.ios to idle
    t =     3.87s     Find the "Матрица" Button
    t =     3.97s     Check for interrupting elements affecting "Матрица" Button
    t =     4.07s     Synthesize event
    t =     4.42s     Wait for dev.polski.grammarmatrix.ios to idle
    t =     6.15s Waiting 10.0s for Button (First Match) to exist
    t =     7.19s     Checking `Expect predicate `existsNoRetry == 1` for object Button (First Match)`
    t =     7.19s         Checking existence of `Button (First Match)`
    t =     7.44s Tap Button (First Match)
    t =     7.44s     Wait for dev.polski.grammarmatrix.ios to idle
    t =     7.44s     Find the Button (First Match)
    t =     7.66s     Check for interrupting elements affecting "Раздел, Карта системы" Button
    t =     7.72s     Synthesize event
    t =     8.03s     Wait for dev.polski.grammarmatrix.ios to idle
    t =     8.96s Tap "Времена и лица" Button
    t =     8.96s     Wait for dev.polski.grammarmatrix.ios to idle
    t =     8.97s     Find the "Времена и лица" Button
    t =     9.05s     Check for interrupting elements affecting "Времена и лица" Button
    t =     9.11s     Synthesize event
    t =     9.42s     Wait for dev.polski.grammarmatrix.ios to idle
    t =    10.27s Waiting 5.0s for "Составное будущее: będę + инфинитив или форма на -ł. У być: będę, без второго глагола." StaticText to exist
    t =    11.35s     Checking `Expect predicate `existsNoRetry == 1` for object "Составное будущее: będę + инфинитив или форма на -ł. У być: będę, без второго глагола." StaticText`
    t =    11.35s         Checking existence of `"Составное будущее: będę + инфинитив или форма на -ł. У być: będę, без второго глагола." StaticText`
    t =    11.42s Waiting 5.0s for Button (First Match) to exist
    t =    12.48s     Checking `Expect predicate `existsNoRetry == 1` for object Button (First Match)`
    t =    12.48s         Checking existence of `Button (First Match)`
    t =    12.79s Tap Button (First Match)
    t =    12.79s     Wait for dev.polski.grammarmatrix.ios to idle
    t =    12.79s     Find the Button (First Match)
    t =    13.20s     Check for interrupting elements affecting "Род, Мужской" Button
    t =    13.27s     Synthesize event
    t =    13.59s     Wait for dev.polski.grammarmatrix.ios to idle
    t =    14.49s Tap "Мужской" Button
    t =    14.49s     Wait for dev.polski.grammarmatrix.ios to idle
    t =    14.50s     Find the "Мужской" Button
    t =    14.59s     Check for interrupting elements affecting "Мужской" Button
    t =    14.65s     Synthesize event
    t =    14.97s     Wait for dev.polski.grammarmatrix.ios to idle
    t =    15.81s Checking existence of `"Было: robić; Стало: robiłem" Any`
    t =    16.70s Checking existence of `"Было: robić; Стало: będę robić" Any`
    t =    17.47s Swipe up Target Application 'dev.polski.grammarmatrix.ios'
    t =    17.47s     Wait for dev.polski.grammarmatrix.ios to idle
    t =    17.48s     Find the Target Application 'dev.polski.grammarmatrix.ios'
    t =    17.53s     Check for interrupting elements affecting "Polski Grammar Matrix" Application
    t =    17.59s     Synthesize event
    t =    18.03s     Wait for dev.polski.grammarmatrix.ios to idle
    t =    20.14s Checking existence of `"Было: robić; Стало: robiłem" Any`
    t =    20.73s Checking existence of `"Было: robić; Стало: będę robić" Any`
    t =    21.33s Waiting 5.0s for "Было: robić; Стало: robiłem" Any to exist
    t =    22.39s     Checking `Expect predicate `existsNoRetry == 1` for object "Было: robić; Стало: robiłem" Any`
    t =    22.39s         Checking existence of `"Было: robić; Стало: robiłem" Any`
    t =    22.98s Waiting 5.0s for "Было: robić; Стало: będę robić" Any to exist
    t =    24.02s     Checking `Expect predicate `existsNoRetry == 1` for object "Было: robić; Стало: będę robić" Any`
    t =    24.02s         Checking existence of `"Было: robić; Стало: będę robić" Any`
    t =    24.64s Find the "Род, Мужской" Button
    t =    25.96s     Find the "Род, Мужской" Button (retry 1)
    t =    27.27s     Find the "Род, Мужской" Button (retry 2)
    t =    27.63s Swipe down Target Application 'dev.polski.grammarmatrix.ios'
    t =    27.63s     Wait for dev.polski.grammarmatrix.ios to idle
    t =    27.63s     Find the Target Application 'dev.polski.grammarmatrix.ios'
    t =    27.68s     Check for interrupting elements affecting "Polski Grammar Matrix" Application
    t =    27.74s     Synthesize event
    t =    28.20s     Wait for dev.polski.grammarmatrix.ios to idle
    t =    30.31s Find the "Род, Мужской" Button
    t =    30.63s Find the "Род, Мужской" Button
    t =    30.92s Tap "Род, Мужской" Button
    t =    30.92s     Wait for dev.polski.grammarmatrix.ios to idle
    t =    30.93s     Find the "Род, Мужской" Button
    t =    31.28s     Check for interrupting elements affecting "Род, Мужской" Button
    t =    31.34s     Synthesize event
    t =    31.65s     Wait for dev.polski.grammarmatrix.ios to idle
    t =    32.57s Tap "Женский" Button
    t =    32.57s     Wait for dev.polski.grammarmatrix.ios to idle
    t =    32.58s     Find the "Женский" Button
    t =    32.68s     Check for interrupting elements affecting "Женский" Button
    t =    32.74s     Synthesize event
    t =    33.05s     Wait for dev.polski.grammarmatrix.ios to idle
    t =    33.90s Checking existence of `"Было: robić; Стало: robiłam" Any`
    t =    34.62s Waiting 5.0s for "Было: robić; Стало: robiłam" Any to exist
    t =    35.69s     Checking `Expect predicate `existsNoRetry == 1` for object "Было: robić; Стало: robiłam" Any`
    t =    35.69s         Checking existence of `"Было: robić; Стало: robiłam" Any`
    t =    36.32s Checking existence of `"Было: robić; Стало: robiłem" Any`
    t =    37.06s Checking existence of `"on — он" StaticText`
    t =    37.12s Swipe up Target Application 'dev.polski.grammarmatrix.ios'
    t =    37.12s     Wait for dev.polski.grammarmatrix.ios to idle
    t =    37.13s     Find the Target Application 'dev.polski.grammarmatrix.ios'
    t =    37.17s     Check for interrupting elements affecting "Polski Grammar Matrix" Application
    t =    37.22s     Synthesize event
    t =    37.67s     Wait for dev.polski.grammarmatrix.ios to idle
    t =    39.77s Checking existence of `"on — он" StaticText`
    t =    39.85s Swipe up Target Application 'dev.polski.grammarmatrix.ios'
    t =    39.85s     Wait for dev.polski.grammarmatrix.ios to idle
    t =    39.85s     Find the Target Application 'dev.polski.grammarmatrix.ios'
    t =    39.91s     Check for interrupting elements affecting "Polski Grammar Matrix" Application
    t =    39.96s     Synthesize event
    t =    40.41s     Wait for dev.polski.grammarmatrix.ios to idle
    t =    42.54s Checking existence of `"on — он" StaticText`
    t =    42.61s Waiting 5.0s for "on — он" StaticText to exist
    t =    43.67s     Checking `Expect predicate `existsNoRetry == 1` for object "on — он" StaticText`
    t =    43.68s         Checking existence of `"on — он" StaticText`
    t =    43.75s Waiting 5.0s for "Было: robić; Стало: robił" Any to exist
    t =    44.83s     Checking `Expect predicate `existsNoRetry == 1` for object "Было: robić; Стало: robił" Any`
    t =    44.84s         Checking existence of `"Было: robić; Стало: robił" Any`
    t =    45.49s Tear Down
Test Case '-[PolskiGrammarUITests.PolskiGrammarUITests testNativeVerbGenderControlChangesSelectedSubjectOnly]' passed (45.830 seconds).
Test Case '-[PolskiGrammarUITests.PolskiGrammarUITests testNativeVocabularyRevealAndBinaryRating]' started.
    t =     0.00s Start Test at 2026-09-24 21:02:18.099
    t =     0.04s Set Up
    t =     0.04s Open dev.polski.grammarmatrix.ios
    t =     0.04s     Launch dev.polski.grammarmatrix.ios
    t =     0.04s         Terminate dev.polski.grammarmatrix.ios:24928
2026-09-24 21:02:19.160 xcodebuild[96668:18039340] [MT] IDELaunchParametersSnapshot: debugger version lookup failed for path '<nil>': noURL
2026-09-24 21:02:19.160 xcodebuild[96668:18039340] [MT] IDELaunchParametersSnapshot: no debugger version
    t =     1.28s         Setting up automation session
    t =     2.23s         Wait for dev.polski.grammarmatrix.ios to idle
    t =     4.00s Tap "Слова" Button
    t =     4.00s     Wait for dev.polski.grammarmatrix.ios to idle
    t =     4.00s     Find the "Слова" Button
    t =     4.16s     Check for interrupting elements affecting "Слова" Button
    t =     4.28s     Synthesize event
    t =     4.63s     Wait for dev.polski.grammarmatrix.ios to idle
    t =     6.20s Checking existence of `"vocabularySelect-noun.wife" Button`
    t =     6.30s Swipe up Target Application 'dev.polski.grammarmatrix.ios'
    t =     6.30s     Wait for dev.polski.grammarmatrix.ios to idle
    t =     6.31s     Find the Target Application 'dev.polski.grammarmatrix.ios'
    t =     6.35s     Check for interrupting elements affecting "Polski Grammar Matrix" Application
    t =     6.41s     Synthesize event
    t =     6.84s     Wait for dev.polski.grammarmatrix.ios to idle
    t =     8.97s Checking existence of `"vocabularySelect-noun.wife" Button`
    t =     9.06s Find the "vocabularySelect-noun.wife" Button
    t =     9.16s Waiting 5.0s for "vocabularySelect-noun.wife" Button to exist
    t =    10.23s     Checking `Expect predicate `existsNoRetry == 1` for object "vocabularySelect-noun.wife" Button`
    t =    10.23s         Checking existence of `"vocabularySelect-noun.wife" Button`
    t =    10.31s Find the "vocabularySelect-noun.wife" Button
    t =    10.38s Find the "vocabularyReveal" Button
    t =    11.46s     Find the "vocabularyReveal" Button (retry 1)
    t =    12.53s     Find the "vocabularyReveal" Button (retry 2)
    t =    12.59s Swipe down Target Application 'dev.polski.grammarmatrix.ios'
    t =    12.59s     Wait for dev.polski.grammarmatrix.ios to idle
    t =    12.60s     Find the Target Application 'dev.polski.grammarmatrix.ios'
    t =    12.65s     Check for interrupting elements affecting "Polski Grammar Matrix" Application
    t =    12.71s     Synthesize event
    t =    13.16s     Wait for dev.polski.grammarmatrix.ios to idle
    t =    15.26s Find the "vocabularyReveal" Button
    t =    15.41s Waiting 5.0s for "vocabularyReveal" Button to exist
    t =    16.45s     Checking `Expect predicate `existsNoRetry == 1` for object "vocabularyReveal" Button`
    t =    16.46s         Checking existence of `"vocabularyReveal" Button`
    t =    16.52s Checking existence of `"vocabularyAgain" Button`
    t =    16.58s Tap "vocabularyReveal" Button
    t =    16.58s     Wait for dev.polski.grammarmatrix.ios to idle
    t =    16.58s     Find the "vocabularyReveal" Button
    t =    16.64s     Check for interrupting elements affecting "vocabularyReveal" Button
    t =    16.71s     Synthesize event
    t =    17.02s     Wait for dev.polski.grammarmatrix.ios to idle
    t =    17.28s Find the "vocabularyAgain" Button
    t =    17.36s Find the "vocabularyAgain" Button
    t =    17.44s Find the "vocabularyGood" Button
    t =    17.51s Find the Target Application 'dev.polski.grammarmatrix.ios'
    t =    17.68s Added attachment named 'native-vocabulary-iphone'
    t =    17.68s Tap "vocabularyAgain" Button
    t =    17.68s     Wait for dev.polski.grammarmatrix.ios to idle
    t =    17.68s     Find the "vocabularyAgain" Button
    t =    17.74s     Check for interrupting elements affecting "vocabularyAgain" Button
    t =    17.82s     Synthesize event
    t =    18.14s     Wait for dev.polski.grammarmatrix.ios to idle
    t =    18.69s Waiting 5.0s for "Мой словарь · 1" StaticText to exist
    t =    19.77s     Checking `Expect predicate `existsNoRetry == 1` for object "Мой словарь · 1" StaticText`
    t =    19.77s         Checking existence of `"Мой словарь · 1" StaticText`
    t =    19.85s Terminate dev.polski.grammarmatrix.ios:27137
    t =    20.87s Open dev.polski.grammarmatrix.ios
    t =    20.87s     Launch dev.polski.grammarmatrix.ios
2026-09-24 21:02:38.968 xcodebuild[96668:18039340] [MT] IDELaunchParametersSnapshot: debugger version lookup failed for path '<nil>': noURL
2026-09-24 21:02:38.968 xcodebuild[96668:18039340] [MT] IDELaunchParametersSnapshot: no debugger version
    t =    21.09s         Setting up automation session
    t =    22.02s         Wait for dev.polski.grammarmatrix.ios to idle
    t =    23.82s Tap "Слова" Button
    t =    23.82s     Wait for dev.polski.grammarmatrix.ios to idle
    t =    23.83s     Find the "Слова" Button
    t =    23.96s     Check for interrupting elements affecting "Слова" Button
    t =    24.05s     Synthesize event
    t =    24.38s     Wait for dev.polski.grammarmatrix.ios to idle
    t =    25.95s Waiting 10.0s for "Мой словарь · 1" StaticText to exist
    t =    27.04s     Checking `Expect predicate `existsNoRetry == 1` for object "Мой словарь · 1" StaticText`
    t =    27.04s         Checking existence of `"Мой словарь · 1" StaticText`
    t =    27.15s Tear Down
Test Case '-[PolskiGrammarUITests.PolskiGrammarUITests testNativeVocabularyRevealAndBinaryRating]' passed (27.468 seconds).
Test Case '-[PolskiGrammarUITests.PolskiGrammarUITests testS6VocabularyFileImporterCancellationKeepsSelection]' started.
    t =     0.00s Start Test at 2026-09-24 21:02:45.568
    t =     0.05s Set Up
    t =     0.05s Open dev.polski.grammarmatrix.ios
    t =     0.05s     Launch dev.polski.grammarmatrix.ios
    t =     0.05s         Terminate dev.polski.grammarmatrix.ios:28123
2026-09-24 21:02:46.638 xcodebuild[96668:18039340] [MT] IDELaunchParametersSnapshot: debugger version lookup failed for path '<nil>': noURL
2026-09-24 21:02:46.638 xcodebuild[96668:18039340] [MT] IDELaunchParametersSnapshot: no debugger version
    t =     1.29s         Setting up automation session
    t =     2.15s         Wait for dev.polski.grammarmatrix.ios to idle
    t =     3.93s Tap "Слова" Button
    t =     3.93s     Wait for dev.polski.grammarmatrix.ios to idle
    t =     3.94s     Find the "Слова" Button
    t =     4.03s     Check for interrupting elements affecting "Слова" Button
    t =     4.13s     Synthesize event
    t =     4.44s     Wait for dev.polski.grammarmatrix.ios to idle
    t =     5.98s Waiting 10.0s for StaticText (First Match) to exist
    t =     7.07s     Checking `Expect predicate `existsNoRetry == 1` for object StaticText (First Match)`
    t =     7.07s         Checking existence of `StaticText (First Match)`
    t =     7.68s Find the StaticText (First Match)
    t =     8.20s Tap "Импортировать словарь JSON" Button
    t =     8.20s     Wait for dev.polski.grammarmatrix.ios to idle
    t =     8.21s     Find the "Импортировать словарь JSON" Button
    t =     8.31s     Check for interrupting elements affecting "Импортировать словарь JSON" Button
    t =     8.39s     Synthesize event
    t =     8.74s     Wait for dev.polski.grammarmatrix.ios to idle
    t =     8.99s Waiting 10.0s for "Отменить" Button to exist
    t =    10.03s     Checking `Expect predicate `existsNoRetry == 1` for object "Отменить" Button`
    t =    10.03s         Checking existence of `"Отменить" Button`
    t =    11.51s         Capturing element debug description
    t =    12.03s     Checking `Expect predicate `existsNoRetry == 1` for object "Отменить" Button`
    t =    12.03s         Checking existence of `"Отменить" Button`
    t =    13.66s Tap "Отменить" Button
    t =    13.66s     Wait for dev.polski.grammarmatrix.ios to idle
    t =    13.66s     Find the "Отменить" Button
    t =    14.24s     Check for interrupting elements affecting "Отменить" Button
    t =    14.34s     Synthesize event
    t =    14.67s     Wait for dev.polski.grammarmatrix.ios to idle
    t =    14.70s Find the "Мой словарь · 1" StaticText
    t =    15.47s Tear Down
Test Case '-[PolskiGrammarUITests.PolskiGrammarUITests testS6VocabularyFileImporterCancellationKeepsSelection]' passed (16.063 seconds).
Test Case '-[PolskiGrammarUITests.PolskiGrammarUITests testTypedPolishAnswerUsesNativeInput]' started.
    t =     0.00s Start Test at 2026-09-24 21:03:01.633
    t =     0.04s Set Up
    t =     0.04s Open dev.polski.grammarmatrix.ios
    t =     0.04s     Launch dev.polski.grammarmatrix.ios
    t =     0.04s         Terminate dev.polski.grammarmatrix.ios:28536
2026-09-24 21:03:02.715 xcodebuild[96668:18039340] [MT] IDELaunchParametersSnapshot: debugger version lookup failed for path '<nil>': noURL
2026-09-24 21:03:02.715 xcodebuild[96668:18039340] [MT] IDELaunchParametersSnapshot: no debugger version
    t =     1.30s         Setting up automation session
    t =     2.19s         Wait for dev.polski.grammarmatrix.ios to idle
    t =     3.98s Tap "Прогресс" Button
    t =     3.98s     Wait for dev.polski.grammarmatrix.ios to idle
    t =     3.99s     Find the "Прогресс" Button
    t =     4.09s     Check for interrupting elements affecting "Прогресс" Button
    t =     4.19s     Synthesize event
    t =     4.52s     Wait for dev.polski.grammarmatrix.ios to idle
    t =     6.00s Find the "Сбросить прогресс" Button
    t =     7.12s     Find the "Сбросить прогресс" Button (retry 1)
    t =     8.20s     Find the "Сбросить прогресс" Button (retry 2)
    t =     8.28s Swipe up Target Application 'dev.polski.grammarmatrix.ios'
    t =     8.28s     Wait for dev.polski.grammarmatrix.ios to idle
    t =     8.28s     Find the Target Application 'dev.polski.grammarmatrix.ios'
    t =     8.33s     Check for interrupting elements affecting "Polski Grammar Matrix" Application
    t =     8.38s     Synthesize event
    t =     8.83s     Wait for dev.polski.grammarmatrix.ios to idle
    t =    10.93s Find the "Сбросить прогресс" Button
    t =    12.02s     Find the "Сбросить прогресс" Button (retry 1)
    t =    13.12s     Find the "Сбросить прогресс" Button (retry 2)
    t =    13.20s Swipe up Target Application 'dev.polski.grammarmatrix.ios'
    t =    13.20s     Wait for dev.polski.grammarmatrix.ios to idle
    t =    13.20s     Find the Target Application 'dev.polski.grammarmatrix.ios'
    t =    13.26s     Check for interrupting elements affecting "Polski Grammar Matrix" Application
    t =    13.32s     Synthesize event
    t =    13.77s     Wait for dev.polski.grammarmatrix.ios to idle
    t =    15.26s Find the "Сбросить прогресс" Button
    t =    15.37s Waiting 5.0s for "Сбросить прогресс" Button to exist
    t =    16.43s     Checking `Expect predicate `existsNoRetry == 1` for object "Сбросить прогресс" Button`
    t =    16.44s         Checking existence of `"Сбросить прогресс" Button`
    t =    16.50s Tap "Сбросить прогресс" Button
    t =    16.50s     Wait for dev.polski.grammarmatrix.ios to idle
    t =    16.51s     Find the "Сбросить прогресс" Button
    t =    16.58s     Check for interrupting elements affecting "Сбросить прогресс" Button
    t =    16.64s     Synthesize event
    t =    16.96s     Wait for dev.polski.grammarmatrix.ios to idle
    t =    17.34s Waiting 5.0s for "Сбросить весь прогресс?" Alert to exist
    t =    18.41s     Checking `Expect predicate `existsNoRetry == 1` for object "Сбросить весь прогресс?" Alert`
    t =    18.41s         Checking existence of `"Сбросить весь прогресс?" Alert`
    t =    18.49s Tap "Сбросить" Button
    t =    18.49s     Wait for dev.polski.grammarmatrix.ios to idle
    t =    18.49s     Find the "Сбросить" Button
    t =    18.56s     Check for interrupting elements affecting "Сбросить" Button
    t =    18.65s     Synthesize event
    t =    18.97s     Wait for dev.polski.grammarmatrix.ios to idle
    t =    19.30s Waiting 2.0s for "Сообщение" Alert to exist
    t =    20.38s     Checking `Expect predicate `existsNoRetry == 1` for object "Сообщение" Alert`
    t =    20.38s         Checking existence of `"Сообщение" Alert`
    t =    20.45s         Capturing element debug description
    t =    21.31s     Checking `Expect predicate `existsNoRetry == 1` for object "Сообщение" Alert`
    t =    21.31s         Checking existence of `"Сообщение" Alert`
    t =    21.39s         Capturing element debug description
    t =    21.39s     Checking existence of `"Сообщение" Alert`
    t =    21.46s Collecting debug information to assist test failure triage
    t =    21.46s     Requesting snapshot of accessibility hierarchy for app with pid 29454
    t =    21.54s Tap "Тренировка" Button
    t =    21.54s     Wait for dev.polski.grammarmatrix.ios to idle
    t =    21.54s     Find the "Тренировка" Button
    t =    21.59s     Check for interrupting elements affecting "square.stack" Button
    t =    21.65s     Synthesize event
    t =    21.98s     Wait for dev.polski.grammarmatrix.ios to idle
    t =    22.75s Waiting 20.0s for "To jest moja piękna żona." StaticText to exist
    t =    23.81s     Checking `Expect predicate `existsNoRetry == 1` for object "To jest moja piękna żona." StaticText`
    t =    23.81s         Checking existence of `"To jest moja piękna żona." StaticText`
    t =    23.90s Checking existence of `"Перейти к заданию" Button`
    t =    23.95s Find the "Перейти к заданию" Button
    t =    24.04s Swipe up Target Application 'dev.polski.grammarmatrix.ios'
    t =    24.04s     Wait for dev.polski.grammarmatrix.ios to idle
    t =    24.05s     Find the Target Application 'dev.polski.grammarmatrix.ios'
    t =    24.10s     Check for interrupting elements affecting "Polski Grammar Matrix" Application
    t =    24.16s     Synthesize event
    t =    24.60s     Wait for dev.polski.grammarmatrix.ios to idle
    t =    25.62s Checking existence of `"continueIntroduction" Button`
    t =    25.72s Find the "continueIntroduction" Button
    t =    25.89s Checking existence of `"continueIntroduction" Button`
    t =    25.98s Tap "continueIntroduction" Button
    t =    25.98s     Wait for dev.polski.grammarmatrix.ios to idle
    t =    25.99s     Find the "continueIntroduction" Button
    t =    26.12s     Check for interrupting elements affecting "continueIntroduction" Button
    t =    26.23s     Synthesize event
    t =    26.59s     Wait for dev.polski.grammarmatrix.ios to idle
    t =    26.60s Checking existence of `Button (First Match)`
    t =    27.33s Tap Button (First Match)
    t =    27.33s     Wait for dev.polski.grammarmatrix.ios to idle
    t =    27.33s     Find the Button (First Match)
    t =    28.11s     Check for interrupting elements affecting "Ответ, Вслух / про себя" Button
    t =    28.21s     Synthesize event
    t =    28.55s     Wait for dev.polski.grammarmatrix.ios to idle
    t =    29.53s Tap "Напечатать" Button
    t =    29.53s     Wait for dev.polski.grammarmatrix.ios to idle
    t =    29.54s     Find the "Напечатать" Button
    t =    29.69s     Check for interrupting elements affecting "Напечатать" Button
    t =    29.79s     Synthesize event
    t =    30.13s     Wait for dev.polski.grammarmatrix.ios to idle
    t =    31.00s Waiting 5.0s for "typedAnswer" Any to exist
    t =    32.10s     Checking `Expect predicate `existsNoRetry == 1` for object "typedAnswer" Any`
    t =    32.10s         Checking existence of `"typedAnswer" Any`
    t =    33.68s Tap "typedAnswer" Any
    t =    33.68s     Wait for dev.polski.grammarmatrix.ios to idle
    t =    33.69s     Find the "typedAnswer" Any
    t =    35.63s     Check for interrupting elements affecting "typedAnswer" TextField
    t =    35.92s     Synthesize event
    t =    36.29s     Wait for dev.polski.grammarmatrix.ios to idle
    t =    36.63s Type 'Widzę moją piękną ...' into "typedAnswer" TextField
    t =    36.63s     Wait for dev.polski.grammarmatrix.ios to idle
    t =    37.64s     Find the "typedAnswer" TextField
    t =    41.84s     Check for interrupting elements affecting "typedAnswer" TextField
    t =    42.40s     Synthesize event
    t =    43.03s     Wait for dev.polski.grammarmatrix.ios to idle
    t =    43.42s Find the "typedAnswer" TextField
    t =    46.23s Find the "revealAnswer" Button
    t =    46.35s Find the Keyboard (First Match)
TYPED_REVEAL_FRAME: (114.0, 468.6666666666667, 174.33333333333331, 50.333333333333314), KEYBOARD: (4.666666666666657, 573.0, 393.0, 243.0)
    t =    46.43s Find the "revealAnswer" Button
    t =    46.55s Find the Target Application 'dev.polski.grammarmatrix.ios'
    t =    46.64s Tap "revealAnswer" Button
    t =    46.64s     Wait for dev.polski.grammarmatrix.ios to idle
    t =    46.65s     Find the "revealAnswer" Button
    t =    46.79s     Check for interrupting elements affecting "revealAnswer" Button
    t =    46.92s     Synthesize event
    t =    47.30s     Wait for dev.polski.grammarmatrix.ios to idle
    t =    47.78s Checking existence of `"Совпадает с правильным вариантом" StaticText`
    t =    47.92s Waiting 5.0s for "Совпадает с правильным вариантом" StaticText to exist
    t =    48.94s     Checking `Expect predicate `existsNoRetry == 1` for object "Совпадает с правильным вариантом" StaticText`
    t =    48.94s         Checking existence of `"Совпадает с правильным вариантом" StaticText`
    t =    49.09s Tear Down
Test Case '-[PolskiGrammarUITests.PolskiGrammarUITests testTypedPolishAnswerUsesNativeInput]' passed (49.485 seconds).
Test Suite 'PolskiGrammarUITests' failed at 2026-09-24 21:03:51.117.
	 Executed 14 tests, with 2 failures (0 unexpected) in 618.682 (618.696) seconds
Test Suite 'PolskiGrammarUITests.xctest' failed at 2026-09-24 21:03:51.119.
	 Executed 14 tests, with 2 failures (0 unexpected) in 618.682 (618.698) seconds
Test Suite 'All tests' failed at 2026-09-24 21:03:51.119.
	 Executed 14 tests, with 2 failures (0 unexpected) in 618.682 (618.699) seconds
2026-09-24 21:04:10.326 xcodebuild[96668:18039340] [MT] IDETestOperationsObserverDebug: 640.762 elapsed -- Testing started completed.
2026-09-24 21:04:10.326 xcodebuild[96668:18039340] [MT] IDETestOperationsObserverDebug: 0.000 sec, +0.000 sec -- start
2026-09-24 21:04:10.326 xcodebuild[96668:18039340] [MT] IDETestOperationsObserverDebug: 640.762 sec, +640.762 sec -- end

Test session results, code coverage, and logs:
	/Users/german/Work/JS/polski-grammar-srs/kotlin/iosApp/build/FinalVirtualFullFinal/Logs/Test/Test-PolskiGrammar-2026.09.24_20-53-18-+0200.xcresult

Failing tests:
	PolskiGrammarUITests.testFirstMethodIntroductionKeepsReferenceAnswerHiddenUntilContinue()
	PolskiGrammarUITests.testMethodSwitchKeepsTypedDraftThroughRevealAndOneReview()

** TEST FAILED **

Testing started
