Command line invocation:
    /Applications/Xcode.app/Contents/Developer/usr/bin/xcodebuild test -project kotlin/iosApp/PolskiGrammar.xcodeproj -scheme PolskiGrammar -configuration Debug -destination "platform=iOS Simulator,id=502F57FE-944F-4C27-B74F-5EC34D1B995D" -derivedDataPath kotlin/iosApp/build/FinalVirtualMethodScrollFix CODE_SIGNING_ALLOWED=NO -parallel-testing-enabled NO "-only-testing:PolskiGrammarUITests/PolskiGrammarUITests/testMethodSwitchKeepsTypedDraftThroughRevealAndOneReview"

Build settings from command line:
    CODE_SIGNING_ALLOWED = NO

ComputePackagePrebuildTargetDependencyGraph

Prepare packages

CreateBuildRequest

SendProjectDescription

CreateBuildOperation

ComputeTargetDependencyGraph
note: Building targets in dependency order
note: Target dependency graph (2 targets)
    Target 'PolskiGrammarUITests' in project 'PolskiGrammar'
        ➜ Explicit dependency on target 'PolskiGrammar' in project 'PolskiGrammar'
    Target 'PolskiGrammar' in project 'PolskiGrammar' (no dependencies)

GatherProvisioningInputs

CreateBuildDescription

ExecuteExternalTool /Applications/Xcode.app/Contents/Developer/Toolchains/XcodeDefault.xctoolchain/usr/bin/clang -v -E -dM -isysroot /Applications/Xcode.app/Contents/Developer/Platforms/iPhoneSimulator.platform/Developer/SDKs/iPhoneSimulator27.0.sdk -x c -c /dev/null

ExecuteExternalTool /Applications/Xcode.app/Contents/Developer/Toolchains/XcodeDefault.xctoolchain/usr/bin/swiftc --version

ExecuteExternalTool /Applications/Xcode.app/Contents/Developer/usr/bin/actool --print-asset-tag-combinations --output-format xml1 /Users/german/Work/JS/polski-grammar-srs/kotlin/iosApp/PolskiGrammar/Assets.xcassets

ExecuteExternalTool /Applications/Xcode.app/Contents/Developer/Toolchains/XcodeDefault.xctoolchain/usr/bin/ld -version_details

ExecuteExternalTool /Applications/Xcode.app/Contents/Developer/usr/bin/actool --version --output-format xml1

Build description signature: b0d78da40a0d71686041c407bc3ac5b9
Build description path: /Users/german/Work/JS/polski-grammar-srs/kotlin/iosApp/build/FinalVirtualMethodScrollFix/Build/Intermediates.noindex/XCBuildData/b0d78da40a0d71686041c407bc3ac5b9.xcbuilddata
CreateBuildDirectory /Users/german/Work/JS/polski-grammar-srs/kotlin/iosApp/build/FinalVirtualMethodScrollFix/CompilationCache.noindex
    cd /Users/german/Work/JS/polski-grammar-srs/kotlin/iosApp/PolskiGrammar.xcodeproj
    builtin-create-build-directory /Users/german/Work/JS/polski-grammar-srs/kotlin/iosApp/build/FinalVirtualMethodScrollFix/CompilationCache.noindex

CreateBuildDirectory /Users/german/Work/JS/polski-grammar-srs/kotlin/iosApp/build/FinalVirtualMethodScrollFix/ModuleCache.noindex
    cd /Users/german/Work/JS/polski-grammar-srs/kotlin/iosApp/PolskiGrammar.xcodeproj
    builtin-create-build-directory /Users/german/Work/JS/polski-grammar-srs/kotlin/iosApp/build/FinalVirtualMethodScrollFix/ModuleCache.noindex

CreateBuildDirectory /Users/german/Work/JS/polski-grammar-srs/kotlin/iosApp/build/FinalVirtualMethodScrollFix/SDKExplicitPrecompiledModules
    cd /Users/german/Work/JS/polski-grammar-srs/kotlin/iosApp/PolskiGrammar.xcodeproj
    builtin-create-build-directory /Users/german/Work/JS/polski-grammar-srs/kotlin/iosApp/build/FinalVirtualMethodScrollFix/SDKExplicitPrecompiledModules

CreateBuildDirectory /Users/german/Work/JS/polski-grammar-srs/kotlin/iosApp/build/FinalVirtualMethodScrollFix/Build/Products
    cd /Users/german/Work/JS/polski-grammar-srs/kotlin/iosApp/PolskiGrammar.xcodeproj
    builtin-create-build-directory /Users/german/Work/JS/polski-grammar-srs/kotlin/iosApp/build/FinalVirtualMethodScrollFix/Build/Products

CreateBuildDirectory /Users/german/Work/JS/polski-grammar-srs/kotlin/iosApp/build/FinalVirtualMethodScrollFix/Build/Intermediates.noindex
    cd /Users/german/Work/JS/polski-grammar-srs/kotlin/iosApp/PolskiGrammar.xcodeproj
    builtin-create-build-directory /Users/german/Work/JS/polski-grammar-srs/kotlin/iosApp/build/FinalVirtualMethodScrollFix/Build/Intermediates.noindex

ClangStatCache /Applications/Xcode.app/Contents/Developer/Toolchains/XcodeDefault.xctoolchain/usr/bin/clang-stat-cache /Applications/Xcode.app/Contents/Developer/Platforms/iPhoneSimulator.platform/Developer/SDKs/iPhoneSimulator27.0.sdk /Users/german/Work/JS/polski-grammar-srs/kotlin/iosApp/build/FinalVirtualMethodScrollFix/SDKStatCaches.noindex/iphonesimulator27.0-24A430-8dc58220667be655e1bcc261a7455254.sdkstatcache
    cd /Users/german/Work/JS/polski-grammar-srs/kotlin/iosApp/PolskiGrammar.xcodeproj
    /Applications/Xcode.app/Contents/Developer/Toolchains/XcodeDefault.xctoolchain/usr/bin/clang-stat-cache /Applications/Xcode.app/Contents/Developer/Platforms/iPhoneSimulator.platform/Developer/SDKs/iPhoneSimulator27.0.sdk -o /Users/german/Work/JS/polski-grammar-srs/kotlin/iosApp/build/FinalVirtualMethodScrollFix/SDKStatCaches.noindex/iphonesimulator27.0-24A430-8dc58220667be655e1bcc261a7455254.sdkstatcache

CreateBuildDirectory /Users/german/Work/JS/polski-grammar-srs/kotlin/iosApp/build/FinalVirtualMethodScrollFix/Build/Intermediates.noindex/SwiftExplicitPrecompiledModules
    cd /Users/german/Work/JS/polski-grammar-srs/kotlin/iosApp/PolskiGrammar.xcodeproj
    builtin-create-build-directory /Users/german/Work/JS/polski-grammar-srs/kotlin/iosApp/build/FinalVirtualMethodScrollFix/Build/Intermediates.noindex/SwiftExplicitPrecompiledModules

CreateBuildDirectory /Users/german/Work/JS/polski-grammar-srs/kotlin/iosApp/build/FinalVirtualMethodScrollFix/Build/Intermediates.noindex/PrecompiledHeaders
    cd /Users/german/Work/JS/polski-grammar-srs/kotlin/iosApp/PolskiGrammar.xcodeproj
    builtin-create-build-directory /Users/german/Work/JS/polski-grammar-srs/kotlin/iosApp/build/FinalVirtualMethodScrollFix/Build/Intermediates.noindex/PrecompiledHeaders

CreateBuildDirectory /Users/german/Work/JS/polski-grammar-srs/kotlin/iosApp/build/FinalVirtualMethodScrollFix/Build/Intermediates.noindex/ExplicitPrecompiledModules
    cd /Users/german/Work/JS/polski-grammar-srs/kotlin/iosApp/PolskiGrammar.xcodeproj
    builtin-create-build-directory /Users/german/Work/JS/polski-grammar-srs/kotlin/iosApp/build/FinalVirtualMethodScrollFix/Build/Intermediates.noindex/ExplicitPrecompiledModules

CreateBuildDirectory /Users/german/Work/JS/polski-grammar-srs/kotlin/iosApp/build/FinalVirtualMethodScrollFix/Build/Products/Debug-iphonesimulator
    cd /Users/german/Work/JS/polski-grammar-srs/kotlin/iosApp/PolskiGrammar.xcodeproj
    builtin-create-build-directory /Users/german/Work/JS/polski-grammar-srs/kotlin/iosApp/build/FinalVirtualMethodScrollFix/Build/Products/Debug-iphonesimulator

CreateBuildDirectory /Users/german/Work/JS/polski-grammar-srs/kotlin/iosApp/build/FinalVirtualMethodScrollFix/Build/Intermediates.noindex/EagerLinkingTBDs/Debug-iphonesimulator
    cd /Users/german/Work/JS/polski-grammar-srs/kotlin/iosApp/PolskiGrammar.xcodeproj
    builtin-create-build-directory /Users/german/Work/JS/polski-grammar-srs/kotlin/iosApp/build/FinalVirtualMethodScrollFix/Build/Intermediates.noindex/EagerLinkingTBDs/Debug-iphonesimulator

WriteAuxiliaryFile /Users/german/Work/JS/polski-grammar-srs/kotlin/iosApp/build/FinalVirtualMethodScrollFix/Build/Intermediates.noindex/PolskiGrammar.build/Debug-iphonesimulator/PolskiGrammar-23ee0051a95c59732cc842b37800d5f6-VFS-iphonesimulator/all-product-headers.yaml
    cd /Users/german/Work/JS/polski-grammar-srs/kotlin/iosApp/PolskiGrammar.xcodeproj
    write-file /Users/german/Work/JS/polski-grammar-srs/kotlin/iosApp/build/FinalVirtualMethodScrollFix/Build/Intermediates.noindex/PolskiGrammar.build/Debug-iphonesimulator/PolskiGrammar-23ee0051a95c59732cc842b37800d5f6-VFS-iphonesimulator/all-product-headers.yaml

WriteAuxiliaryFile /Users/german/Work/JS/polski-grammar-srs/kotlin/iosApp/build/FinalVirtualMethodScrollFix/Build/Intermediates.noindex/PolskiGrammar.build/Debug-iphonesimulator/PolskiGrammarUITests.build/PolskiGrammarUITests-project-headers.hmap (in target 'PolskiGrammarUITests' from project 'PolskiGrammar')
    cd /Users/german/Work/JS/polski-grammar-srs/kotlin/iosApp
    write-file /Users/german/Work/JS/polski-grammar-srs/kotlin/iosApp/build/FinalVirtualMethodScrollFix/Build/Intermediates.noindex/PolskiGrammar.build/Debug-iphonesimulator/PolskiGrammarUITests.build/PolskiGrammarUITests-project-headers.hmap

WriteAuxiliaryFile /Users/german/Work/JS/polski-grammar-srs/kotlin/iosApp/build/FinalVirtualMethodScrollFix/Build/Intermediates.noindex/PolskiGrammar.build/Debug-iphonesimulator/PolskiGrammarUITests.build/PolskiGrammarUITests-own-target-headers.hmap (in target 'PolskiGrammarUITests' from project 'PolskiGrammar')
    cd /Users/german/Work/JS/polski-grammar-srs/kotlin/iosApp
    write-file /Users/german/Work/JS/polski-grammar-srs/kotlin/iosApp/build/FinalVirtualMethodScrollFix/Build/Intermediates.noindex/PolskiGrammar.build/Debug-iphonesimulator/PolskiGrammarUITests.build/PolskiGrammarUITests-own-target-headers.hmap

WriteAuxiliaryFile /Users/german/Work/JS/polski-grammar-srs/kotlin/iosApp/build/FinalVirtualMethodScrollFix/Build/Intermediates.noindex/PolskiGrammar.build/Debug-iphonesimulator/PolskiGrammarUITests.build/empty-PolskiGrammarUITests.plist (in target 'PolskiGrammarUITests' from project 'PolskiGrammar')
    cd /Users/german/Work/JS/polski-grammar-srs/kotlin/iosApp
    write-file /Users/german/Work/JS/polski-grammar-srs/kotlin/iosApp/build/FinalVirtualMethodScrollFix/Build/Intermediates.noindex/PolskiGrammar.build/Debug-iphonesimulator/PolskiGrammarUITests.build/empty-PolskiGrammarUITests.plist

WriteAuxiliaryFile /Users/german/Work/JS/polski-grammar-srs/kotlin/iosApp/build/FinalVirtualMethodScrollFix/Build/Intermediates.noindex/PolskiGrammar.build/Debug-iphonesimulator/PolskiGrammarUITests.build/PolskiGrammarUITests-generated-files.hmap (in target 'PolskiGrammarUITests' from project 'PolskiGrammar')
    cd /Users/german/Work/JS/polski-grammar-srs/kotlin/iosApp
    write-file /Users/german/Work/JS/polski-grammar-srs/kotlin/iosApp/build/FinalVirtualMethodScrollFix/Build/Intermediates.noindex/PolskiGrammar.build/Debug-iphonesimulator/PolskiGrammarUITests.build/PolskiGrammarUITests-generated-files.hmap

WriteAuxiliaryFile /Users/german/Work/JS/polski-grammar-srs/kotlin/iosApp/build/FinalVirtualMethodScrollFix/Build/Intermediates.noindex/PolskiGrammar.build/Debug-iphonesimulator/PolskiGrammarUITests.build/PolskiGrammarUITests-all-target-headers.hmap (in target 'PolskiGrammarUITests' from project 'PolskiGrammar')
    cd /Users/german/Work/JS/polski-grammar-srs/kotlin/iosApp
    write-file /Users/german/Work/JS/polski-grammar-srs/kotlin/iosApp/build/FinalVirtualMethodScrollFix/Build/Intermediates.noindex/PolskiGrammar.build/Debug-iphonesimulator/PolskiGrammarUITests.build/PolskiGrammarUITests-all-target-headers.hmap

WriteAuxiliaryFile /Users/german/Work/JS/polski-grammar-srs/kotlin/iosApp/build/FinalVirtualMethodScrollFix/Build/Intermediates.noindex/PolskiGrammar.build/Debug-iphonesimulator/PolskiGrammarUITests.build/PolskiGrammarUITests.hmap (in target 'PolskiGrammarUITests' from project 'PolskiGrammar')
    cd /Users/german/Work/JS/polski-grammar-srs/kotlin/iosApp
    write-file /Users/german/Work/JS/polski-grammar-srs/kotlin/iosApp/build/FinalVirtualMethodScrollFix/Build/Intermediates.noindex/PolskiGrammar.build/Debug-iphonesimulator/PolskiGrammarUITests.build/PolskiGrammarUITests.hmap

WriteAuxiliaryFile /Users/german/Work/JS/polski-grammar-srs/kotlin/iosApp/build/FinalVirtualMethodScrollFix/Build/Intermediates.noindex/PolskiGrammar.build/Debug-iphonesimulator/PolskiGrammarUITests.build/ProductTypeInfoPlistAdditions.plist (in target 'PolskiGrammarUITests' from project 'PolskiGrammar')
    cd /Users/german/Work/JS/polski-grammar-srs/kotlin/iosApp
    write-file /Users/german/Work/JS/polski-grammar-srs/kotlin/iosApp/build/FinalVirtualMethodScrollFix/Build/Intermediates.noindex/PolskiGrammar.build/Debug-iphonesimulator/PolskiGrammarUITests.build/ProductTypeInfoPlistAdditions.plist

WriteAuxiliaryFile /Users/german/Work/JS/polski-grammar-srs/kotlin/iosApp/build/FinalVirtualMethodScrollFix/Build/Intermediates.noindex/PolskiGrammar.build/Debug-iphonesimulator/PolskiGrammarUITests.build/PolskiGrammarUITests.DependencyStaticMetadataFileList (in target 'PolskiGrammarUITests' from project 'PolskiGrammar')
    cd /Users/german/Work/JS/polski-grammar-srs/kotlin/iosApp
    write-file /Users/german/Work/JS/polski-grammar-srs/kotlin/iosApp/build/FinalVirtualMethodScrollFix/Build/Intermediates.noindex/PolskiGrammar.build/Debug-iphonesimulator/PolskiGrammarUITests.build/PolskiGrammarUITests.DependencyStaticMetadataFileList

WriteAuxiliaryFile /Users/german/Work/JS/polski-grammar-srs/kotlin/iosApp/build/FinalVirtualMethodScrollFix/Build/Intermediates.noindex/PolskiGrammar.build/Debug-iphonesimulator/PolskiGrammarUITests.build/PolskiGrammarUITests.DependencyMetadataFileList (in target 'PolskiGrammarUITests' from project 'PolskiGrammar')
    cd /Users/german/Work/JS/polski-grammar-srs/kotlin/iosApp
    write-file /Users/german/Work/JS/polski-grammar-srs/kotlin/iosApp/build/FinalVirtualMethodScrollFix/Build/Intermediates.noindex/PolskiGrammar.build/Debug-iphonesimulator/PolskiGrammarUITests.build/PolskiGrammarUITests.DependencyMetadataFileList

WriteAuxiliaryFile /Users/german/Work/JS/polski-grammar-srs/kotlin/iosApp/build/FinalVirtualMethodScrollFix/Build/Intermediates.noindex/PolskiGrammar.build/Debug-iphonesimulator/PolskiGrammarUITests.build/PolskiGrammarUITests-all-non-framework-target-headers.hmap (in target 'PolskiGrammarUITests' from project 'PolskiGrammar')
    cd /Users/german/Work/JS/polski-grammar-srs/kotlin/iosApp
    write-file /Users/german/Work/JS/polski-grammar-srs/kotlin/iosApp/build/FinalVirtualMethodScrollFix/Build/Intermediates.noindex/PolskiGrammar.build/Debug-iphonesimulator/PolskiGrammarUITests.build/PolskiGrammarUITests-all-non-framework-target-headers.hmap

WriteAuxiliaryFile /Users/german/Work/JS/polski-grammar-srs/kotlin/iosApp/build/FinalVirtualMethodScrollFix/Build/Intermediates.noindex/PolskiGrammar.build/Debug-iphonesimulator/PolskiGrammarUITests.build/Objects-normal/arm64/PolskiGrammarUITests_const_extract_protocols.json (in target 'PolskiGrammarUITests' from project 'PolskiGrammar')
    cd /Users/german/Work/JS/polski-grammar-srs/kotlin/iosApp
    write-file /Users/german/Work/JS/polski-grammar-srs/kotlin/iosApp/build/FinalVirtualMethodScrollFix/Build/Intermediates.noindex/PolskiGrammar.build/Debug-iphonesimulator/PolskiGrammarUITests.build/Objects-normal/arm64/PolskiGrammarUITests_const_extract_protocols.json

WriteAuxiliaryFile /Users/german/Work/JS/polski-grammar-srs/kotlin/iosApp/build/FinalVirtualMethodScrollFix/Build/Intermediates.noindex/PolskiGrammar.build/Debug-iphonesimulator/PolskiGrammarUITests.build/Objects-normal/arm64/PolskiGrammarUITests.SwiftFileList (in target 'PolskiGrammarUITests' from project 'PolskiGrammar')
    cd /Users/german/Work/JS/polski-grammar-srs/kotlin/iosApp
    write-file /Users/german/Work/JS/polski-grammar-srs/kotlin/iosApp/build/FinalVirtualMethodScrollFix/Build/Intermediates.noindex/PolskiGrammar.build/Debug-iphonesimulator/PolskiGrammarUITests.build/Objects-normal/arm64/PolskiGrammarUITests.SwiftFileList

WriteAuxiliaryFile /Users/german/Work/JS/polski-grammar-srs/kotlin/iosApp/build/FinalVirtualMethodScrollFix/Build/Intermediates.noindex/PolskiGrammar.build/Debug-iphonesimulator/PolskiGrammarUITests.build/Objects-normal/arm64/PolskiGrammarUITests.SwiftConstValuesFileList (in target 'PolskiGrammarUITests' from project 'PolskiGrammar')
    cd /Users/german/Work/JS/polski-grammar-srs/kotlin/iosApp
    write-file /Users/german/Work/JS/polski-grammar-srs/kotlin/iosApp/build/FinalVirtualMethodScrollFix/Build/Intermediates.noindex/PolskiGrammar.build/Debug-iphonesimulator/PolskiGrammarUITests.build/Objects-normal/arm64/PolskiGrammarUITests.SwiftConstValuesFileList

WriteAuxiliaryFile /Users/german/Work/JS/polski-grammar-srs/kotlin/iosApp/build/FinalVirtualMethodScrollFix/Build/Intermediates.noindex/PolskiGrammar.build/Debug-iphonesimulator/PolskiGrammarUITests.build/Objects-normal/arm64/PolskiGrammarUITests.LinkFileList (in target 'PolskiGrammarUITests' from project 'PolskiGrammar')
    cd /Users/german/Work/JS/polski-grammar-srs/kotlin/iosApp
    write-file /Users/german/Work/JS/polski-grammar-srs/kotlin/iosApp/build/FinalVirtualMethodScrollFix/Build/Intermediates.noindex/PolskiGrammar.build/Debug-iphonesimulator/PolskiGrammarUITests.build/Objects-normal/arm64/PolskiGrammarUITests.LinkFileList

WriteAuxiliaryFile /Users/german/Work/JS/polski-grammar-srs/kotlin/iosApp/build/FinalVirtualMethodScrollFix/Build/Intermediates.noindex/PolskiGrammar.build/Debug-iphonesimulator/PolskiGrammarUITests.build/Objects-normal/arm64/PolskiGrammarUITests-OutputFileMap.json (in target 'PolskiGrammarUITests' from project 'PolskiGrammar')
    cd /Users/german/Work/JS/polski-grammar-srs/kotlin/iosApp
    write-file /Users/german/Work/JS/polski-grammar-srs/kotlin/iosApp/build/FinalVirtualMethodScrollFix/Build/Intermediates.noindex/PolskiGrammar.build/Debug-iphonesimulator/PolskiGrammarUITests.build/Objects-normal/arm64/PolskiGrammarUITests-OutputFileMap.json

WriteAuxiliaryFile /Users/german/Work/JS/polski-grammar-srs/kotlin/iosApp/build/FinalVirtualMethodScrollFix/Build/Intermediates.noindex/PolskiGrammar.build/Debug-iphonesimulator/PolskiGrammar.build/Script-DF070EF247392F9D1B643D23.sh (in target 'PolskiGrammar' from project 'PolskiGrammar')
    cd /Users/german/Work/JS/polski-grammar-srs/kotlin/iosApp
    write-file /Users/german/Work/JS/polski-grammar-srs/kotlin/iosApp/build/FinalVirtualMethodScrollFix/Build/Intermediates.noindex/PolskiGrammar.build/Debug-iphonesimulator/PolskiGrammar.build/Script-DF070EF247392F9D1B643D23.sh

WriteAuxiliaryFile /Users/german/Work/JS/polski-grammar-srs/kotlin/iosApp/build/FinalVirtualMethodScrollFix/Build/Intermediates.noindex/PolskiGrammar.build/Debug-iphonesimulator/PolskiGrammar.build/empty-PolskiGrammar.plist (in target 'PolskiGrammar' from project 'PolskiGrammar')
    cd /Users/german/Work/JS/polski-grammar-srs/kotlin/iosApp
    write-file /Users/german/Work/JS/polski-grammar-srs/kotlin/iosApp/build/FinalVirtualMethodScrollFix/Build/Intermediates.noindex/PolskiGrammar.build/Debug-iphonesimulator/PolskiGrammar.build/empty-PolskiGrammar.plist

WriteAuxiliaryFile /Users/german/Work/JS/polski-grammar-srs/kotlin/iosApp/build/FinalVirtualMethodScrollFix/Build/Intermediates.noindex/PolskiGrammar.build/Debug-iphonesimulator/PolskiGrammar.build/PolskiGrammar.hmap (in target 'PolskiGrammar' from project 'PolskiGrammar')
    cd /Users/german/Work/JS/polski-grammar-srs/kotlin/iosApp
    write-file /Users/german/Work/JS/polski-grammar-srs/kotlin/iosApp/build/FinalVirtualMethodScrollFix/Build/Intermediates.noindex/PolskiGrammar.build/Debug-iphonesimulator/PolskiGrammar.build/PolskiGrammar.hmap

WriteAuxiliaryFile /Users/german/Work/JS/polski-grammar-srs/kotlin/iosApp/build/FinalVirtualMethodScrollFix/Build/Intermediates.noindex/PolskiGrammar.build/Debug-iphonesimulator/PolskiGrammar.build/PolskiGrammar.DependencyStaticMetadataFileList (in target 'PolskiGrammar' from project 'PolskiGrammar')
    cd /Users/german/Work/JS/polski-grammar-srs/kotlin/iosApp
    write-file /Users/german/Work/JS/polski-grammar-srs/kotlin/iosApp/build/FinalVirtualMethodScrollFix/Build/Intermediates.noindex/PolskiGrammar.build/Debug-iphonesimulator/PolskiGrammar.build/PolskiGrammar.DependencyStaticMetadataFileList

WriteAuxiliaryFile /Users/german/Work/JS/polski-grammar-srs/kotlin/iosApp/build/FinalVirtualMethodScrollFix/Build/Intermediates.noindex/PolskiGrammar.build/Debug-iphonesimulator/PolskiGrammar.build/PolskiGrammar.DependencyMetadataFileList (in target 'PolskiGrammar' from project 'PolskiGrammar')
    cd /Users/german/Work/JS/polski-grammar-srs/kotlin/iosApp
    write-file /Users/german/Work/JS/polski-grammar-srs/kotlin/iosApp/build/FinalVirtualMethodScrollFix/Build/Intermediates.noindex/PolskiGrammar.build/Debug-iphonesimulator/PolskiGrammar.build/PolskiGrammar.DependencyMetadataFileList

WriteAuxiliaryFile /Users/german/Work/JS/polski-grammar-srs/kotlin/iosApp/build/FinalVirtualMethodScrollFix/Build/Intermediates.noindex/PolskiGrammar.build/Debug-iphonesimulator/PolskiGrammar.build/PolskiGrammar-project-headers.hmap (in target 'PolskiGrammar' from project 'PolskiGrammar')
    cd /Users/german/Work/JS/polski-grammar-srs/kotlin/iosApp
    write-file /Users/german/Work/JS/polski-grammar-srs/kotlin/iosApp/build/FinalVirtualMethodScrollFix/Build/Intermediates.noindex/PolskiGrammar.build/Debug-iphonesimulator/PolskiGrammar.build/PolskiGrammar-project-headers.hmap

WriteAuxiliaryFile /Users/german/Work/JS/polski-grammar-srs/kotlin/iosApp/build/FinalVirtualMethodScrollFix/Build/Intermediates.noindex/PolskiGrammar.build/Debug-iphonesimulator/PolskiGrammar.build/PolskiGrammar-own-target-headers.hmap (in target 'PolskiGrammar' from project 'PolskiGrammar')
    cd /Users/german/Work/JS/polski-grammar-srs/kotlin/iosApp
    write-file /Users/german/Work/JS/polski-grammar-srs/kotlin/iosApp/build/FinalVirtualMethodScrollFix/Build/Intermediates.noindex/PolskiGrammar.build/Debug-iphonesimulator/PolskiGrammar.build/PolskiGrammar-own-target-headers.hmap

WriteAuxiliaryFile /Users/german/Work/JS/polski-grammar-srs/kotlin/iosApp/build/FinalVirtualMethodScrollFix/Build/Intermediates.noindex/PolskiGrammar.build/Debug-iphonesimulator/PolskiGrammar.build/PolskiGrammar-generated-files.hmap (in target 'PolskiGrammar' from project 'PolskiGrammar')
    cd /Users/german/Work/JS/polski-grammar-srs/kotlin/iosApp
    write-file /Users/german/Work/JS/polski-grammar-srs/kotlin/iosApp/build/FinalVirtualMethodScrollFix/Build/Intermediates.noindex/PolskiGrammar.build/Debug-iphonesimulator/PolskiGrammar.build/PolskiGrammar-generated-files.hmap

WriteAuxiliaryFile /Users/german/Work/JS/polski-grammar-srs/kotlin/iosApp/build/FinalVirtualMethodScrollFix/Build/Intermediates.noindex/PolskiGrammar.build/Debug-iphonesimulator/PolskiGrammar.build/PolskiGrammar-all-target-headers.hmap (in target 'PolskiGrammar' from project 'PolskiGrammar')
    cd /Users/german/Work/JS/polski-grammar-srs/kotlin/iosApp
    write-file /Users/german/Work/JS/polski-grammar-srs/kotlin/iosApp/build/FinalVirtualMethodScrollFix/Build/Intermediates.noindex/PolskiGrammar.build/Debug-iphonesimulator/PolskiGrammar.build/PolskiGrammar-all-target-headers.hmap

WriteAuxiliaryFile /Users/german/Work/JS/polski-grammar-srs/kotlin/iosApp/build/FinalVirtualMethodScrollFix/Build/Intermediates.noindex/PolskiGrammar.build/Debug-iphonesimulator/PolskiGrammar.build/PolskiGrammar-all-non-framework-target-headers.hmap (in target 'PolskiGrammar' from project 'PolskiGrammar')
    cd /Users/german/Work/JS/polski-grammar-srs/kotlin/iosApp
    write-file /Users/german/Work/JS/polski-grammar-srs/kotlin/iosApp/build/FinalVirtualMethodScrollFix/Build/Intermediates.noindex/PolskiGrammar.build/Debug-iphonesimulator/PolskiGrammar.build/PolskiGrammar-all-non-framework-target-headers.hmap

WriteAuxiliaryFile /Users/german/Work/JS/polski-grammar-srs/kotlin/iosApp/build/FinalVirtualMethodScrollFix/Build/Intermediates.noindex/PolskiGrammar.build/Debug-iphonesimulator/PolskiGrammar.build/PolskiGrammar-DebugDylibPath-normal-arm64.txt (in target 'PolskiGrammar' from project 'PolskiGrammar')
    cd /Users/german/Work/JS/polski-grammar-srs/kotlin/iosApp
    write-file /Users/german/Work/JS/polski-grammar-srs/kotlin/iosApp/build/FinalVirtualMethodScrollFix/Build/Intermediates.noindex/PolskiGrammar.build/Debug-iphonesimulator/PolskiGrammar.build/PolskiGrammar-DebugDylibPath-normal-arm64.txt

WriteAuxiliaryFile /Users/german/Work/JS/polski-grammar-srs/kotlin/iosApp/build/FinalVirtualMethodScrollFix/Build/Intermediates.noindex/PolskiGrammar.build/Debug-iphonesimulator/PolskiGrammar.build/PolskiGrammar-DebugDylibInstallName-normal-arm64.txt (in target 'PolskiGrammar' from project 'PolskiGrammar')
    cd /Users/german/Work/JS/polski-grammar-srs/kotlin/iosApp
    write-file /Users/german/Work/JS/polski-grammar-srs/kotlin/iosApp/build/FinalVirtualMethodScrollFix/Build/Intermediates.noindex/PolskiGrammar.build/Debug-iphonesimulator/PolskiGrammar.build/PolskiGrammar-DebugDylibInstallName-normal-arm64.txt

WriteAuxiliaryFile /Users/german/Work/JS/polski-grammar-srs/kotlin/iosApp/build/FinalVirtualMethodScrollFix/Build/Intermediates.noindex/PolskiGrammar.build/Debug-iphonesimulator/PolskiGrammar.build/Objects-normal/arm64/PolskiGrammar.LinkFileList (in target 'PolskiGrammar' from project 'PolskiGrammar')
    cd /Users/german/Work/JS/polski-grammar-srs/kotlin/iosApp
    write-file /Users/german/Work/JS/polski-grammar-srs/kotlin/iosApp/build/FinalVirtualMethodScrollFix/Build/Intermediates.noindex/PolskiGrammar.build/Debug-iphonesimulator/PolskiGrammar.build/Objects-normal/arm64/PolskiGrammar.LinkFileList

WriteAuxiliaryFile /Users/german/Work/JS/polski-grammar-srs/kotlin/iosApp/build/FinalVirtualMethodScrollFix/Build/Intermediates.noindex/PolskiGrammar.build/Debug-iphonesimulator/PolskiGrammar.build/Objects-normal/arm64/PolskiGrammar.SwiftConstValuesFileList (in target 'PolskiGrammar' from project 'PolskiGrammar')
    cd /Users/german/Work/JS/polski-grammar-srs/kotlin/iosApp
    write-file /Users/german/Work/JS/polski-grammar-srs/kotlin/iosApp/build/FinalVirtualMethodScrollFix/Build/Intermediates.noindex/PolskiGrammar.build/Debug-iphonesimulator/PolskiGrammar.build/Objects-normal/arm64/PolskiGrammar.SwiftConstValuesFileList

WriteAuxiliaryFile /Users/german/Work/JS/polski-grammar-srs/kotlin/iosApp/build/FinalVirtualMethodScrollFix/Build/Intermediates.noindex/PolskiGrammar.build/Debug-iphonesimulator/PolskiGrammar.build/Objects-normal/arm64/PolskiGrammar.SwiftFileList (in target 'PolskiGrammar' from project 'PolskiGrammar')
    cd /Users/german/Work/JS/polski-grammar-srs/kotlin/iosApp
    write-file /Users/german/Work/JS/polski-grammar-srs/kotlin/iosApp/build/FinalVirtualMethodScrollFix/Build/Intermediates.noindex/PolskiGrammar.build/Debug-iphonesimulator/PolskiGrammar.build/Objects-normal/arm64/PolskiGrammar.SwiftFileList

WriteAuxiliaryFile /Users/german/Work/JS/polski-grammar-srs/kotlin/iosApp/build/FinalVirtualMethodScrollFix/Build/Intermediates.noindex/PolskiGrammar.build/Debug-iphonesimulator/PolskiGrammar.build/Objects-normal/arm64/PolskiGrammar_const_extract_protocols.json (in target 'PolskiGrammar' from project 'PolskiGrammar')
    cd /Users/german/Work/JS/polski-grammar-srs/kotlin/iosApp
    write-file /Users/german/Work/JS/polski-grammar-srs/kotlin/iosApp/build/FinalVirtualMethodScrollFix/Build/Intermediates.noindex/PolskiGrammar.build/Debug-iphonesimulator/PolskiGrammar.build/Objects-normal/arm64/PolskiGrammar_const_extract_protocols.json

WriteAuxiliaryFile /Users/german/Work/JS/polski-grammar-srs/kotlin/iosApp/build/FinalVirtualMethodScrollFix/Build/Intermediates.noindex/PolskiGrammar.build/Debug-iphonesimulator/PolskiGrammar.build/Objects-normal/arm64/PolskiGrammar-OutputFileMap.json (in target 'PolskiGrammar' from project 'PolskiGrammar')
    cd /Users/german/Work/JS/polski-grammar-srs/kotlin/iosApp
    write-file /Users/german/Work/JS/polski-grammar-srs/kotlin/iosApp/build/FinalVirtualMethodScrollFix/Build/Intermediates.noindex/PolskiGrammar.build/Debug-iphonesimulator/PolskiGrammar.build/Objects-normal/arm64/PolskiGrammar-OutputFileMap.json

MkDir /Users/german/Work/JS/polski-grammar-srs/kotlin/iosApp/build/FinalVirtualMethodScrollFix/Build/Products/Debug-iphonesimulator/PolskiGrammar.app (in target 'PolskiGrammar' from project 'PolskiGrammar')
    cd /Users/german/Work/JS/polski-grammar-srs/kotlin/iosApp
    /bin/mkdir -p /Users/german/Work/JS/polski-grammar-srs/kotlin/iosApp/build/FinalVirtualMethodScrollFix/Build/Products/Debug-iphonesimulator/PolskiGrammar.app

MkDir /Users/german/Work/JS/polski-grammar-srs/kotlin/iosApp/build/FinalVirtualMethodScrollFix/Build/Products/Debug-iphonesimulator/PolskiGrammarUITests-Runner.app/PlugIns/PolskiGrammarUITests.xctest (in target 'PolskiGrammarUITests' from project 'PolskiGrammar')
    cd /Users/german/Work/JS/polski-grammar-srs/kotlin/iosApp
    /bin/mkdir -p /Users/german/Work/JS/polski-grammar-srs/kotlin/iosApp/build/FinalVirtualMethodScrollFix/Build/Products/Debug-iphonesimulator/PolskiGrammarUITests-Runner.app/PlugIns/PolskiGrammarUITests.xctest

PhaseScriptExecution Build\ Kotlin\ framework /Users/german/Work/JS/polski-grammar-srs/kotlin/iosApp/build/FinalVirtualMethodScrollFix/Build/Intermediates.noindex/PolskiGrammar.build/Debug-iphonesimulator/PolskiGrammar.build/Script-DF070EF247392F9D1B643D23.sh (in target 'PolskiGrammar' from project 'PolskiGrammar')
    cd /Users/german/Work/JS/polski-grammar-srs/kotlin/iosApp
    export ACTION\=build
    export AD_HOC_CODE_SIGNING_ALLOWED\=YES
    export AGGREGATE_TRACKED_DOMAINS\=YES
    export ALLOW_BUILD_REQUEST_OVERRIDES\=NO
    export ALLOW_TARGET_PLATFORM_SPECIALIZATION\=NO
    export ALTERNATE_GROUP\=staff
    export ALTERNATE_MODE\=u+w,go-w,a+rX
    export ALTERNATE_OWNER\=german
    export ALTERNATIVE_DISTRIBUTION_WEB\=NO
    export ALWAYS_EMBED_SWIFT_STANDARD_LIBRARIES\=NO
    export ALWAYS_SEARCH_USER_PATHS\=NO
    export ALWAYS_USE_SEPARATE_HEADERMAPS\=NO
    export APPLICATION_EXTENSION_API_ONLY\=NO
    export APPLY_RULES_IN_COPY_FILES\=NO
    export APPLY_RULES_IN_COPY_HEADERS\=NO
    export APP_SHORTCUTS_ENABLE_FLEXIBLE_MATCHING\=YES
    export ARCHS\=arm64
    export ARCHS_BASE\=arm64
    export ARCHS_STANDARD\=arm64\ x86_64
    export ARCHS_STANDARD_32_64_BIT\=arm64\ x86_64
    export ARCHS_STANDARD_64_BIT\=arm64\ x86_64
    export ARCHS_STANDARD_INCLUDING_64_BIT\=arm64\ x86_64
    export ARCHS_UNIVERSAL_IPHONE_OS\=arm64\ x86_64
    export ASSETCATALOG_COMPILER_APPICON_NAME\=AppIcon
    export ASSETCATALOG_COMPILER_GLOBAL_ACCENT_COLOR_NAME\=AccentColor
    export ASSETCATALOG_FILTER_FOR_DEVICE_MODEL\=iPhone18,1
    export ASSETCATALOG_FILTER_FOR_DEVICE_OS_VERSION\=26.1
    export ASSETCATALOG_FILTER_FOR_THINNING_DEVICE_CONFIGURATION\=iPhone18,1
    export AUTOMATICALLY_MERGE_DEPENDENCIES\=NO
    export AUTOMATION_APPLE_EVENTS\=NO
    export AVAILABLE_PLATFORMS\=android\ appletvos\ appletvsimulator\ driverkit\ freebsd\ iphoneos\ iphonesimulator\ linux\ macosx\ none\ openbsd\ qnx\ staticlinux\ watchos\ watchsimulator\ webassembly\ xros\ xrsimulator
    export BUILD_ACTIVE_RESOURCES_ONLY\=YES
    export BUILD_COMPONENTS\=headers\ build
    export BUILD_DIR\=/Users/german/Work/JS/polski-grammar-srs/kotlin/iosApp/build/FinalVirtualMethodScrollFix/Build/Products
    export BUILD_LIBRARY_FOR_DISTRIBUTION\=NO
    export BUILD_ONLY_KNOWN_LOCALIZATIONS\=NO
    export BUILD_ROOT\=/Users/german/Work/JS/polski-grammar-srs/kotlin/iosApp/build/FinalVirtualMethodScrollFix/Build/Products
    export BUILD_STYLE\=
    export BUILD_VARIANTS\=normal
    export BUILT_PRODUCTS_DIR\=/Users/german/Work/JS/polski-grammar-srs/kotlin/iosApp/build/FinalVirtualMethodScrollFix/Build/Products/Debug-iphonesimulator
    export BUNDLE_CONTENTS_FOLDER_PATH_deep\=Contents/
    export BUNDLE_EXECUTABLE_FOLDER_NAME_deep\=MacOS
    export BUNDLE_EXTENSIONS_FOLDER_PATH\=Extensions
    export BUNDLE_FORMAT\=shallow
    export BUNDLE_FRAMEWORKS_FOLDER_PATH\=Frameworks
    export BUNDLE_PLUGINS_FOLDER_PATH\=PlugIns
    export BUNDLE_PRIVATE_HEADERS_FOLDER_PATH\=PrivateHeaders
    export BUNDLE_PUBLIC_HEADERS_FOLDER_PATH\=Headers
    export CACHE_ROOT\=/var/folders/w9/h4ncyn2j3z775qnrltrq35b40000gn/C/com.apple.DeveloperTools/27.0-27A266a/Xcode
    export CCHROOT\=/var/folders/w9/h4ncyn2j3z775qnrltrq35b40000gn/C/com.apple.DeveloperTools/27.0-27A266a/Xcode
    export CHMOD\=/bin/chmod
    export CHOWN\=chown
    export CLANG_ANALYZER_NONNULL\=YES
    export CLANG_ANALYZER_NUMBER_OBJECT_CONVERSION\=YES_AGGRESSIVE
    export CLANG_CACHE_FINE_GRAINED_OUTPUTS\=YES
    export CLANG_CXX_LANGUAGE_STANDARD\=gnu++14
    export CLANG_CXX_LIBRARY\=libc++
    export CLANG_ENABLE_EXPLICIT_MODULES\=YES
    export CLANG_ENABLE_MODULES\=YES
    export CLANG_ENABLE_OBJC_ARC\=YES
    export CLANG_ENABLE_OBJC_WEAK\=NO
    export CLANG_MODULES_BUILD_SESSION_FILE\=/Users/german/Work/JS/polski-grammar-srs/kotlin/iosApp/build/FinalVirtualMethodScrollFix/ModuleCache.noindex/Session.modulevalidation
    export CLANG_WARN_BLOCK_CAPTURE_AUTORELEASING\=YES
    export CLANG_WARN_BOOL_CONVERSION\=YES
    export CLANG_WARN_COMMA\=YES
    export CLANG_WARN_CONSTANT_CONVERSION\=YES
    export CLANG_WARN_DEPRECATED_OBJC_IMPLEMENTATIONS\=YES
    export CLANG_WARN_DIRECT_OBJC_ISA_USAGE\=YES_ERROR
    export CLANG_WARN_DOCUMENTATION_COMMENTS\=YES
    export CLANG_WARN_EMPTY_BODY\=YES
    export CLANG_WARN_ENUM_CONVERSION\=YES
    export CLANG_WARN_INFINITE_RECURSION\=YES
    export CLANG_WARN_INT_CONVERSION\=YES
    export CLANG_WARN_NON_LITERAL_NULL_CONVERSION\=YES
    export CLANG_WARN_OBJC_IMPLICIT_RETAIN_SELF\=YES
    export CLANG_WARN_OBJC_LITERAL_CONVERSION\=YES
    export CLANG_WARN_OBJC_ROOT_CLASS\=YES_ERROR
    export CLANG_WARN_QUOTED_INCLUDE_IN_FRAMEWORK_HEADER\=YES
    export CLANG_WARN_RANGE_LOOP_ANALYSIS\=YES
    export CLANG_WARN_STRICT_PROTOTYPES\=YES
    export CLANG_WARN_SUSPICIOUS_MOVE\=YES
    export CLANG_WARN_UNGUARDED_AVAILABILITY\=YES_AGGRESSIVE
    export CLANG_WARN_UNREACHABLE_CODE\=YES
    export CLANG_WARN__DUPLICATE_METHOD_MATCH\=YES
    export CLASS_FILE_DIR\=/Users/german/Work/JS/polski-grammar-srs/kotlin/iosApp/build/FinalVirtualMethodScrollFix/Build/Intermediates.noindex/PolskiGrammar.build/Debug-iphonesimulator/PolskiGrammar.build/JavaClasses
    export CLEAN_PRECOMPS\=YES
    export CLONE_HEADERS\=NO
    export CODESIGNING_FOLDER_PATH\=/Users/german/Work/JS/polski-grammar-srs/kotlin/iosApp/build/FinalVirtualMethodScrollFix/Build/Products/Debug-iphonesimulator/PolskiGrammar.app
    export CODE_SIGNING_ALLOWED\=NO
    export CODE_SIGNING_REQUIRED\=YES
    export CODE_SIGN_CONTEXT_CLASS\=XCiPhoneSimulatorCodeSignContext
    export CODE_SIGN_IDENTITY\=-
    export CODE_SIGN_INJECT_BASE_ENTITLEMENTS\=YES
    export CODE_SIGN_STYLE\=Automatic
    export COLOR_DIAGNOSTICS\=NO
    export COMBINE_HIDPI_IMAGES\=NO
    export COMPILATION_CACHE_CAS_PATH\=/Users/german/Work/JS/polski-grammar-srs/kotlin/iosApp/build/FinalVirtualMethodScrollFix/CompilationCache.noindex
    export COMPILATION_CACHE_KEEP_CAS_DIRECTORY\=YES
    export COMPILER_INDEX_STORE_ENABLE\=Default
    export COMPOSITE_SDK_DIRS\=/Users/german/Work/JS/polski-grammar-srs/kotlin/iosApp/build/FinalVirtualMethodScrollFix/Build/Intermediates.noindex/CompositeSDKs
    export COMPRESS_PNG_FILES\=YES
    export CONFIGURATION\=Debug
    export CONFIGURATION_BUILD_DIR\=/Users/german/Work/JS/polski-grammar-srs/kotlin/iosApp/build/FinalVirtualMethodScrollFix/Build/Products/Debug-iphonesimulator
    export CONFIGURATION_TEMP_DIR\=/Users/german/Work/JS/polski-grammar-srs/kotlin/iosApp/build/FinalVirtualMethodScrollFix/Build/Intermediates.noindex/PolskiGrammar.build/Debug-iphonesimulator
    export CONTENTS_FOLDER_PATH\=PolskiGrammar.app
    export CONTENTS_FOLDER_PATH_SHALLOW_BUNDLE_NO\=PolskiGrammar.app/Contents
    export CONTENTS_FOLDER_PATH_SHALLOW_BUNDLE_YES\=PolskiGrammar.app
    export COPYING_PRESERVES_HFS_DATA\=NO
    export COPY_HEADERS_RUN_UNIFDEF\=NO
    export COPY_PHASE_STRIP\=NO
    export CORRESPONDING_DEVICE_PLATFORM_DIR\=/Applications/Xcode.app/Contents/Developer/Platforms/iPhoneOS.platform
    export CORRESPONDING_DEVICE_PLATFORM_NAME\=iphoneos
    export CORRESPONDING_DEVICE_SDK_DIR\=/Applications/Xcode.app/Contents/Developer/Platforms/iPhoneOS.platform/Developer/SDKs/iPhoneOS27.0.sdk
    export CORRESPONDING_DEVICE_SDK_NAME\=iphoneos27.0
    export CP\=/bin/cp
    export CREATE_INFOPLIST_SECTION_IN_BINARY\=NO
    export CURRENT_ARCH\=undefined_arch
    export CURRENT_VARIANT\=normal
    export DEAD_CODE_STRIPPING\=YES
    export DEBUGGING_SYMBOLS\=YES
    export DEBUG_INFORMATION_FORMAT\=dwarf
    export DEBUG_INFORMATION_VERSION\=compiler-default
    export DEFAULT_COMPILER\=com.apple.compilers.llvm.clang.1_0
    export DEFAULT_DEXT_INSTALL_PATH\=/System/Library/DriverExtensions
    export DEFAULT_KEXT_INSTALL_PATH\=/System/Library/Extensions
    export DEFINES_MODULE\=NO
    export DEPLOYMENT_LOCATION\=NO
    export DEPLOYMENT_POSTPROCESSING\=NO
    export DEPLOYMENT_TARGET_SETTING_NAME\=IPHONEOS_DEPLOYMENT_TARGET
    export DEPLOYMENT_TARGET_SUGGESTED_VALUES\=15.0\ 15.1\ 15.2\ 15.3\ 15.4\ 15.5\ 15.6\ 16.0\ 16.1\ 16.2\ 16.3\ 16.4\ 16.5\ 16.6\ 17.0\ 17.1\ 17.2\ 17.3\ 17.4\ 17.5\ 17.6\ 18.0\ 18.1\ 18.2\ 18.3\ 18.4\ 18.5\ 18.6\ 26.0\ 26.2\ 26.3\ 26.4\ 26.5\ 26.6\ 27.0
    export DERIVED_FILES_DIR\=/Users/german/Work/JS/polski-grammar-srs/kotlin/iosApp/build/FinalVirtualMethodScrollFix/Build/Intermediates.noindex/PolskiGrammar.build/Debug-iphonesimulator/PolskiGrammar.build/DerivedSources
    export DERIVED_FILE_DIR\=/Users/german/Work/JS/polski-grammar-srs/kotlin/iosApp/build/FinalVirtualMethodScrollFix/Build/Intermediates.noindex/PolskiGrammar.build/Debug-iphonesimulator/PolskiGrammar.build/DerivedSources
    export DERIVED_SOURCES_DIR\=/Users/german/Work/JS/polski-grammar-srs/kotlin/iosApp/build/FinalVirtualMethodScrollFix/Build/Intermediates.noindex/PolskiGrammar.build/Debug-iphonesimulator/PolskiGrammar.build/DerivedSources
    export DEVELOPER_APPLICATIONS_DIR\=/Applications/Xcode.app/Contents/Developer/Applications
    export DEVELOPER_BIN_DIR\=/Applications/Xcode.app/Contents/Developer/usr/bin
    export DEVELOPER_DIR\=/Applications/Xcode.app/Contents/Developer
    export DEVELOPER_FRAMEWORKS_DIR\=/Applications/Xcode.app/Contents/Developer/Library/Frameworks
    export DEVELOPER_FRAMEWORKS_DIR_QUOTED\=/Applications/Xcode.app/Contents/Developer/Library/Frameworks
    export DEVELOPER_LIBRARY_DIR\=/Applications/Xcode.app/Contents/Developer/Library
    export DEVELOPER_SDK_DIR\=/Applications/Xcode.app/Contents/Developer/Platforms/MacOSX.platform/Developer/SDKs
    export DEVELOPER_TOOLS_DIR\=/Applications/Xcode.app/Contents/Developer/Tools
    export DEVELOPER_USR_DIR\=/Applications/Xcode.app/Contents/Developer/usr
    export DEVELOPMENT_LANGUAGE\=ru
    export DIAGNOSE_MISSING_TARGET_DEPENDENCIES\=YES
    export DIFF\=/usr/bin/diff
    export DOCUMENTATION_FOLDER_PATH\=PolskiGrammar.app/ru.lproj/Documentation
    export DONT_GENERATE_INFOPLIST_FILE\=NO
    export DSTROOT\=/tmp/PolskiGrammar.dst
    export DT_TOOLCHAIN_DIR\=/Applications/Xcode.app/Contents/Developer/Toolchains/XcodeDefault.xctoolchain
    export DWARF_DSYM_FILE_NAME\=PolskiGrammar.app.dSYM
    export DWARF_DSYM_FILE_SHOULD_ACCOMPANY_PRODUCT\=NO
    export DWARF_DSYM_FOLDER_PATH\=/Users/german/Work/JS/polski-grammar-srs/kotlin/iosApp/build/FinalVirtualMethodScrollFix/Build/Products/Debug-iphonesimulator
    export DYNAMIC_LIBRARY_EXTENSION\=dylib
    export EAGER_COMPILATION_ALLOW_SCRIPTS\=NO
    export EAGER_LINKING\=NO
    export EFFECTIVE_PLATFORM_NAME\=-iphonesimulator
    export EFFECTIVE_SWIFT_VERSION\=5
    export EMBEDDED_CONTENT_CONTAINS_SWIFT\=NO
    export EMBED_ASSET_PACKS_IN_PRODUCT_BUNDLE\=NO
    export ENABLE_APP_SANDBOX\=NO
    export ENABLE_CODE_COVERAGE\=YES
    export ENABLE_COHORT_ARCHS\=YES
    export ENABLE_CPLUSPLUS_BOUNDS_SAFE_BUFFERS\=NO
    export ENABLE_C_BOUNDS_SAFETY\=NO
    export ENABLE_DEBUG_DYLIB\=YES
    export ENABLE_DEFAULT_HEADER_SEARCH_PATHS\=YES
    export ENABLE_DEFAULT_SEARCH_PATHS\=YES
    export ENABLE_ENHANCED_SECURITY\=NO
    export ENABLE_HARDENED_RUNTIME\=NO
    export ENABLE_HARDWARE_CHECKED_POINTER_ARITHMETIC_SLICE\=NO
    export ENABLE_HEADER_DEPENDENCIES\=YES
    export ENABLE_INCOMING_NETWORK_CONNECTIONS\=NO
    export ENABLE_ON_DEMAND_RESOURCES\=YES
    export ENABLE_OUTGOING_NETWORK_CONNECTIONS\=NO
    export ENABLE_POINTER_AUTHENTICATION\=NO
    export ENABLE_PREVIEWS\=NO
    export ENABLE_RESOURCE_ACCESS_AUDIO_INPUT\=NO
    export ENABLE_RESOURCE_ACCESS_BLUETOOTH\=NO
    export ENABLE_RESOURCE_ACCESS_CALENDARS\=NO
    export ENABLE_RESOURCE_ACCESS_CAMERA\=NO
    export ENABLE_RESOURCE_ACCESS_CONTACTS\=NO
    export ENABLE_RESOURCE_ACCESS_LOCATION\=NO
    export ENABLE_RESOURCE_ACCESS_PHOTO_LIBRARY\=NO
    export ENABLE_RESOURCE_ACCESS_PRINTING\=NO
    export ENABLE_RESOURCE_ACCESS_USB\=NO
    export ENABLE_SDK_IMPORTS\=NO
    export ENABLE_SECURITY_COMPILER_WARNINGS\=NO
    export ENABLE_STRICT_OBJC_MSGSEND\=YES
    export ENABLE_TESTABILITY\=YES
    export ENABLE_TESTING_SEARCH_PATHS\=NO
    export ENABLE_USER_SCRIPT_SANDBOXING\=NO
    export ENABLE_XOJIT_PREVIEWS\=YES
    export ENFORCE_VALID_ARCHS\=YES
    export ENTITLEMENTS_ALLOWED\=NO
    export ENTITLEMENTS_DESTINATION\=__entitlements
    export ENTITLEMENTS_REQUIRED\=NO
    export EXCLUDED_INSTALLSRC_SUBDIRECTORY_PATTERNS\=.DS_Store\ .svn\ .git\ .hg\ CVS
    export EXCLUDED_RECURSIVE_SEARCH_PATH_SUBDIRECTORIES\=\*.nib\ \*.lproj\ \*.framework\ \*.gch\ \*.xcode\*\ \*.xcassets\ \*.icon\ \(\*\)\ .DS_Store\ CVS\ .svn\ .git\ .hg\ \*.pbproj\ \*.pbxproj
    export EXECUTABLES_FOLDER_PATH\=PolskiGrammar.app/Executables
    export EXECUTABLE_BLANK_INJECTION_DYLIB_PATH\=PolskiGrammar.app/__preview.dylib
    export EXECUTABLE_DEBUG_DYLIB_INSTALL_NAME\=@rpath/PolskiGrammar.debug.dylib
    export EXECUTABLE_DEBUG_DYLIB_PATH\=PolskiGrammar.app/PolskiGrammar.debug.dylib
    export EXECUTABLE_FOLDER_PATH\=PolskiGrammar.app
    export EXECUTABLE_FOLDER_PATH_SHALLOW_BUNDLE_NO\=PolskiGrammar.app/MacOS
    export EXECUTABLE_FOLDER_PATH_SHALLOW_BUNDLE_YES\=PolskiGrammar.app
    export EXECUTABLE_NAME\=PolskiGrammar
    export EXECUTABLE_PATH\=PolskiGrammar.app/PolskiGrammar
    export EXTENSIONS_FOLDER_PATH\=PolskiGrammar.app/Extensions
    export FILE_LIST\=/Users/german/Work/JS/polski-grammar-srs/kotlin/iosApp/build/FinalVirtualMethodScrollFix/Build/Intermediates.noindex/PolskiGrammar.build/Debug-iphonesimulator/PolskiGrammar.build/Objects/LinkFileList
    export FIXED_FILES_DIR\=/Users/german/Work/JS/polski-grammar-srs/kotlin/iosApp/build/FinalVirtualMethodScrollFix/Build/Intermediates.noindex/PolskiGrammar.build/Debug-iphonesimulator/PolskiGrammar.build/FixedFiles
    export FRAMEWORKS_FOLDER_PATH\=PolskiGrammar.app/Frameworks
    export FRAMEWORK_FLAG_PREFIX\=-framework
    export FRAMEWORK_SEARCH_PATHS\=/Users/german/Work/JS/polski-grammar-srs/kotlin/iosApp/build/FinalVirtualMethodScrollFix/Build/Products/Debug-iphonesimulator\ \ /Users/german/Work/JS/polski-grammar-srs/kotlin/iosApp/build/FinalVirtualMethodScrollFix/Build/Products/Debug-iphonesimulator
    export FRAMEWORK_VERSION\=A
    export FULL_PRODUCT_NAME\=PolskiGrammar.app
    export FUSE_BUILD_PHASES\=YES
    export FUSE_BUILD_SCRIPT_PHASES\=NO
    export GCC3_VERSION\=3.3
    export GCC_C_LANGUAGE_STANDARD\=gnu11
    export GCC_DYNAMIC_NO_PIC\=NO
    export GCC_INLINES_ARE_PRIVATE_EXTERN\=YES
    export GCC_NO_COMMON_BLOCKS\=YES
    export GCC_OBJC_LEGACY_DISPATCH\=YES
    export GCC_OPTIMIZATION_LEVEL\=0
    export GCC_PFE_FILE_C_DIALECTS\=c\ objective-c\ c++\ objective-c++
    export GCC_PREPROCESSOR_DEFINITIONS\=DEBUG\=1\ 
    export GCC_SYMBOLS_PRIVATE_EXTERN\=NO
    export GCC_TREAT_WARNINGS_AS_ERRORS\=NO
    export GCC_VERSION\=com.apple.compilers.llvm.clang.1_0
    export GCC_VERSION_IDENTIFIER\=com_apple_compilers_llvm_clang_1_0
    export GCC_WARN_64_TO_32_BIT_CONVERSION\=YES
    export GCC_WARN_ABOUT_RETURN_TYPE\=YES_ERROR
    export GCC_WARN_UNDECLARED_SELECTOR\=YES
    export GCC_WARN_UNINITIALIZED_AUTOS\=YES_AGGRESSIVE
    export GCC_WARN_UNUSED_FUNCTION\=YES
    export GCC_WARN_UNUSED_VARIABLE\=YES
    export GENERATED_MODULEMAP_DIR\=/Users/german/Work/JS/polski-grammar-srs/kotlin/iosApp/build/FinalVirtualMethodScrollFix/Build/Intermediates.noindex/GeneratedModuleMaps-iphonesimulator
    export GENERATE_INFOPLIST_FILE\=YES
    export GENERATE_INTERMEDIATE_TEXT_BASED_STUBS\=YES
    export GENERATE_PKGINFO_FILE\=YES
    export GENERATE_PRELINK_OBJECT_FILE\=NO
    export GENERATE_PROFILING_CODE\=NO
    export GENERATE_TEXT_BASED_STUBS\=NO
    export GID\=20
    export GROUP\=staff
    export HEADERMAP_INCLUDES_FLAT_ENTRIES_FOR_TARGET_BEING_BUILT\=YES
    export HEADERMAP_INCLUDES_FRAMEWORK_ENTRIES_FOR_ALL_PRODUCT_TYPES\=YES
    export HEADERMAP_INCLUDES_FRAMEWORK_ENTRIES_FOR_TARGETS_NOT_BEING_BUILT\=YES
    export HEADERMAP_INCLUDES_NONPUBLIC_NONPRIVATE_HEADERS\=YES
    export HEADERMAP_INCLUDES_PROJECT_HEADERS\=YES
    export HEADERMAP_USES_FRAMEWORK_PREFIX_ENTRIES\=YES
    export HEADERMAP_USES_VFS\=NO
    export HEADER_SEARCH_PATHS\=/Users/german/Work/JS/polski-grammar-srs/kotlin/iosApp/build/FinalVirtualMethodScrollFix/Build/Products/Debug-iphonesimulator/include\ 
    export HOME\=/Users/german
    export HOST_ARCH\=arm64
    export HOST_PLATFORM\=macosx
    export ICONV\=/usr/bin/iconv
    export IMPLICIT_DEPENDENCY_DOMAIN\=default
    export INDEX_ENABLE_OPTIMIZATION_LEVEL_OVERRIDE\=YES
    export INDEX_STORE_COMPRESS\=NO
    export INDEX_STORE_ONLY_PROJECT_FILES\=NO
    export INFOPLIST_ENABLE_CFBUNDLEICONS_MERGE\=YES
    export INFOPLIST_EXPAND_BUILD_SETTINGS\=YES
    export INFOPLIST_KEY_CFBundleDisplayName\=Polski\ Grammar\ Matrix
    export INFOPLIST_KEY_UIApplicationSceneManifest_Generation\=YES
    export INFOPLIST_KEY_UILaunchScreen_Generation\=YES
    export INFOPLIST_KEY_UISupportedInterfaceOrientations\=UIInterfaceOrientationPortrait\ UIInterfaceOrientationPortraitUpsideDown\ UIInterfaceOrientationLandscapeLeft\ UIInterfaceOrientationLandscapeRight
    export INFOPLIST_OUTPUT_FORMAT\=binary
    export INFOPLIST_PATH\=PolskiGrammar.app/Info.plist
    export INFOPLIST_PREPROCESS\=NO
    export INFOSTRINGS_PATH\=PolskiGrammar.app/ru.lproj/InfoPlist.strings
    export INLINE_PRIVATE_FRAMEWORKS\=NO
    export INSTALLAPI_IGNORE_SKIP_INSTALL\=YES
    export INSTALLHDRS_COPY_PHASE\=NO
    export INSTALLHDRS_SCRIPT_PHASE\=NO
    export INSTALL_DIR\=/tmp/PolskiGrammar.dst/Applications
    export INSTALL_GROUP\=staff
    export INSTALL_MODE_FLAG\=u+w,go-w,a+rX
    export INSTALL_OWNER\=german
    export INSTALL_PATH\=/Applications
    export INSTALL_ROOT\=/tmp/PolskiGrammar.dst
    export IPHONEOS_DEPLOYMENT_TARGET\=17.0
    export IS_UNOPTIMIZED_BUILD\=YES
    export JAVAC_DEFAULT_FLAGS\=-J-Xms64m\ -J-XX:NewSize\=4M\ -J-Dfile.encoding\=UTF8
    export JAVA_APP_STUB\=/System/Library/Frameworks/JavaVM.framework/Resources/MacOS/JavaApplicationStub
    export JAVA_ARCHIVE_CLASSES\=YES
    export JAVA_ARCHIVE_TYPE\=JAR
    export JAVA_COMPILER\=/usr/bin/javac
    export JAVA_FOLDER_PATH\=PolskiGrammar.app/Java
    export JAVA_FRAMEWORK_RESOURCES_DIRS\=Resources
    export JAVA_JAR_FLAGS\=cv
    export JAVA_SOURCE_SUBDIR\=.
    export JAVA_USE_DEPENDENCIES\=YES
    export JAVA_ZIP_FLAGS\=-urg
    export JIKES_DEFAULT_FLAGS\=+E\ +OLDCSO
    export KEEP_PRIVATE_EXTERNS\=NO
    export LD_DEPENDENCY_INFO_FILE\=/Users/german/Work/JS/polski-grammar-srs/kotlin/iosApp/build/FinalVirtualMethodScrollFix/Build/Intermediates.noindex/PolskiGrammar.build/Debug-iphonesimulator/PolskiGrammar.build/Objects-normal/undefined_arch/PolskiGrammar_dependency_info.dat
    export LD_EXPORT_GLOBAL_SYMBOLS\=YES
    export LD_EXPORT_SYMBOLS\=YES
    export LD_GENERATE_MAP_FILE\=NO
    export LD_MAP_FILE_PATH\=/Users/german/Work/JS/polski-grammar-srs/kotlin/iosApp/build/FinalVirtualMethodScrollFix/Build/Intermediates.noindex/PolskiGrammar.build/Debug-iphonesimulator/PolskiGrammar.build/PolskiGrammar-LinkMap-normal-undefined_arch.txt
    export LD_NO_PIE\=NO
    export LD_QUOTE_LINKER_ARGUMENTS_FOR_COMPILER_DRIVER\=YES
    export LD_RUNPATH_SEARCH_PATHS\=\ @executable_path/Frameworks
    export LD_RUNPATH_SEARCH_PATHS_YES\=@loader_path/../Frameworks
    export LD_SHARED_CACHE_ELIGIBLE\=Automatic
    export LD_WARN_DUPLICATE_LIBRARIES\=NO
    export LD_WARN_UNUSED_DYLIBS\=NO
    export LEGACY_DEVELOPER_DIR\=/Applications/Xcode.app/Contents/PlugIns/Xcode3Core.ideplugin/Contents/SharedSupport/Developer
    export LEX\=lex
    export LIBRARY_DEXT_INSTALL_PATH\=/Library/DriverExtensions
    export LIBRARY_FLAG_NOSPACE\=YES
    export LIBRARY_FLAG_PREFIX\=-l
    export LIBRARY_KEXT_INSTALL_PATH\=/Library/Extensions
    export LIBRARY_SEARCH_PATHS\=/Users/german/Work/JS/polski-grammar-srs/kotlin/iosApp/build/FinalVirtualMethodScrollFix/Build/Products/Debug-iphonesimulator\ 
    export LINKER_DISPLAYS_MANGLED_NAMES\=NO
    export LINK_FILE_LIST_normal_arm64\=/Users/german/Work/JS/polski-grammar-srs/kotlin/iosApp/build/FinalVirtualMethodScrollFix/Build/Intermediates.noindex/PolskiGrammar.build/Debug-iphonesimulator/PolskiGrammar.build/Objects-normal/arm64/PolskiGrammar.LinkFileList
    export LINK_OBJC_RUNTIME\=YES
    export LINK_WITH_STANDARD_LIBRARIES\=YES
    export LLVM_TARGET_TRIPLE_OS_VERSION\=ios17.0
    export LLVM_TARGET_TRIPLE_SUFFIX\=-simulator
    export LLVM_TARGET_TRIPLE_VENDOR\=apple
    export LM_AUX_CONST_METADATA_LIST_PATH_normal_arm64\=/Users/german/Work/JS/polski-grammar-srs/kotlin/iosApp/build/FinalVirtualMethodScrollFix/Build/Intermediates.noindex/PolskiGrammar.build/Debug-iphonesimulator/PolskiGrammar.build/Objects-normal/arm64/PolskiGrammar.SwiftConstValuesFileList
    export LOCALIZATION_EXPORT_SUPPORTED\=YES
    export LOCALIZATION_PREFERS_STRING_CATALOGS\=NO
    export LOCALIZED_RESOURCES_FOLDER_PATH\=PolskiGrammar.app/ru.lproj
    export LOCALIZED_STRING_CODE_COMMENTS\=NO
    export LOCALIZED_STRING_MACRO_NAMES\=NSLocalizedString\ CFCopyLocalizedString
    export LOCALIZED_STRING_SWIFTUI_SUPPORT\=YES
    export LOCAL_ADMIN_APPS_DIR\=/Applications/Utilities
    export LOCAL_APPS_DIR\=/Applications
    export LOCAL_DEVELOPER_DIR\=/Library/Developer
    export LOCAL_LIBRARY_DIR\=/Library
    export LOCROOT\=/Users/german/Work/JS/polski-grammar-srs/kotlin/iosApp
    export LOCSYMROOT\=/Users/german/Work/JS/polski-grammar-srs/kotlin/iosApp
    export MACH_O_TYPE\=mh_execute
    export MAC_OS_X_PRODUCT_BUILD_VERSION\=25G72
    export MAC_OS_X_VERSION_ACTUAL\=260600
    export MAC_OS_X_VERSION_MAJOR\=260000
    export MAC_OS_X_VERSION_MINOR\=260600
    export MAKE_MERGEABLE\=NO
    export MERGEABLE_LIBRARY\=NO
    export MERGED_BINARY_TYPE\=none
    export MERGE_LINKED_LIBRARIES\=NO
    export METAL_LIBRARY_FILE_BASE\=default
    export METAL_LIBRARY_OUTPUT_DIR\=/Users/german/Work/JS/polski-grammar-srs/kotlin/iosApp/build/FinalVirtualMethodScrollFix/Build/Products/Debug-iphonesimulator/PolskiGrammar.app
    export MODULES_FOLDER_PATH\=PolskiGrammar.app/Modules
    export MODULE_CACHE_DIR\=/Users/german/Work/JS/polski-grammar-srs/kotlin/iosApp/build/FinalVirtualMethodScrollFix/ModuleCache.noindex
    export MTL_ENABLE_DEBUG_INFO\=INCLUDE_SOURCE
    export MTL_FAST_MATH\=YES
    export NATIVE_ARCH\=arm64
    export NATIVE_ARCH_32_BIT\=arm
    export NATIVE_ARCH_64_BIT\=arm64
    export NATIVE_ARCH_ACTUAL\=arm64
    export NO_COMMON\=YES
    export OBJC_ABI_VERSION\=2
    export OBJECT_FILE_DIR\=/Users/german/Work/JS/polski-grammar-srs/kotlin/iosApp/build/FinalVirtualMethodScrollFix/Build/Intermediates.noindex/PolskiGrammar.build/Debug-iphonesimulator/PolskiGrammar.build/Objects
    export OBJECT_FILE_DIR_normal\=/Users/german/Work/JS/polski-grammar-srs/kotlin/iosApp/build/FinalVirtualMethodScrollFix/Build/Intermediates.noindex/PolskiGrammar.build/Debug-iphonesimulator/PolskiGrammar.build/Objects-normal
    export OBJROOT\=/Users/german/Work/JS/polski-grammar-srs/kotlin/iosApp/build/FinalVirtualMethodScrollFix/Build/Intermediates.noindex
    export ONLY_ACTIVE_ARCH\=YES
    export ONLY_ARCH\=arm64
    export OS\=MACOS
    export OSAC\=/usr/bin/osacompile
    export OTHER_LDFLAGS\=\ -framework\ PolskiShared
    export PACKAGE_TYPE\=com.apple.package-type.wrapper.application
    export PASCAL_STRINGS\=YES
    export PATH\=/Applications/Xcode.app/Contents/SharedFrameworks/SwiftBuild.framework/Versions/A/PlugIns/SWBBuildService.bundle/Contents/PlugIns/SWBUniversalPlatformPlugin.bundle/Contents/Frameworks/SWBUniversalPlatform.framework/Resources:/Applications/Xcode.app/Contents/Developer/Toolchains/XcodeDefault.xctoolchain/usr/bin:/Applications/Xcode.app/Contents/Developer/Toolchains/XcodeDefault.xctoolchain/usr/local/bin:/Applications/Xcode.app/Contents/Developer/Toolchains/XcodeDefault.xctoolchain/usr/libexec:/Applications/Xcode.app/Contents/Developer/Platforms/iPhoneSimulator.platform/usr/bin:/Applications/Xcode.app/Contents/Developer/Platforms/iPhoneSimulator.platform/usr/local/bin:/Applications/Xcode.app/Contents/Developer/Platforms/iPhoneSimulator.platform/Developer/usr/bin:/Applications/Xcode.app/Contents/Developer/Platforms/iPhoneSimulator.platform/Developer/usr/local/bin:/Applications/Xcode.app/Contents/Developer/usr/bin:/Applications/Xcode.app/Contents/Developer/usr/local/bin:/usr/local/lib/node_modules/@openai/codex/node_modules/@openai/codex-darwin-x64/vendor/x86_64-apple-darwin/codex-path:/Users/german/.local/bin:/usr/local/opt/ffmpeg@7/bin:/Users/german/.antigravity/antigravity/bin:/Library/Frameworks/Python.framework/Versions/3.9/bin:/Library/Frameworks/Python.framework/Versions/2.7/bin:/Library/Frameworks/Python.framework/Versions/3.10/bin:/usr/local/bin:/System/Cryptexes/App/usr/bin:/usr/bin:/bin:/usr/sbin:/sbin:/var/run/com.apple.security.cryptexd/codex.system/bootstrap/usr/local/bin:/var/run/com.apple.security.cryptexd/codex.system/bootstrap/usr/bin:/var/run/com.apple.security.cryptexd/codex.system/bootstrap/usr/appleinternal/bin:/pkg/env/global/bin:/Library/Apple/usr/bin:/usr/local/share/dotnet:/Library/Frameworks/Mono.framework/Versions/Current/Commands:/Users/german/.codex/tmp/arg0/codex-arg06CBjtl:/Users/german/miniconda3/bin:/Users/german/miniconda3/condabin:/Applications/Orca.app/Contents/Resources/bin:/Users/german/.unity/bin:/Applications/Obsidian.app/Contents/MacOS:/Users/german/.volta/bin:/Users/german/.asdf/shims:/Users/german/.fnm/aliases/default/bin:/Users/german/.local/share/mise/shims:/Users/german/Library/pnpm:/Users/german/.yarn/bin:/Users/german/.bun/bin:/opt/homebrew/bin:/opt/homebrew/sbin:/usr/local/sbin:/nix/var/nix/profiles/default/bin:/Users/german/bin:/Users/german/.nix-profile/bin:/Users/german/.opencode/bin:/Users/german/.vite-plus/bin
    export PATH_PREFIXES_EXCLUDED_FROM_HEADER_DEPENDENCIES\=/usr/include\ /usr/local/include\ /System/Library/Frameworks\ /System/Library/PrivateFrameworks\ /Applications/Xcode.app/Contents/Developer/Headers\ /Applications/Xcode.app/Contents/Developer/SDKs\ /Applications/Xcode.app/Contents/Developer/Platforms
    export PBDEVELOPMENTPLIST_PATH\=PolskiGrammar.app/pbdevelopment.plist
    export PER_ARCH_MODULE_FILE_DIR\=/Users/german/Work/JS/polski-grammar-srs/kotlin/iosApp/build/FinalVirtualMethodScrollFix/Build/Intermediates.noindex/PolskiGrammar.build/Debug-iphonesimulator/PolskiGrammar.build/Objects-normal/undefined_arch
    export PER_ARCH_OBJECT_FILE_DIR\=/Users/german/Work/JS/polski-grammar-srs/kotlin/iosApp/build/FinalVirtualMethodScrollFix/Build/Intermediates.noindex/PolskiGrammar.build/Debug-iphonesimulator/PolskiGrammar.build/Objects-normal/undefined_arch
    export PER_VARIANT_OBJECT_FILE_DIR\=/Users/german/Work/JS/polski-grammar-srs/kotlin/iosApp/build/FinalVirtualMethodScrollFix/Build/Intermediates.noindex/PolskiGrammar.build/Debug-iphonesimulator/PolskiGrammar.build/Objects-normal
    export PKGINFO_FILE_PATH\=/Users/german/Work/JS/polski-grammar-srs/kotlin/iosApp/build/FinalVirtualMethodScrollFix/Build/Intermediates.noindex/PolskiGrammar.build/Debug-iphonesimulator/PolskiGrammar.build/PkgInfo
    export PKGINFO_PATH\=PolskiGrammar.app/PkgInfo
    export PLATFORM_DEVELOPER_APPLICATIONS_DIR\=/Applications/Xcode.app/Contents/Developer/Platforms/iPhoneSimulator.platform/Developer/Applications
    export PLATFORM_DEVELOPER_BIN_DIR\=/Applications/Xcode.app/Contents/Developer/Platforms/iPhoneSimulator.platform/Developer/usr/bin
    export PLATFORM_DEVELOPER_LIBRARY_DIR\=/Applications/Xcode.app/Contents/Developer/Platforms/iPhoneSimulator.platform/Developer/Library
    export PLATFORM_DEVELOPER_SDK_DIR\=/Applications/Xcode.app/Contents/Developer/Platforms/iPhoneSimulator.platform/Developer/SDKs
    export PLATFORM_DEVELOPER_TOOLS_DIR\=/Applications/Xcode.app/Contents/Developer/Platforms/iPhoneSimulator.platform/Developer/Tools
    export PLATFORM_DEVELOPER_USR_DIR\=/Applications/Xcode.app/Contents/Developer/Platforms/iPhoneSimulator.platform/Developer/usr
    export PLATFORM_DIR\=/Applications/Xcode.app/Contents/Developer/Platforms/iPhoneSimulator.platform
    export PLATFORM_DISPLAY_NAME\=iOS\ Simulator
    export PLATFORM_FAMILY_NAME\=iOS
    export PLATFORM_NAME\=iphonesimulator
    export PLATFORM_PREFERRED_ARCH\=x86_64
    export PLATFORM_PRODUCT_BUILD_VERSION\=24A430
    export PLATFORM_REQUIRES_SWIFT_AUTOLINK_EXTRACT\=NO
    export PLATFORM_REQUIRES_SWIFT_MODULEWRAP\=NO
    export PLATFORM_USES_DSYMS\=YES
    export PLIST_FILE_OUTPUT_FORMAT\=binary
    export PLUGINS_FOLDER_PATH\=PolskiGrammar.app/PlugIns
    export PRECOMPS_INCLUDE_HEADERS_FROM_BUILT_PRODUCTS_DIR\=YES
    export PRECOMP_DESTINATION_DIR\=/Users/german/Work/JS/polski-grammar-srs/kotlin/iosApp/build/FinalVirtualMethodScrollFix/Build/Intermediates.noindex/PolskiGrammar.build/Debug-iphonesimulator/PolskiGrammar.build/PrefixHeaders
    export PRELINK_DEPENDENCY_INFO_FILE\=/Users/german/Work/JS/polski-grammar-srs/kotlin/iosApp/build/FinalVirtualMethodScrollFix/Build/Intermediates.noindex/PolskiGrammar.build/Debug-iphonesimulator/PolskiGrammar.build/Objects-normal/undefined_arch/PolskiGrammar_prelink_dependency_info.dat
    export PRIVATE_HEADERS_FOLDER_PATH\=PolskiGrammar.app/PrivateHeaders
    export PROCESSED_INFOPLIST_PATH\=/Users/german/Work/JS/polski-grammar-srs/kotlin/iosApp/build/FinalVirtualMethodScrollFix/Build/Intermediates.noindex/PolskiGrammar.build/Debug-iphonesimulator/PolskiGrammar.build/Objects-normal/undefined_arch/Processed-Info.plist
    export PRODUCT_BUNDLE_IDENTIFIER\=dev.polski.grammarmatrix.ios
    export PRODUCT_BUNDLE_PACKAGE_TYPE\=APPL
    export PRODUCT_MODULE_NAME\=PolskiGrammar
    export PRODUCT_NAME\=PolskiGrammar
    export PRODUCT_SETTINGS_PATH\=
    export PRODUCT_TYPE\=com.apple.product-type.application
    export PROFILING_CODE\=NO
    export PROJECT\=PolskiGrammar
    export PROJECT_DERIVED_FILE_DIR\=/Users/german/Work/JS/polski-grammar-srs/kotlin/iosApp/build/FinalVirtualMethodScrollFix/Build/Intermediates.noindex/PolskiGrammar.build/DerivedSources
    export PROJECT_DIR\=/Users/german/Work/JS/polski-grammar-srs/kotlin/iosApp
    export PROJECT_FILE_PATH\=/Users/german/Work/JS/polski-grammar-srs/kotlin/iosApp/PolskiGrammar.xcodeproj
    export PROJECT_GUID\=23ee0051a95c59732cc842b37800d5f6
    export PROJECT_NAME\=PolskiGrammar
    export PROJECT_TEMP_DIR\=/Users/german/Work/JS/polski-grammar-srs/kotlin/iosApp/build/FinalVirtualMethodScrollFix/Build/Intermediates.noindex/PolskiGrammar.build
    export PROJECT_TEMP_ROOT\=/Users/german/Work/JS/polski-grammar-srs/kotlin/iosApp/build/FinalVirtualMethodScrollFix/Build/Intermediates.noindex
    export PROVISIONING_PROFILE_REQUIRED\=NO
    export PROVISIONING_PROFILE_REQUIRED_YES_YES\=YES
    export PROVISIONING_PROFILE_SUPPORTED\=YES
    export PUBLIC_HEADERS_FOLDER_PATH\=PolskiGrammar.app/Headers
    export RECOMMENDED_IPHONEOS_DEPLOYMENT_TARGET\=17.0
    export RECURSIVE_SEARCH_PATHS_FOLLOW_SYMLINKS\=YES
    export REMOVE_CVS_FROM_RESOURCES\=YES
    export REMOVE_GIT_FROM_RESOURCES\=YES
    export REMOVE_HEADERS_FROM_EMBEDDED_BUNDLES\=YES
    export REMOVE_HG_FROM_RESOURCES\=YES
    export REMOVE_STATIC_EXECUTABLES_FROM_EMBEDDED_BUNDLES\=YES
    export REMOVE_SVN_FROM_RESOURCES\=YES
    export RESCHEDULE_INDEPENDENT_HEADERS_PHASES\=YES
    export REZ_COLLECTOR_DIR\=/Users/german/Work/JS/polski-grammar-srs/kotlin/iosApp/build/FinalVirtualMethodScrollFix/Build/Intermediates.noindex/PolskiGrammar.build/Debug-iphonesimulator/PolskiGrammar.build/ResourceManagerResources
    export REZ_OBJECTS_DIR\=/Users/german/Work/JS/polski-grammar-srs/kotlin/iosApp/build/FinalVirtualMethodScrollFix/Build/Intermediates.noindex/PolskiGrammar.build/Debug-iphonesimulator/PolskiGrammar.build/ResourceManagerResources/Objects
    export REZ_SEARCH_PATHS\=/Users/german/Work/JS/polski-grammar-srs/kotlin/iosApp/build/FinalVirtualMethodScrollFix/Build/Products/Debug-iphonesimulator\ 
    export RPATH_ORIGIN\=@loader_path
    export RUNTIME_EXCEPTION_ALLOW_DYLD_ENVIRONMENT_VARIABLES\=NO
    export RUNTIME_EXCEPTION_ALLOW_JIT\=NO
    export RUNTIME_EXCEPTION_ALLOW_UNSIGNED_EXECUTABLE_MEMORY\=NO
    export RUNTIME_EXCEPTION_DEBUGGING_TOOL\=NO
    export RUNTIME_EXCEPTION_DISABLE_EXECUTABLE_PAGE_PROTECTION\=NO
    export RUNTIME_EXCEPTION_DISABLE_LIBRARY_VALIDATION\=NO
    export SCANNING_PCM_KEEP_CACHE_DIRECTORY\=YES
    export SCAN_ALL_SOURCE_FILES_FOR_INCLUDES\=NO
    export SCRIPTS_FOLDER_PATH\=PolskiGrammar.app/Scripts
    export SCRIPT_INPUT_FILE_COUNT\=0
    export SCRIPT_INPUT_FILE_LIST_COUNT\=0
    export SCRIPT_OUTPUT_FILE_COUNT\=0
    export SCRIPT_OUTPUT_FILE_LIST_COUNT\=0
    export SDKROOT\=/Applications/Xcode.app/Contents/Developer/Platforms/iPhoneSimulator.platform/Developer/SDKs/iPhoneSimulator27.0.sdk
    export SDK_DIR\=/Applications/Xcode.app/Contents/Developer/Platforms/iPhoneSimulator.platform/Developer/SDKs/iPhoneSimulator27.0.sdk
    export SDK_DIR_iphonesimulator\=/Applications/Xcode.app/Contents/Developer/Platforms/iPhoneSimulator.platform/Developer/SDKs/iPhoneSimulator27.0.sdk
    export SDK_DIR_iphonesimulator27_0\=/Applications/Xcode.app/Contents/Developer/Platforms/iPhoneSimulator.platform/Developer/SDKs/iPhoneSimulator27.0.sdk
    export SDK_NAME\=iphonesimulator27.0
    export SDK_NAMES\=iphonesimulator27.0
    export SDK_PRODUCT_BUILD_VERSION\=24A430
    export SDK_STAT_CACHE_DIR\=/Users/german/Work/JS/polski-grammar-srs/kotlin/iosApp/build/FinalVirtualMethodScrollFix
    export SDK_STAT_CACHE_ENABLE\=YES
    export SDK_STAT_CACHE_PATH\=/Users/german/Work/JS/polski-grammar-srs/kotlin/iosApp/build/FinalVirtualMethodScrollFix/SDKStatCaches.noindex/iphonesimulator27.0-24A430-8dc58220667be655e1bcc261a7455254.sdkstatcache
    export SDK_VERSION\=27.0
    export SDK_VERSION_ACTUAL\=270000
    export SDK_VERSION_MAJOR\=270000
    export SDK_VERSION_MINOR\=270000
    export SED\=/usr/bin/sed
    export SEPARATE_STRIP\=NO
    export SEPARATE_SYMBOL_EDIT\=NO
    export SET_DIR_MODE_OWNER_GROUP\=YES
    export SET_FILE_MODE_OWNER_GROUP\=NO
    export SHALLOW_BUNDLE\=YES
    export SHALLOW_BUNDLE_TRIPLE\=ios-simulator
    export SHALLOW_BUNDLE_ios_macabi\=NO
    export SHALLOW_BUNDLE_macos\=NO
    export SHARED_DERIVED_FILE_DIR\=/Users/german/Work/JS/polski-grammar-srs/kotlin/iosApp/build/FinalVirtualMethodScrollFix/Build/Products/Debug-iphonesimulator/DerivedSources
    export SHARED_FRAMEWORKS_FOLDER_PATH\=PolskiGrammar.app/SharedFrameworks
    export SHARED_PRECOMPS_DIR\=/Users/german/Work/JS/polski-grammar-srs/kotlin/iosApp/build/FinalVirtualMethodScrollFix/Build/Intermediates.noindex/PrecompiledHeaders
    export SHARED_SUPPORT_FOLDER_PATH\=PolskiGrammar.app/SharedSupport
    export SKIP_COPYING_TEST_FRAMEWORKS\=YES
    export SKIP_INSTALL\=NO
    export SKIP_MERGEABLE_LIBRARY_BUNDLE_HOOK\=NO
    export SOURCE_ROOT\=/Users/german/Work/JS/polski-grammar-srs/kotlin/iosApp
    export SRCROOT\=/Users/german/Work/JS/polski-grammar-srs/kotlin/iosApp
    export STRINGSDATA_DIR\=/Users/german/Work/JS/polski-grammar-srs/kotlin/iosApp/build/FinalVirtualMethodScrollFix/Build/Intermediates.noindex/PolskiGrammar.build/Debug-iphonesimulator/PolskiGrammar.build/Objects-normal/undefined_arch
    export STRINGSDATA_ROOT\=/Users/german/Work/JS/polski-grammar-srs/kotlin/iosApp/build/FinalVirtualMethodScrollFix/Build/Intermediates.noindex/PolskiGrammar.build/Debug-iphonesimulator/PolskiGrammar.build
    export STRINGS_FILE_INFOPLIST_RENAME\=YES
    export STRINGS_FILE_OUTPUT_ENCODING\=binary
    export STRING_CATALOG_GENERATE_SYMBOLS\=NO
    export STRIP_BITCODE_FROM_COPIED_FILES\=NO
    export STRIP_INSTALLED_PRODUCT\=NO
    export STRIP_STYLE\=all
    export STRIP_SWIFT_SYMBOLS\=YES
    export SUPPORTED_DEVICE_FAMILIES\=1,2
    export SUPPORTED_PLATFORMS\=iphoneos\ iphonesimulator
    export SUPPORTS_MACCATALYST\=NO
    export SUPPORTS_ON_DEMAND_RESOURCES\=YES
    export SUPPORTS_TEXT_BASED_API\=NO
    export SUPPRESS_WARNINGS\=NO
    export SWIFTC_PASS_SDKROOT\=YES
    export SWIFTC_PASS_SYSROOT\=NO
    export SWIFT_ACTIVE_COMPILATION_CONDITIONS\=DEBUG
    export SWIFT_COLOR_DIAGNOSTICS\=NO
    export SWIFT_EMIT_CONST_VALUE_PROTOCOLS\=AnyResolverProviding\ AppEntity\ AppEnum\ AppExtension\ AppIntent\ AppIntentsPackage\ AppShortcutProviding\ AppShortcutsProvider\ AppUnionValue\ AppUnionValueCasesProviding\ DynamicOptionsProvider\ EntityQuery\ ExtensionPointDefining\ IntentValueQuery\ Resolver\ TransientEntity\ _AssistantIntentsProvider\ _GenerativeFunctionExtractable\ _IntentValueRepresentable
    export SWIFT_EMIT_LOC_STRINGS\=NO
    export SWIFT_ENABLE_EXPLICIT_MODULES\=YES
    export SWIFT_ENABLE_TESTABILITY\=YES
    export SWIFT_OPTIMIZATION_LEVEL\=-Onone
    export SWIFT_PLATFORM_TARGET_PREFIX\=ios
    export SWIFT_RESPONSE_FILE_PATH_normal_arm64\=/Users/german/Work/JS/polski-grammar-srs/kotlin/iosApp/build/FinalVirtualMethodScrollFix/Build/Intermediates.noindex/PolskiGrammar.build/Debug-iphonesimulator/PolskiGrammar.build/Objects-normal/arm64/PolskiGrammar.SwiftFileList
    export SWIFT_VERSION\=5.0
    export SYMROOT\=/Users/german/Work/JS/polski-grammar-srs/kotlin/iosApp/build/FinalVirtualMethodScrollFix/Build/Products
    export SYSROOT\=/Applications/Xcode.app/Contents/Developer/Platforms/iPhoneSimulator.platform/Developer/SDKs/iPhoneSimulator27.0.sdk
    export SYSTEM_ADMIN_APPS_DIR\=/Applications/Utilities
    export SYSTEM_APPS_DIR\=/Applications
    export SYSTEM_CORE_SERVICES_DIR\=/System/Library/CoreServices
    export SYSTEM_DEMOS_DIR\=/Applications/Extras
    export SYSTEM_DEVELOPER_APPS_DIR\=/Applications/Xcode.app/Contents/Developer/Applications
    export SYSTEM_DEVELOPER_BIN_DIR\=/Applications/Xcode.app/Contents/Developer/usr/bin
    export SYSTEM_DEVELOPER_DEMOS_DIR\=/Applications/Xcode.app/Contents/Developer/Applications/Utilities/Built\ Examples
    export SYSTEM_DEVELOPER_DIR\=/Applications/Xcode.app/Contents/Developer
    export SYSTEM_DEVELOPER_DOC_DIR\=/Applications/Xcode.app/Contents/Developer/ADC\ Reference\ Library
    export SYSTEM_DEVELOPER_GRAPHICS_TOOLS_DIR\=/Applications/Xcode.app/Contents/Developer/Applications/Graphics\ Tools
    export SYSTEM_DEVELOPER_JAVA_TOOLS_DIR\=/Applications/Xcode.app/Contents/Developer/Applications/Java\ Tools
    export SYSTEM_DEVELOPER_PERFORMANCE_TOOLS_DIR\=/Applications/Xcode.app/Contents/Developer/Applications/Performance\ Tools
    export SYSTEM_DEVELOPER_RELEASENOTES_DIR\=/Applications/Xcode.app/Contents/Developer/ADC\ Reference\ Library/releasenotes
    export SYSTEM_DEVELOPER_TOOLS\=/Applications/Xcode.app/Contents/Developer/Tools
    export SYSTEM_DEVELOPER_TOOLS_DOC_DIR\=/Applications/Xcode.app/Contents/Developer/ADC\ Reference\ Library/documentation/DeveloperTools
    export SYSTEM_DEVELOPER_TOOLS_RELEASENOTES_DIR\=/Applications/Xcode.app/Contents/Developer/ADC\ Reference\ Library/releasenotes/DeveloperTools
    export SYSTEM_DEVELOPER_USR_DIR\=/Applications/Xcode.app/Contents/Developer/usr
    export SYSTEM_DEVELOPER_UTILITIES_DIR\=/Applications/Xcode.app/Contents/Developer/Applications/Utilities
    export SYSTEM_DEXT_INSTALL_PATH\=/System/Library/DriverExtensions
    export SYSTEM_DOCUMENTATION_DIR\=/Library/Documentation
    export SYSTEM_EXTENSIONS_FOLDER_PATH\=PolskiGrammar.app/SystemExtensions
    export SYSTEM_EXTENSIONS_FOLDER_PATH_SHALLOW_BUNDLE_NO\=PolskiGrammar.app/Library/SystemExtensions
    export SYSTEM_EXTENSIONS_FOLDER_PATH_SHALLOW_BUNDLE_YES\=PolskiGrammar.app/SystemExtensions
    export SYSTEM_KEXT_INSTALL_PATH\=/System/Library/Extensions
    export SYSTEM_LIBRARY_DIR\=/System/Library
    export TAPI_DEMANGLE\=YES
    export TAPI_ENABLE_PROJECT_HEADERS\=NO
    export TAPI_LANGUAGE\=objective-c
    export TAPI_LANGUAGE_STANDARD\=compiler-default
    export TAPI_USE_SRCROOT\=YES
    export TAPI_VERIFY_MODE\=Pedantic
    export TARGETED_DEVICE_FAMILY\=1,2
    export TARGETNAME\=PolskiGrammar
    export TARGET_BUILD_DIR\=/Users/german/Work/JS/polski-grammar-srs/kotlin/iosApp/build/FinalVirtualMethodScrollFix/Build/Products/Debug-iphonesimulator
    export TARGET_DEVICE_IDENTIFIER\=502F57FE-944F-4C27-B74F-5EC34D1B995D
    export TARGET_DEVICE_MODEL\=iPhone18,1
    export TARGET_DEVICE_OS_VERSION\=26.1
    export TARGET_DEVICE_PLATFORM_NAME\=iphonesimulator
    export TARGET_NAME\=PolskiGrammar
    export TARGET_TEMP_DIR\=/Users/german/Work/JS/polski-grammar-srs/kotlin/iosApp/build/FinalVirtualMethodScrollFix/Build/Intermediates.noindex/PolskiGrammar.build/Debug-iphonesimulator/PolskiGrammar.build
    export TEMP_DIR\=/Users/german/Work/JS/polski-grammar-srs/kotlin/iosApp/build/FinalVirtualMethodScrollFix/Build/Intermediates.noindex/PolskiGrammar.build/Debug-iphonesimulator/PolskiGrammar.build
    export TEMP_FILES_DIR\=/Users/german/Work/JS/polski-grammar-srs/kotlin/iosApp/build/FinalVirtualMethodScrollFix/Build/Intermediates.noindex/PolskiGrammar.build/Debug-iphonesimulator/PolskiGrammar.build
    export TEMP_FILE_DIR\=/Users/german/Work/JS/polski-grammar-srs/kotlin/iosApp/build/FinalVirtualMethodScrollFix/Build/Intermediates.noindex/PolskiGrammar.build/Debug-iphonesimulator/PolskiGrammar.build
    export TEMP_ROOT\=/Users/german/Work/JS/polski-grammar-srs/kotlin/iosApp/build/FinalVirtualMethodScrollFix/Build/Intermediates.noindex
    export TEMP_SANDBOX_DIR\=/Users/german/Work/JS/polski-grammar-srs/kotlin/iosApp/build/FinalVirtualMethodScrollFix/Build/Intermediates.noindex/TemporaryTaskSandboxes
    export TEST_FRAMEWORK_SEARCH_PATHS\=\ /Applications/Xcode.app/Contents/Developer/Platforms/iPhoneSimulator.platform/Developer/Library/Frameworks\ /Applications/Xcode.app/Contents/Developer/Platforms/iPhoneSimulator.platform/Developer/SDKs/iPhoneSimulator27.0.sdk/Developer/Library/Frameworks
    export TEST_LIBRARY_SEARCH_PATHS\=\ /Applications/Xcode.app/Contents/Developer/Platforms/iPhoneSimulator.platform/Developer/usr/lib
    export TOOLCHAINS\=com.apple.dt.toolchain.XcodeDefault
    export TOOLCHAIN_DIR\=/Applications/Xcode.app/Contents/Developer/Toolchains/XcodeDefault.xctoolchain
    export TREAT_MISSING_BASELINES_AS_TEST_FAILURES\=NO
    export TREAT_MISSING_SCRIPT_PHASE_OUTPUTS_AS_ERRORS\=NO
    export UID\=501
    export UNINSTALLED_PRODUCTS_DIR\=/Users/german/Work/JS/polski-grammar-srs/kotlin/iosApp/build/FinalVirtualMethodScrollFix/Build/Intermediates.noindex/UninstalledProducts
    export UNLOCALIZED_RESOURCES_FOLDER_PATH\=PolskiGrammar.app
    export UNLOCALIZED_RESOURCES_FOLDER_PATH_SHALLOW_BUNDLE_NO\=PolskiGrammar.app/Resources
    export UNLOCALIZED_RESOURCES_FOLDER_PATH_SHALLOW_BUNDLE_YES\=PolskiGrammar.app
    export UNSTRIPPED_PRODUCT\=NO
    export USER\=german
    export USER_APPS_DIR\=/Users/german/Applications
    export USER_LIBRARY_DIR\=/Users/german/Library
    export USE_DYNAMIC_NO_PIC\=YES
    export USE_HEADERMAP\=YES
    export USE_HEADER_SYMLINKS\=NO
    export VALIDATE_DEVELOPMENT_ASSET_PATHS\=YES_ERROR
    export VALIDATE_PRODUCT\=NO
    export VALID_ARCHS\=arm64\ x86_64
    export VERBOSE_PBXCP\=NO
    export VERSIONPLIST_PATH\=PolskiGrammar.app/version.plist
    export VERSION_INFO_BUILDER\=german
    export VERSION_INFO_FILE\=PolskiGrammar_vers.c
    export VERSION_INFO_STRING\=\"@\(\#\)PROGRAM:PolskiGrammar\ \ PROJECT:PolskiGrammar-\"
    export WORKSPACE_DIR\=/Users/german/Work/JS/polski-grammar-srs/kotlin/iosApp/PolskiGrammar.xcodeproj
    export WRAPPER_EXTENSION\=app
    export WRAPPER_NAME\=PolskiGrammar.app
    export WRAPPER_SUFFIX\=.app
    export WRAP_ASSET_PACKS_IN_SEPARATE_DIRECTORIES\=NO
    export XCODE_APP_SUPPORT_DIR\=/Applications/Xcode.app/Contents/Developer/Library/Xcode
    export XCODE_PRODUCT_BUILD_VERSION\=27A266a
    export XCODE_VERSION_ACTUAL\=2700
    export XCODE_VERSION_MAJOR\=2700
    export XCODE_VERSION_MINOR\=2700
    export XPCSERVICES_FOLDER_PATH\=PolskiGrammar.app/XPCServices
    export YACC\=yacc
    export _DISCOVER_COMMAND_LINE_LINKER_INPUTS\=YES
    export _DISCOVER_COMMAND_LINE_LINKER_INPUTS_INCLUDE_WL\=YES
    export _LD_MULTIARCH\=YES
    export _SWIFT_EXPLICIT_MODULES_ALLOW_CXX_INTEROP\=YES
    export _WRAPPER_CONTENTS_DIR_SHALLOW_BUNDLE_NO\=/Contents
    export _WRAPPER_PARENT_PATH_SHALLOW_BUNDLE_NO\=/..
    export _WRAPPER_RESOURCES_DIR_SHALLOW_BUNDLE_NO\=/Resources
    export __ARCHS__\=arm64\ x86_64
    export __DIAGNOSE_DEPRECATED_ARCHS\=YES
    export __DIAGNOSE_INVALID_DEPLOYMENT_TARGET_AS_ERROR\=YES
    export __IS_NOT_MACOS\=YES
    export __IS_NOT_MACOS_macosx\=NO
    export __IS_NOT_SIMULATOR\=NO
    export __IS_NOT_SIMULATOR_simulator\=NO
    export __ORIGINAL_SDK_DEFINED_LLVM_TARGET_TRIPLE_SYS\=ios
    export arch\=undefined_arch
    export variant\=normal
    /bin/sh -c /Users/german/Work/JS/polski-grammar-srs/kotlin/iosApp/build/FinalVirtualMethodScrollFix/Build/Intermediates.noindex/PolskiGrammar.build/Debug-iphonesimulator/PolskiGrammar.build/Script-DF070EF247392F9D1B643D23.sh
> Task :shared:kmpPartiallyResolvedDependenciesChecker
> Task :shared:checkKotlinGradlePluginConfigurationErrors SKIPPED
> Task :shared:checkSandboxAndWriteProtection
> Task :shared:downloadKotlinNativeDistribution UP-TO-DATE
> Task :shared:generateCoursePackSource UP-TO-DATE
> Task :shared:compileKotlinIosSimulatorArm64 UP-TO-DATE
> Task :shared:checkSyntheticImportProjectIsCorrectlyIntegratedForEmbedAndSign SKIPPED
> Task :shared:checkSyntheticImportProjectIsCorrectlyIntegratedForEmbedSwiftExport SKIPPED
> Task :shared:generateSyntheticLinkageSwiftPMImportProjectForEmbedAndSignLinkage SKIPPED
> Task :shared:linkDebugFrameworkIosSimulatorArm64 UP-TO-DATE

BUILD SUCCESSFUL in 1s
6 actionable tasks: 2 executed, 4 up-to-date
Consider enabling configuration cache to speed up this build: https://docs.gradle.org/9.3.1/userguide/configuration_cache_enabling.html

Ld /Users/german/Work/JS/polski-grammar-srs/kotlin/iosApp/build/FinalVirtualMethodScrollFix/Build/Products/Debug-iphonesimulator/PolskiGrammar.app/__preview.dylib normal (in target 'PolskiGrammar' from project 'PolskiGrammar')
    cd /Users/german/Work/JS/polski-grammar-srs/kotlin/iosApp
    /Applications/Xcode.app/Contents/Developer/Toolchains/XcodeDefault.xctoolchain/usr/bin/clang -Xlinker -reproducible -target arm64-apple-ios17.0-simulator -dynamiclib -isysroot /Applications/Xcode.app/Contents/Developer/Platforms/iPhoneSimulator.platform/Developer/SDKs/iPhoneSimulator27.0.sdk -O0 -Xlinker -no_warn_duplicate_libraries -L/Users/german/Work/JS/polski-grammar-srs/kotlin/iosApp/build/FinalVirtualMethodScrollFix/Build/Products/Debug-iphonesimulator -F/Users/german/Work/JS/polski-grammar-srs/kotlin/iosApp/build/FinalVirtualMethodScrollFix/Build/Products/Debug-iphonesimulator -install_name @rpath/PolskiGrammar.debug.dylib -Xlinker -dead_strip -rdynamic -Xlinker -no_deduplicate -Xlinker -objc_abi_version -Xlinker 2 -Xlinker -dependency_info -Xlinker /Users/german/Work/JS/polski-grammar-srs/kotlin/iosApp/build/FinalVirtualMethodScrollFix/Build/Intermediates.noindex/PolskiGrammar.build/Debug-iphonesimulator/PolskiGrammar.build/Objects-normal/arm64/PolskiGrammar_dependency_info.dat -o /Users/german/Work/JS/polski-grammar-srs/kotlin/iosApp/build/FinalVirtualMethodScrollFix/Build/Products/Debug-iphonesimulator/PolskiGrammar.app/__preview.dylib

MkDir /Users/german/Work/JS/polski-grammar-srs/kotlin/iosApp/build/FinalVirtualMethodScrollFix/Build/Intermediates.noindex/PolskiGrammar.build/Debug-iphonesimulator/PolskiGrammar.build/assetcatalog_output/thinned (in target 'PolskiGrammar' from project 'PolskiGrammar')
    cd /Users/german/Work/JS/polski-grammar-srs/kotlin/iosApp
    /bin/mkdir -p /Users/german/Work/JS/polski-grammar-srs/kotlin/iosApp/build/FinalVirtualMethodScrollFix/Build/Intermediates.noindex/PolskiGrammar.build/Debug-iphonesimulator/PolskiGrammar.build/assetcatalog_output/thinned

GenerateAssetSymbols /Users/german/Work/JS/polski-grammar-srs/kotlin/iosApp/PolskiGrammar/Assets.xcassets (in target 'PolskiGrammar' from project 'PolskiGrammar')
    cd /Users/german/Work/JS/polski-grammar-srs/kotlin/iosApp
    /Applications/Xcode.app/Contents/Developer/usr/bin/actool /Users/german/Work/JS/polski-grammar-srs/kotlin/iosApp/PolskiGrammar/Assets.xcassets --compile /Users/german/Work/JS/polski-grammar-srs/kotlin/iosApp/build/FinalVirtualMethodScrollFix/Build/Products/Debug-iphonesimulator/PolskiGrammar.app --output-format human-readable-text --notices --warnings --export-dependency-info /Users/german/Work/JS/polski-grammar-srs/kotlin/iosApp/build/FinalVirtualMethodScrollFix/Build/Intermediates.noindex/PolskiGrammar.build/Debug-iphonesimulator/PolskiGrammar.build/assetcatalog_dependencies --output-partial-info-plist /Users/german/Work/JS/polski-grammar-srs/kotlin/iosApp/build/FinalVirtualMethodScrollFix/Build/Intermediates.noindex/PolskiGrammar.build/Debug-iphonesimulator/PolskiGrammar.build/assetcatalog_generated_info.plist --app-icon AppIcon --accent-color AccentColor --compress-pngs --enable-on-demand-resources YES --development-region ru --target-device iphone --target-device ipad --minimum-deployment-target 17.0 --platform iphonesimulator --bundle-identifier dev.polski.grammarmatrix.ios --generate-swift-asset-symbol-extensions NO --generate-swift-asset-symbols /Users/german/Work/JS/polski-grammar-srs/kotlin/iosApp/build/FinalVirtualMethodScrollFix/Build/Intermediates.noindex/PolskiGrammar.build/Debug-iphonesimulator/PolskiGrammar.build/DerivedSources/GeneratedAssetSymbols.swift --generate-objc-asset-symbols /Users/german/Work/JS/polski-grammar-srs/kotlin/iosApp/build/FinalVirtualMethodScrollFix/Build/Intermediates.noindex/PolskiGrammar.build/Debug-iphonesimulator/PolskiGrammar.build/DerivedSources/GeneratedAssetSymbols.h --generate-asset-symbol-index /Users/german/Work/JS/polski-grammar-srs/kotlin/iosApp/build/FinalVirtualMethodScrollFix/Build/Intermediates.noindex/PolskiGrammar.build/Debug-iphonesimulator/PolskiGrammar.build/DerivedSources/GeneratedAssetSymbols-Index.plist
/* com.apple.actool.compilation-results */
/Users/german/Work/JS/polski-grammar-srs/kotlin/iosApp/build/FinalVirtualMethodScrollFix/Build/Intermediates.noindex/PolskiGrammar.build/Debug-iphonesimulator/PolskiGrammar.build/DerivedSources/GeneratedAssetSymbols-Index.plist
/Users/german/Work/JS/polski-grammar-srs/kotlin/iosApp/build/FinalVirtualMethodScrollFix/Build/Intermediates.noindex/PolskiGrammar.build/Debug-iphonesimulator/PolskiGrammar.build/DerivedSources/GeneratedAssetSymbols.h
/Users/german/Work/JS/polski-grammar-srs/kotlin/iosApp/build/FinalVirtualMethodScrollFix/Build/Intermediates.noindex/PolskiGrammar.build/Debug-iphonesimulator/PolskiGrammar.build/DerivedSources/GeneratedAssetSymbols.swift


MkDir /Users/german/Work/JS/polski-grammar-srs/kotlin/iosApp/build/FinalVirtualMethodScrollFix/Build/Intermediates.noindex/PolskiGrammar.build/Debug-iphonesimulator/PolskiGrammar.build/assetcatalog_output/unthinned (in target 'PolskiGrammar' from project 'PolskiGrammar')
    cd /Users/german/Work/JS/polski-grammar-srs/kotlin/iosApp
    /bin/mkdir -p /Users/german/Work/JS/polski-grammar-srs/kotlin/iosApp/build/FinalVirtualMethodScrollFix/Build/Intermediates.noindex/PolskiGrammar.build/Debug-iphonesimulator/PolskiGrammar.build/assetcatalog_output/unthinned

CompileAssetCatalogVariant thinned /Users/german/Work/JS/polski-grammar-srs/kotlin/iosApp/build/FinalVirtualMethodScrollFix/Build/Products/Debug-iphonesimulator/PolskiGrammar.app /Users/german/Work/JS/polski-grammar-srs/kotlin/iosApp/PolskiGrammar/Assets.xcassets (in target 'PolskiGrammar' from project 'PolskiGrammar')
    cd /Users/german/Work/JS/polski-grammar-srs/kotlin/iosApp
    /Applications/Xcode.app/Contents/Developer/usr/bin/actool /Users/german/Work/JS/polski-grammar-srs/kotlin/iosApp/PolskiGrammar/Assets.xcassets --compile /Users/german/Work/JS/polski-grammar-srs/kotlin/iosApp/build/FinalVirtualMethodScrollFix/Build/Intermediates.noindex/PolskiGrammar.build/Debug-iphonesimulator/PolskiGrammar.build/assetcatalog_output/thinned --output-format human-readable-text --notices --warnings --export-dependency-info /Users/german/Work/JS/polski-grammar-srs/kotlin/iosApp/build/FinalVirtualMethodScrollFix/Build/Intermediates.noindex/PolskiGrammar.build/Debug-iphonesimulator/PolskiGrammar.build/assetcatalog_dependencies_thinned --output-partial-info-plist /Users/german/Work/JS/polski-grammar-srs/kotlin/iosApp/build/FinalVirtualMethodScrollFix/Build/Intermediates.noindex/PolskiGrammar.build/Debug-iphonesimulator/PolskiGrammar.build/assetcatalog_generated_info.plist_thinned --app-icon AppIcon --accent-color AccentColor --compress-pngs --enable-on-demand-resources YES --filter-for-thinning-device-configuration iPhone18,1 --filter-for-device-os-version 26.1 --development-region ru --target-device iphone --target-device ipad --minimum-deployment-target 17.0 --platform iphonesimulator
/* com.apple.actool.compilation-results */
/Users/german/Work/JS/polski-grammar-srs/kotlin/iosApp/build/FinalVirtualMethodScrollFix/Build/Intermediates.noindex/PolskiGrammar.build/Debug-iphonesimulator/PolskiGrammar.build/assetcatalog_generated_info.plist_thinned
/Users/german/Work/JS/polski-grammar-srs/kotlin/iosApp/build/FinalVirtualMethodScrollFix/Build/Intermediates.noindex/PolskiGrammar.build/Debug-iphonesimulator/PolskiGrammar.build/assetcatalog_output/thinned/AppIcon60x60@2x.png
/Users/german/Work/JS/polski-grammar-srs/kotlin/iosApp/build/FinalVirtualMethodScrollFix/Build/Intermediates.noindex/PolskiGrammar.build/Debug-iphonesimulator/PolskiGrammar.build/assetcatalog_output/thinned/AppIcon76x76@2x~ipad.png
/Users/german/Work/JS/polski-grammar-srs/kotlin/iosApp/build/FinalVirtualMethodScrollFix/Build/Intermediates.noindex/PolskiGrammar.build/Debug-iphonesimulator/PolskiGrammar.build/assetcatalog_output/thinned/Assets.car


SwiftDriver PolskiGrammar normal arm64 com.apple.xcode.tools.swift.compiler (in target 'PolskiGrammar' from project 'PolskiGrammar')
    cd /Users/german/Work/JS/polski-grammar-srs/kotlin/iosApp
    builtin-SwiftDriver -- /Applications/Xcode.app/Contents/Developer/Toolchains/XcodeDefault.xctoolchain/usr/bin/swiftc -module-name PolskiGrammar -Onone @/Users/german/Work/JS/polski-grammar-srs/kotlin/iosApp/build/FinalVirtualMethodScrollFix/Build/Intermediates.noindex/PolskiGrammar.build/Debug-iphonesimulator/PolskiGrammar.build/Objects-normal/arm64/PolskiGrammar.SwiftFileList -DDEBUG -enable-bare-slash-regex -enable-experimental-feature DebugDescriptionMacro -sdk /Applications/Xcode.app/Contents/Developer/Platforms/iPhoneSimulator.platform/Developer/SDKs/iPhoneSimulator27.0.sdk -target arm64-apple-ios17.0-simulator -g -module-cache-path /Users/german/Work/JS/polski-grammar-srs/kotlin/iosApp/build/FinalVirtualMethodScrollFix/ModuleCache.noindex -Xfrontend -serialize-debugging-options -enable-testing -index-store-path /Users/german/Work/JS/polski-grammar-srs/kotlin/iosApp/build/FinalVirtualMethodScrollFix/Index.noindex/DataStore -Xcc -D_LIBCPP_HARDENING_MODE\=_LIBCPP_HARDENING_MODE_DEBUG -swift-version 5 -I /Users/german/Work/JS/polski-grammar-srs/kotlin/iosApp/build/FinalVirtualMethodScrollFix/Build/Products/Debug-iphonesimulator -F /Users/german/Work/JS/polski-grammar-srs/kotlin/iosApp/build/FinalVirtualMethodScrollFix/Build/Products/Debug-iphonesimulator -c -j10 -enable-batch-mode -incremental -Xcc -ivfsstatcache -Xcc /Users/german/Work/JS/polski-grammar-srs/kotlin/iosApp/build/FinalVirtualMethodScrollFix/SDKStatCaches.noindex/iphonesimulator27.0-24A430-8dc58220667be655e1bcc261a7455254.sdkstatcache -output-file-map /Users/german/Work/JS/polski-grammar-srs/kotlin/iosApp/build/FinalVirtualMethodScrollFix/Build/Intermediates.noindex/PolskiGrammar.build/Debug-iphonesimulator/PolskiGrammar.build/Objects-normal/arm64/PolskiGrammar-OutputFileMap.json -save-temps -no-color-diagnostics -explicit-module-build -module-cache-path /Users/german/Work/JS/polski-grammar-srs/kotlin/iosApp/build/FinalVirtualMethodScrollFix/Build/Intermediates.noindex/SwiftExplicitPrecompiledModules -clang-scanner-module-cache-path /Users/german/Work/JS/polski-grammar-srs/kotlin/iosApp/build/FinalVirtualMethodScrollFix/ModuleCache.noindex -sdk-module-cache-path /Users/german/Work/JS/polski-grammar-srs/kotlin/iosApp/build/FinalVirtualMethodScrollFix/SDKExplicitPrecompiledModules -emit-dependencies -emit-module -emit-module-path /Users/german/Work/JS/polski-grammar-srs/kotlin/iosApp/build/FinalVirtualMethodScrollFix/Build/Intermediates.noindex/PolskiGrammar.build/Debug-iphonesimulator/PolskiGrammar.build/Objects-normal/arm64/PolskiGrammar.swiftmodule -serialize-diagnostics -dependency-scan-serialize-diagnostics-path /Users/german/Work/JS/polski-grammar-srs/kotlin/iosApp/build/FinalVirtualMethodScrollFix/Build/Intermediates.noindex/PolskiGrammar.build/Debug-iphonesimulator/PolskiGrammar.build/Objects-normal/arm64/PolskiGrammar-dependency-scan.dia -validate-clang-modules-once -clang-build-session-file /Users/german/Work/JS/polski-grammar-srs/kotlin/iosApp/build/FinalVirtualMethodScrollFix/ModuleCache.noindex/Session.modulevalidation -Xcc -fmodules-prune-interval\=86400 -Xcc -fmodules-prune-after\=345600 -emit-const-values -const-gather-protocols-list /Users/german/Work/JS/polski-grammar-srs/kotlin/iosApp/build/FinalVirtualMethodScrollFix/Build/Intermediates.noindex/PolskiGrammar.build/Debug-iphonesimulator/PolskiGrammar.build/Objects-normal/arm64/PolskiGrammar_const_extract_protocols.json -Xcc -iquote -Xcc /Users/german/Work/JS/polski-grammar-srs/kotlin/iosApp/build/FinalVirtualMethodScrollFix/Build/Intermediates.noindex/PolskiGrammar.build/Debug-iphonesimulator/PolskiGrammar.build/PolskiGrammar-generated-files.hmap -Xcc -I/Users/german/Work/JS/polski-grammar-srs/kotlin/iosApp/build/FinalVirtualMethodScrollFix/Build/Intermediates.noindex/PolskiGrammar.build/Debug-iphonesimulator/PolskiGrammar.build/PolskiGrammar-own-target-headers.hmap -Xcc -I/Users/german/Work/JS/polski-grammar-srs/kotlin/iosApp/build/FinalVirtualMethodScrollFix/Build/Intermediates.noindex/PolskiGrammar.build/Debug-iphonesimulator/PolskiGrammar.build/PolskiGrammar-all-target-headers.hmap -Xcc -iquote -Xcc /Users/german/Work/JS/polski-grammar-srs/kotlin/iosApp/build/FinalVirtualMethodScrollFix/Build/Intermediates.noindex/PolskiGrammar.build/Debug-iphonesimulator/PolskiGrammar.build/PolskiGrammar-project-headers.hmap -Xcc -I/Users/german/Work/JS/polski-grammar-srs/kotlin/iosApp/build/FinalVirtualMethodScrollFix/Build/Products/Debug-iphonesimulator/include -Xcc -I/Users/german/Work/JS/polski-grammar-srs/kotlin/iosApp/build/FinalVirtualMethodScrollFix/Build/Intermediates.noindex/PolskiGrammar.build/Debug-iphonesimulator/PolskiGrammar.build/DerivedSources-normal/arm64 -Xcc -I/Users/german/Work/JS/polski-grammar-srs/kotlin/iosApp/build/FinalVirtualMethodScrollFix/Build/Intermediates.noindex/PolskiGrammar.build/Debug-iphonesimulator/PolskiGrammar.build/DerivedSources/arm64 -Xcc -I/Users/german/Work/JS/polski-grammar-srs/kotlin/iosApp/build/FinalVirtualMethodScrollFix/Build/Intermediates.noindex/PolskiGrammar.build/Debug-iphonesimulator/PolskiGrammar.build/DerivedSources -Xcc -DDEBUG\=1 -emit-objc-header -emit-objc-header-path /Users/german/Work/JS/polski-grammar-srs/kotlin/iosApp/build/FinalVirtualMethodScrollFix/Build/Intermediates.noindex/PolskiGrammar.build/Debug-iphonesimulator/PolskiGrammar.build/Objects-normal/arm64/PolskiGrammar-Swift.h -working-directory /Users/german/Work/JS/polski-grammar-srs/kotlin/iosApp -experimental-emit-module-separately -disable-cmo

SwiftExplicitDependencyGeneratePcm arm64 /Users/german/Work/JS/polski-grammar-srs/kotlin/iosApp/build/FinalVirtualMethodScrollFix/SDKExplicitPrecompiledModules/_Builtin_stdarg-DKGRJ1JDBYOU9AT53PGTEY4U3.pcm

SwiftExplicitDependencyGeneratePcm arm64 /Users/german/Work/JS/polski-grammar-srs/kotlin/iosApp/build/FinalVirtualMethodScrollFix/SDKExplicitPrecompiledModules/_Builtin_stddef-12R71CFQE2YJQMR1FJ4AHJMZ8.pcm

SwiftExplicitDependencyGeneratePcm arm64 /Users/german/Work/JS/polski-grammar-srs/kotlin/iosApp/build/FinalVirtualMethodScrollFix/SDKExplicitPrecompiledModules/ptrauth-BKTI82H07743B9KV4M66A465O.pcm

SwiftExplicitDependencyGeneratePcm arm64 /Users/german/Work/JS/polski-grammar-srs/kotlin/iosApp/build/FinalVirtualMethodScrollFix/SDKExplicitPrecompiledModules/_Builtin_float-3OVE01KWFENY5LGOEZKICAQBU.pcm

SwiftExplicitDependencyGeneratePcm arm64 /Users/german/Work/JS/polski-grammar-srs/kotlin/iosApp/build/FinalVirtualMethodScrollFix/SDKExplicitPrecompiledModules/ptrcheck-3MLN4ULDZVZANXPEIZCHHKWU6.pcm

SwiftExplicitDependencyGeneratePcm arm64 /Users/german/Work/JS/polski-grammar-srs/kotlin/iosApp/build/FinalVirtualMethodScrollFix/SDKExplicitPrecompiledModules/_Builtin_stdbool-F4HAI7SELV33EQZMYTT0SKVXW.pcm

SwiftExplicitDependencyGeneratePcm arm64 /Users/german/Work/JS/polski-grammar-srs/kotlin/iosApp/build/FinalVirtualMethodScrollFix/SDKExplicitPrecompiledModules/DeveloperToolsSupport-9I2D9SLJ13CVWIYGZMAHVG2AF.pcm

SwiftExplicitDependencyGeneratePcm arm64 /Users/german/Work/JS/polski-grammar-srs/kotlin/iosApp/build/FinalVirtualMethodScrollFix/SDKExplicitPrecompiledModules/_AvailabilityInternal-HDY601ZESNPATW23SUITL0IL.pcm

SwiftExplicitDependencyGeneratePcm arm64 /Users/german/Work/JS/polski-grammar-srs/kotlin/iosApp/build/FinalVirtualMethodScrollFix/SDKExplicitPrecompiledModules/SwiftShims-6N0NACPXJLBRFQNWT0WJ8VZL0.pcm

SwiftExplicitDependencyGeneratePcm arm64 /Users/german/Work/JS/polski-grammar-srs/kotlin/iosApp/build/FinalVirtualMethodScrollFix/SDKExplicitPrecompiledModules/_SwiftConcurrencyShims-CTCHA686WCJKRLII82EUU8C6J.pcm

SwiftExplicitDependencyGeneratePcm arm64 /Users/german/Work/JS/polski-grammar-srs/kotlin/iosApp/build/FinalVirtualMethodScrollFix/SDKExplicitPrecompiledModules/_DarwinFoundation1-4G7V02TUE35XNFQ3H3KQ5N9UY.pcm

SwiftExplicitDependencyGeneratePcm arm64 /Users/german/Work/JS/polski-grammar-srs/kotlin/iosApp/build/FinalVirtualMethodScrollFix/SDKExplicitPrecompiledModules/_Builtin_limits-ET0B89I35NUAMTTPYNVJJQCQB.pcm

SwiftExplicitDependencyGeneratePcm arm64 /Users/german/Work/JS/polski-grammar-srs/kotlin/iosApp/build/FinalVirtualMethodScrollFix/SDKExplicitPrecompiledModules/_DarwinFoundation2-EVVWZJKVAN2QB29WL5MC9G0RF.pcm

SwiftExplicitDependencyGeneratePcm arm64 /Users/german/Work/JS/polski-grammar-srs/kotlin/iosApp/build/FinalVirtualMethodScrollFix/SDKExplicitPrecompiledModules/_Builtin_stdint-3SGHXCYC0PIE3KTKVYSG5RGEG.pcm

SwiftExplicitDependencyGeneratePcm arm64 /Users/german/Work/JS/polski-grammar-srs/kotlin/iosApp/build/FinalVirtualMethodScrollFix/SDKExplicitPrecompiledModules/sys_types-DPY45UL30ICUBVS2D262O5AJG.pcm

SwiftExplicitDependencyGeneratePcm arm64 /Users/german/Work/JS/polski-grammar-srs/kotlin/iosApp/build/FinalVirtualMethodScrollFix/SDKExplicitPrecompiledModules/string_h-4XP9SOAOA0GGUZJU3EHX2TRB1.pcm

SwiftExplicitDependencyGeneratePcm arm64 /Users/german/Work/JS/polski-grammar-srs/kotlin/iosApp/build/FinalVirtualMethodScrollFix/SDKExplicitPrecompiledModules/_Builtin_tgmath-1A8LKQ7LTUSAWV10TZD16RJOZ.pcm

SwiftExplicitDependencyGeneratePcm arm64 /Users/german/Work/JS/polski-grammar-srs/kotlin/iosApp/build/FinalVirtualMethodScrollFix/SDKExplicitPrecompiledModules/_DarwinFoundation3-C29H15KLH9VMSVN1GV3G1CT4I.pcm

SwiftExplicitDependencyGeneratePcm arm64 /Users/german/Work/JS/polski-grammar-srs/kotlin/iosApp/build/FinalVirtualMethodScrollFix/SDKExplicitPrecompiledModules/_Builtin_intrinsics-3WWIFPCUNIR05QWN8TESA6TP0.pcm

SwiftExplicitDependencyGeneratePcm arm64 /Users/german/Work/JS/polski-grammar-srs/kotlin/iosApp/build/FinalVirtualMethodScrollFix/SDKExplicitPrecompiledModules/_Builtin_stdatomic-17C2RE2NO7QHT805MQLZHKOHM.pcm

SwiftExplicitDependencyGeneratePcm arm64 /Users/german/Work/JS/polski-grammar-srs/kotlin/iosApp/build/FinalVirtualMethodScrollFix/SDKExplicitPrecompiledModules/_Builtin_inttypes-19YFLFR0UHXDWXA22GYFL0RAG.pcm

SwiftExplicitDependencyGeneratePcm arm64 /Users/german/Work/JS/polski-grammar-srs/kotlin/iosApp/build/FinalVirtualMethodScrollFix/SDKExplicitPrecompiledModules/Darwin-2H5M9PBIU6QWHMI0QX30V0XEG.pcm

SwiftExplicitDependencyGeneratePcm arm64 /Users/german/Work/JS/polski-grammar-srs/kotlin/iosApp/build/FinalVirtualMethodScrollFix/SDKExplicitPrecompiledModules/simd-AKWXZPAQ905F7K4DNB96U57YL.pcm

SwiftExplicitDependencyGeneratePcm arm64 /Users/german/Work/JS/polski-grammar-srs/kotlin/iosApp/build/FinalVirtualMethodScrollFix/SDKExplicitPrecompiledModules/ObjectiveC-44ILA0AKDKAXXTRG0O4YSQVHL.pcm

SwiftExplicitDependencyGeneratePcm arm64 /Users/german/Work/JS/polski-grammar-srs/kotlin/iosApp/build/FinalVirtualMethodScrollFix/SDKExplicitPrecompiledModules/MachO-DNF2Y98KYBJH5V3XYGLRO85FK.pcm

SwiftExplicitDependencyGeneratePcm arm64 /Users/german/Work/JS/polski-grammar-srs/kotlin/iosApp/build/FinalVirtualMethodScrollFix/SDKExplicitPrecompiledModules/os_object-F773WP8FUKFPCCXEPDW2E7FE.pcm

SwiftExplicitDependencyGeneratePcm arm64 /Users/german/Work/JS/polski-grammar-srs/kotlin/iosApp/build/FinalVirtualMethodScrollFix/SDKExplicitPrecompiledModules/os_workgroup-1354JA3LZRDYSOX7F4N7TWLJB.pcm

SwiftExplicitDependencyGeneratePcm arm64 /Users/german/Work/JS/polski-grammar-srs/kotlin/iosApp/build/FinalVirtualMethodScrollFix/SDKExplicitPrecompiledModules/Spatial-8IP59NGFDA2CRM7P50DF1676O.pcm

SwiftExplicitDependencyGeneratePcm arm64 /Users/german/Work/JS/polski-grammar-srs/kotlin/iosApp/build/FinalVirtualMethodScrollFix/SDKExplicitPrecompiledModules/Dispatch-647GSC4IDSHD9CV0D1KAPFZD.pcm

SwiftExplicitDependencyGeneratePcm arm64 /Users/german/Work/JS/polski-grammar-srs/kotlin/iosApp/build/FinalVirtualMethodScrollFix/SDKExplicitPrecompiledModules/CoreFoundation-D3H36YKBVRK49XBX73QS6P64C.pcm

SwiftExplicitDependencyGeneratePcm arm64 /Users/german/Work/JS/polski-grammar-srs/kotlin/iosApp/build/FinalVirtualMethodScrollFix/SDKExplicitPrecompiledModules/XPC-BNS4P38OBUPQ4D83PIM2JBKOT.pcm

LinkAssetCatalog /Users/german/Work/JS/polski-grammar-srs/kotlin/iosApp/PolskiGrammar/Assets.xcassets (in target 'PolskiGrammar' from project 'PolskiGrammar')
    cd /Users/german/Work/JS/polski-grammar-srs/kotlin/iosApp
    builtin-linkAssetCatalog --thinned /Users/german/Work/JS/polski-grammar-srs/kotlin/iosApp/build/FinalVirtualMethodScrollFix/Build/Intermediates.noindex/PolskiGrammar.build/Debug-iphonesimulator/PolskiGrammar.build/assetcatalog_output/thinned --thinned-dependencies /Users/german/Work/JS/polski-grammar-srs/kotlin/iosApp/build/FinalVirtualMethodScrollFix/Build/Intermediates.noindex/PolskiGrammar.build/Debug-iphonesimulator/PolskiGrammar.build/assetcatalog_dependencies_thinned --thinned-info-plist-content /Users/german/Work/JS/polski-grammar-srs/kotlin/iosApp/build/FinalVirtualMethodScrollFix/Build/Intermediates.noindex/PolskiGrammar.build/Debug-iphonesimulator/PolskiGrammar.build/assetcatalog_generated_info.plist_thinned --unthinned /Users/german/Work/JS/polski-grammar-srs/kotlin/iosApp/build/FinalVirtualMethodScrollFix/Build/Intermediates.noindex/PolskiGrammar.build/Debug-iphonesimulator/PolskiGrammar.build/assetcatalog_output/unthinned --unthinned-dependencies /Users/german/Work/JS/polski-grammar-srs/kotlin/iosApp/build/FinalVirtualMethodScrollFix/Build/Intermediates.noindex/PolskiGrammar.build/Debug-iphonesimulator/PolskiGrammar.build/assetcatalog_dependencies_unthinned --unthinned-info-plist-content /Users/german/Work/JS/polski-grammar-srs/kotlin/iosApp/build/FinalVirtualMethodScrollFix/Build/Intermediates.noindex/PolskiGrammar.build/Debug-iphonesimulator/PolskiGrammar.build/assetcatalog_generated_info.plist_unthinned --output /Users/german/Work/JS/polski-grammar-srs/kotlin/iosApp/build/FinalVirtualMethodScrollFix/Build/Products/Debug-iphonesimulator/PolskiGrammar.app --plist-output /Users/german/Work/JS/polski-grammar-srs/kotlin/iosApp/build/FinalVirtualMethodScrollFix/Build/Intermediates.noindex/PolskiGrammar.build/Debug-iphonesimulator/PolskiGrammar.build/assetcatalog_generated_info.plist
note: Emplaced /Users/german/Work/JS/polski-grammar-srs/kotlin/iosApp/build/FinalVirtualMethodScrollFix/Build/Products/Debug-iphonesimulator/PolskiGrammar.app/AppIcon60x60@2x.png (in target 'PolskiGrammar' from project 'PolskiGrammar')
note: Emplaced /Users/german/Work/JS/polski-grammar-srs/kotlin/iosApp/build/FinalVirtualMethodScrollFix/Build/Products/Debug-iphonesimulator/PolskiGrammar.app/Assets.car (in target 'PolskiGrammar' from project 'PolskiGrammar')
note: Emplaced /Users/german/Work/JS/polski-grammar-srs/kotlin/iosApp/build/FinalVirtualMethodScrollFix/Build/Products/Debug-iphonesimulator/PolskiGrammar.app/AppIcon76x76@2x~ipad.png (in target 'PolskiGrammar' from project 'PolskiGrammar')

ProcessInfoPlistFile /Users/german/Work/JS/polski-grammar-srs/kotlin/iosApp/build/FinalVirtualMethodScrollFix/Build/Products/Debug-iphonesimulator/PolskiGrammar.app/Info.plist /Users/german/Work/JS/polski-grammar-srs/kotlin/iosApp/build/FinalVirtualMethodScrollFix/Build/Intermediates.noindex/PolskiGrammar.build/Debug-iphonesimulator/PolskiGrammar.build/empty-PolskiGrammar.plist (in target 'PolskiGrammar' from project 'PolskiGrammar')
    cd /Users/german/Work/JS/polski-grammar-srs/kotlin/iosApp
    builtin-infoPlistUtility /Users/german/Work/JS/polski-grammar-srs/kotlin/iosApp/build/FinalVirtualMethodScrollFix/Build/Intermediates.noindex/PolskiGrammar.build/Debug-iphonesimulator/PolskiGrammar.build/empty-PolskiGrammar.plist -producttype com.apple.product-type.application -genpkginfo /Users/german/Work/JS/polski-grammar-srs/kotlin/iosApp/build/FinalVirtualMethodScrollFix/Build/Products/Debug-iphonesimulator/PolskiGrammar.app/PkgInfo -expandbuildsettings -format binary -platform iphonesimulator -additionalcontentfile /Users/german/Work/JS/polski-grammar-srs/kotlin/iosApp/build/FinalVirtualMethodScrollFix/Build/Intermediates.noindex/PolskiGrammar.build/Debug-iphonesimulator/PolskiGrammar.build/assetcatalog_generated_info.plist -o /Users/german/Work/JS/polski-grammar-srs/kotlin/iosApp/build/FinalVirtualMethodScrollFix/Build/Products/Debug-iphonesimulator/PolskiGrammar.app/Info.plist

SwiftExplicitDependencyGeneratePcm arm64 /Users/german/Work/JS/polski-grammar-srs/kotlin/iosApp/build/FinalVirtualMethodScrollFix/SDKExplicitPrecompiledModules/os-4BZMGF6UCZ9D8OHPBB7K913R.pcm

SwiftExplicitDependencyGeneratePcm arm64 /Users/german/Work/JS/polski-grammar-srs/kotlin/iosApp/build/FinalVirtualMethodScrollFix/SDKExplicitPrecompiledModules/CoreGraphics-CV7XCI66Q7G4H30F7NG4X24EF.pcm

SwiftExplicitDependencyGeneratePcm arm64 /Users/german/Work/JS/polski-grammar-srs/kotlin/iosApp/build/FinalVirtualMethodScrollFix/SDKExplicitPrecompiledModules/Security-7DADL22KF0VJAKEYK2G6A1CEE.pcm

SwiftExplicitDependencyGeneratePcm arm64 /Users/german/Work/JS/polski-grammar-srs/kotlin/iosApp/build/FinalVirtualMethodScrollFix/SDKExplicitPrecompiledModules/CoreAudioTypes-3RHHFBLG4V1FG8COTZL30V8VD.pcm

SwiftExplicitDependencyGeneratePcm arm64 /Users/german/Work/JS/polski-grammar-srs/kotlin/iosApp/build/FinalVirtualMethodScrollFix/SDKExplicitPrecompiledModules/CFNetwork-F0G0OHALDGU154STTHKGJ73SF.pcm

SwiftExplicitDependencyGeneratePcm arm64 /Users/german/Work/JS/polski-grammar-srs/kotlin/iosApp/build/FinalVirtualMethodScrollFix/SDKExplicitPrecompiledModules/CoreAudio-8JOAM8LOZ5ETYR2VKDH3AS21W.pcm

SwiftExplicitDependencyGeneratePcm arm64 /Users/german/Work/JS/polski-grammar-srs/kotlin/iosApp/build/FinalVirtualMethodScrollFix/SDKExplicitPrecompiledModules/Foundation-DOCFTQM3IACICS953S79SCXKQ.pcm

SwiftExplicitDependencyGeneratePcm arm64 /Users/german/Work/JS/polski-grammar-srs/kotlin/iosApp/build/FinalVirtualMethodScrollFix/SDKExplicitPrecompiledModules/CoreText-6E42WQEXD6ZPMRNAE7X3SD6N9.pcm

SwiftExplicitDependencyGeneratePcm arm64 /Users/german/Work/JS/polski-grammar-srs/kotlin/iosApp/build/FinalVirtualMethodScrollFix/SDKExplicitPrecompiledModules/ImageIO-E8S2L2GR9MF2VS1RMP9WBGDNC.pcm

SwiftExplicitDependencyGeneratePcm arm64 /Users/german/Work/JS/polski-grammar-srs/kotlin/iosApp/build/FinalVirtualMethodScrollFix/SDKExplicitPrecompiledModules/_LocationEssentials-OAQT24TUE6731P8229KBDTEQ.pcm

SwiftExplicitDependencyGeneratePcm arm64 /Users/german/Work/JS/polski-grammar-srs/kotlin/iosApp/build/FinalVirtualMethodScrollFix/SDKExplicitPrecompiledModules/Accessibility-8GWN5OR93PCCYNZWWB01RPJMD.pcm

SwiftExplicitDependencyGeneratePcm arm64 /Users/german/Work/JS/polski-grammar-srs/kotlin/iosApp/build/FinalVirtualMethodScrollFix/SDKExplicitPrecompiledModules/FileProvider-CCUMBCYKQUTRE8DK0MO0XTSMD.pcm

SwiftExplicitDependencyGeneratePcm arm64 /Users/german/Work/JS/polski-grammar-srs/kotlin/iosApp/build/FinalVirtualMethodScrollFix/Build/Intermediates.noindex/SwiftExplicitPrecompiledModules/PolskiShared-6KA11GTLKBP3A4N440UV536DJ.pcm

SwiftExplicitDependencyGeneratePcm arm64 /Users/german/Work/JS/polski-grammar-srs/kotlin/iosApp/build/FinalVirtualMethodScrollFix/SDKExplicitPrecompiledModules/OpenGLES-8IQ9KZQWBTTAZLOLWUP7LE6L5.pcm

SwiftExplicitDependencyGeneratePcm arm64 /Users/german/Work/JS/polski-grammar-srs/kotlin/iosApp/build/FinalVirtualMethodScrollFix/SDKExplicitPrecompiledModules/CoreData-6DRRVI1DYPBH7W9AEQYWM0CX8.pcm

SwiftExplicitDependencyGeneratePcm arm64 /Users/german/Work/JS/polski-grammar-srs/kotlin/iosApp/build/FinalVirtualMethodScrollFix/SDKExplicitPrecompiledModules/UserNotifications-9LSU6VM2JY5WODHWUMZSY66M8.pcm

SwiftExplicitDependencyGeneratePcm arm64 /Users/german/Work/JS/polski-grammar-srs/kotlin/iosApp/build/FinalVirtualMethodScrollFix/SDKExplicitPrecompiledModules/Symbols-DZ4H5X2B84GQ023W6IHJ1Y27M.pcm

SwiftExplicitDependencyGeneratePcm arm64 /Users/german/Work/JS/polski-grammar-srs/kotlin/iosApp/build/FinalVirtualMethodScrollFix/SDKExplicitPrecompiledModules/IOSurface-1LPHAPEND3551O8TT0ALZUVT1.pcm

SwiftExplicitDependencyGeneratePcm arm64 /Users/german/Work/JS/polski-grammar-srs/kotlin/iosApp/build/FinalVirtualMethodScrollFix/SDKExplicitPrecompiledModules/UniformTypeIdentifiers-D3RSJATMK2K9P9X7RSHA5531O.pcm

SwiftExplicitDependencyGeneratePcm arm64 /Users/german/Work/JS/polski-grammar-srs/kotlin/iosApp/build/FinalVirtualMethodScrollFix/SDKExplicitPrecompiledModules/UIUtilities-8CHD8XWQR2DMG0EZ4ER2UNJUW.pcm

SwiftExplicitDependencyGeneratePcm arm64 /Users/german/Work/JS/polski-grammar-srs/kotlin/iosApp/build/FinalVirtualMethodScrollFix/SDKExplicitPrecompiledModules/Metal-983V48NQIG29QD5HS3MNLUZSM.pcm

SwiftExplicitDependencyGeneratePcm arm64 /Users/german/Work/JS/polski-grammar-srs/kotlin/iosApp/build/FinalVirtualMethodScrollFix/SDKExplicitPrecompiledModules/CoreLocation-CUGKAMNB2PJIET2BWAKR9BM9E.pcm

SwiftExplicitDependencyGeneratePcm arm64 /Users/german/Work/JS/polski-grammar-srs/kotlin/iosApp/build/FinalVirtualMethodScrollFix/SDKExplicitPrecompiledModules/OSLog-6ZLEOQ3DY39EQYB90901CHRNM.pcm

SwiftExplicitDependencyGeneratePcm arm64 /Users/german/Work/JS/polski-grammar-srs/kotlin/iosApp/build/FinalVirtualMethodScrollFix/SDKExplicitPrecompiledModules/DataDetection-52Y3SAOA5R32FGWZ3FN84COUP.pcm

SwiftExplicitDependencyGeneratePcm arm64 /Users/german/Work/JS/polski-grammar-srs/kotlin/iosApp/build/FinalVirtualMethodScrollFix/SDKExplicitPrecompiledModules/CoreTransferable-DK3C7HYZDDF65E20TPASUT5B2.pcm

SwiftExplicitDependencyGeneratePcm arm64 /Users/german/Work/JS/polski-grammar-srs/kotlin/iosApp/build/FinalVirtualMethodScrollFix/SDKExplicitPrecompiledModules/CoreMotion-COFDCIND1MK7O4XLIC3X0RK6N.pcm

SwiftExplicitDependencyGeneratePcm arm64 /Users/german/Work/JS/polski-grammar-srs/kotlin/iosApp/build/FinalVirtualMethodScrollFix/SDKExplicitPrecompiledModules/CoreVideo-ANDSBBTVSD792SF2C5380U3ZF.pcm

SwiftExplicitDependencyGeneratePcm arm64 /Users/german/Work/JS/polski-grammar-srs/kotlin/iosApp/build/FinalVirtualMethodScrollFix/SDKExplicitPrecompiledModules/CoreMedia-1M8AT7Q2SNSZQU7IO6Z8SH0H5.pcm

SwiftExplicitDependencyGeneratePcm arm64 /Users/german/Work/JS/polski-grammar-srs/kotlin/iosApp/build/FinalVirtualMethodScrollFix/SDKExplicitPrecompiledModules/QuartzCore-1NUDICY09Z5QRDIDEHAATX1VH.pcm

SwiftExplicitDependencyGeneratePcm arm64 /Users/german/Work/JS/polski-grammar-srs/kotlin/iosApp/build/FinalVirtualMethodScrollFix/SDKExplicitPrecompiledModules/CoreImage-BQRHEDTH43NZCSM1PLWV9BZ92.pcm

SwiftExplicitDependencyGeneratePcm arm64 /Users/german/Work/JS/polski-grammar-srs/kotlin/iosApp/build/FinalVirtualMethodScrollFix/SDKExplicitPrecompiledModules/SwiftUICore-5QIDQ50NDHH0SEWVFYD363886.pcm

SwiftExplicitDependencyGeneratePcm arm64 /Users/german/Work/JS/polski-grammar-srs/kotlin/iosApp/build/FinalVirtualMethodScrollFix/SDKExplicitPrecompiledModules/UIKit-5EUSL5NZ5J2ZQA53M16BFRIKP.pcm

SwiftExplicitDependencyGeneratePcm arm64 /Users/german/Work/JS/polski-grammar-srs/kotlin/iosApp/build/FinalVirtualMethodScrollFix/SDKExplicitPrecompiledModules/SwiftUI-6XZUR6BNLEB974JKSCPMSTWT1.pcm

SwiftEmitModule normal arm64 Emitting\ module\ for\ PolskiGrammar (in target 'PolskiGrammar' from project 'PolskiGrammar')

SwiftCompile normal arm64 (in target 'PolskiGrammar' from project 'PolskiGrammar')
    cd /Users/german/Work/JS/polski-grammar-srs/kotlin/iosApp
    

SwiftCompile normal arm64 Compiling\ PolskiGrammarApp.swift /Users/german/Work/JS/polski-grammar-srs/kotlin/iosApp/PolskiGrammar/PolskiGrammarApp.swift (in target 'PolskiGrammar' from project 'PolskiGrammar')

SwiftCompile normal arm64 /Users/german/Work/JS/polski-grammar-srs/kotlin/iosApp/PolskiGrammar/PolskiGrammarApp.swift (in target 'PolskiGrammar' from project 'PolskiGrammar')
    cd /Users/german/Work/JS/polski-grammar-srs/kotlin/iosApp
    builtin-SwiftPerFileCompile PolskiGrammarApp.swift

SwiftCompile normal arm64 Compiling\ GeneratedAssetSymbols.swift /Users/german/Work/JS/polski-grammar-srs/kotlin/iosApp/build/FinalVirtualMethodScrollFix/Build/Intermediates.noindex/PolskiGrammar.build/Debug-iphonesimulator/PolskiGrammar.build/DerivedSources/GeneratedAssetSymbols.swift (in target 'PolskiGrammar' from project 'PolskiGrammar')

SwiftCompile normal arm64 /Users/german/Work/JS/polski-grammar-srs/kotlin/iosApp/build/FinalVirtualMethodScrollFix/Build/Intermediates.noindex/PolskiGrammar.build/Debug-iphonesimulator/PolskiGrammar.build/DerivedSources/GeneratedAssetSymbols.swift (in target 'PolskiGrammar' from project 'PolskiGrammar')
    cd /Users/german/Work/JS/polski-grammar-srs/kotlin/iosApp
    builtin-SwiftPerFileCompile GeneratedAssetSymbols.swift

SwiftDriverJobDiscovery normal arm64 Emitting module for PolskiGrammar (in target 'PolskiGrammar' from project 'PolskiGrammar')

SwiftDriver\ Compilation\ Requirements PolskiGrammar normal arm64 com.apple.xcode.tools.swift.compiler (in target 'PolskiGrammar' from project 'PolskiGrammar')
    cd /Users/german/Work/JS/polski-grammar-srs/kotlin/iosApp
    builtin-Swift-Compilation-Requirements -- /Applications/Xcode.app/Contents/Developer/Toolchains/XcodeDefault.xctoolchain/usr/bin/swiftc -module-name PolskiGrammar -Onone @/Users/german/Work/JS/polski-grammar-srs/kotlin/iosApp/build/FinalVirtualMethodScrollFix/Build/Intermediates.noindex/PolskiGrammar.build/Debug-iphonesimulator/PolskiGrammar.build/Objects-normal/arm64/PolskiGrammar.SwiftFileList -DDEBUG -enable-bare-slash-regex -enable-experimental-feature DebugDescriptionMacro -sdk /Applications/Xcode.app/Contents/Developer/Platforms/iPhoneSimulator.platform/Developer/SDKs/iPhoneSimulator27.0.sdk -target arm64-apple-ios17.0-simulator -g -module-cache-path /Users/german/Work/JS/polski-grammar-srs/kotlin/iosApp/build/FinalVirtualMethodScrollFix/ModuleCache.noindex -Xfrontend -serialize-debugging-options -enable-testing -index-store-path /Users/german/Work/JS/polski-grammar-srs/kotlin/iosApp/build/FinalVirtualMethodScrollFix/Index.noindex/DataStore -Xcc -D_LIBCPP_HARDENING_MODE\=_LIBCPP_HARDENING_MODE_DEBUG -swift-version 5 -I /Users/german/Work/JS/polski-grammar-srs/kotlin/iosApp/build/FinalVirtualMethodScrollFix/Build/Products/Debug-iphonesimulator -F /Users/german/Work/JS/polski-grammar-srs/kotlin/iosApp/build/FinalVirtualMethodScrollFix/Build/Products/Debug-iphonesimulator -c -j10 -enable-batch-mode -incremental -Xcc -ivfsstatcache -Xcc /Users/german/Work/JS/polski-grammar-srs/kotlin/iosApp/build/FinalVirtualMethodScrollFix/SDKStatCaches.noindex/iphonesimulator27.0-24A430-8dc58220667be655e1bcc261a7455254.sdkstatcache -output-file-map /Users/german/Work/JS/polski-grammar-srs/kotlin/iosApp/build/FinalVirtualMethodScrollFix/Build/Intermediates.noindex/PolskiGrammar.build/Debug-iphonesimulator/PolskiGrammar.build/Objects-normal/arm64/PolskiGrammar-OutputFileMap.json -save-temps -no-color-diagnostics -explicit-module-build -module-cache-path /Users/german/Work/JS/polski-grammar-srs/kotlin/iosApp/build/FinalVirtualMethodScrollFix/Build/Intermediates.noindex/SwiftExplicitPrecompiledModules -clang-scanner-module-cache-path /Users/german/Work/JS/polski-grammar-srs/kotlin/iosApp/build/FinalVirtualMethodScrollFix/ModuleCache.noindex -sdk-module-cache-path /Users/german/Work/JS/polski-grammar-srs/kotlin/iosApp/build/FinalVirtualMethodScrollFix/SDKExplicitPrecompiledModules -emit-dependencies -emit-module -emit-module-path /Users/german/Work/JS/polski-grammar-srs/kotlin/iosApp/build/FinalVirtualMethodScrollFix/Build/Intermediates.noindex/PolskiGrammar.build/Debug-iphonesimulator/PolskiGrammar.build/Objects-normal/arm64/PolskiGrammar.swiftmodule -serialize-diagnostics -dependency-scan-serialize-diagnostics-path /Users/german/Work/JS/polski-grammar-srs/kotlin/iosApp/build/FinalVirtualMethodScrollFix/Build/Intermediates.noindex/PolskiGrammar.build/Debug-iphonesimulator/PolskiGrammar.build/Objects-normal/arm64/PolskiGrammar-dependency-scan.dia -validate-clang-modules-once -clang-build-session-file /Users/german/Work/JS/polski-grammar-srs/kotlin/iosApp/build/FinalVirtualMethodScrollFix/ModuleCache.noindex/Session.modulevalidation -Xcc -fmodules-prune-interval\=86400 -Xcc -fmodules-prune-after\=345600 -emit-const-values -const-gather-protocols-list /Users/german/Work/JS/polski-grammar-srs/kotlin/iosApp/build/FinalVirtualMethodScrollFix/Build/Intermediates.noindex/PolskiGrammar.build/Debug-iphonesimulator/PolskiGrammar.build/Objects-normal/arm64/PolskiGrammar_const_extract_protocols.json -Xcc -iquote -Xcc /Users/german/Work/JS/polski-grammar-srs/kotlin/iosApp/build/FinalVirtualMethodScrollFix/Build/Intermediates.noindex/PolskiGrammar.build/Debug-iphonesimulator/PolskiGrammar.build/PolskiGrammar-generated-files.hmap -Xcc -I/Users/german/Work/JS/polski-grammar-srs/kotlin/iosApp/build/FinalVirtualMethodScrollFix/Build/Intermediates.noindex/PolskiGrammar.build/Debug-iphonesimulator/PolskiGrammar.build/PolskiGrammar-own-target-headers.hmap -Xcc -I/Users/german/Work/JS/polski-grammar-srs/kotlin/iosApp/build/FinalVirtualMethodScrollFix/Build/Intermediates.noindex/PolskiGrammar.build/Debug-iphonesimulator/PolskiGrammar.build/PolskiGrammar-all-target-headers.hmap -Xcc -iquote -Xcc /Users/german/Work/JS/polski-grammar-srs/kotlin/iosApp/build/FinalVirtualMethodScrollFix/Build/Intermediates.noindex/PolskiGrammar.build/Debug-iphonesimulator/PolskiGrammar.build/PolskiGrammar-project-headers.hmap -Xcc -I/Users/german/Work/JS/polski-grammar-srs/kotlin/iosApp/build/FinalVirtualMethodScrollFix/Build/Products/Debug-iphonesimulator/include -Xcc -I/Users/german/Work/JS/polski-grammar-srs/kotlin/iosApp/build/FinalVirtualMethodScrollFix/Build/Intermediates.noindex/PolskiGrammar.build/Debug-iphonesimulator/PolskiGrammar.build/DerivedSources-normal/arm64 -Xcc -I/Users/german/Work/JS/polski-grammar-srs/kotlin/iosApp/build/FinalVirtualMethodScrollFix/Build/Intermediates.noindex/PolskiGrammar.build/Debug-iphonesimulator/PolskiGrammar.build/DerivedSources/arm64 -Xcc -I/Users/german/Work/JS/polski-grammar-srs/kotlin/iosApp/build/FinalVirtualMethodScrollFix/Build/Intermediates.noindex/PolskiGrammar.build/Debug-iphonesimulator/PolskiGrammar.build/DerivedSources -Xcc -DDEBUG\=1 -emit-objc-header -emit-objc-header-path /Users/german/Work/JS/polski-grammar-srs/kotlin/iosApp/build/FinalVirtualMethodScrollFix/Build/Intermediates.noindex/PolskiGrammar.build/Debug-iphonesimulator/PolskiGrammar.build/Objects-normal/arm64/PolskiGrammar-Swift.h -working-directory /Users/german/Work/JS/polski-grammar-srs/kotlin/iosApp -experimental-emit-module-separately -disable-cmo

SwiftMergeGeneratedHeaders /Users/german/Work/JS/polski-grammar-srs/kotlin/iosApp/build/FinalVirtualMethodScrollFix/Build/Intermediates.noindex/PolskiGrammar.build/Debug-iphonesimulator/PolskiGrammar.build/DerivedSources/PolskiGrammar-Swift.h /Users/german/Work/JS/polski-grammar-srs/kotlin/iosApp/build/FinalVirtualMethodScrollFix/Build/Intermediates.noindex/PolskiGrammar.build/Debug-iphonesimulator/PolskiGrammar.build/Objects-normal/arm64/PolskiGrammar-Swift.h (in target 'PolskiGrammar' from project 'PolskiGrammar')
    cd /Users/german/Work/JS/polski-grammar-srs/kotlin/iosApp
    builtin-swiftHeaderTool -arch arm64 /Users/german/Work/JS/polski-grammar-srs/kotlin/iosApp/build/FinalVirtualMethodScrollFix/Build/Intermediates.noindex/PolskiGrammar.build/Debug-iphonesimulator/PolskiGrammar.build/Objects-normal/arm64/PolskiGrammar-Swift.h -o /Users/german/Work/JS/polski-grammar-srs/kotlin/iosApp/build/FinalVirtualMethodScrollFix/Build/Intermediates.noindex/PolskiGrammar.build/Debug-iphonesimulator/PolskiGrammar.build/DerivedSources/PolskiGrammar-Swift.h

Copy /Users/german/Work/JS/polski-grammar-srs/kotlin/iosApp/build/FinalVirtualMethodScrollFix/Build/Products/Debug-iphonesimulator/PolskiGrammar.swiftmodule/arm64-apple-ios-simulator.swiftmodule /Users/german/Work/JS/polski-grammar-srs/kotlin/iosApp/build/FinalVirtualMethodScrollFix/Build/Intermediates.noindex/PolskiGrammar.build/Debug-iphonesimulator/PolskiGrammar.build/Objects-normal/arm64/PolskiGrammar.swiftmodule (in target 'PolskiGrammar' from project 'PolskiGrammar')
    cd /Users/german/Work/JS/polski-grammar-srs/kotlin/iosApp
    builtin-copy -exclude .DS_Store -exclude CVS -exclude .svn -exclude .git -exclude .hg -resolve-src-symlinks -rename /Users/german/Work/JS/polski-grammar-srs/kotlin/iosApp/build/FinalVirtualMethodScrollFix/Build/Intermediates.noindex/PolskiGrammar.build/Debug-iphonesimulator/PolskiGrammar.build/Objects-normal/arm64/PolskiGrammar.swiftmodule /Users/german/Work/JS/polski-grammar-srs/kotlin/iosApp/build/FinalVirtualMethodScrollFix/Build/Products/Debug-iphonesimulator/PolskiGrammar.swiftmodule/arm64-apple-ios-simulator.swiftmodule

Copy /Users/german/Work/JS/polski-grammar-srs/kotlin/iosApp/build/FinalVirtualMethodScrollFix/Build/Products/Debug-iphonesimulator/PolskiGrammar.swiftmodule/arm64-apple-ios-simulator.swiftdoc /Users/german/Work/JS/polski-grammar-srs/kotlin/iosApp/build/FinalVirtualMethodScrollFix/Build/Intermediates.noindex/PolskiGrammar.build/Debug-iphonesimulator/PolskiGrammar.build/Objects-normal/arm64/PolskiGrammar.swiftdoc (in target 'PolskiGrammar' from project 'PolskiGrammar')
    cd /Users/german/Work/JS/polski-grammar-srs/kotlin/iosApp
    builtin-copy -exclude .DS_Store -exclude CVS -exclude .svn -exclude .git -exclude .hg -resolve-src-symlinks -rename /Users/german/Work/JS/polski-grammar-srs/kotlin/iosApp/build/FinalVirtualMethodScrollFix/Build/Intermediates.noindex/PolskiGrammar.build/Debug-iphonesimulator/PolskiGrammar.build/Objects-normal/arm64/PolskiGrammar.swiftdoc /Users/german/Work/JS/polski-grammar-srs/kotlin/iosApp/build/FinalVirtualMethodScrollFix/Build/Products/Debug-iphonesimulator/PolskiGrammar.swiftmodule/arm64-apple-ios-simulator.swiftdoc

Copy /Users/german/Work/JS/polski-grammar-srs/kotlin/iosApp/build/FinalVirtualMethodScrollFix/Build/Products/Debug-iphonesimulator/PolskiGrammar.swiftmodule/arm64-apple-ios-simulator.abi.json /Users/german/Work/JS/polski-grammar-srs/kotlin/iosApp/build/FinalVirtualMethodScrollFix/Build/Intermediates.noindex/PolskiGrammar.build/Debug-iphonesimulator/PolskiGrammar.build/Objects-normal/arm64/PolskiGrammar.abi.json (in target 'PolskiGrammar' from project 'PolskiGrammar')
    cd /Users/german/Work/JS/polski-grammar-srs/kotlin/iosApp
    builtin-copy -exclude .DS_Store -exclude CVS -exclude .svn -exclude .git -exclude .hg -resolve-src-symlinks -rename /Users/german/Work/JS/polski-grammar-srs/kotlin/iosApp/build/FinalVirtualMethodScrollFix/Build/Intermediates.noindex/PolskiGrammar.build/Debug-iphonesimulator/PolskiGrammar.build/Objects-normal/arm64/PolskiGrammar.abi.json /Users/german/Work/JS/polski-grammar-srs/kotlin/iosApp/build/FinalVirtualMethodScrollFix/Build/Products/Debug-iphonesimulator/PolskiGrammar.swiftmodule/arm64-apple-ios-simulator.abi.json

Copy /Users/german/Work/JS/polski-grammar-srs/kotlin/iosApp/build/FinalVirtualMethodScrollFix/Build/Products/Debug-iphonesimulator/PolskiGrammar.swiftmodule/Project/arm64-apple-ios-simulator.swiftsourceinfo /Users/german/Work/JS/polski-grammar-srs/kotlin/iosApp/build/FinalVirtualMethodScrollFix/Build/Intermediates.noindex/PolskiGrammar.build/Debug-iphonesimulator/PolskiGrammar.build/Objects-normal/arm64/PolskiGrammar.swiftsourceinfo (in target 'PolskiGrammar' from project 'PolskiGrammar')
    cd /Users/german/Work/JS/polski-grammar-srs/kotlin/iosApp
    builtin-copy -exclude .DS_Store -exclude CVS -exclude .svn -exclude .git -exclude .hg -resolve-src-symlinks -rename /Users/german/Work/JS/polski-grammar-srs/kotlin/iosApp/build/FinalVirtualMethodScrollFix/Build/Intermediates.noindex/PolskiGrammar.build/Debug-iphonesimulator/PolskiGrammar.build/Objects-normal/arm64/PolskiGrammar.swiftsourceinfo /Users/german/Work/JS/polski-grammar-srs/kotlin/iosApp/build/FinalVirtualMethodScrollFix/Build/Products/Debug-iphonesimulator/PolskiGrammar.swiftmodule/Project/arm64-apple-ios-simulator.swiftsourceinfo

SwiftDriver PolskiGrammarUITests normal arm64 com.apple.xcode.tools.swift.compiler (in target 'PolskiGrammarUITests' from project 'PolskiGrammar')
    cd /Users/german/Work/JS/polski-grammar-srs/kotlin/iosApp
    builtin-SwiftDriver -- /Applications/Xcode.app/Contents/Developer/Toolchains/XcodeDefault.xctoolchain/usr/bin/swiftc -module-name PolskiGrammarUITests -Onone @/Users/german/Work/JS/polski-grammar-srs/kotlin/iosApp/build/FinalVirtualMethodScrollFix/Build/Intermediates.noindex/PolskiGrammar.build/Debug-iphonesimulator/PolskiGrammarUITests.build/Objects-normal/arm64/PolskiGrammarUITests.SwiftFileList -DDEBUG -module-alias Testing\=_Testing_Unavailable -plugin-path /Applications/Xcode.app/Contents/Developer/Toolchains/XcodeDefault.xctoolchain/usr/lib/swift/host/plugins/testing -enable-bare-slash-regex -enable-experimental-feature DebugDescriptionMacro -sdk /Applications/Xcode.app/Contents/Developer/Platforms/iPhoneSimulator.platform/Developer/SDKs/iPhoneSimulator27.0.sdk -target arm64-apple-ios17.0-simulator -g -module-cache-path /Users/german/Work/JS/polski-grammar-srs/kotlin/iosApp/build/FinalVirtualMethodScrollFix/ModuleCache.noindex -Xfrontend -serialize-debugging-options -enable-testing -index-store-path /Users/german/Work/JS/polski-grammar-srs/kotlin/iosApp/build/FinalVirtualMethodScrollFix/Index.noindex/DataStore -Xcc -D_LIBCPP_HARDENING_MODE\=_LIBCPP_HARDENING_MODE_DEBUG -swift-version 5 -I /Users/german/Work/JS/polski-grammar-srs/kotlin/iosApp/build/FinalVirtualMethodScrollFix/Build/Products/Debug-iphonesimulator -Isystem /Applications/Xcode.app/Contents/Developer/Platforms/iPhoneSimulator.platform/Developer/usr/lib -F /Users/german/Work/JS/polski-grammar-srs/kotlin/iosApp/build/FinalVirtualMethodScrollFix/Build/Products/Debug-iphonesimulator -F /Applications/Xcode.app/Contents/Developer/Platforms/iPhoneSimulator.platform/Developer/Library/Frameworks -F /Applications/Xcode.app/Contents/Developer/Platforms/iPhoneSimulator.platform/Developer/SDKs/iPhoneSimulator27.0.sdk/Developer/Library/Frameworks -parse-as-library -c -j10 -enable-batch-mode -incremental -Xcc -ivfsstatcache -Xcc /Users/german/Work/JS/polski-grammar-srs/kotlin/iosApp/build/FinalVirtualMethodScrollFix/SDKStatCaches.noindex/iphonesimulator27.0-24A430-8dc58220667be655e1bcc261a7455254.sdkstatcache -output-file-map /Users/german/Work/JS/polski-grammar-srs/kotlin/iosApp/build/FinalVirtualMethodScrollFix/Build/Intermediates.noindex/PolskiGrammar.build/Debug-iphonesimulator/PolskiGrammarUITests.build/Objects-normal/arm64/PolskiGrammarUITests-OutputFileMap.json -save-temps -no-color-diagnostics -explicit-module-build -module-cache-path /Users/german/Work/JS/polski-grammar-srs/kotlin/iosApp/build/FinalVirtualMethodScrollFix/Build/Intermediates.noindex/SwiftExplicitPrecompiledModules -clang-scanner-module-cache-path /Users/german/Work/JS/polski-grammar-srs/kotlin/iosApp/build/FinalVirtualMethodScrollFix/ModuleCache.noindex -sdk-module-cache-path /Users/german/Work/JS/polski-grammar-srs/kotlin/iosApp/build/FinalVirtualMethodScrollFix/SDKExplicitPrecompiledModules -emit-dependencies -emit-module -emit-module-path /Users/german/Work/JS/polski-grammar-srs/kotlin/iosApp/build/FinalVirtualMethodScrollFix/Build/Intermediates.noindex/PolskiGrammar.build/Debug-iphonesimulator/PolskiGrammarUITests.build/Objects-normal/arm64/PolskiGrammarUITests.swiftmodule -serialize-diagnostics -dependency-scan-serialize-diagnostics-path /Users/german/Work/JS/polski-grammar-srs/kotlin/iosApp/build/FinalVirtualMethodScrollFix/Build/Intermediates.noindex/PolskiGrammar.build/Debug-iphonesimulator/PolskiGrammarUITests.build/Objects-normal/arm64/PolskiGrammarUITests-dependency-scan.dia -validate-clang-modules-once -clang-build-session-file /Users/german/Work/JS/polski-grammar-srs/kotlin/iosApp/build/FinalVirtualMethodScrollFix/ModuleCache.noindex/Session.modulevalidation -Xcc -fmodules-prune-interval\=86400 -Xcc -fmodules-prune-after\=345600 -emit-const-values -const-gather-protocols-list /Users/german/Work/JS/polski-grammar-srs/kotlin/iosApp/build/FinalVirtualMethodScrollFix/Build/Intermediates.noindex/PolskiGrammar.build/Debug-iphonesimulator/PolskiGrammarUITests.build/Objects-normal/arm64/PolskiGrammarUITests_const_extract_protocols.json -Xcc -iquote -Xcc /Users/german/Work/JS/polski-grammar-srs/kotlin/iosApp/build/FinalVirtualMethodScrollFix/Build/Intermediates.noindex/PolskiGrammar.build/Debug-iphonesimulator/PolskiGrammarUITests.build/PolskiGrammarUITests-generated-files.hmap -Xcc -I/Users/german/Work/JS/polski-grammar-srs/kotlin/iosApp/build/FinalVirtualMethodScrollFix/Build/Intermediates.noindex/PolskiGrammar.build/Debug-iphonesimulator/PolskiGrammarUITests.build/PolskiGrammarUITests-own-target-headers.hmap -Xcc -I/Users/german/Work/JS/polski-grammar-srs/kotlin/iosApp/build/FinalVirtualMethodScrollFix/Build/Intermediates.noindex/PolskiGrammar.build/Debug-iphonesimulator/PolskiGrammarUITests.build/PolskiGrammarUITests-all-target-headers.hmap -Xcc -iquote -Xcc /Users/german/Work/JS/polski-grammar-srs/kotlin/iosApp/build/FinalVirtualMethodScrollFix/Build/Intermediates.noindex/PolskiGrammar.build/Debug-iphonesimulator/PolskiGrammarUITests.build/PolskiGrammarUITests-project-headers.hmap -Xcc -I/Users/german/Work/JS/polski-grammar-srs/kotlin/iosApp/build/FinalVirtualMethodScrollFix/Build/Products/Debug-iphonesimulator/include -Xcc -I/Users/german/Work/JS/polski-grammar-srs/kotlin/iosApp/build/FinalVirtualMethodScrollFix/Build/Intermediates.noindex/PolskiGrammar.build/Debug-iphonesimulator/PolskiGrammarUITests.build/DerivedSources-normal/arm64 -Xcc -I/Users/german/Work/JS/polski-grammar-srs/kotlin/iosApp/build/FinalVirtualMethodScrollFix/Build/Intermediates.noindex/PolskiGrammar.build/Debug-iphonesimulator/PolskiGrammarUITests.build/DerivedSources/arm64 -Xcc -I/Users/german/Work/JS/polski-grammar-srs/kotlin/iosApp/build/FinalVirtualMethodScrollFix/Build/Intermediates.noindex/PolskiGrammar.build/Debug-iphonesimulator/PolskiGrammarUITests.build/DerivedSources -Xcc -DDEBUG\=1 -emit-objc-header -emit-objc-header-path /Users/german/Work/JS/polski-grammar-srs/kotlin/iosApp/build/FinalVirtualMethodScrollFix/Build/Intermediates.noindex/PolskiGrammar.build/Debug-iphonesimulator/PolskiGrammarUITests.build/Objects-normal/arm64/PolskiGrammarUITests-Swift.h -working-directory /Users/german/Work/JS/polski-grammar-srs/kotlin/iosApp -experimental-emit-module-separately -disable-cmo

SwiftExplicitDependencyGeneratePcm arm64 /Users/german/Work/JS/polski-grammar-srs/kotlin/iosApp/build/FinalVirtualMethodScrollFix/Build/Intermediates.noindex/SwiftExplicitPrecompiledModules/XCUIAutomation-AZENU7RFGUU3DR1KI8PRV2KWS.pcm

SwiftExplicitDependencyGeneratePcm arm64 /Users/german/Work/JS/polski-grammar-srs/kotlin/iosApp/build/FinalVirtualMethodScrollFix/Build/Intermediates.noindex/SwiftExplicitPrecompiledModules/XCTest-AQ6CLH3RV87SX2WUANDL68C3T.pcm

SwiftExplicitDependencyCompileModuleFromInterface arm64 /Users/german/Work/JS/polski-grammar-srs/kotlin/iosApp/build/FinalVirtualMethodScrollFix/Build/Intermediates.noindex/SwiftExplicitPrecompiledModules/XCUIAutomation-CPY21F1OJ3ZQ.swiftmodule

SwiftExplicitDependencyCompileModuleFromInterface arm64 /Users/german/Work/JS/polski-grammar-srs/kotlin/iosApp/build/FinalVirtualMethodScrollFix/Build/Intermediates.noindex/SwiftExplicitPrecompiledModules/XCTest-2XSZZTTT2BNUO.swiftmodule

SwiftEmitModule normal arm64 Emitting\ module\ for\ PolskiGrammarUITests (in target 'PolskiGrammarUITests' from project 'PolskiGrammar')

SwiftCompile normal arm64 (in target 'PolskiGrammarUITests' from project 'PolskiGrammar')
    cd /Users/german/Work/JS/polski-grammar-srs/kotlin/iosApp
    

SwiftCompile normal arm64 Compiling\ PolskiGrammarUITests.swift /Users/german/Work/JS/polski-grammar-srs/kotlin/iosApp/PolskiGrammarUITests/PolskiGrammarUITests.swift (in target 'PolskiGrammarUITests' from project 'PolskiGrammar')

SwiftCompile normal arm64 /Users/german/Work/JS/polski-grammar-srs/kotlin/iosApp/PolskiGrammarUITests/PolskiGrammarUITests.swift (in target 'PolskiGrammarUITests' from project 'PolskiGrammar')
    cd /Users/german/Work/JS/polski-grammar-srs/kotlin/iosApp
    builtin-SwiftPerFileCompile PolskiGrammarUITests.swift

SwiftDriverJobDiscovery normal arm64 Compiling GeneratedAssetSymbols.swift (in target 'PolskiGrammar' from project 'PolskiGrammar')

SwiftDriverJobDiscovery normal arm64 Emitting module for PolskiGrammarUITests (in target 'PolskiGrammarUITests' from project 'PolskiGrammar')

SwiftDriver\ Compilation\ Requirements PolskiGrammarUITests normal arm64 com.apple.xcode.tools.swift.compiler (in target 'PolskiGrammarUITests' from project 'PolskiGrammar')
    cd /Users/german/Work/JS/polski-grammar-srs/kotlin/iosApp
    builtin-Swift-Compilation-Requirements -- /Applications/Xcode.app/Contents/Developer/Toolchains/XcodeDefault.xctoolchain/usr/bin/swiftc -module-name PolskiGrammarUITests -Onone @/Users/german/Work/JS/polski-grammar-srs/kotlin/iosApp/build/FinalVirtualMethodScrollFix/Build/Intermediates.noindex/PolskiGrammar.build/Debug-iphonesimulator/PolskiGrammarUITests.build/Objects-normal/arm64/PolskiGrammarUITests.SwiftFileList -DDEBUG -module-alias Testing\=_Testing_Unavailable -plugin-path /Applications/Xcode.app/Contents/Developer/Toolchains/XcodeDefault.xctoolchain/usr/lib/swift/host/plugins/testing -enable-bare-slash-regex -enable-experimental-feature DebugDescriptionMacro -sdk /Applications/Xcode.app/Contents/Developer/Platforms/iPhoneSimulator.platform/Developer/SDKs/iPhoneSimulator27.0.sdk -target arm64-apple-ios17.0-simulator -g -module-cache-path /Users/german/Work/JS/polski-grammar-srs/kotlin/iosApp/build/FinalVirtualMethodScrollFix/ModuleCache.noindex -Xfrontend -serialize-debugging-options -enable-testing -index-store-path /Users/german/Work/JS/polski-grammar-srs/kotlin/iosApp/build/FinalVirtualMethodScrollFix/Index.noindex/DataStore -Xcc -D_LIBCPP_HARDENING_MODE\=_LIBCPP_HARDENING_MODE_DEBUG -swift-version 5 -I /Users/german/Work/JS/polski-grammar-srs/kotlin/iosApp/build/FinalVirtualMethodScrollFix/Build/Products/Debug-iphonesimulator -Isystem /Applications/Xcode.app/Contents/Developer/Platforms/iPhoneSimulator.platform/Developer/usr/lib -F /Users/german/Work/JS/polski-grammar-srs/kotlin/iosApp/build/FinalVirtualMethodScrollFix/Build/Products/Debug-iphonesimulator -F /Applications/Xcode.app/Contents/Developer/Platforms/iPhoneSimulator.platform/Developer/Library/Frameworks -F /Applications/Xcode.app/Contents/Developer/Platforms/iPhoneSimulator.platform/Developer/SDKs/iPhoneSimulator27.0.sdk/Developer/Library/Frameworks -parse-as-library -c -j10 -enable-batch-mode -incremental -Xcc -ivfsstatcache -Xcc /Users/german/Work/JS/polski-grammar-srs/kotlin/iosApp/build/FinalVirtualMethodScrollFix/SDKStatCaches.noindex/iphonesimulator27.0-24A430-8dc58220667be655e1bcc261a7455254.sdkstatcache -output-file-map /Users/german/Work/JS/polski-grammar-srs/kotlin/iosApp/build/FinalVirtualMethodScrollFix/Build/Intermediates.noindex/PolskiGrammar.build/Debug-iphonesimulator/PolskiGrammarUITests.build/Objects-normal/arm64/PolskiGrammarUITests-OutputFileMap.json -save-temps -no-color-diagnostics -explicit-module-build -module-cache-path /Users/german/Work/JS/polski-grammar-srs/kotlin/iosApp/build/FinalVirtualMethodScrollFix/Build/Intermediates.noindex/SwiftExplicitPrecompiledModules -clang-scanner-module-cache-path /Users/german/Work/JS/polski-grammar-srs/kotlin/iosApp/build/FinalVirtualMethodScrollFix/ModuleCache.noindex -sdk-module-cache-path /Users/german/Work/JS/polski-grammar-srs/kotlin/iosApp/build/FinalVirtualMethodScrollFix/SDKExplicitPrecompiledModules -emit-dependencies -emit-module -emit-module-path /Users/german/Work/JS/polski-grammar-srs/kotlin/iosApp/build/FinalVirtualMethodScrollFix/Build/Intermediates.noindex/PolskiGrammar.build/Debug-iphonesimulator/PolskiGrammarUITests.build/Objects-normal/arm64/PolskiGrammarUITests.swiftmodule -serialize-diagnostics -dependency-scan-serialize-diagnostics-path /Users/german/Work/JS/polski-grammar-srs/kotlin/iosApp/build/FinalVirtualMethodScrollFix/Build/Intermediates.noindex/PolskiGrammar.build/Debug-iphonesimulator/PolskiGrammarUITests.build/Objects-normal/arm64/PolskiGrammarUITests-dependency-scan.dia -validate-clang-modules-once -clang-build-session-file /Users/german/Work/JS/polski-grammar-srs/kotlin/iosApp/build/FinalVirtualMethodScrollFix/ModuleCache.noindex/Session.modulevalidation -Xcc -fmodules-prune-interval\=86400 -Xcc -fmodules-prune-after\=345600 -emit-const-values -const-gather-protocols-list /Users/german/Work/JS/polski-grammar-srs/kotlin/iosApp/build/FinalVirtualMethodScrollFix/Build/Intermediates.noindex/PolskiGrammar.build/Debug-iphonesimulator/PolskiGrammarUITests.build/Objects-normal/arm64/PolskiGrammarUITests_const_extract_protocols.json -Xcc -iquote -Xcc /Users/german/Work/JS/polski-grammar-srs/kotlin/iosApp/build/FinalVirtualMethodScrollFix/Build/Intermediates.noindex/PolskiGrammar.build/Debug-iphonesimulator/PolskiGrammarUITests.build/PolskiGrammarUITests-generated-files.hmap -Xcc -I/Users/german/Work/JS/polski-grammar-srs/kotlin/iosApp/build/FinalVirtualMethodScrollFix/Build/Intermediates.noindex/PolskiGrammar.build/Debug-iphonesimulator/PolskiGrammarUITests.build/PolskiGrammarUITests-own-target-headers.hmap -Xcc -I/Users/german/Work/JS/polski-grammar-srs/kotlin/iosApp/build/FinalVirtualMethodScrollFix/Build/Intermediates.noindex/PolskiGrammar.build/Debug-iphonesimulator/PolskiGrammarUITests.build/PolskiGrammarUITests-all-target-headers.hmap -Xcc -iquote -Xcc /Users/german/Work/JS/polski-grammar-srs/kotlin/iosApp/build/FinalVirtualMethodScrollFix/Build/Intermediates.noindex/PolskiGrammar.build/Debug-iphonesimulator/PolskiGrammarUITests.build/PolskiGrammarUITests-project-headers.hmap -Xcc -I/Users/german/Work/JS/polski-grammar-srs/kotlin/iosApp/build/FinalVirtualMethodScrollFix/Build/Products/Debug-iphonesimulator/include -Xcc -I/Users/german/Work/JS/polski-grammar-srs/kotlin/iosApp/build/FinalVirtualMethodScrollFix/Build/Intermediates.noindex/PolskiGrammar.build/Debug-iphonesimulator/PolskiGrammarUITests.build/DerivedSources-normal/arm64 -Xcc -I/Users/german/Work/JS/polski-grammar-srs/kotlin/iosApp/build/FinalVirtualMethodScrollFix/Build/Intermediates.noindex/PolskiGrammar.build/Debug-iphonesimulator/PolskiGrammarUITests.build/DerivedSources/arm64 -Xcc -I/Users/german/Work/JS/polski-grammar-srs/kotlin/iosApp/build/FinalVirtualMethodScrollFix/Build/Intermediates.noindex/PolskiGrammar.build/Debug-iphonesimulator/PolskiGrammarUITests.build/DerivedSources -Xcc -DDEBUG\=1 -emit-objc-header -emit-objc-header-path /Users/german/Work/JS/polski-grammar-srs/kotlin/iosApp/build/FinalVirtualMethodScrollFix/Build/Intermediates.noindex/PolskiGrammar.build/Debug-iphonesimulator/PolskiGrammarUITests.build/Objects-normal/arm64/PolskiGrammarUITests-Swift.h -working-directory /Users/german/Work/JS/polski-grammar-srs/kotlin/iosApp -experimental-emit-module-separately -disable-cmo

SwiftMergeGeneratedHeaders /Users/german/Work/JS/polski-grammar-srs/kotlin/iosApp/build/FinalVirtualMethodScrollFix/Build/Intermediates.noindex/PolskiGrammar.build/Debug-iphonesimulator/PolskiGrammarUITests.build/DerivedSources/PolskiGrammarUITests-Swift.h /Users/german/Work/JS/polski-grammar-srs/kotlin/iosApp/build/FinalVirtualMethodScrollFix/Build/Intermediates.noindex/PolskiGrammar.build/Debug-iphonesimulator/PolskiGrammarUITests.build/Objects-normal/arm64/PolskiGrammarUITests-Swift.h (in target 'PolskiGrammarUITests' from project 'PolskiGrammar')
    cd /Users/german/Work/JS/polski-grammar-srs/kotlin/iosApp
    builtin-swiftHeaderTool -arch arm64 /Users/german/Work/JS/polski-grammar-srs/kotlin/iosApp/build/FinalVirtualMethodScrollFix/Build/Intermediates.noindex/PolskiGrammar.build/Debug-iphonesimulator/PolskiGrammarUITests.build/Objects-normal/arm64/PolskiGrammarUITests-Swift.h -o /Users/german/Work/JS/polski-grammar-srs/kotlin/iosApp/build/FinalVirtualMethodScrollFix/Build/Intermediates.noindex/PolskiGrammar.build/Debug-iphonesimulator/PolskiGrammarUITests.build/DerivedSources/PolskiGrammarUITests-Swift.h

Copy /Users/german/Work/JS/polski-grammar-srs/kotlin/iosApp/build/FinalVirtualMethodScrollFix/Build/Products/Debug-iphonesimulator/PolskiGrammarUITests.swiftmodule/arm64-apple-ios-simulator.abi.json /Users/german/Work/JS/polski-grammar-srs/kotlin/iosApp/build/FinalVirtualMethodScrollFix/Build/Intermediates.noindex/PolskiGrammar.build/Debug-iphonesimulator/PolskiGrammarUITests.build/Objects-normal/arm64/PolskiGrammarUITests.abi.json (in target 'PolskiGrammarUITests' from project 'PolskiGrammar')
    cd /Users/german/Work/JS/polski-grammar-srs/kotlin/iosApp
    builtin-copy -exclude .DS_Store -exclude CVS -exclude .svn -exclude .git -exclude .hg -resolve-src-symlinks -rename /Users/german/Work/JS/polski-grammar-srs/kotlin/iosApp/build/FinalVirtualMethodScrollFix/Build/Intermediates.noindex/PolskiGrammar.build/Debug-iphonesimulator/PolskiGrammarUITests.build/Objects-normal/arm64/PolskiGrammarUITests.abi.json /Users/german/Work/JS/polski-grammar-srs/kotlin/iosApp/build/FinalVirtualMethodScrollFix/Build/Products/Debug-iphonesimulator/PolskiGrammarUITests.swiftmodule/arm64-apple-ios-simulator.abi.json

Copy /Users/german/Work/JS/polski-grammar-srs/kotlin/iosApp/build/FinalVirtualMethodScrollFix/Build/Products/Debug-iphonesimulator/PolskiGrammarUITests.swiftmodule/arm64-apple-ios-simulator.swiftdoc /Users/german/Work/JS/polski-grammar-srs/kotlin/iosApp/build/FinalVirtualMethodScrollFix/Build/Intermediates.noindex/PolskiGrammar.build/Debug-iphonesimulator/PolskiGrammarUITests.build/Objects-normal/arm64/PolskiGrammarUITests.swiftdoc (in target 'PolskiGrammarUITests' from project 'PolskiGrammar')
    cd /Users/german/Work/JS/polski-grammar-srs/kotlin/iosApp
    builtin-copy -exclude .DS_Store -exclude CVS -exclude .svn -exclude .git -exclude .hg -resolve-src-symlinks -rename /Users/german/Work/JS/polski-grammar-srs/kotlin/iosApp/build/FinalVirtualMethodScrollFix/Build/Intermediates.noindex/PolskiGrammar.build/Debug-iphonesimulator/PolskiGrammarUITests.build/Objects-normal/arm64/PolskiGrammarUITests.swiftdoc /Users/german/Work/JS/polski-grammar-srs/kotlin/iosApp/build/FinalVirtualMethodScrollFix/Build/Products/Debug-iphonesimulator/PolskiGrammarUITests.swiftmodule/arm64-apple-ios-simulator.swiftdoc

Copy /Users/german/Work/JS/polski-grammar-srs/kotlin/iosApp/build/FinalVirtualMethodScrollFix/Build/Products/Debug-iphonesimulator/PolskiGrammarUITests.swiftmodule/arm64-apple-ios-simulator.swiftmodule /Users/german/Work/JS/polski-grammar-srs/kotlin/iosApp/build/FinalVirtualMethodScrollFix/Build/Intermediates.noindex/PolskiGrammar.build/Debug-iphonesimulator/PolskiGrammarUITests.build/Objects-normal/arm64/PolskiGrammarUITests.swiftmodule (in target 'PolskiGrammarUITests' from project 'PolskiGrammar')
    cd /Users/german/Work/JS/polski-grammar-srs/kotlin/iosApp
    builtin-copy -exclude .DS_Store -exclude CVS -exclude .svn -exclude .git -exclude .hg -resolve-src-symlinks -rename /Users/german/Work/JS/polski-grammar-srs/kotlin/iosApp/build/FinalVirtualMethodScrollFix/Build/Intermediates.noindex/PolskiGrammar.build/Debug-iphonesimulator/PolskiGrammarUITests.build/Objects-normal/arm64/PolskiGrammarUITests.swiftmodule /Users/german/Work/JS/polski-grammar-srs/kotlin/iosApp/build/FinalVirtualMethodScrollFix/Build/Products/Debug-iphonesimulator/PolskiGrammarUITests.swiftmodule/arm64-apple-ios-simulator.swiftmodule

Copy /Users/german/Work/JS/polski-grammar-srs/kotlin/iosApp/build/FinalVirtualMethodScrollFix/Build/Products/Debug-iphonesimulator/PolskiGrammarUITests.swiftmodule/Project/arm64-apple-ios-simulator.swiftsourceinfo /Users/german/Work/JS/polski-grammar-srs/kotlin/iosApp/build/FinalVirtualMethodScrollFix/Build/Intermediates.noindex/PolskiGrammar.build/Debug-iphonesimulator/PolskiGrammarUITests.build/Objects-normal/arm64/PolskiGrammarUITests.swiftsourceinfo (in target 'PolskiGrammarUITests' from project 'PolskiGrammar')
    cd /Users/german/Work/JS/polski-grammar-srs/kotlin/iosApp
    builtin-copy -exclude .DS_Store -exclude CVS -exclude .svn -exclude .git -exclude .hg -resolve-src-symlinks -rename /Users/german/Work/JS/polski-grammar-srs/kotlin/iosApp/build/FinalVirtualMethodScrollFix/Build/Intermediates.noindex/PolskiGrammar.build/Debug-iphonesimulator/PolskiGrammarUITests.build/Objects-normal/arm64/PolskiGrammarUITests.swiftsourceinfo /Users/german/Work/JS/polski-grammar-srs/kotlin/iosApp/build/FinalVirtualMethodScrollFix/Build/Products/Debug-iphonesimulator/PolskiGrammarUITests.swiftmodule/Project/arm64-apple-ios-simulator.swiftsourceinfo

SwiftDriverJobDiscovery normal arm64 Compiling PolskiGrammarUITests.swift (in target 'PolskiGrammarUITests' from project 'PolskiGrammar')

SwiftDriver\ Compilation PolskiGrammarUITests normal arm64 com.apple.xcode.tools.swift.compiler (in target 'PolskiGrammarUITests' from project 'PolskiGrammar')
    cd /Users/german/Work/JS/polski-grammar-srs/kotlin/iosApp
    builtin-Swift-Compilation -- /Applications/Xcode.app/Contents/Developer/Toolchains/XcodeDefault.xctoolchain/usr/bin/swiftc -module-name PolskiGrammarUITests -Onone @/Users/german/Work/JS/polski-grammar-srs/kotlin/iosApp/build/FinalVirtualMethodScrollFix/Build/Intermediates.noindex/PolskiGrammar.build/Debug-iphonesimulator/PolskiGrammarUITests.build/Objects-normal/arm64/PolskiGrammarUITests.SwiftFileList -DDEBUG -module-alias Testing\=_Testing_Unavailable -plugin-path /Applications/Xcode.app/Contents/Developer/Toolchains/XcodeDefault.xctoolchain/usr/lib/swift/host/plugins/testing -enable-bare-slash-regex -enable-experimental-feature DebugDescriptionMacro -sdk /Applications/Xcode.app/Contents/Developer/Platforms/iPhoneSimulator.platform/Developer/SDKs/iPhoneSimulator27.0.sdk -target arm64-apple-ios17.0-simulator -g -module-cache-path /Users/german/Work/JS/polski-grammar-srs/kotlin/iosApp/build/FinalVirtualMethodScrollFix/ModuleCache.noindex -Xfrontend -serialize-debugging-options -enable-testing -index-store-path /Users/german/Work/JS/polski-grammar-srs/kotlin/iosApp/build/FinalVirtualMethodScrollFix/Index.noindex/DataStore -Xcc -D_LIBCPP_HARDENING_MODE\=_LIBCPP_HARDENING_MODE_DEBUG -swift-version 5 -I /Users/german/Work/JS/polski-grammar-srs/kotlin/iosApp/build/FinalVirtualMethodScrollFix/Build/Products/Debug-iphonesimulator -Isystem /Applications/Xcode.app/Contents/Developer/Platforms/iPhoneSimulator.platform/Developer/usr/lib -F /Users/german/Work/JS/polski-grammar-srs/kotlin/iosApp/build/FinalVirtualMethodScrollFix/Build/Products/Debug-iphonesimulator -F /Applications/Xcode.app/Contents/Developer/Platforms/iPhoneSimulator.platform/Developer/Library/Frameworks -F /Applications/Xcode.app/Contents/Developer/Platforms/iPhoneSimulator.platform/Developer/SDKs/iPhoneSimulator27.0.sdk/Developer/Library/Frameworks -parse-as-library -c -j10 -enable-batch-mode -incremental -Xcc -ivfsstatcache -Xcc /Users/german/Work/JS/polski-grammar-srs/kotlin/iosApp/build/FinalVirtualMethodScrollFix/SDKStatCaches.noindex/iphonesimulator27.0-24A430-8dc58220667be655e1bcc261a7455254.sdkstatcache -output-file-map /Users/german/Work/JS/polski-grammar-srs/kotlin/iosApp/build/FinalVirtualMethodScrollFix/Build/Intermediates.noindex/PolskiGrammar.build/Debug-iphonesimulator/PolskiGrammarUITests.build/Objects-normal/arm64/PolskiGrammarUITests-OutputFileMap.json -save-temps -no-color-diagnostics -explicit-module-build -module-cache-path /Users/german/Work/JS/polski-grammar-srs/kotlin/iosApp/build/FinalVirtualMethodScrollFix/Build/Intermediates.noindex/SwiftExplicitPrecompiledModules -clang-scanner-module-cache-path /Users/german/Work/JS/polski-grammar-srs/kotlin/iosApp/build/FinalVirtualMethodScrollFix/ModuleCache.noindex -sdk-module-cache-path /Users/german/Work/JS/polski-grammar-srs/kotlin/iosApp/build/FinalVirtualMethodScrollFix/SDKExplicitPrecompiledModules -emit-dependencies -emit-module -emit-module-path /Users/german/Work/JS/polski-grammar-srs/kotlin/iosApp/build/FinalVirtualMethodScrollFix/Build/Intermediates.noindex/PolskiGrammar.build/Debug-iphonesimulator/PolskiGrammarUITests.build/Objects-normal/arm64/PolskiGrammarUITests.swiftmodule -serialize-diagnostics -dependency-scan-serialize-diagnostics-path /Users/german/Work/JS/polski-grammar-srs/kotlin/iosApp/build/FinalVirtualMethodScrollFix/Build/Intermediates.noindex/PolskiGrammar.build/Debug-iphonesimulator/PolskiGrammarUITests.build/Objects-normal/arm64/PolskiGrammarUITests-dependency-scan.dia -validate-clang-modules-once -clang-build-session-file /Users/german/Work/JS/polski-grammar-srs/kotlin/iosApp/build/FinalVirtualMethodScrollFix/ModuleCache.noindex/Session.modulevalidation -Xcc -fmodules-prune-interval\=86400 -Xcc -fmodules-prune-after\=345600 -emit-const-values -const-gather-protocols-list /Users/german/Work/JS/polski-grammar-srs/kotlin/iosApp/build/FinalVirtualMethodScrollFix/Build/Intermediates.noindex/PolskiGrammar.build/Debug-iphonesimulator/PolskiGrammarUITests.build/Objects-normal/arm64/PolskiGrammarUITests_const_extract_protocols.json -Xcc -iquote -Xcc /Users/german/Work/JS/polski-grammar-srs/kotlin/iosApp/build/FinalVirtualMethodScrollFix/Build/Intermediates.noindex/PolskiGrammar.build/Debug-iphonesimulator/PolskiGrammarUITests.build/PolskiGrammarUITests-generated-files.hmap -Xcc -I/Users/german/Work/JS/polski-grammar-srs/kotlin/iosApp/build/FinalVirtualMethodScrollFix/Build/Intermediates.noindex/PolskiGrammar.build/Debug-iphonesimulator/PolskiGrammarUITests.build/PolskiGrammarUITests-own-target-headers.hmap -Xcc -I/Users/german/Work/JS/polski-grammar-srs/kotlin/iosApp/build/FinalVirtualMethodScrollFix/Build/Intermediates.noindex/PolskiGrammar.build/Debug-iphonesimulator/PolskiGrammarUITests.build/PolskiGrammarUITests-all-target-headers.hmap -Xcc -iquote -Xcc /Users/german/Work/JS/polski-grammar-srs/kotlin/iosApp/build/FinalVirtualMethodScrollFix/Build/Intermediates.noindex/PolskiGrammar.build/Debug-iphonesimulator/PolskiGrammarUITests.build/PolskiGrammarUITests-project-headers.hmap -Xcc -I/Users/german/Work/JS/polski-grammar-srs/kotlin/iosApp/build/FinalVirtualMethodScrollFix/Build/Products/Debug-iphonesimulator/include -Xcc -I/Users/german/Work/JS/polski-grammar-srs/kotlin/iosApp/build/FinalVirtualMethodScrollFix/Build/Intermediates.noindex/PolskiGrammar.build/Debug-iphonesimulator/PolskiGrammarUITests.build/DerivedSources-normal/arm64 -Xcc -I/Users/german/Work/JS/polski-grammar-srs/kotlin/iosApp/build/FinalVirtualMethodScrollFix/Build/Intermediates.noindex/PolskiGrammar.build/Debug-iphonesimulator/PolskiGrammarUITests.build/DerivedSources/arm64 -Xcc -I/Users/german/Work/JS/polski-grammar-srs/kotlin/iosApp/build/FinalVirtualMethodScrollFix/Build/Intermediates.noindex/PolskiGrammar.build/Debug-iphonesimulator/PolskiGrammarUITests.build/DerivedSources -Xcc -DDEBUG\=1 -emit-objc-header -emit-objc-header-path /Users/german/Work/JS/polski-grammar-srs/kotlin/iosApp/build/FinalVirtualMethodScrollFix/Build/Intermediates.noindex/PolskiGrammar.build/Debug-iphonesimulator/PolskiGrammarUITests.build/Objects-normal/arm64/PolskiGrammarUITests-Swift.h -working-directory /Users/german/Work/JS/polski-grammar-srs/kotlin/iosApp -experimental-emit-module-separately -disable-cmo

SwiftDriverJobDiscovery normal arm64 Compiling PolskiGrammarApp.swift (in target 'PolskiGrammar' from project 'PolskiGrammar')

SwiftDriver\ Compilation PolskiGrammar normal arm64 com.apple.xcode.tools.swift.compiler (in target 'PolskiGrammar' from project 'PolskiGrammar')
    cd /Users/german/Work/JS/polski-grammar-srs/kotlin/iosApp
    builtin-Swift-Compilation -- /Applications/Xcode.app/Contents/Developer/Toolchains/XcodeDefault.xctoolchain/usr/bin/swiftc -module-name PolskiGrammar -Onone @/Users/german/Work/JS/polski-grammar-srs/kotlin/iosApp/build/FinalVirtualMethodScrollFix/Build/Intermediates.noindex/PolskiGrammar.build/Debug-iphonesimulator/PolskiGrammar.build/Objects-normal/arm64/PolskiGrammar.SwiftFileList -DDEBUG -enable-bare-slash-regex -enable-experimental-feature DebugDescriptionMacro -sdk /Applications/Xcode.app/Contents/Developer/Platforms/iPhoneSimulator.platform/Developer/SDKs/iPhoneSimulator27.0.sdk -target arm64-apple-ios17.0-simulator -g -module-cache-path /Users/german/Work/JS/polski-grammar-srs/kotlin/iosApp/build/FinalVirtualMethodScrollFix/ModuleCache.noindex -Xfrontend -serialize-debugging-options -enable-testing -index-store-path /Users/german/Work/JS/polski-grammar-srs/kotlin/iosApp/build/FinalVirtualMethodScrollFix/Index.noindex/DataStore -Xcc -D_LIBCPP_HARDENING_MODE\=_LIBCPP_HARDENING_MODE_DEBUG -swift-version 5 -I /Users/german/Work/JS/polski-grammar-srs/kotlin/iosApp/build/FinalVirtualMethodScrollFix/Build/Products/Debug-iphonesimulator -F /Users/german/Work/JS/polski-grammar-srs/kotlin/iosApp/build/FinalVirtualMethodScrollFix/Build/Products/Debug-iphonesimulator -c -j10 -enable-batch-mode -incremental -Xcc -ivfsstatcache -Xcc /Users/german/Work/JS/polski-grammar-srs/kotlin/iosApp/build/FinalVirtualMethodScrollFix/SDKStatCaches.noindex/iphonesimulator27.0-24A430-8dc58220667be655e1bcc261a7455254.sdkstatcache -output-file-map /Users/german/Work/JS/polski-grammar-srs/kotlin/iosApp/build/FinalVirtualMethodScrollFix/Build/Intermediates.noindex/PolskiGrammar.build/Debug-iphonesimulator/PolskiGrammar.build/Objects-normal/arm64/PolskiGrammar-OutputFileMap.json -save-temps -no-color-diagnostics -explicit-module-build -module-cache-path /Users/german/Work/JS/polski-grammar-srs/kotlin/iosApp/build/FinalVirtualMethodScrollFix/Build/Intermediates.noindex/SwiftExplicitPrecompiledModules -clang-scanner-module-cache-path /Users/german/Work/JS/polski-grammar-srs/kotlin/iosApp/build/FinalVirtualMethodScrollFix/ModuleCache.noindex -sdk-module-cache-path /Users/german/Work/JS/polski-grammar-srs/kotlin/iosApp/build/FinalVirtualMethodScrollFix/SDKExplicitPrecompiledModules -emit-dependencies -emit-module -emit-module-path /Users/german/Work/JS/polski-grammar-srs/kotlin/iosApp/build/FinalVirtualMethodScrollFix/Build/Intermediates.noindex/PolskiGrammar.build/Debug-iphonesimulator/PolskiGrammar.build/Objects-normal/arm64/PolskiGrammar.swiftmodule -serialize-diagnostics -dependency-scan-serialize-diagnostics-path /Users/german/Work/JS/polski-grammar-srs/kotlin/iosApp/build/FinalVirtualMethodScrollFix/Build/Intermediates.noindex/PolskiGrammar.build/Debug-iphonesimulator/PolskiGrammar.build/Objects-normal/arm64/PolskiGrammar-dependency-scan.dia -validate-clang-modules-once -clang-build-session-file /Users/german/Work/JS/polski-grammar-srs/kotlin/iosApp/build/FinalVirtualMethodScrollFix/ModuleCache.noindex/Session.modulevalidation -Xcc -fmodules-prune-interval\=86400 -Xcc -fmodules-prune-after\=345600 -emit-const-values -const-gather-protocols-list /Users/german/Work/JS/polski-grammar-srs/kotlin/iosApp/build/FinalVirtualMethodScrollFix/Build/Intermediates.noindex/PolskiGrammar.build/Debug-iphonesimulator/PolskiGrammar.build/Objects-normal/arm64/PolskiGrammar_const_extract_protocols.json -Xcc -iquote -Xcc /Users/german/Work/JS/polski-grammar-srs/kotlin/iosApp/build/FinalVirtualMethodScrollFix/Build/Intermediates.noindex/PolskiGrammar.build/Debug-iphonesimulator/PolskiGrammar.build/PolskiGrammar-generated-files.hmap -Xcc -I/Users/german/Work/JS/polski-grammar-srs/kotlin/iosApp/build/FinalVirtualMethodScrollFix/Build/Intermediates.noindex/PolskiGrammar.build/Debug-iphonesimulator/PolskiGrammar.build/PolskiGrammar-own-target-headers.hmap -Xcc -I/Users/german/Work/JS/polski-grammar-srs/kotlin/iosApp/build/FinalVirtualMethodScrollFix/Build/Intermediates.noindex/PolskiGrammar.build/Debug-iphonesimulator/PolskiGrammar.build/PolskiGrammar-all-target-headers.hmap -Xcc -iquote -Xcc /Users/german/Work/JS/polski-grammar-srs/kotlin/iosApp/build/FinalVirtualMethodScrollFix/Build/Intermediates.noindex/PolskiGrammar.build/Debug-iphonesimulator/PolskiGrammar.build/PolskiGrammar-project-headers.hmap -Xcc -I/Users/german/Work/JS/polski-grammar-srs/kotlin/iosApp/build/FinalVirtualMethodScrollFix/Build/Products/Debug-iphonesimulator/include -Xcc -I/Users/german/Work/JS/polski-grammar-srs/kotlin/iosApp/build/FinalVirtualMethodScrollFix/Build/Intermediates.noindex/PolskiGrammar.build/Debug-iphonesimulator/PolskiGrammar.build/DerivedSources-normal/arm64 -Xcc -I/Users/german/Work/JS/polski-grammar-srs/kotlin/iosApp/build/FinalVirtualMethodScrollFix/Build/Intermediates.noindex/PolskiGrammar.build/Debug-iphonesimulator/PolskiGrammar.build/DerivedSources/arm64 -Xcc -I/Users/german/Work/JS/polski-grammar-srs/kotlin/iosApp/build/FinalVirtualMethodScrollFix/Build/Intermediates.noindex/PolskiGrammar.build/Debug-iphonesimulator/PolskiGrammar.build/DerivedSources -Xcc -DDEBUG\=1 -emit-objc-header -emit-objc-header-path /Users/german/Work/JS/polski-grammar-srs/kotlin/iosApp/build/FinalVirtualMethodScrollFix/Build/Intermediates.noindex/PolskiGrammar.build/Debug-iphonesimulator/PolskiGrammar.build/Objects-normal/arm64/PolskiGrammar-Swift.h -working-directory /Users/german/Work/JS/polski-grammar-srs/kotlin/iosApp -experimental-emit-module-separately -disable-cmo

Ld /Users/german/Work/JS/polski-grammar-srs/kotlin/iosApp/build/FinalVirtualMethodScrollFix/Build/Products/Debug-iphonesimulator/PolskiGrammar.app/PolskiGrammar.debug.dylib normal (in target 'PolskiGrammar' from project 'PolskiGrammar')
    cd /Users/german/Work/JS/polski-grammar-srs/kotlin/iosApp
    /Applications/Xcode.app/Contents/Developer/Toolchains/XcodeDefault.xctoolchain/usr/bin/clang -Xlinker -reproducible -target arm64-apple-ios17.0-simulator -dynamiclib -isysroot /Applications/Xcode.app/Contents/Developer/Platforms/iPhoneSimulator.platform/Developer/SDKs/iPhoneSimulator27.0.sdk -O0 -Xlinker -no_warn_duplicate_libraries -L/Users/german/Work/JS/polski-grammar-srs/kotlin/iosApp/build/FinalVirtualMethodScrollFix/Build/Intermediates.noindex/EagerLinkingTBDs/Debug-iphonesimulator -L/Users/german/Work/JS/polski-grammar-srs/kotlin/iosApp/build/FinalVirtualMethodScrollFix/Build/Products/Debug-iphonesimulator -F/Users/german/Work/JS/polski-grammar-srs/kotlin/iosApp/build/FinalVirtualMethodScrollFix/Build/Intermediates.noindex/EagerLinkingTBDs/Debug-iphonesimulator -F/Users/german/Work/JS/polski-grammar-srs/kotlin/iosApp/build/FinalVirtualMethodScrollFix/Build/Products/Debug-iphonesimulator -filelist /Users/german/Work/JS/polski-grammar-srs/kotlin/iosApp/build/FinalVirtualMethodScrollFix/Build/Intermediates.noindex/PolskiGrammar.build/Debug-iphonesimulator/PolskiGrammar.build/Objects-normal/arm64/PolskiGrammar.LinkFileList -install_name @rpath/PolskiGrammar.debug.dylib -Xlinker -rpath -Xlinker /usr/lib/swift -Xlinker -rpath -Xlinker @executable_path/Frameworks -Xlinker -dead_strip -Xlinker -object_path_lto -Xlinker /Users/german/Work/JS/polski-grammar-srs/kotlin/iosApp/build/FinalVirtualMethodScrollFix/Build/Intermediates.noindex/PolskiGrammar.build/Debug-iphonesimulator/PolskiGrammar.build/Objects-normal/arm64/PolskiGrammar_lto.o -rdynamic -Xlinker -no_deduplicate -Xlinker -objc_abi_version -Xlinker 2 -Xlinker -dependency_info -Xlinker /Users/german/Work/JS/polski-grammar-srs/kotlin/iosApp/build/FinalVirtualMethodScrollFix/Build/Intermediates.noindex/PolskiGrammar.build/Debug-iphonesimulator/PolskiGrammar.build/Objects-normal/arm64/PolskiGrammar_dependency_info.dat -fobjc-link-runtime -L/Applications/Xcode.app/Contents/Developer/Toolchains/XcodeDefault.xctoolchain/usr/lib/swift/iphonesimulator -L/usr/lib/swift -Xlinker -add_ast_path -Xlinker /Users/german/Work/JS/polski-grammar-srs/kotlin/iosApp/build/FinalVirtualMethodScrollFix/Build/Intermediates.noindex/PolskiGrammar.build/Debug-iphonesimulator/PolskiGrammar.build/Objects-normal/arm64/PolskiGrammar.swiftmodule -framework PolskiShared -Xlinker -alias -Xlinker _main -Xlinker ___debug_main_executable_dylib_entry_point -framework Foundation -o /Users/german/Work/JS/polski-grammar-srs/kotlin/iosApp/build/FinalVirtualMethodScrollFix/Build/Products/Debug-iphonesimulator/PolskiGrammar.app/PolskiGrammar.debug.dylib

ConstructStubExecutorLinkFileList /Users/german/Work/JS/polski-grammar-srs/kotlin/iosApp/build/FinalVirtualMethodScrollFix/Build/Intermediates.noindex/PolskiGrammar.build/Debug-iphonesimulator/PolskiGrammar.build/PolskiGrammar-ExecutorLinkFileList-normal-arm64.txt (in target 'PolskiGrammar' from project 'PolskiGrammar')
    cd /Users/german/Work/JS/polski-grammar-srs/kotlin/iosApp
    construct-stub-executor-link-file-list /Users/german/Work/JS/polski-grammar-srs/kotlin/iosApp/build/FinalVirtualMethodScrollFix/Build/Products/Debug-iphonesimulator/PolskiGrammar.app/PolskiGrammar.debug.dylib /Applications/Xcode.app/Contents/Developer/Platforms/iPhoneSimulator.platform/Developer/usr/lib/libPreviewsJITStubExecutor_no_swift_entry_point.a /Applications/Xcode.app/Contents/Developer/Platforms/iPhoneSimulator.platform/Developer/usr/lib/libPreviewsJITStubExecutor.a --output /Users/german/Work/JS/polski-grammar-srs/kotlin/iosApp/build/FinalVirtualMethodScrollFix/Build/Intermediates.noindex/PolskiGrammar.build/Debug-iphonesimulator/PolskiGrammar.build/PolskiGrammar-ExecutorLinkFileList-normal-arm64.txt
note: Using stub executor library with Swift entry point. (in target 'PolskiGrammar' from project 'PolskiGrammar')

Ld /Users/german/Work/JS/polski-grammar-srs/kotlin/iosApp/build/FinalVirtualMethodScrollFix/Build/Products/Debug-iphonesimulator/PolskiGrammar.app/PolskiGrammar normal (in target 'PolskiGrammar' from project 'PolskiGrammar')
    cd /Users/german/Work/JS/polski-grammar-srs/kotlin/iosApp
    /Applications/Xcode.app/Contents/Developer/Toolchains/XcodeDefault.xctoolchain/usr/bin/clang -Xlinker -reproducible -target arm64-apple-ios17.0-simulator -isysroot /Applications/Xcode.app/Contents/Developer/Platforms/iPhoneSimulator.platform/Developer/SDKs/iPhoneSimulator27.0.sdk -O0 -Xlinker -no_warn_duplicate_libraries -L/Users/german/Work/JS/polski-grammar-srs/kotlin/iosApp/build/FinalVirtualMethodScrollFix/Build/Products/Debug-iphonesimulator -F/Users/german/Work/JS/polski-grammar-srs/kotlin/iosApp/build/FinalVirtualMethodScrollFix/Build/Products/Debug-iphonesimulator -Xlinker -rpath -Xlinker @executable_path -Xlinker -rpath -Xlinker @executable_path/Frameworks -rdynamic -Xlinker -no_deduplicate -Xlinker -objc_abi_version -Xlinker 2 -e ___debug_blank_executor_main -Xlinker -sectcreate -Xlinker __TEXT -Xlinker __debug_dylib -Xlinker /Users/german/Work/JS/polski-grammar-srs/kotlin/iosApp/build/FinalVirtualMethodScrollFix/Build/Intermediates.noindex/PolskiGrammar.build/Debug-iphonesimulator/PolskiGrammar.build/PolskiGrammar-DebugDylibPath-normal-arm64.txt -Xlinker -sectcreate -Xlinker __TEXT -Xlinker __debug_instlnm -Xlinker /Users/german/Work/JS/polski-grammar-srs/kotlin/iosApp/build/FinalVirtualMethodScrollFix/Build/Intermediates.noindex/PolskiGrammar.build/Debug-iphonesimulator/PolskiGrammar.build/PolskiGrammar-DebugDylibInstallName-normal-arm64.txt -Xlinker -filelist -Xlinker /Users/german/Work/JS/polski-grammar-srs/kotlin/iosApp/build/FinalVirtualMethodScrollFix/Build/Intermediates.noindex/PolskiGrammar.build/Debug-iphonesimulator/PolskiGrammar.build/PolskiGrammar-ExecutorLinkFileList-normal-arm64.txt /Users/german/Work/JS/polski-grammar-srs/kotlin/iosApp/build/FinalVirtualMethodScrollFix/Build/Products/Debug-iphonesimulator/PolskiGrammar.app/PolskiGrammar.debug.dylib -o /Users/german/Work/JS/polski-grammar-srs/kotlin/iosApp/build/FinalVirtualMethodScrollFix/Build/Products/Debug-iphonesimulator/PolskiGrammar.app/PolskiGrammar

CopySwiftLibs /Users/german/Work/JS/polski-grammar-srs/kotlin/iosApp/build/FinalVirtualMethodScrollFix/Build/Products/Debug-iphonesimulator/PolskiGrammar.app (in target 'PolskiGrammar' from project 'PolskiGrammar')
    cd /Users/german/Work/JS/polski-grammar-srs/kotlin/iosApp
    builtin-swiftStdLibTool --copy --verbose --scan-executable /Users/german/Work/JS/polski-grammar-srs/kotlin/iosApp/build/FinalVirtualMethodScrollFix/Build/Products/Debug-iphonesimulator/PolskiGrammar.app/PolskiGrammar.debug.dylib --scan-folder /Users/german/Work/JS/polski-grammar-srs/kotlin/iosApp/build/FinalVirtualMethodScrollFix/Build/Products/Debug-iphonesimulator/PolskiGrammar.app/Frameworks --scan-folder /Users/german/Work/JS/polski-grammar-srs/kotlin/iosApp/build/FinalVirtualMethodScrollFix/Build/Products/Debug-iphonesimulator/PolskiGrammar.app/PlugIns --scan-folder /Users/german/Work/JS/polski-grammar-srs/kotlin/iosApp/build/FinalVirtualMethodScrollFix/Build/Products/Debug-iphonesimulator/PolskiGrammar.app/SystemExtensions --scan-folder /Users/german/Work/JS/polski-grammar-srs/kotlin/iosApp/build/FinalVirtualMethodScrollFix/Build/Products/Debug-iphonesimulator/PolskiGrammar.app/Extensions --scan-folder /Applications/Xcode.app/Contents/Developer/Platforms/iPhoneOS.platform/Developer/SDKs/iPhoneOS18.0.sdk/System/Library/Frameworks/Foundation.framework --platform iphonesimulator --toolchain /Applications/Xcode.app/Contents/Developer/Toolchains/XcodeDefault.xctoolchain --destination /Users/german/Work/JS/polski-grammar-srs/kotlin/iosApp/build/FinalVirtualMethodScrollFix/Build/Products/Debug-iphonesimulator/PolskiGrammar.app/Frameworks --strip-bitcode --strip-bitcode-tool /Applications/Xcode.app/Contents/Developer/Toolchains/XcodeDefault.xctoolchain/usr/bin/bitcode_strip --emit-dependency-info /Users/german/Work/JS/polski-grammar-srs/kotlin/iosApp/build/FinalVirtualMethodScrollFix/Build/Intermediates.noindex/PolskiGrammar.build/Debug-iphonesimulator/PolskiGrammar.build/SwiftStdLibToolInputDependencies.dep --filter-for-swift-os
Ignoring --strip-bitcode because --sign was not passed

ExtractAppIntentsMetadata (in target 'PolskiGrammar' from project 'PolskiGrammar')
    cd /Users/german/Work/JS/polski-grammar-srs/kotlin/iosApp
    /Applications/Xcode.app/Contents/Developer/Toolchains/XcodeDefault.xctoolchain/usr/bin/appintentsmetadataprocessor --toolchain-dir /Applications/Xcode.app/Contents/Developer/Toolchains/XcodeDefault.xctoolchain --module-name PolskiGrammar --sdk-root /Applications/Xcode.app/Contents/Developer/Platforms/iPhoneSimulator.platform/Developer/SDKs/iPhoneSimulator27.0.sdk --xcode-version 27A266a --platform-family iOS --deployment-target 17.0 --bundle-identifier dev.polski.grammarmatrix.ios --output /Users/german/Work/JS/polski-grammar-srs/kotlin/iosApp/build/FinalVirtualMethodScrollFix/Build/Products/Debug-iphonesimulator/PolskiGrammar.app --target-triple arm64-apple-ios17.0-simulator --binary-file /Users/german/Work/JS/polski-grammar-srs/kotlin/iosApp/build/FinalVirtualMethodScrollFix/Build/Products/Debug-iphonesimulator/PolskiGrammar.app/PolskiGrammar --dependency-file /Users/german/Work/JS/polski-grammar-srs/kotlin/iosApp/build/FinalVirtualMethodScrollFix/Build/Intermediates.noindex/PolskiGrammar.build/Debug-iphonesimulator/PolskiGrammar.build/Objects-normal/arm64/PolskiGrammar_dependency_info.dat --stringsdata-file /Users/german/Work/JS/polski-grammar-srs/kotlin/iosApp/build/FinalVirtualMethodScrollFix/Build/Intermediates.noindex/PolskiGrammar.build/Debug-iphonesimulator/PolskiGrammar.build/Objects-normal/arm64/ExtractedAppShortcutsMetadata.stringsdata --source-file-list /Users/german/Work/JS/polski-grammar-srs/kotlin/iosApp/build/FinalVirtualMethodScrollFix/Build/Intermediates.noindex/PolskiGrammar.build/Debug-iphonesimulator/PolskiGrammar.build/Objects-normal/arm64/PolskiGrammar.SwiftFileList --metadata-file-list /Users/german/Work/JS/polski-grammar-srs/kotlin/iosApp/build/FinalVirtualMethodScrollFix/Build/Intermediates.noindex/PolskiGrammar.build/Debug-iphonesimulator/PolskiGrammar.build/PolskiGrammar.DependencyMetadataFileList --static-metadata-file-list /Users/german/Work/JS/polski-grammar-srs/kotlin/iosApp/build/FinalVirtualMethodScrollFix/Build/Intermediates.noindex/PolskiGrammar.build/Debug-iphonesimulator/PolskiGrammar.build/PolskiGrammar.DependencyStaticMetadataFileList --swift-const-vals-list /Users/german/Work/JS/polski-grammar-srs/kotlin/iosApp/build/FinalVirtualMethodScrollFix/Build/Intermediates.noindex/PolskiGrammar.build/Debug-iphonesimulator/PolskiGrammar.build/Objects-normal/arm64/PolskiGrammar.SwiftConstValuesFileList --compile-time-extraction --deployment-aware-processing --no-app-shortcuts-localization
2026-09-24 21:14:58.534 appintentsmetadataprocessor[78275:18419213] Starting appintentsmetadataprocessor export
2026-09-24 21:14:58.540 appintentsmetadataprocessor[78275:18419213] warning: Metadata extraction skipped, no AppIntents.framework dependency found

AppIntentsSSUTraining (in target 'PolskiGrammar' from project 'PolskiGrammar')
    cd /Users/german/Work/JS/polski-grammar-srs/kotlin/iosApp
    /Applications/Xcode.app/Contents/Developer/Toolchains/XcodeDefault.xctoolchain/usr/bin/appintentsnltrainingprocessor --infoplist-path /Users/german/Work/JS/polski-grammar-srs/kotlin/iosApp/build/FinalVirtualMethodScrollFix/Build/Products/Debug-iphonesimulator/PolskiGrammar.app/Info.plist --temp-dir-path /Users/german/Work/JS/polski-grammar-srs/kotlin/iosApp/build/FinalVirtualMethodScrollFix/Build/Intermediates.noindex/PolskiGrammar.build/Debug-iphonesimulator/PolskiGrammar.build/ssu --bundle-id dev.polski.grammarmatrix.ios --product-path /Users/german/Work/JS/polski-grammar-srs/kotlin/iosApp/build/FinalVirtualMethodScrollFix/Build/Products/Debug-iphonesimulator/PolskiGrammar.app --extracted-metadata-path /Users/german/Work/JS/polski-grammar-srs/kotlin/iosApp/build/FinalVirtualMethodScrollFix/Build/Products/Debug-iphonesimulator/PolskiGrammar.app/Metadata.appintents --metadata-file-list /Users/german/Work/JS/polski-grammar-srs/kotlin/iosApp/build/FinalVirtualMethodScrollFix/Build/Intermediates.noindex/PolskiGrammar.build/Debug-iphonesimulator/PolskiGrammar.build/PolskiGrammar.DependencyMetadataFileList --source-file /Users/german/Work/JS/polski-grammar-srs/kotlin/iosApp/build/FinalVirtualMethodScrollFix/Build/Products/Debug-iphonesimulator/PolskiGrammar.app/Info.plist --archive-ssu-assets
2026-09-24 21:14:58.565 appintentsnltrainingprocessor[78278:18419239] Parsing options for appintentsnltrainingprocessor
2026-09-24 21:14:58.566 appintentsnltrainingprocessor[78278:18419239] Starting AppIntents SSU YAML Generation
2026-09-24 21:14:58.566 appintentsnltrainingprocessor[78278:18419239] No AppShortcuts found - Skipping.

RegisterExecutionPolicyException /Users/german/Work/JS/polski-grammar-srs/kotlin/iosApp/build/FinalVirtualMethodScrollFix/Build/Products/Debug-iphonesimulator/PolskiGrammar.app (in target 'PolskiGrammar' from project 'PolskiGrammar')
    cd /Users/german/Work/JS/polski-grammar-srs/kotlin/iosApp
    builtin-RegisterExecutionPolicyException /Users/german/Work/JS/polski-grammar-srs/kotlin/iosApp/build/FinalVirtualMethodScrollFix/Build/Products/Debug-iphonesimulator/PolskiGrammar.app

Validate /Users/german/Work/JS/polski-grammar-srs/kotlin/iosApp/build/FinalVirtualMethodScrollFix/Build/Products/Debug-iphonesimulator/PolskiGrammar.app (in target 'PolskiGrammar' from project 'PolskiGrammar')
    cd /Users/german/Work/JS/polski-grammar-srs/kotlin/iosApp
    builtin-validationUtility /Users/german/Work/JS/polski-grammar-srs/kotlin/iosApp/build/FinalVirtualMethodScrollFix/Build/Products/Debug-iphonesimulator/PolskiGrammar.app -shallow-bundle -infoplist-subpath Info.plist

Touch /Users/german/Work/JS/polski-grammar-srs/kotlin/iosApp/build/FinalVirtualMethodScrollFix/Build/Products/Debug-iphonesimulator/PolskiGrammar.app (in target 'PolskiGrammar' from project 'PolskiGrammar')
    cd /Users/german/Work/JS/polski-grammar-srs/kotlin/iosApp
    /usr/bin/touch -c /Users/german/Work/JS/polski-grammar-srs/kotlin/iosApp/build/FinalVirtualMethodScrollFix/Build/Products/Debug-iphonesimulator/PolskiGrammar.app

Ld /Users/german/Work/JS/polski-grammar-srs/kotlin/iosApp/build/FinalVirtualMethodScrollFix/Build/Products/Debug-iphonesimulator/PolskiGrammarUITests-Runner.app/PlugIns/PolskiGrammarUITests.xctest/PolskiGrammarUITests normal (in target 'PolskiGrammarUITests' from project 'PolskiGrammar')
    cd /Users/german/Work/JS/polski-grammar-srs/kotlin/iosApp
    /Applications/Xcode.app/Contents/Developer/Toolchains/XcodeDefault.xctoolchain/usr/bin/clang -Xlinker -reproducible -target arm64-apple-ios17.0-simulator -bundle -isysroot /Applications/Xcode.app/Contents/Developer/Platforms/iPhoneSimulator.platform/Developer/SDKs/iPhoneSimulator27.0.sdk -O0 -Xlinker -no_warn_duplicate_libraries -L/Users/german/Work/JS/polski-grammar-srs/kotlin/iosApp/build/FinalVirtualMethodScrollFix/Build/Intermediates.noindex/EagerLinkingTBDs/Debug-iphonesimulator -L/Users/german/Work/JS/polski-grammar-srs/kotlin/iosApp/build/FinalVirtualMethodScrollFix/Build/Products/Debug-iphonesimulator -L/Applications/Xcode.app/Contents/Developer/Platforms/iPhoneSimulator.platform/Developer/usr/lib -F/Users/german/Work/JS/polski-grammar-srs/kotlin/iosApp/build/FinalVirtualMethodScrollFix/Build/Intermediates.noindex/EagerLinkingTBDs/Debug-iphonesimulator -F/Users/german/Work/JS/polski-grammar-srs/kotlin/iosApp/build/FinalVirtualMethodScrollFix/Build/Products/Debug-iphonesimulator -iframework /Applications/Xcode.app/Contents/Developer/Platforms/iPhoneSimulator.platform/Developer/Library/Frameworks -iframework /Applications/Xcode.app/Contents/Developer/Platforms/iPhoneSimulator.platform/Developer/SDKs/iPhoneSimulator27.0.sdk/Developer/Library/Frameworks -filelist /Users/german/Work/JS/polski-grammar-srs/kotlin/iosApp/build/FinalVirtualMethodScrollFix/Build/Intermediates.noindex/PolskiGrammar.build/Debug-iphonesimulator/PolskiGrammarUITests.build/Objects-normal/arm64/PolskiGrammarUITests.LinkFileList -Xlinker -rpath -Xlinker /usr/lib/swift -Xlinker -rpath -Xlinker @loader_path/Frameworks -Xlinker -dead_strip -Xlinker -object_path_lto -Xlinker /Users/german/Work/JS/polski-grammar-srs/kotlin/iosApp/build/FinalVirtualMethodScrollFix/Build/Intermediates.noindex/PolskiGrammar.build/Debug-iphonesimulator/PolskiGrammarUITests.build/Objects-normal/arm64/PolskiGrammarUITests_lto.o -rdynamic -Xlinker -no_deduplicate -Xlinker -objc_abi_version -Xlinker 2 -Xlinker -dependency_info -Xlinker /Users/german/Work/JS/polski-grammar-srs/kotlin/iosApp/build/FinalVirtualMethodScrollFix/Build/Intermediates.noindex/PolskiGrammar.build/Debug-iphonesimulator/PolskiGrammarUITests.build/Objects-normal/arm64/PolskiGrammarUITests_dependency_info.dat -fobjc-link-runtime -L/Applications/Xcode.app/Contents/Developer/Toolchains/XcodeDefault.xctoolchain/usr/lib/swift/iphonesimulator -L/usr/lib/swift -Xlinker -add_ast_path -Xlinker /Users/german/Work/JS/polski-grammar-srs/kotlin/iosApp/build/FinalVirtualMethodScrollFix/Build/Intermediates.noindex/PolskiGrammar.build/Debug-iphonesimulator/PolskiGrammarUITests.build/Objects-normal/arm64/PolskiGrammarUITests.swiftmodule -Xlinker -needed_framework -Xlinker XCTest -framework XCTest -Xlinker -needed-lXCTestSwiftSupport -lXCTestSwiftSupport -framework Foundation -o /Users/german/Work/JS/polski-grammar-srs/kotlin/iosApp/build/FinalVirtualMethodScrollFix/Build/Products/Debug-iphonesimulator/PolskiGrammarUITests-Runner.app/PlugIns/PolskiGrammarUITests.xctest/PolskiGrammarUITests

ProcessInfoPlistFile /Users/german/Work/JS/polski-grammar-srs/kotlin/iosApp/build/FinalVirtualMethodScrollFix/Build/Products/Debug-iphonesimulator/PolskiGrammarUITests-Runner.app/PlugIns/PolskiGrammarUITests.xctest/Info.plist /Users/german/Work/JS/polski-grammar-srs/kotlin/iosApp/build/FinalVirtualMethodScrollFix/Build/Intermediates.noindex/PolskiGrammar.build/Debug-iphonesimulator/PolskiGrammarUITests.build/empty-PolskiGrammarUITests.plist (in target 'PolskiGrammarUITests' from project 'PolskiGrammar')
    cd /Users/german/Work/JS/polski-grammar-srs/kotlin/iosApp
    builtin-infoPlistUtility /Users/german/Work/JS/polski-grammar-srs/kotlin/iosApp/build/FinalVirtualMethodScrollFix/Build/Intermediates.noindex/PolskiGrammar.build/Debug-iphonesimulator/PolskiGrammarUITests.build/empty-PolskiGrammarUITests.plist -producttype com.apple.product-type.bundle.ui-testing -expandbuildsettings -format binary -platform iphonesimulator -additionalcontentfile /Users/german/Work/JS/polski-grammar-srs/kotlin/iosApp/build/FinalVirtualMethodScrollFix/Build/Intermediates.noindex/PolskiGrammar.build/Debug-iphonesimulator/PolskiGrammarUITests.build/ProductTypeInfoPlistAdditions.plist -o /Users/german/Work/JS/polski-grammar-srs/kotlin/iosApp/build/FinalVirtualMethodScrollFix/Build/Products/Debug-iphonesimulator/PolskiGrammarUITests-Runner.app/PlugIns/PolskiGrammarUITests.xctest/Info.plist

CopySwiftLibs /Users/german/Work/JS/polski-grammar-srs/kotlin/iosApp/build/FinalVirtualMethodScrollFix/Build/Products/Debug-iphonesimulator/PolskiGrammarUITests-Runner.app/PlugIns/PolskiGrammarUITests.xctest (in target 'PolskiGrammarUITests' from project 'PolskiGrammar')
    cd /Users/german/Work/JS/polski-grammar-srs/kotlin/iosApp
    builtin-swiftStdLibTool --copy --verbose --scan-executable /Users/german/Work/JS/polski-grammar-srs/kotlin/iosApp/build/FinalVirtualMethodScrollFix/Build/Products/Debug-iphonesimulator/PolskiGrammarUITests-Runner.app/PlugIns/PolskiGrammarUITests.xctest/PolskiGrammarUITests --scan-folder /Users/german/Work/JS/polski-grammar-srs/kotlin/iosApp/build/FinalVirtualMethodScrollFix/Build/Products/Debug-iphonesimulator/PolskiGrammarUITests-Runner.app/PlugIns/PolskiGrammarUITests.xctest/Frameworks --scan-folder /Users/german/Work/JS/polski-grammar-srs/kotlin/iosApp/build/FinalVirtualMethodScrollFix/Build/Products/Debug-iphonesimulator/PolskiGrammarUITests-Runner.app/PlugIns/PolskiGrammarUITests.xctest/PlugIns --scan-folder /Users/german/Work/JS/polski-grammar-srs/kotlin/iosApp/build/FinalVirtualMethodScrollFix/Build/Products/Debug-iphonesimulator/PolskiGrammarUITests-Runner.app/PlugIns/PolskiGrammarUITests.xctest/SystemExtensions --scan-folder /Users/german/Work/JS/polski-grammar-srs/kotlin/iosApp/build/FinalVirtualMethodScrollFix/Build/Products/Debug-iphonesimulator/PolskiGrammarUITests-Runner.app/PlugIns/PolskiGrammarUITests.xctest/Extensions --scan-folder /Applications/Xcode.app/Contents/Developer/Platforms/iPhoneOS.platform/Developer/SDKs/iPhoneOS18.0.sdk/System/Library/Frameworks/Foundation.framework --platform iphonesimulator --toolchain /Applications/Xcode.app/Contents/Developer/Toolchains/XcodeDefault.xctoolchain --destination /Users/german/Work/JS/polski-grammar-srs/kotlin/iosApp/build/FinalVirtualMethodScrollFix/Build/Products/Debug-iphonesimulator/PolskiGrammarUITests-Runner.app/PlugIns/PolskiGrammarUITests.xctest/Frameworks --strip-bitcode --scan-executable /Applications/Xcode.app/Contents/Developer/Platforms/iPhoneSimulator.platform/Developer/usr/lib/libXCTestSwiftSupport.dylib --strip-bitcode-tool /Applications/Xcode.app/Contents/Developer/Toolchains/XcodeDefault.xctoolchain/usr/bin/bitcode_strip --emit-dependency-info /Users/german/Work/JS/polski-grammar-srs/kotlin/iosApp/build/FinalVirtualMethodScrollFix/Build/Intermediates.noindex/PolskiGrammar.build/Debug-iphonesimulator/PolskiGrammarUITests.build/SwiftStdLibToolInputDependencies.dep --filter-for-swift-os
Ignoring --strip-bitcode because --sign was not passed

ExtractAppIntentsMetadata (in target 'PolskiGrammarUITests' from project 'PolskiGrammar')
    cd /Users/german/Work/JS/polski-grammar-srs/kotlin/iosApp
    /Applications/Xcode.app/Contents/Developer/Toolchains/XcodeDefault.xctoolchain/usr/bin/appintentsmetadataprocessor --toolchain-dir /Applications/Xcode.app/Contents/Developer/Toolchains/XcodeDefault.xctoolchain --module-name PolskiGrammarUITests --sdk-root /Applications/Xcode.app/Contents/Developer/Platforms/iPhoneSimulator.platform/Developer/SDKs/iPhoneSimulator27.0.sdk --xcode-version 27A266a --platform-family iOS --deployment-target 17.0 --bundle-identifier dev.polski.grammarmatrix.ios.uitests --output /Users/german/Work/JS/polski-grammar-srs/kotlin/iosApp/build/FinalVirtualMethodScrollFix/Build/Products/Debug-iphonesimulator/PolskiGrammarUITests-Runner.app/PlugIns/PolskiGrammarUITests.xctest --target-triple arm64-apple-ios17.0-simulator --binary-file /Users/german/Work/JS/polski-grammar-srs/kotlin/iosApp/build/FinalVirtualMethodScrollFix/Build/Products/Debug-iphonesimulator/PolskiGrammarUITests-Runner.app/PlugIns/PolskiGrammarUITests.xctest/PolskiGrammarUITests --dependency-file /Users/german/Work/JS/polski-grammar-srs/kotlin/iosApp/build/FinalVirtualMethodScrollFix/Build/Intermediates.noindex/PolskiGrammar.build/Debug-iphonesimulator/PolskiGrammarUITests.build/Objects-normal/arm64/PolskiGrammarUITests_dependency_info.dat --stringsdata-file /Users/german/Work/JS/polski-grammar-srs/kotlin/iosApp/build/FinalVirtualMethodScrollFix/Build/Intermediates.noindex/PolskiGrammar.build/Debug-iphonesimulator/PolskiGrammarUITests.build/Objects-normal/arm64/ExtractedAppShortcutsMetadata.stringsdata --source-file-list /Users/german/Work/JS/polski-grammar-srs/kotlin/iosApp/build/FinalVirtualMethodScrollFix/Build/Intermediates.noindex/PolskiGrammar.build/Debug-iphonesimulator/PolskiGrammarUITests.build/Objects-normal/arm64/PolskiGrammarUITests.SwiftFileList --metadata-file-list /Users/german/Work/JS/polski-grammar-srs/kotlin/iosApp/build/FinalVirtualMethodScrollFix/Build/Intermediates.noindex/PolskiGrammar.build/Debug-iphonesimulator/PolskiGrammarUITests.build/PolskiGrammarUITests.DependencyMetadataFileList --static-metadata-file-list /Users/german/Work/JS/polski-grammar-srs/kotlin/iosApp/build/FinalVirtualMethodScrollFix/Build/Intermediates.noindex/PolskiGrammar.build/Debug-iphonesimulator/PolskiGrammarUITests.build/PolskiGrammarUITests.DependencyStaticMetadataFileList --swift-const-vals-list /Users/german/Work/JS/polski-grammar-srs/kotlin/iosApp/build/FinalVirtualMethodScrollFix/Build/Intermediates.noindex/PolskiGrammar.build/Debug-iphonesimulator/PolskiGrammarUITests.build/Objects-normal/arm64/PolskiGrammarUITests.SwiftConstValuesFileList --compile-time-extraction --deployment-aware-processing --no-app-shortcuts-localization
2026-09-24 21:14:58.884 appintentsmetadataprocessor[78311:18419450] Starting appintentsmetadataprocessor export
2026-09-24 21:14:58.886 appintentsmetadataprocessor[78311:18419450] warning: Metadata extraction skipped, no AppIntents.framework dependency found

AppIntentsSSUTraining (in target 'PolskiGrammarUITests' from project 'PolskiGrammar')
    cd /Users/german/Work/JS/polski-grammar-srs/kotlin/iosApp
    /Applications/Xcode.app/Contents/Developer/Toolchains/XcodeDefault.xctoolchain/usr/bin/appintentsnltrainingprocessor --infoplist-path /Users/german/Work/JS/polski-grammar-srs/kotlin/iosApp/build/FinalVirtualMethodScrollFix/Build/Products/Debug-iphonesimulator/PolskiGrammarUITests-Runner.app/PlugIns/PolskiGrammarUITests.xctest/Info.plist --temp-dir-path /Users/german/Work/JS/polski-grammar-srs/kotlin/iosApp/build/FinalVirtualMethodScrollFix/Build/Intermediates.noindex/PolskiGrammar.build/Debug-iphonesimulator/PolskiGrammarUITests.build/ssu --bundle-id dev.polski.grammarmatrix.ios.uitests --product-path /Users/german/Work/JS/polski-grammar-srs/kotlin/iosApp/build/FinalVirtualMethodScrollFix/Build/Products/Debug-iphonesimulator/PolskiGrammarUITests-Runner.app/PlugIns/PolskiGrammarUITests.xctest --extracted-metadata-path /Users/german/Work/JS/polski-grammar-srs/kotlin/iosApp/build/FinalVirtualMethodScrollFix/Build/Products/Debug-iphonesimulator/PolskiGrammarUITests-Runner.app/PlugIns/PolskiGrammarUITests.xctest/Metadata.appintents --metadata-file-list /Users/german/Work/JS/polski-grammar-srs/kotlin/iosApp/build/FinalVirtualMethodScrollFix/Build/Intermediates.noindex/PolskiGrammar.build/Debug-iphonesimulator/PolskiGrammarUITests.build/PolskiGrammarUITests.DependencyMetadataFileList --source-file /Users/german/Work/JS/polski-grammar-srs/kotlin/iosApp/build/FinalVirtualMethodScrollFix/Build/Products/Debug-iphonesimulator/PolskiGrammarUITests-Runner.app/PlugIns/PolskiGrammarUITests.xctest/Info.plist --archive-ssu-assets
2026-09-24 21:14:58.907 appintentsnltrainingprocessor[78324:18419480] Parsing options for appintentsnltrainingprocessor
2026-09-24 21:14:58.908 appintentsnltrainingprocessor[78324:18419480] Starting AppIntents SSU YAML Generation
2026-09-24 21:14:58.908 appintentsnltrainingprocessor[78324:18419480] No AppShortcuts found - Skipping.

MkDir /Users/german/Work/JS/polski-grammar-srs/kotlin/iosApp/build/FinalVirtualMethodScrollFix/Build/Products/Debug-iphonesimulator/PolskiGrammarUITests-Runner.app (in target 'PolskiGrammarUITests' from project 'PolskiGrammar')
    cd /Users/german/Work/JS/polski-grammar-srs/kotlin/iosApp
    /bin/mkdir -p /Users/german/Work/JS/polski-grammar-srs/kotlin/iosApp/build/FinalVirtualMethodScrollFix/Build/Products/Debug-iphonesimulator/PolskiGrammarUITests-Runner.app

Copy /Users/german/Work/JS/polski-grammar-srs/kotlin/iosApp/build/FinalVirtualMethodScrollFix/Build/Products/Debug-iphonesimulator/PolskiGrammarUITests-Runner.app/PkgInfo /Applications/Xcode.app/Contents/Developer/Platforms/iPhoneSimulator.platform/Developer/Library/Xcode/Agents/XCTRunner.app/PkgInfo (in target 'PolskiGrammarUITests' from project 'PolskiGrammar')
    cd /Users/german/Work/JS/polski-grammar-srs/kotlin/iosApp
    builtin-copy -exclude .DS_Store -exclude CVS -exclude .svn -exclude .git -exclude .hg -resolve-src-symlinks /Applications/Xcode.app/Contents/Developer/Platforms/iPhoneSimulator.platform/Developer/Library/Xcode/Agents/XCTRunner.app/PkgInfo /Users/german/Work/JS/polski-grammar-srs/kotlin/iosApp/build/FinalVirtualMethodScrollFix/Build/Products/Debug-iphonesimulator/PolskiGrammarUITests-Runner.app

CopyAndPreserveArchs /Users/german/Work/JS/polski-grammar-srs/kotlin/iosApp/build/FinalVirtualMethodScrollFix/Build/Products/Debug-iphonesimulator/PolskiGrammarUITests-Runner.app/PolskiGrammarUITests-Runner (in target 'PolskiGrammarUITests' from project 'PolskiGrammar')
    cd /Users/german/Work/JS/polski-grammar-srs/kotlin/iosApp
    /Applications/Xcode.app/Contents/Developer/Toolchains/XcodeDefault.xctoolchain/usr/bin/lipo /Applications/Xcode.app/Contents/Developer/Platforms/iPhoneSimulator.platform/Developer/Library/Xcode/Agents/XCTRunner.app/XCTRunner -output /Users/german/Work/JS/polski-grammar-srs/kotlin/iosApp/build/FinalVirtualMethodScrollFix/Build/Products/Debug-iphonesimulator/PolskiGrammarUITests-Runner.app/PolskiGrammarUITests-Runner -extract arm64

CopyPlistFile /Users/german/Work/JS/polski-grammar-srs/kotlin/iosApp/build/FinalVirtualMethodScrollFix/Build/Products/Debug-iphonesimulator/PolskiGrammarUITests-Runner.app/Info.plist /Applications/Xcode.app/Contents/Developer/Platforms/iPhoneSimulator.platform/Developer/Library/Xcode/Agents/XCTRunner.app/Info.plist (in target 'PolskiGrammarUITests' from project 'PolskiGrammar')
    cd /Users/german/Work/JS/polski-grammar-srs/kotlin/iosApp
    builtin-copyPlist --validate --convert xml1 --macro-expansion WRAPPEDPRODUCTNAME PolskiGrammarUITests-Runner --macro-expansion WRAPPEDPRODUCTBUNDLEIDENTIFIER dev.polski.grammarmatrix.ios.uitests.xctrunner --macro-expansion TESTPRODUCTNAME PolskiGrammarUITests --macro-expansion TESTPRODUCTBUNDLEIDENTIFIER dev.polski.grammarmatrix.ios.uitests --copy-value UIDeviceFamily /Users/german/Work/JS/polski-grammar-srs/kotlin/iosApp/build/FinalVirtualMethodScrollFix/Build/Products/Debug-iphonesimulator/PolskiGrammarUITests-Runner.app/PlugIns/PolskiGrammarUITests.xctest/Info.plist --outdir /Users/german/Work/JS/polski-grammar-srs/kotlin/iosApp/build/FinalVirtualMethodScrollFix/Build/Products/Debug-iphonesimulator/PolskiGrammarUITests-Runner.app -- /Applications/Xcode.app/Contents/Developer/Platforms/iPhoneSimulator.platform/Developer/Library/Xcode/Agents/XCTRunner.app/Info.plist

RegisterExecutionPolicyException /Users/german/Work/JS/polski-grammar-srs/kotlin/iosApp/build/FinalVirtualMethodScrollFix/Build/Products/Debug-iphonesimulator/PolskiGrammarUITests-Runner.app/PlugIns/PolskiGrammarUITests.xctest (in target 'PolskiGrammarUITests' from project 'PolskiGrammar')
    cd /Users/german/Work/JS/polski-grammar-srs/kotlin/iosApp
    builtin-RegisterExecutionPolicyException /Users/german/Work/JS/polski-grammar-srs/kotlin/iosApp/build/FinalVirtualMethodScrollFix/Build/Products/Debug-iphonesimulator/PolskiGrammarUITests-Runner.app/PlugIns/PolskiGrammarUITests.xctest

Touch /Users/german/Work/JS/polski-grammar-srs/kotlin/iosApp/build/FinalVirtualMethodScrollFix/Build/Products/Debug-iphonesimulator/PolskiGrammarUITests-Runner.app/PlugIns/PolskiGrammarUITests.xctest (in target 'PolskiGrammarUITests' from project 'PolskiGrammar')
    cd /Users/german/Work/JS/polski-grammar-srs/kotlin/iosApp
    /usr/bin/touch -c /Users/german/Work/JS/polski-grammar-srs/kotlin/iosApp/build/FinalVirtualMethodScrollFix/Build/Products/Debug-iphonesimulator/PolskiGrammarUITests-Runner.app/PlugIns/PolskiGrammarUITests.xctest

PruneExplicitPrecompiledModules /Users/german/Work/JS/polski-grammar-srs/kotlin/iosApp/build/FinalVirtualMethodScrollFix/SDKExplicitPrecompiledModules

PruneExplicitPrecompiledModules /Users/german/Work/JS/polski-grammar-srs/kotlin/iosApp/build/FinalVirtualMethodScrollFix/Build/Intermediates.noindex/SwiftExplicitPrecompiledModules

PruneExplicitPrecompiledModules /Users/german/Work/JS/polski-grammar-srs/kotlin/iosApp/build/FinalVirtualMethodScrollFix/Build/Intermediates.noindex/ExplicitPrecompiledModules

note: Run script build phase 'Build Kotlin framework' will be run during every build because the option to run the script phase "Based on dependency analysis" is unchecked. (in target 'PolskiGrammar' from project 'PolskiGrammar')
2026-09-24 21:15:02.391881+0200 PolskiGrammarUITests-Runner[78430:18420086] [Default] Running tests...
    t =      nans Interface orientation changed to Portrait
Test Suite 'Selected tests' started at 2026-09-24 21:15:03.370.
Test Suite 'PolskiGrammarUITests.xctest' started at 2026-09-24 21:15:03.370.
Test Suite 'PolskiGrammarUITests' started at 2026-09-24 21:15:03.370.
Test Case '-[PolskiGrammarUITests.PolskiGrammarUITests testMethodSwitchKeepsTypedDraftThroughRevealAndOneReview]' started.
    t =     0.00s Start Test at 2026-09-24 21:15:03.371
    t =     0.10s Set Up
    t =     0.12s Open dev.polski.grammarmatrix.ios
    t =     0.12s     Launch dev.polski.grammarmatrix.ios
2026-09-24 21:15:03.628 xcodebuild[77149:18412751] [MT] IDELaunchParametersSnapshot: debugger version lookup failed for path '<nil>': noURL
2026-09-24 21:15:03.628 xcodebuild[77149:18412751] [MT] IDELaunchParametersSnapshot: no debugger version
    t =     5.33s         Setting up automation session
    t =     5.74s         Wait for dev.polski.grammarmatrix.ios to idle
    t =     7.60s Tap "Прогресс" Button
    t =     7.60s     Wait for dev.polski.grammarmatrix.ios to idle
    t =     7.60s     Find the "Прогресс" Button
    t =     7.92s     Check for interrupting elements affecting "Прогресс" Button
    t =     8.12s     Synthesize event
    t =     8.49s     Wait for dev.polski.grammarmatrix.ios to idle
    t =    10.05s Find the "Сбросить прогресс" Button
    t =    11.19s     Find the "Сбросить прогресс" Button (retry 1)
    t =    12.29s     Find the "Сбросить прогресс" Button (retry 2)
    t =    12.41s Swipe up Target Application 'dev.polski.grammarmatrix.ios'
    t =    12.41s     Wait for dev.polski.grammarmatrix.ios to idle
    t =    12.41s     Find the Target Application 'dev.polski.grammarmatrix.ios'
    t =    12.49s     Check for interrupting elements affecting "Polski Grammar Matrix" Application
    t =    12.59s     Synthesize event
    t =    13.06s     Wait for dev.polski.grammarmatrix.ios to idle
    t =    15.16s Find the "Сбросить прогресс" Button
    t =    16.29s     Find the "Сбросить прогресс" Button (retry 1)
    t =    17.41s     Find the "Сбросить прогресс" Button (retry 2)
    t =    17.51s Swipe up Target Application 'dev.polski.grammarmatrix.ios'
    t =    17.51s     Wait for dev.polski.grammarmatrix.ios to idle
    t =    17.52s     Find the Target Application 'dev.polski.grammarmatrix.ios'
    t =    17.60s     Check for interrupting elements affecting "Polski Grammar Matrix" Application
    t =    17.70s     Synthesize event
    t =    18.17s     Wait for dev.polski.grammarmatrix.ios to idle
    t =    19.53s Find the "Сбросить прогресс" Button
    t =    19.72s Waiting 5.0s for "Сбросить прогресс" Button to exist
    t =    20.80s     Checking `Expect predicate `existsNoRetry == 1` for object "Сбросить прогресс" Button`
    t =    20.80s         Checking existence of `"Сбросить прогресс" Button`
    t =    20.92s Tap "Сбросить прогресс" Button
    t =    20.92s     Wait for dev.polski.grammarmatrix.ios to idle
    t =    20.93s     Find the "Сбросить прогресс" Button
    t =    21.04s     Check for interrupting elements affecting "Сбросить прогресс" Button
    t =    21.17s     Synthesize event
    t =    21.56s     Wait for dev.polski.grammarmatrix.ios to idle
    t =    22.03s Waiting 5.0s for "Сбросить весь прогресс?" Alert to exist
    t =    23.12s     Checking `Expect predicate `existsNoRetry == 1` for object "Сбросить весь прогресс?" Alert`
    t =    23.12s         Checking existence of `"Сбросить весь прогресс?" Alert`
    t =    23.21s Tap "Сбросить" Button
    t =    23.21s     Wait for dev.polski.grammarmatrix.ios to idle
    t =    23.22s     Find the "Сбросить" Button
    t =    23.31s     Check for interrupting elements affecting "Сбросить" Button
    t =    23.42s     Synthesize event
    t =    23.76s     Wait for dev.polski.grammarmatrix.ios to idle
    t =    24.11s Waiting 2.0s for "Сообщение" Alert to exist
    t =    25.19s     Checking `Expect predicate `existsNoRetry == 1` for object "Сообщение" Alert`
    t =    25.19s         Checking existence of `"Сообщение" Alert`
    t =    25.28s         Capturing element debug description
    t =    26.12s     Checking `Expect predicate `existsNoRetry == 1` for object "Сообщение" Alert`
    t =    26.12s         Checking existence of `"Сообщение" Alert`
    t =    26.21s         Capturing element debug description
    t =    26.21s     Checking existence of `"Сообщение" Alert`
    t =    26.29s Collecting debug information to assist test failure triage
    t =    26.29s     Requesting snapshot of accessibility hierarchy for app with pid 78893
    t =    26.38s Tap "Тренировка" Button
    t =    26.38s     Wait for dev.polski.grammarmatrix.ios to idle
    t =    26.38s     Find the "Тренировка" Button
    t =    26.47s     Check for interrupting elements affecting "square.stack" Button
    t =    26.54s     Synthesize event
    t =    26.89s     Wait for dev.polski.grammarmatrix.ios to idle
    t =    28.38s Waiting 20.0s for "continueIntroduction" Button to exist
    t =    29.47s     Checking `Expect predicate `existsNoRetry == 1` for object "continueIntroduction" Button`
    t =    29.47s         Checking existence of `"continueIntroduction" Button`
    t =    29.54s Checking existence of `"Перейти к заданию" Button`
    t =    29.62s Find the "Перейти к заданию" Button
    t =    29.75s Swipe up Target Application 'dev.polski.grammarmatrix.ios'
    t =    29.75s     Wait for dev.polski.grammarmatrix.ios to idle
    t =    29.76s     Find the Target Application 'dev.polski.grammarmatrix.ios'
    t =    29.83s     Check for interrupting elements affecting "Polski Grammar Matrix" Application
    t =    29.91s     Synthesize event
    t =    30.37s     Wait for dev.polski.grammarmatrix.ios to idle
    t =    31.40s Checking existence of `"continueIntroduction" Button`
    t =    31.49s Find the "continueIntroduction" Button
    t =    31.63s Checking existence of `"continueIntroduction" Button`
    t =    31.71s Tap "continueIntroduction" Button
    t =    31.71s     Wait for dev.polski.grammarmatrix.ios to idle
    t =    31.72s     Find the "continueIntroduction" Button
    t =    31.84s     Check for interrupting elements affecting "continueIntroduction" Button
    t =    31.93s     Synthesize event
    t =    32.28s     Wait for dev.polski.grammarmatrix.ios to idle
    t =    32.29s Find the Button (First Match)
    t =    33.46s Find the "Подача объяснений, Живые ситуации" Button
    t =    34.40s Find the "Подача объяснений, Живые ситуации" Button
    t =    35.04s Tap "Подача объяснений, Живые ситуации" Button
    t =    35.04s     Wait for dev.polski.grammarmatrix.ios to idle
    t =    35.04s     Find the "Подача объяснений, Живые ситуации" Button
    t =    35.71s     Check for interrupting elements affecting "Подача объяснений, Живые ситуации" Button
    t =    35.80s     Synthesize event
    t =    36.14s     Wait for dev.polski.grammarmatrix.ios to idle
    t =    37.08s Waiting 5.0s for "Схемы и логика" Any to exist
    t =    38.15s     Checking `Expect predicate `existsNoRetry == 1` for object "Схемы и логика" Any`
    t =    38.15s         Checking existence of `"Схемы и логика" Any`
    t =    38.35s Tap "Схемы и логика" Any
    t =    38.35s     Wait for dev.polski.grammarmatrix.ios to idle
    t =    38.36s     Find the "Схемы и логика" Any
    t =    38.57s     Check for interrupting elements affecting "Схемы и логика" Button
    t =    38.70s     Synthesize event
    t =    39.03s     Wait for dev.polski.grammarmatrix.ios to idle
    t =    39.88s Find the "Подача объяснений, Живые ситуации" Button
    t =    40.53s Find the Button (First Match)
    t =    41.12s Waiting 5.0s for "Ответ, Вслух / про себя" Button to exist
    t =    42.20s     Checking `Expect predicate `existsNoRetry == 1` for object "Ответ, Вслух / про себя" Button`
    t =    42.20s         Checking existence of `"Ответ, Вслух / про себя" Button`
    t =    42.77s Tap "Ответ, Вслух / про себя" Button
    t =    42.77s     Wait for dev.polski.grammarmatrix.ios to idle
    t =    42.78s     Find the "Ответ, Вслух / про себя" Button
    t =    43.32s     Check for interrupting elements affecting "Ответ, Вслух / про себя" Button
    t =    43.42s     Synthesize event
    t =    43.75s     Wait for dev.polski.grammarmatrix.ios to idle
    t =    44.70s Tap "Напечатать" Button
    t =    44.70s     Wait for dev.polski.grammarmatrix.ios to idle
    t =    44.70s     Find the "Напечатать" Button
    t =    44.83s     Check for interrupting elements affecting "Напечатать" Button
    t =    44.92s     Synthesize event
    t =    45.27s     Wait for dev.polski.grammarmatrix.ios to idle
    t =    46.11s Waiting 5.0s for "typedAnswer" Any to exist
    t =    47.18s     Checking `Expect predicate `existsNoRetry == 1` for object "typedAnswer" Any`
    t =    47.18s         Checking existence of `"typedAnswer" Any`
    t =    48.70s Tap "typedAnswer" Any
    t =    48.70s     Wait for dev.polski.grammarmatrix.ios to idle
    t =    48.71s     Find the "typedAnswer" Any
    t =    50.24s     Check for interrupting elements affecting "typedAnswer" TextField
    t =    50.47s     Synthesize event
    t =    50.83s     Wait for dev.polski.grammarmatrix.ios to idle
    t =    51.14s Type 'Moja proba' into "typedAnswer" TextField
    t =    51.14s     Wait for dev.polski.grammarmatrix.ios to idle
    t =    52.14s     Find the "typedAnswer" TextField
    t =    54.15s     Check for interrupting elements affecting "typedAnswer" TextField
    t =    54.36s     Synthesize event
    t =    54.75s     Wait for dev.polski.grammarmatrix.ios to idle
    t =    54.83s Swipe down Target Application 'dev.polski.grammarmatrix.ios'
    t =    54.83s     Wait for dev.polski.grammarmatrix.ios to idle
    t =    54.88s     Find the Target Application 'dev.polski.grammarmatrix.ios'
    t =    54.98s     Check for interrupting elements affecting "Polski Grammar Matrix" Application
    t =    55.09s     Synthesize event
    t =    55.60s     Wait for dev.polski.grammarmatrix.ios to idle
    t =    56.98s Find the "Подача объяснений, Схемы и логика" Button
    t =    57.86s Find the "Подача объяснений, Схемы и логика" Button
    t =    58.51s Checking existence of `Keyboard (First Match)`
    t =    59.41s Checking existence of `"revealAnswer" Button`
    t =    59.56s Find the "Подача объяснений, Схемы и логика" Button
    t =    60.60s Checking existence of `Keyboard (First Match)`
    t =    61.55s Checking existence of `"typedAnswer" TextField`
METHOD_BEFORE_TAP: method=(32.0, 497.3333435058594, 338.0, 34.333343505859375), keyboard=false, typed=false
    t =    64.08s Tap "Подача объяснений, Схемы и логика" Button
    t =    64.08s     Wait for dev.polski.grammarmatrix.ios to idle
    t =    64.09s     Find the "Подача объяснений, Схемы и логика" Button
    t =    65.12s     Check for interrupting elements affecting "Подача объяснений, Схемы и логика" Button
    t =    65.25s     Synthesize event
    t =    65.65s     Wait for dev.polski.grammarmatrix.ios to idle
    t =    66.60s Waiting 5.0s for "Живые ситуации" Any to exist
    t =    67.69s     Checking `Expect predicate `existsNoRetry == 1` for object "Живые ситуации" Any`
    t =    67.69s         Checking existence of `"Живые ситуации" Any`
    t =    68.20s Tap "Живые ситуации" Any
    t =    68.20s     Wait for dev.polski.grammarmatrix.ios to idle
    t =    68.21s     Find the "Живые ситуации" Any
    t =    68.61s     Check for interrupting elements affecting "Живые ситуации" Button
    t =    68.81s     Synthesize event
    t =    69.17s     Wait for dev.polski.grammarmatrix.ios to idle
    t =    70.03s Checking existence of `"typedAnswer" TextField`
    t =    71.89s Swipe up Target Application 'dev.polski.grammarmatrix.ios'
    t =    71.89s     Wait for dev.polski.grammarmatrix.ios to idle
    t =    71.89s     Find the Target Application 'dev.polski.grammarmatrix.ios'
    t =    71.98s     Check for interrupting elements affecting "Polski Grammar Matrix" Application
    t =    72.08s     Synthesize event
    t =    72.55s     Wait for dev.polski.grammarmatrix.ios to idle
    t =    74.01s Checking existence of `"typedAnswer" TextField`
    t =    75.74s Waiting 5.0s for "typedAnswer" TextField to exist
    t =    76.83s     Checking `Expect predicate `existsNoRetry == 1` for object "typedAnswer" TextField`
    t =    76.83s         Checking existence of `"typedAnswer" TextField`
    t =    78.41s Find the "typedAnswer" TextField
    t =    79.79s Find the "revealAnswer" Button
    t =    79.93s Checking existence of `"revealAnswer" Button`
    t =    80.01s Tap "revealAnswer" Button
    t =    80.01s     Wait for dev.polski.grammarmatrix.ios to idle
    t =    80.02s     Find the "revealAnswer" Button
    t =    80.12s     Check for interrupting elements affecting "revealAnswer" Button
    t =    80.20s     Synthesize event
    t =    80.54s     Wait for dev.polski.grammarmatrix.ios to idle
    t =    80.90s Waiting 5.0s for "Widzę moją piękną żonę." StaticText to exist
    t =    81.95s     Checking `Expect predicate `existsNoRetry == 1` for object "Widzę moją piękną żonę." StaticText`
    t =    81.95s         Checking existence of `"Widzę moją piękną żonę." StaticText`
    t =    82.06s Find the Target Application 'dev.polski.grammarmatrix.ios'
    t =    82.26s Added attachment named 'method-cycle-revealed'
    t =    82.26s Checking existence of `"Moja proba" StaticText`
    t =    82.35s Checking existence of `"Moja proba" StaticText`
    t =    82.44s Find the "Подача объяснений, Схемы и логика" Button
    t =    83.12s Swipe down Target Application 'dev.polski.grammarmatrix.ios'
    t =    83.12s     Wait for dev.polski.grammarmatrix.ios to idle
    t =    83.13s     Find the Target Application 'dev.polski.grammarmatrix.ios'
    t =    83.21s     Check for interrupting elements affecting "Polski Grammar Matrix" Application
    t =    83.30s     Synthesize event
    t =    83.76s     Wait for dev.polski.grammarmatrix.ios to idle
    t =    85.15s Find the "Подача объяснений, Живые ситуации" Button
    t =    85.78s Find the "Подача объяснений, Живые ситуации" Button
    t =    86.33s Tap "Подача объяснений, Живые ситуации" Button
    t =    86.33s     Wait for dev.polski.grammarmatrix.ios to idle
    t =    86.33s     Find the "Подача объяснений, Живые ситуации" Button
    t =    86.80s     Check for interrupting elements affecting "Подача объяснений, Живые ситуации" Button
    t =    86.90s     Synthesize event
    t =    87.25s     Wait for dev.polski.grammarmatrix.ios to idle
    t =    88.18s Tap "Схемы и логика" Any
    t =    88.18s     Wait for dev.polski.grammarmatrix.ios to idle
    t =    88.19s     Find the "Схемы и логика" Any
    t =    88.45s     Check for interrupting elements affecting "Схемы и логика" Button
    t =    88.59s     Synthesize event
    t =    88.94s     Wait for dev.polski.grammarmatrix.ios to idle
    t =    89.78s Checking existence of `"Moja proba" StaticText`
    t =    89.89s Swipe up Target Application 'dev.polski.grammarmatrix.ios'
    t =    89.89s     Wait for dev.polski.grammarmatrix.ios to idle
    t =    89.90s     Find the Target Application 'dev.polski.grammarmatrix.ios'
    t =    89.97s     Check for interrupting elements affecting "Polski Grammar Matrix" Application
    t =    90.06s     Synthesize event
    t =    90.54s     Wait for dev.polski.grammarmatrix.ios to idle
    t =    92.64s Checking existence of `"Moja proba" StaticText`
    t =    92.74s Checking existence of `"Moja proba" StaticText`
    t =    92.84s Find the "rateGood" Button
    t =    92.98s Swipe up Target Application 'dev.polski.grammarmatrix.ios'
    t =    92.98s     Wait for dev.polski.grammarmatrix.ios to idle
    t =    92.99s     Find the Target Application 'dev.polski.grammarmatrix.ios'
    t =    93.07s     Check for interrupting elements affecting "Polski Grammar Matrix" Application
    t =    93.15s     Synthesize event
    t =    93.62s     Wait for dev.polski.grammarmatrix.ios to idle
    t =    94.30s Find the "rateGood" Button
    t =    94.45s Find the "rateGood" Button
    t =    94.59s Tap "rateGood" Button
    t =    94.59s     Wait for dev.polski.grammarmatrix.ios to idle
    t =    94.59s     Find the "rateGood" Button
    t =    94.68s     Check for interrupting elements affecting "rateGood" Button
    t =    94.78s     Synthesize event
    t =    95.14s     Wait for dev.polski.grammarmatrix.ios to idle
    t =    95.51s Tap "Прогресс" Button
    t =    95.51s     Wait for dev.polski.grammarmatrix.ios to idle
    t =    95.53s     Find the "Прогресс" Button
    t =    95.74s     Check for interrupting elements affecting "chart.bar" Button
    t =    95.86s     Synthesize event
    t =    96.24s     Wait for dev.polski.grammarmatrix.ios to idle
    t =    97.79s Checking existence of `"totalReviews" Any`
    t =    99.38s Swipe down Target Application 'dev.polski.grammarmatrix.ios'
    t =    99.38s     Wait for dev.polski.grammarmatrix.ios to idle
    t =    99.39s     Find the Target Application 'dev.polski.grammarmatrix.ios'
    t =    99.46s     Check for interrupting elements affecting "Polski Grammar Matrix" Application
    t =    99.54s     Synthesize event
    t =   100.00s     Wait for dev.polski.grammarmatrix.ios to idle
    t =   102.11s Checking existence of `"totalReviews" Any`
    t =   103.56s Swipe down Target Application 'dev.polski.grammarmatrix.ios'
    t =   103.56s     Wait for dev.polski.grammarmatrix.ios to idle
    t =   103.81s     Find the Target Application 'dev.polski.grammarmatrix.ios'
    t =   103.88s     Check for interrupting elements affecting "Polski Grammar Matrix" Application
    t =   103.96s     Synthesize event
    t =   104.43s     Wait for dev.polski.grammarmatrix.ios to idle
    t =   105.83s Checking existence of `"totalReviews" Any`
    t =   107.06s Waiting 5.0s for "totalReviews" Any to exist
    t =   108.14s     Checking `Expect predicate `existsNoRetry == 1` for object "totalReviews" Any`
    t =   108.14s         Checking existence of `"totalReviews" Any`
    t =   110.51s Find the "totalReviews" Any
    t =   113.01s Tear Down
Test Case '-[PolskiGrammarUITests.PolskiGrammarUITests testMethodSwitchKeepsTypedDraftThroughRevealAndOneReview]' passed (113.604 seconds).
Test Suite 'PolskiGrammarUITests' passed at 2026-09-24 21:16:56.975.
	 Executed 1 test, with 0 failures (0 unexpected) in 113.604 (113.605) seconds
Test Suite 'PolskiGrammarUITests.xctest' passed at 2026-09-24 21:16:56.976.
	 Executed 1 test, with 0 failures (0 unexpected) in 113.604 (113.606) seconds
Test Suite 'Selected tests' passed at 2026-09-24 21:16:56.976.
	 Executed 1 test, with 0 failures (0 unexpected) in 113.604 (113.607) seconds
2026-09-24 21:16:57.332 xcodebuild[77149:18412751] [MT] IDETestOperationsObserverDebug: 118.356 elapsed -- Testing started completed.
2026-09-24 21:16:57.332 xcodebuild[77149:18412751] [MT] IDETestOperationsObserverDebug: 0.000 sec, +0.000 sec -- start
2026-09-24 21:16:57.332 xcodebuild[77149:18412751] [MT] IDETestOperationsObserverDebug: 118.356 sec, +118.356 sec -- end

Test session results, code coverage, and logs:
	/Users/german/Work/JS/polski-grammar-srs/kotlin/iosApp/build/FinalVirtualMethodScrollFix/Logs/Test/Test-PolskiGrammar-2026.09.24_21-14-46-+0200.xcresult

** TEST SUCCEEDED **

Testing started
