Command line invocation:
    /Applications/Xcode.app/Contents/Developer/usr/bin/xcodebuild test -project kotlin/iosApp/PolskiGrammar.xcodeproj -scheme PolskiGrammar -configuration Debug -destination "platform=iOS Simulator,id=502F57FE-944F-4C27-B74F-5EC34D1B995D" -derivedDataPath kotlin/iosApp/build/FinalVirtualFullFix CODE_SIGNING_ALLOWED=NO -parallel-testing-enabled NO "-only-testing:PolskiGrammarUITests/PolskiGrammarUITests/testFirstMethodIntroductionKeepsReferenceAnswerHiddenUntilContinue" "-only-testing:PolskiGrammarUITests/PolskiGrammarUITests/testMethodSwitchKeepsTypedDraftThroughRevealAndOneReview"

Build settings from command line:
    CODE_SIGNING_ALLOWED = NO

ComputePackagePrebuildTargetDependencyGraph

Prepare packages

CreateBuildRequest

SendProjectDescription

CreateBuildOperation

ComputeTargetDependencyGraph
note: Building targets in dependency order
note: Target dependency graph (2 targets)
    Target 'PolskiGrammarUITests' in project 'PolskiGrammar'
        ➜ Explicit dependency on target 'PolskiGrammar' in project 'PolskiGrammar'
    Target 'PolskiGrammar' in project 'PolskiGrammar' (no dependencies)

GatherProvisioningInputs

CreateBuildDescription

ExecuteExternalTool /Applications/Xcode.app/Contents/Developer/Toolchains/XcodeDefault.xctoolchain/usr/bin/clang -v -E -dM -isysroot /Applications/Xcode.app/Contents/Developer/Platforms/iPhoneSimulator.platform/Developer/SDKs/iPhoneSimulator27.0.sdk -x c -c /dev/null

ExecuteExternalTool /Applications/Xcode.app/Contents/Developer/usr/bin/actool --print-asset-tag-combinations --output-format xml1 /Users/german/Work/JS/polski-grammar-srs/kotlin/iosApp/PolskiGrammar/Assets.xcassets

ExecuteExternalTool /Applications/Xcode.app/Contents/Developer/Toolchains/XcodeDefault.xctoolchain/usr/bin/swiftc --version

ExecuteExternalTool /Applications/Xcode.app/Contents/Developer/Toolchains/XcodeDefault.xctoolchain/usr/bin/ld -version_details

ExecuteExternalTool /Applications/Xcode.app/Contents/Developer/usr/bin/actool --version --output-format xml1

Build description signature: 07f4b675063bd47b1b34f575c63a5cdf
Build description path: /Users/german/Work/JS/polski-grammar-srs/kotlin/iosApp/build/FinalVirtualFullFix/Build/Intermediates.noindex/XCBuildData/07f4b675063bd47b1b34f575c63a5cdf.xcbuilddata
CreateBuildDirectory /Users/german/Work/JS/polski-grammar-srs/kotlin/iosApp/build/FinalVirtualFullFix/ModuleCache.noindex
    cd /Users/german/Work/JS/polski-grammar-srs/kotlin/iosApp/PolskiGrammar.xcodeproj
    builtin-create-build-directory /Users/german/Work/JS/polski-grammar-srs/kotlin/iosApp/build/FinalVirtualFullFix/ModuleCache.noindex

CreateBuildDirectory /Users/german/Work/JS/polski-grammar-srs/kotlin/iosApp/build/FinalVirtualFullFix/SDKExplicitPrecompiledModules
    cd /Users/german/Work/JS/polski-grammar-srs/kotlin/iosApp/PolskiGrammar.xcodeproj
    builtin-create-build-directory /Users/german/Work/JS/polski-grammar-srs/kotlin/iosApp/build/FinalVirtualFullFix/SDKExplicitPrecompiledModules

CreateBuildDirectory /Users/german/Work/JS/polski-grammar-srs/kotlin/iosApp/build/FinalVirtualFullFix/CompilationCache.noindex
    cd /Users/german/Work/JS/polski-grammar-srs/kotlin/iosApp/PolskiGrammar.xcodeproj
    builtin-create-build-directory /Users/german/Work/JS/polski-grammar-srs/kotlin/iosApp/build/FinalVirtualFullFix/CompilationCache.noindex

CreateBuildDirectory /Users/german/Work/JS/polski-grammar-srs/kotlin/iosApp/build/FinalVirtualFullFix/Build/Products
    cd /Users/german/Work/JS/polski-grammar-srs/kotlin/iosApp/PolskiGrammar.xcodeproj
    builtin-create-build-directory /Users/german/Work/JS/polski-grammar-srs/kotlin/iosApp/build/FinalVirtualFullFix/Build/Products

CreateBuildDirectory /Users/german/Work/JS/polski-grammar-srs/kotlin/iosApp/build/FinalVirtualFullFix/Build/Intermediates.noindex
    cd /Users/german/Work/JS/polski-grammar-srs/kotlin/iosApp/PolskiGrammar.xcodeproj
    builtin-create-build-directory /Users/german/Work/JS/polski-grammar-srs/kotlin/iosApp/build/FinalVirtualFullFix/Build/Intermediates.noindex

ClangStatCache /Applications/Xcode.app/Contents/Developer/Toolchains/XcodeDefault.xctoolchain/usr/bin/clang-stat-cache /Applications/Xcode.app/Contents/Developer/Platforms/iPhoneSimulator.platform/Developer/SDKs/iPhoneSimulator27.0.sdk /Users/german/Work/JS/polski-grammar-srs/kotlin/iosApp/build/FinalVirtualFullFix/SDKStatCaches.noindex/iphonesimulator27.0-24A430-8dc58220667be655e1bcc261a7455254.sdkstatcache
    cd /Users/german/Work/JS/polski-grammar-srs/kotlin/iosApp/PolskiGrammar.xcodeproj
    /Applications/Xcode.app/Contents/Developer/Toolchains/XcodeDefault.xctoolchain/usr/bin/clang-stat-cache /Applications/Xcode.app/Contents/Developer/Platforms/iPhoneSimulator.platform/Developer/SDKs/iPhoneSimulator27.0.sdk -o /Users/german/Work/JS/polski-grammar-srs/kotlin/iosApp/build/FinalVirtualFullFix/SDKStatCaches.noindex/iphonesimulator27.0-24A430-8dc58220667be655e1bcc261a7455254.sdkstatcache

CreateBuildDirectory /Users/german/Work/JS/polski-grammar-srs/kotlin/iosApp/build/FinalVirtualFullFix/Build/Intermediates.noindex/PrecompiledHeaders
    cd /Users/german/Work/JS/polski-grammar-srs/kotlin/iosApp/PolskiGrammar.xcodeproj
    builtin-create-build-directory /Users/german/Work/JS/polski-grammar-srs/kotlin/iosApp/build/FinalVirtualFullFix/Build/Intermediates.noindex/PrecompiledHeaders

CreateBuildDirectory /Users/german/Work/JS/polski-grammar-srs/kotlin/iosApp/build/FinalVirtualFullFix/Build/Intermediates.noindex/ExplicitPrecompiledModules
    cd /Users/german/Work/JS/polski-grammar-srs/kotlin/iosApp/PolskiGrammar.xcodeproj
    builtin-create-build-directory /Users/german/Work/JS/polski-grammar-srs/kotlin/iosApp/build/FinalVirtualFullFix/Build/Intermediates.noindex/ExplicitPrecompiledModules

CreateBuildDirectory /Users/german/Work/JS/polski-grammar-srs/kotlin/iosApp/build/FinalVirtualFullFix/Build/Intermediates.noindex/SwiftExplicitPrecompiledModules
    cd /Users/german/Work/JS/polski-grammar-srs/kotlin/iosApp/PolskiGrammar.xcodeproj
    builtin-create-build-directory /Users/german/Work/JS/polski-grammar-srs/kotlin/iosApp/build/FinalVirtualFullFix/Build/Intermediates.noindex/SwiftExplicitPrecompiledModules

CreateBuildDirectory /Users/german/Work/JS/polski-grammar-srs/kotlin/iosApp/build/FinalVirtualFullFix/Build/Intermediates.noindex/EagerLinkingTBDs/Debug-iphonesimulator
    cd /Users/german/Work/JS/polski-grammar-srs/kotlin/iosApp/PolskiGrammar.xcodeproj
    builtin-create-build-directory /Users/german/Work/JS/polski-grammar-srs/kotlin/iosApp/build/FinalVirtualFullFix/Build/Intermediates.noindex/EagerLinkingTBDs/Debug-iphonesimulator

CreateBuildDirectory /Users/german/Work/JS/polski-grammar-srs/kotlin/iosApp/build/FinalVirtualFullFix/Build/Products/Debug-iphonesimulator
    cd /Users/german/Work/JS/polski-grammar-srs/kotlin/iosApp/PolskiGrammar.xcodeproj
    builtin-create-build-directory /Users/german/Work/JS/polski-grammar-srs/kotlin/iosApp/build/FinalVirtualFullFix/Build/Products/Debug-iphonesimulator

WriteAuxiliaryFile /Users/german/Work/JS/polski-grammar-srs/kotlin/iosApp/build/FinalVirtualFullFix/Build/Intermediates.noindex/PolskiGrammar.build/Debug-iphonesimulator/PolskiGrammar-23ee0051a95c59732cc842b37800d5f6-VFS-iphonesimulator/all-product-headers.yaml
    cd /Users/german/Work/JS/polski-grammar-srs/kotlin/iosApp/PolskiGrammar.xcodeproj
    write-file /Users/german/Work/JS/polski-grammar-srs/kotlin/iosApp/build/FinalVirtualFullFix/Build/Intermediates.noindex/PolskiGrammar.build/Debug-iphonesimulator/PolskiGrammar-23ee0051a95c59732cc842b37800d5f6-VFS-iphonesimulator/all-product-headers.yaml

WriteAuxiliaryFile /Users/german/Work/JS/polski-grammar-srs/kotlin/iosApp/build/FinalVirtualFullFix/Build/Intermediates.noindex/PolskiGrammar.build/Debug-iphonesimulator/PolskiGrammarUITests.build/PolskiGrammarUITests.DependencyStaticMetadataFileList (in target 'PolskiGrammarUITests' from project 'PolskiGrammar')
    cd /Users/german/Work/JS/polski-grammar-srs/kotlin/iosApp
    write-file /Users/german/Work/JS/polski-grammar-srs/kotlin/iosApp/build/FinalVirtualFullFix/Build/Intermediates.noindex/PolskiGrammar.build/Debug-iphonesimulator/PolskiGrammarUITests.build/PolskiGrammarUITests.DependencyStaticMetadataFileList

WriteAuxiliaryFile /Users/german/Work/JS/polski-grammar-srs/kotlin/iosApp/build/FinalVirtualFullFix/Build/Intermediates.noindex/PolskiGrammar.build/Debug-iphonesimulator/PolskiGrammarUITests.build/PolskiGrammarUITests.DependencyMetadataFileList (in target 'PolskiGrammarUITests' from project 'PolskiGrammar')
    cd /Users/german/Work/JS/polski-grammar-srs/kotlin/iosApp
    write-file /Users/german/Work/JS/polski-grammar-srs/kotlin/iosApp/build/FinalVirtualFullFix/Build/Intermediates.noindex/PolskiGrammar.build/Debug-iphonesimulator/PolskiGrammarUITests.build/PolskiGrammarUITests.DependencyMetadataFileList

WriteAuxiliaryFile /Users/german/Work/JS/polski-grammar-srs/kotlin/iosApp/build/FinalVirtualFullFix/Build/Intermediates.noindex/PolskiGrammar.build/Debug-iphonesimulator/PolskiGrammarUITests.build/PolskiGrammarUITests.hmap (in target 'PolskiGrammarUITests' from project 'PolskiGrammar')
    cd /Users/german/Work/JS/polski-grammar-srs/kotlin/iosApp
    write-file /Users/german/Work/JS/polski-grammar-srs/kotlin/iosApp/build/FinalVirtualFullFix/Build/Intermediates.noindex/PolskiGrammar.build/Debug-iphonesimulator/PolskiGrammarUITests.build/PolskiGrammarUITests.hmap

WriteAuxiliaryFile /Users/german/Work/JS/polski-grammar-srs/kotlin/iosApp/build/FinalVirtualFullFix/Build/Intermediates.noindex/PolskiGrammar.build/Debug-iphonesimulator/PolskiGrammarUITests.build/ProductTypeInfoPlistAdditions.plist (in target 'PolskiGrammarUITests' from project 'PolskiGrammar')
    cd /Users/german/Work/JS/polski-grammar-srs/kotlin/iosApp
    write-file /Users/german/Work/JS/polski-grammar-srs/kotlin/iosApp/build/FinalVirtualFullFix/Build/Intermediates.noindex/PolskiGrammar.build/Debug-iphonesimulator/PolskiGrammarUITests.build/ProductTypeInfoPlistAdditions.plist

WriteAuxiliaryFile /Users/german/Work/JS/polski-grammar-srs/kotlin/iosApp/build/FinalVirtualFullFix/Build/Intermediates.noindex/PolskiGrammar.build/Debug-iphonesimulator/PolskiGrammarUITests.build/PolskiGrammarUITests-project-headers.hmap (in target 'PolskiGrammarUITests' from project 'PolskiGrammar')
    cd /Users/german/Work/JS/polski-grammar-srs/kotlin/iosApp
    write-file /Users/german/Work/JS/polski-grammar-srs/kotlin/iosApp/build/FinalVirtualFullFix/Build/Intermediates.noindex/PolskiGrammar.build/Debug-iphonesimulator/PolskiGrammarUITests.build/PolskiGrammarUITests-project-headers.hmap

WriteAuxiliaryFile /Users/german/Work/JS/polski-grammar-srs/kotlin/iosApp/build/FinalVirtualFullFix/Build/Intermediates.noindex/PolskiGrammar.build/Debug-iphonesimulator/PolskiGrammarUITests.build/PolskiGrammarUITests-own-target-headers.hmap (in target 'PolskiGrammarUITests' from project 'PolskiGrammar')
    cd /Users/german/Work/JS/polski-grammar-srs/kotlin/iosApp
    write-file /Users/german/Work/JS/polski-grammar-srs/kotlin/iosApp/build/FinalVirtualFullFix/Build/Intermediates.noindex/PolskiGrammar.build/Debug-iphonesimulator/PolskiGrammarUITests.build/PolskiGrammarUITests-own-target-headers.hmap

WriteAuxiliaryFile /Users/german/Work/JS/polski-grammar-srs/kotlin/iosApp/build/FinalVirtualFullFix/Build/Intermediates.noindex/PolskiGrammar.build/Debug-iphonesimulator/PolskiGrammarUITests.build/empty-PolskiGrammarUITests.plist (in target 'PolskiGrammarUITests' from project 'PolskiGrammar')
    cd /Users/german/Work/JS/polski-grammar-srs/kotlin/iosApp
    write-file /Users/german/Work/JS/polski-grammar-srs/kotlin/iosApp/build/FinalVirtualFullFix/Build/Intermediates.noindex/PolskiGrammar.build/Debug-iphonesimulator/PolskiGrammarUITests.build/empty-PolskiGrammarUITests.plist

WriteAuxiliaryFile /Users/german/Work/JS/polski-grammar-srs/kotlin/iosApp/build/FinalVirtualFullFix/Build/Intermediates.noindex/PolskiGrammar.build/Debug-iphonesimulator/PolskiGrammarUITests.build/PolskiGrammarUITests-generated-files.hmap (in target 'PolskiGrammarUITests' from project 'PolskiGrammar')
    cd /Users/german/Work/JS/polski-grammar-srs/kotlin/iosApp
    write-file /Users/german/Work/JS/polski-grammar-srs/kotlin/iosApp/build/FinalVirtualFullFix/Build/Intermediates.noindex/PolskiGrammar.build/Debug-iphonesimulator/PolskiGrammarUITests.build/PolskiGrammarUITests-generated-files.hmap

WriteAuxiliaryFile /Users/german/Work/JS/polski-grammar-srs/kotlin/iosApp/build/FinalVirtualFullFix/Build/Intermediates.noindex/PolskiGrammar.build/Debug-iphonesimulator/PolskiGrammarUITests.build/PolskiGrammarUITests-all-target-headers.hmap (in target 'PolskiGrammarUITests' from project 'PolskiGrammar')
    cd /Users/german/Work/JS/polski-grammar-srs/kotlin/iosApp
    write-file /Users/german/Work/JS/polski-grammar-srs/kotlin/iosApp/build/FinalVirtualFullFix/Build/Intermediates.noindex/PolskiGrammar.build/Debug-iphonesimulator/PolskiGrammarUITests.build/PolskiGrammarUITests-all-target-headers.hmap

WriteAuxiliaryFile /Users/german/Work/JS/polski-grammar-srs/kotlin/iosApp/build/FinalVirtualFullFix/Build/Intermediates.noindex/PolskiGrammar.build/Debug-iphonesimulator/PolskiGrammarUITests.build/PolskiGrammarUITests-all-non-framework-target-headers.hmap (in target 'PolskiGrammarUITests' from project 'PolskiGrammar')
    cd /Users/german/Work/JS/polski-grammar-srs/kotlin/iosApp
    write-file /Users/german/Work/JS/polski-grammar-srs/kotlin/iosApp/build/FinalVirtualFullFix/Build/Intermediates.noindex/PolskiGrammar.build/Debug-iphonesimulator/PolskiGrammarUITests.build/PolskiGrammarUITests-all-non-framework-target-headers.hmap

WriteAuxiliaryFile /Users/german/Work/JS/polski-grammar-srs/kotlin/iosApp/build/FinalVirtualFullFix/Build/Intermediates.noindex/PolskiGrammar.build/Debug-iphonesimulator/PolskiGrammarUITests.build/Objects-normal/arm64/PolskiGrammarUITests-OutputFileMap.json (in target 'PolskiGrammarUITests' from project 'PolskiGrammar')
    cd /Users/german/Work/JS/polski-grammar-srs/kotlin/iosApp
    write-file /Users/german/Work/JS/polski-grammar-srs/kotlin/iosApp/build/FinalVirtualFullFix/Build/Intermediates.noindex/PolskiGrammar.build/Debug-iphonesimulator/PolskiGrammarUITests.build/Objects-normal/arm64/PolskiGrammarUITests-OutputFileMap.json

WriteAuxiliaryFile /Users/german/Work/JS/polski-grammar-srs/kotlin/iosApp/build/FinalVirtualFullFix/Build/Intermediates.noindex/PolskiGrammar.build/Debug-iphonesimulator/PolskiGrammarUITests.build/Objects-normal/arm64/PolskiGrammarUITests.SwiftFileList (in target 'PolskiGrammarUITests' from project 'PolskiGrammar')
    cd /Users/german/Work/JS/polski-grammar-srs/kotlin/iosApp
    write-file /Users/german/Work/JS/polski-grammar-srs/kotlin/iosApp/build/FinalVirtualFullFix/Build/Intermediates.noindex/PolskiGrammar.build/Debug-iphonesimulator/PolskiGrammarUITests.build/Objects-normal/arm64/PolskiGrammarUITests.SwiftFileList

WriteAuxiliaryFile /Users/german/Work/JS/polski-grammar-srs/kotlin/iosApp/build/FinalVirtualFullFix/Build/Intermediates.noindex/PolskiGrammar.build/Debug-iphonesimulator/PolskiGrammarUITests.build/Objects-normal/arm64/PolskiGrammarUITests.SwiftConstValuesFileList (in target 'PolskiGrammarUITests' from project 'PolskiGrammar')
    cd /Users/german/Work/JS/polski-grammar-srs/kotlin/iosApp
    write-file /Users/german/Work/JS/polski-grammar-srs/kotlin/iosApp/build/FinalVirtualFullFix/Build/Intermediates.noindex/PolskiGrammar.build/Debug-iphonesimulator/PolskiGrammarUITests.build/Objects-normal/arm64/PolskiGrammarUITests.SwiftConstValuesFileList

WriteAuxiliaryFile /Users/german/Work/JS/polski-grammar-srs/kotlin/iosApp/build/FinalVirtualFullFix/Build/Intermediates.noindex/PolskiGrammar.build/Debug-iphonesimulator/PolskiGrammar.build/Script-DF070EF247392F9D1B643D23.sh (in target 'PolskiGrammar' from project 'PolskiGrammar')
    cd /Users/german/Work/JS/polski-grammar-srs/kotlin/iosApp
    write-file /Users/german/Work/JS/polski-grammar-srs/kotlin/iosApp/build/FinalVirtualFullFix/Build/Intermediates.noindex/PolskiGrammar.build/Debug-iphonesimulator/PolskiGrammar.build/Script-DF070EF247392F9D1B643D23.sh

WriteAuxiliaryFile /Users/german/Work/JS/polski-grammar-srs/kotlin/iosApp/build/FinalVirtualFullFix/Build/Intermediates.noindex/PolskiGrammar.build/Debug-iphonesimulator/PolskiGrammar.build/PolskiGrammar.hmap (in target 'PolskiGrammar' from project 'PolskiGrammar')
    cd /Users/german/Work/JS/polski-grammar-srs/kotlin/iosApp
    write-file /Users/german/Work/JS/polski-grammar-srs/kotlin/iosApp/build/FinalVirtualFullFix/Build/Intermediates.noindex/PolskiGrammar.build/Debug-iphonesimulator/PolskiGrammar.build/PolskiGrammar.hmap

WriteAuxiliaryFile /Users/german/Work/JS/polski-grammar-srs/kotlin/iosApp/build/FinalVirtualFullFix/Build/Intermediates.noindex/PolskiGrammar.build/Debug-iphonesimulator/PolskiGrammar.build/empty-PolskiGrammar.plist (in target 'PolskiGrammar' from project 'PolskiGrammar')
    cd /Users/german/Work/JS/polski-grammar-srs/kotlin/iosApp
    write-file /Users/german/Work/JS/polski-grammar-srs/kotlin/iosApp/build/FinalVirtualFullFix/Build/Intermediates.noindex/PolskiGrammar.build/Debug-iphonesimulator/PolskiGrammar.build/empty-PolskiGrammar.plist

WriteAuxiliaryFile /Users/german/Work/JS/polski-grammar-srs/kotlin/iosApp/build/FinalVirtualFullFix/Build/Intermediates.noindex/PolskiGrammar.build/Debug-iphonesimulator/PolskiGrammarUITests.build/Objects-normal/arm64/PolskiGrammarUITests_const_extract_protocols.json (in target 'PolskiGrammarUITests' from project 'PolskiGrammar')
    cd /Users/german/Work/JS/polski-grammar-srs/kotlin/iosApp
    write-file /Users/german/Work/JS/polski-grammar-srs/kotlin/iosApp/build/FinalVirtualFullFix/Build/Intermediates.noindex/PolskiGrammar.build/Debug-iphonesimulator/PolskiGrammarUITests.build/Objects-normal/arm64/PolskiGrammarUITests_const_extract_protocols.json

WriteAuxiliaryFile /Users/german/Work/JS/polski-grammar-srs/kotlin/iosApp/build/FinalVirtualFullFix/Build/Intermediates.noindex/PolskiGrammar.build/Debug-iphonesimulator/PolskiGrammarUITests.build/Objects-normal/arm64/PolskiGrammarUITests.LinkFileList (in target 'PolskiGrammarUITests' from project 'PolskiGrammar')
    cd /Users/german/Work/JS/polski-grammar-srs/kotlin/iosApp
    write-file /Users/german/Work/JS/polski-grammar-srs/kotlin/iosApp/build/FinalVirtualFullFix/Build/Intermediates.noindex/PolskiGrammar.build/Debug-iphonesimulator/PolskiGrammarUITests.build/Objects-normal/arm64/PolskiGrammarUITests.LinkFileList

WriteAuxiliaryFile /Users/german/Work/JS/polski-grammar-srs/kotlin/iosApp/build/FinalVirtualFullFix/Build/Intermediates.noindex/PolskiGrammar.build/Debug-iphonesimulator/PolskiGrammar.build/PolskiGrammar.DependencyStaticMetadataFileList (in target 'PolskiGrammar' from project 'PolskiGrammar')
    cd /Users/german/Work/JS/polski-grammar-srs/kotlin/iosApp
    write-file /Users/german/Work/JS/polski-grammar-srs/kotlin/iosApp/build/FinalVirtualFullFix/Build/Intermediates.noindex/PolskiGrammar.build/Debug-iphonesimulator/PolskiGrammar.build/PolskiGrammar.DependencyStaticMetadataFileList

WriteAuxiliaryFile /Users/german/Work/JS/polski-grammar-srs/kotlin/iosApp/build/FinalVirtualFullFix/Build/Intermediates.noindex/PolskiGrammar.build/Debug-iphonesimulator/PolskiGrammar.build/PolskiGrammar.DependencyMetadataFileList (in target 'PolskiGrammar' from project 'PolskiGrammar')
    cd /Users/german/Work/JS/polski-grammar-srs/kotlin/iosApp
    write-file /Users/german/Work/JS/polski-grammar-srs/kotlin/iosApp/build/FinalVirtualFullFix/Build/Intermediates.noindex/PolskiGrammar.build/Debug-iphonesimulator/PolskiGrammar.build/PolskiGrammar.DependencyMetadataFileList

WriteAuxiliaryFile /Users/german/Work/JS/polski-grammar-srs/kotlin/iosApp/build/FinalVirtualFullFix/Build/Intermediates.noindex/PolskiGrammar.build/Debug-iphonesimulator/PolskiGrammar.build/PolskiGrammar-project-headers.hmap (in target 'PolskiGrammar' from project 'PolskiGrammar')
    cd /Users/german/Work/JS/polski-grammar-srs/kotlin/iosApp
    write-file /Users/german/Work/JS/polski-grammar-srs/kotlin/iosApp/build/FinalVirtualFullFix/Build/Intermediates.noindex/PolskiGrammar.build/Debug-iphonesimulator/PolskiGrammar.build/PolskiGrammar-project-headers.hmap

WriteAuxiliaryFile /Users/german/Work/JS/polski-grammar-srs/kotlin/iosApp/build/FinalVirtualFullFix/Build/Intermediates.noindex/PolskiGrammar.build/Debug-iphonesimulator/PolskiGrammar.build/PolskiGrammar-own-target-headers.hmap (in target 'PolskiGrammar' from project 'PolskiGrammar')
    cd /Users/german/Work/JS/polski-grammar-srs/kotlin/iosApp
    write-file /Users/german/Work/JS/polski-grammar-srs/kotlin/iosApp/build/FinalVirtualFullFix/Build/Intermediates.noindex/PolskiGrammar.build/Debug-iphonesimulator/PolskiGrammar.build/PolskiGrammar-own-target-headers.hmap

WriteAuxiliaryFile /Users/german/Work/JS/polski-grammar-srs/kotlin/iosApp/build/FinalVirtualFullFix/Build/Intermediates.noindex/PolskiGrammar.build/Debug-iphonesimulator/PolskiGrammar.build/PolskiGrammar-generated-files.hmap (in target 'PolskiGrammar' from project 'PolskiGrammar')
    cd /Users/german/Work/JS/polski-grammar-srs/kotlin/iosApp
    write-file /Users/german/Work/JS/polski-grammar-srs/kotlin/iosApp/build/FinalVirtualFullFix/Build/Intermediates.noindex/PolskiGrammar.build/Debug-iphonesimulator/PolskiGrammar.build/PolskiGrammar-generated-files.hmap

WriteAuxiliaryFile /Users/german/Work/JS/polski-grammar-srs/kotlin/iosApp/build/FinalVirtualFullFix/Build/Intermediates.noindex/PolskiGrammar.build/Debug-iphonesimulator/PolskiGrammar.build/PolskiGrammar-all-target-headers.hmap (in target 'PolskiGrammar' from project 'PolskiGrammar')
    cd /Users/german/Work/JS/polski-grammar-srs/kotlin/iosApp
    write-file /Users/german/Work/JS/polski-grammar-srs/kotlin/iosApp/build/FinalVirtualFullFix/Build/Intermediates.noindex/PolskiGrammar.build/Debug-iphonesimulator/PolskiGrammar.build/PolskiGrammar-all-target-headers.hmap

WriteAuxiliaryFile /Users/german/Work/JS/polski-grammar-srs/kotlin/iosApp/build/FinalVirtualFullFix/Build/Intermediates.noindex/PolskiGrammar.build/Debug-iphonesimulator/PolskiGrammar.build/PolskiGrammar-all-non-framework-target-headers.hmap (in target 'PolskiGrammar' from project 'PolskiGrammar')
    cd /Users/german/Work/JS/polski-grammar-srs/kotlin/iosApp
    write-file /Users/german/Work/JS/polski-grammar-srs/kotlin/iosApp/build/FinalVirtualFullFix/Build/Intermediates.noindex/PolskiGrammar.build/Debug-iphonesimulator/PolskiGrammar.build/PolskiGrammar-all-non-framework-target-headers.hmap

WriteAuxiliaryFile /Users/german/Work/JS/polski-grammar-srs/kotlin/iosApp/build/FinalVirtualFullFix/Build/Intermediates.noindex/PolskiGrammar.build/Debug-iphonesimulator/PolskiGrammar.build/PolskiGrammar-DebugDylibPath-normal-arm64.txt (in target 'PolskiGrammar' from project 'PolskiGrammar')
    cd /Users/german/Work/JS/polski-grammar-srs/kotlin/iosApp
    write-file /Users/german/Work/JS/polski-grammar-srs/kotlin/iosApp/build/FinalVirtualFullFix/Build/Intermediates.noindex/PolskiGrammar.build/Debug-iphonesimulator/PolskiGrammar.build/PolskiGrammar-DebugDylibPath-normal-arm64.txt

WriteAuxiliaryFile /Users/german/Work/JS/polski-grammar-srs/kotlin/iosApp/build/FinalVirtualFullFix/Build/Intermediates.noindex/PolskiGrammar.build/Debug-iphonesimulator/PolskiGrammar.build/PolskiGrammar-DebugDylibInstallName-normal-arm64.txt (in target 'PolskiGrammar' from project 'PolskiGrammar')
    cd /Users/german/Work/JS/polski-grammar-srs/kotlin/iosApp
    write-file /Users/german/Work/JS/polski-grammar-srs/kotlin/iosApp/build/FinalVirtualFullFix/Build/Intermediates.noindex/PolskiGrammar.build/Debug-iphonesimulator/PolskiGrammar.build/PolskiGrammar-DebugDylibInstallName-normal-arm64.txt

WriteAuxiliaryFile /Users/german/Work/JS/polski-grammar-srs/kotlin/iosApp/build/FinalVirtualFullFix/Build/Intermediates.noindex/PolskiGrammar.build/Debug-iphonesimulator/PolskiGrammar.build/Objects-normal/arm64/PolskiGrammar.SwiftFileList (in target 'PolskiGrammar' from project 'PolskiGrammar')
    cd /Users/german/Work/JS/polski-grammar-srs/kotlin/iosApp
    write-file /Users/german/Work/JS/polski-grammar-srs/kotlin/iosApp/build/FinalVirtualFullFix/Build/Intermediates.noindex/PolskiGrammar.build/Debug-iphonesimulator/PolskiGrammar.build/Objects-normal/arm64/PolskiGrammar.SwiftFileList

WriteAuxiliaryFile /Users/german/Work/JS/polski-grammar-srs/kotlin/iosApp/build/FinalVirtualFullFix/Build/Intermediates.noindex/PolskiGrammar.build/Debug-iphonesimulator/PolskiGrammar.build/Objects-normal/arm64/PolskiGrammar_const_extract_protocols.json (in target 'PolskiGrammar' from project 'PolskiGrammar')
    cd /Users/german/Work/JS/polski-grammar-srs/kotlin/iosApp
    write-file /Users/german/Work/JS/polski-grammar-srs/kotlin/iosApp/build/FinalVirtualFullFix/Build/Intermediates.noindex/PolskiGrammar.build/Debug-iphonesimulator/PolskiGrammar.build/Objects-normal/arm64/PolskiGrammar_const_extract_protocols.json

WriteAuxiliaryFile /Users/german/Work/JS/polski-grammar-srs/kotlin/iosApp/build/FinalVirtualFullFix/Build/Intermediates.noindex/PolskiGrammar.build/Debug-iphonesimulator/PolskiGrammar.build/Objects-normal/arm64/PolskiGrammar-OutputFileMap.json (in target 'PolskiGrammar' from project 'PolskiGrammar')
    cd /Users/german/Work/JS/polski-grammar-srs/kotlin/iosApp
    write-file /Users/german/Work/JS/polski-grammar-srs/kotlin/iosApp/build/FinalVirtualFullFix/Build/Intermediates.noindex/PolskiGrammar.build/Debug-iphonesimulator/PolskiGrammar.build/Objects-normal/arm64/PolskiGrammar-OutputFileMap.json

WriteAuxiliaryFile /Users/german/Work/JS/polski-grammar-srs/kotlin/iosApp/build/FinalVirtualFullFix/Build/Intermediates.noindex/PolskiGrammar.build/Debug-iphonesimulator/PolskiGrammar.build/Objects-normal/arm64/PolskiGrammar.LinkFileList (in target 'PolskiGrammar' from project 'PolskiGrammar')
    cd /Users/german/Work/JS/polski-grammar-srs/kotlin/iosApp
    write-file /Users/german/Work/JS/polski-grammar-srs/kotlin/iosApp/build/FinalVirtualFullFix/Build/Intermediates.noindex/PolskiGrammar.build/Debug-iphonesimulator/PolskiGrammar.build/Objects-normal/arm64/PolskiGrammar.LinkFileList

WriteAuxiliaryFile /Users/german/Work/JS/polski-grammar-srs/kotlin/iosApp/build/FinalVirtualFullFix/Build/Intermediates.noindex/PolskiGrammar.build/Debug-iphonesimulator/PolskiGrammar.build/Objects-normal/arm64/PolskiGrammar.SwiftConstValuesFileList (in target 'PolskiGrammar' from project 'PolskiGrammar')
    cd /Users/german/Work/JS/polski-grammar-srs/kotlin/iosApp
    write-file /Users/german/Work/JS/polski-grammar-srs/kotlin/iosApp/build/FinalVirtualFullFix/Build/Intermediates.noindex/PolskiGrammar.build/Debug-iphonesimulator/PolskiGrammar.build/Objects-normal/arm64/PolskiGrammar.SwiftConstValuesFileList

MkDir /Users/german/Work/JS/polski-grammar-srs/kotlin/iosApp/build/FinalVirtualFullFix/Build/Products/Debug-iphonesimulator/PolskiGrammarUITests-Runner.app/PlugIns/PolskiGrammarUITests.xctest (in target 'PolskiGrammarUITests' from project 'PolskiGrammar')
    cd /Users/german/Work/JS/polski-grammar-srs/kotlin/iosApp
    /bin/mkdir -p /Users/german/Work/JS/polski-grammar-srs/kotlin/iosApp/build/FinalVirtualFullFix/Build/Products/Debug-iphonesimulator/PolskiGrammarUITests-Runner.app/PlugIns/PolskiGrammarUITests.xctest

MkDir /Users/german/Work/JS/polski-grammar-srs/kotlin/iosApp/build/FinalVirtualFullFix/Build/Products/Debug-iphonesimulator/PolskiGrammar.app (in target 'PolskiGrammar' from project 'PolskiGrammar')
    cd /Users/german/Work/JS/polski-grammar-srs/kotlin/iosApp
    /bin/mkdir -p /Users/german/Work/JS/polski-grammar-srs/kotlin/iosApp/build/FinalVirtualFullFix/Build/Products/Debug-iphonesimulator/PolskiGrammar.app

PhaseScriptExecution Build\ Kotlin\ framework /Users/german/Work/JS/polski-grammar-srs/kotlin/iosApp/build/FinalVirtualFullFix/Build/Intermediates.noindex/PolskiGrammar.build/Debug-iphonesimulator/PolskiGrammar.build/Script-DF070EF247392F9D1B643D23.sh (in target 'PolskiGrammar' from project 'PolskiGrammar')
    cd /Users/german/Work/JS/polski-grammar-srs/kotlin/iosApp
    export ACTION\=build
    export AD_HOC_CODE_SIGNING_ALLOWED\=YES
    export AGGREGATE_TRACKED_DOMAINS\=YES
    export ALLOW_BUILD_REQUEST_OVERRIDES\=NO
    export ALLOW_TARGET_PLATFORM_SPECIALIZATION\=NO
    export ALTERNATE_GROUP\=staff
    export ALTERNATE_MODE\=u+w,go-w,a+rX
    export ALTERNATE_OWNER\=german
    export ALTERNATIVE_DISTRIBUTION_WEB\=NO
    export ALWAYS_EMBED_SWIFT_STANDARD_LIBRARIES\=NO
    export ALWAYS_SEARCH_USER_PATHS\=NO
    export ALWAYS_USE_SEPARATE_HEADERMAPS\=NO
    export APPLICATION_EXTENSION_API_ONLY\=NO
    export APPLY_RULES_IN_COPY_FILES\=NO
    export APPLY_RULES_IN_COPY_HEADERS\=NO
    export APP_SHORTCUTS_ENABLE_FLEXIBLE_MATCHING\=YES
    export ARCHS\=arm64
    export ARCHS_BASE\=arm64
    export ARCHS_STANDARD\=arm64\ x86_64
    export ARCHS_STANDARD_32_64_BIT\=arm64\ x86_64
    export ARCHS_STANDARD_64_BIT\=arm64\ x86_64
    export ARCHS_STANDARD_INCLUDING_64_BIT\=arm64\ x86_64
    export ARCHS_UNIVERSAL_IPHONE_OS\=arm64\ x86_64
    export ASSETCATALOG_COMPILER_APPICON_NAME\=AppIcon
    export ASSETCATALOG_COMPILER_GLOBAL_ACCENT_COLOR_NAME\=AccentColor
    export ASSETCATALOG_FILTER_FOR_DEVICE_MODEL\=iPhone18,1
    export ASSETCATALOG_FILTER_FOR_DEVICE_OS_VERSION\=26.1
    export ASSETCATALOG_FILTER_FOR_THINNING_DEVICE_CONFIGURATION\=iPhone18,1
    export AUTOMATICALLY_MERGE_DEPENDENCIES\=NO
    export AUTOMATION_APPLE_EVENTS\=NO
    export AVAILABLE_PLATFORMS\=android\ appletvos\ appletvsimulator\ driverkit\ freebsd\ iphoneos\ iphonesimulator\ linux\ macosx\ none\ openbsd\ qnx\ staticlinux\ watchos\ watchsimulator\ webassembly\ xros\ xrsimulator
    export BUILD_ACTIVE_RESOURCES_ONLY\=YES
    export BUILD_COMPONENTS\=headers\ build
    export BUILD_DIR\=/Users/german/Work/JS/polski-grammar-srs/kotlin/iosApp/build/FinalVirtualFullFix/Build/Products
    export BUILD_LIBRARY_FOR_DISTRIBUTION\=NO
    export BUILD_ONLY_KNOWN_LOCALIZATIONS\=NO
    export BUILD_ROOT\=/Users/german/Work/JS/polski-grammar-srs/kotlin/iosApp/build/FinalVirtualFullFix/Build/Products
    export BUILD_STYLE\=
    export BUILD_VARIANTS\=normal
    export BUILT_PRODUCTS_DIR\=/Users/german/Work/JS/polski-grammar-srs/kotlin/iosApp/build/FinalVirtualFullFix/Build/Products/Debug-iphonesimulator
    export BUNDLE_CONTENTS_FOLDER_PATH_deep\=Contents/
    export BUNDLE_EXECUTABLE_FOLDER_NAME_deep\=MacOS
    export BUNDLE_EXTENSIONS_FOLDER_PATH\=Extensions
    export BUNDLE_FORMAT\=shallow
    export BUNDLE_FRAMEWORKS_FOLDER_PATH\=Frameworks
    export BUNDLE_PLUGINS_FOLDER_PATH\=PlugIns
    export BUNDLE_PRIVATE_HEADERS_FOLDER_PATH\=PrivateHeaders
    export BUNDLE_PUBLIC_HEADERS_FOLDER_PATH\=Headers
    export CACHE_ROOT\=/var/folders/w9/h4ncyn2j3z775qnrltrq35b40000gn/C/com.apple.DeveloperTools/27.0-27A266a/Xcode
    export CCHROOT\=/var/folders/w9/h4ncyn2j3z775qnrltrq35b40000gn/C/com.apple.DeveloperTools/27.0-27A266a/Xcode
    export CHMOD\=/bin/chmod
    export CHOWN\=chown
    export CLANG_ANALYZER_NONNULL\=YES
    export CLANG_ANALYZER_NUMBER_OBJECT_CONVERSION\=YES_AGGRESSIVE
    export CLANG_CACHE_FINE_GRAINED_OUTPUTS\=YES
    export CLANG_CXX_LANGUAGE_STANDARD\=gnu++14
    export CLANG_CXX_LIBRARY\=libc++
    export CLANG_ENABLE_EXPLICIT_MODULES\=YES
    export CLANG_ENABLE_MODULES\=YES
    export CLANG_ENABLE_OBJC_ARC\=YES
    export CLANG_ENABLE_OBJC_WEAK\=NO
    export CLANG_MODULES_BUILD_SESSION_FILE\=/Users/german/Work/JS/polski-grammar-srs/kotlin/iosApp/build/FinalVirtualFullFix/ModuleCache.noindex/Session.modulevalidation
    export CLANG_WARN_BLOCK_CAPTURE_AUTORELEASING\=YES
    export CLANG_WARN_BOOL_CONVERSION\=YES
    export CLANG_WARN_COMMA\=YES
    export CLANG_WARN_CONSTANT_CONVERSION\=YES
    export CLANG_WARN_DEPRECATED_OBJC_IMPLEMENTATIONS\=YES
    export CLANG_WARN_DIRECT_OBJC_ISA_USAGE\=YES_ERROR
    export CLANG_WARN_DOCUMENTATION_COMMENTS\=YES
    export CLANG_WARN_EMPTY_BODY\=YES
    export CLANG_WARN_ENUM_CONVERSION\=YES
    export CLANG_WARN_INFINITE_RECURSION\=YES
    export CLANG_WARN_INT_CONVERSION\=YES
    export CLANG_WARN_NON_LITERAL_NULL_CONVERSION\=YES
    export CLANG_WARN_OBJC_IMPLICIT_RETAIN_SELF\=YES
    export CLANG_WARN_OBJC_LITERAL_CONVERSION\=YES
    export CLANG_WARN_OBJC_ROOT_CLASS\=YES_ERROR
    export CLANG_WARN_QUOTED_INCLUDE_IN_FRAMEWORK_HEADER\=YES
    export CLANG_WARN_RANGE_LOOP_ANALYSIS\=YES
    export CLANG_WARN_STRICT_PROTOTYPES\=YES
    export CLANG_WARN_SUSPICIOUS_MOVE\=YES
    export CLANG_WARN_UNGUARDED_AVAILABILITY\=YES_AGGRESSIVE
    export CLANG_WARN_UNREACHABLE_CODE\=YES
    export CLANG_WARN__DUPLICATE_METHOD_MATCH\=YES
    export CLASS_FILE_DIR\=/Users/german/Work/JS/polski-grammar-srs/kotlin/iosApp/build/FinalVirtualFullFix/Build/Intermediates.noindex/PolskiGrammar.build/Debug-iphonesimulator/PolskiGrammar.build/JavaClasses
    export CLEAN_PRECOMPS\=YES
    export CLONE_HEADERS\=NO
    export CODESIGNING_FOLDER_PATH\=/Users/german/Work/JS/polski-grammar-srs/kotlin/iosApp/build/FinalVirtualFullFix/Build/Products/Debug-iphonesimulator/PolskiGrammar.app
    export CODE_SIGNING_ALLOWED\=NO
    export CODE_SIGNING_REQUIRED\=YES
    export CODE_SIGN_CONTEXT_CLASS\=XCiPhoneSimulatorCodeSignContext
    export CODE_SIGN_IDENTITY\=-
    export CODE_SIGN_INJECT_BASE_ENTITLEMENTS\=YES
    export CODE_SIGN_STYLE\=Automatic
    export COLOR_DIAGNOSTICS\=NO
    export COMBINE_HIDPI_IMAGES\=NO
    export COMPILATION_CACHE_CAS_PATH\=/Users/german/Work/JS/polski-grammar-srs/kotlin/iosApp/build/FinalVirtualFullFix/CompilationCache.noindex
    export COMPILATION_CACHE_KEEP_CAS_DIRECTORY\=YES
    export COMPILER_INDEX_STORE_ENABLE\=Default
    export COMPOSITE_SDK_DIRS\=/Users/german/Work/JS/polski-grammar-srs/kotlin/iosApp/build/FinalVirtualFullFix/Build/Intermediates.noindex/CompositeSDKs
    export COMPRESS_PNG_FILES\=YES
    export CONFIGURATION\=Debug
    export CONFIGURATION_BUILD_DIR\=/Users/german/Work/JS/polski-grammar-srs/kotlin/iosApp/build/FinalVirtualFullFix/Build/Products/Debug-iphonesimulator
    export CONFIGURATION_TEMP_DIR\=/Users/german/Work/JS/polski-grammar-srs/kotlin/iosApp/build/FinalVirtualFullFix/Build/Intermediates.noindex/PolskiGrammar.build/Debug-iphonesimulator
    export CONTENTS_FOLDER_PATH\=PolskiGrammar.app
    export CONTENTS_FOLDER_PATH_SHALLOW_BUNDLE_NO\=PolskiGrammar.app/Contents
    export CONTENTS_FOLDER_PATH_SHALLOW_BUNDLE_YES\=PolskiGrammar.app
    export COPYING_PRESERVES_HFS_DATA\=NO
    export COPY_HEADERS_RUN_UNIFDEF\=NO
    export COPY_PHASE_STRIP\=NO
    export CORRESPONDING_DEVICE_PLATFORM_DIR\=/Applications/Xcode.app/Contents/Developer/Platforms/iPhoneOS.platform
    export CORRESPONDING_DEVICE_PLATFORM_NAME\=iphoneos
    export CORRESPONDING_DEVICE_SDK_DIR\=/Applications/Xcode.app/Contents/Developer/Platforms/iPhoneOS.platform/Developer/SDKs/iPhoneOS27.0.sdk
    export CORRESPONDING_DEVICE_SDK_NAME\=iphoneos27.0
    export CP\=/bin/cp
    export CREATE_INFOPLIST_SECTION_IN_BINARY\=NO
    export CURRENT_ARCH\=undefined_arch
    export CURRENT_VARIANT\=normal
    export DEAD_CODE_STRIPPING\=YES
    export DEBUGGING_SYMBOLS\=YES
    export DEBUG_INFORMATION_FORMAT\=dwarf
    export DEBUG_INFORMATION_VERSION\=compiler-default
    export DEFAULT_COMPILER\=com.apple.compilers.llvm.clang.1_0
    export DEFAULT_DEXT_INSTALL_PATH\=/System/Library/DriverExtensions
    export DEFAULT_KEXT_INSTALL_PATH\=/System/Library/Extensions
    export DEFINES_MODULE\=NO
    export DEPLOYMENT_LOCATION\=NO
    export DEPLOYMENT_POSTPROCESSING\=NO
    export DEPLOYMENT_TARGET_SETTING_NAME\=IPHONEOS_DEPLOYMENT_TARGET
    export DEPLOYMENT_TARGET_SUGGESTED_VALUES\=15.0\ 15.1\ 15.2\ 15.3\ 15.4\ 15.5\ 15.6\ 16.0\ 16.1\ 16.2\ 16.3\ 16.4\ 16.5\ 16.6\ 17.0\ 17.1\ 17.2\ 17.3\ 17.4\ 17.5\ 17.6\ 18.0\ 18.1\ 18.2\ 18.3\ 18.4\ 18.5\ 18.6\ 26.0\ 26.2\ 26.3\ 26.4\ 26.5\ 26.6\ 27.0
    export DERIVED_FILES_DIR\=/Users/german/Work/JS/polski-grammar-srs/kotlin/iosApp/build/FinalVirtualFullFix/Build/Intermediates.noindex/PolskiGrammar.build/Debug-iphonesimulator/PolskiGrammar.build/DerivedSources
    export DERIVED_FILE_DIR\=/Users/german/Work/JS/polski-grammar-srs/kotlin/iosApp/build/FinalVirtualFullFix/Build/Intermediates.noindex/PolskiGrammar.build/Debug-iphonesimulator/PolskiGrammar.build/DerivedSources
    export DERIVED_SOURCES_DIR\=/Users/german/Work/JS/polski-grammar-srs/kotlin/iosApp/build/FinalVirtualFullFix/Build/Intermediates.noindex/PolskiGrammar.build/Debug-iphonesimulator/PolskiGrammar.build/DerivedSources
    export DEVELOPER_APPLICATIONS_DIR\=/Applications/Xcode.app/Contents/Developer/Applications
    export DEVELOPER_BIN_DIR\=/Applications/Xcode.app/Contents/Developer/usr/bin
    export DEVELOPER_DIR\=/Applications/Xcode.app/Contents/Developer
    export DEVELOPER_FRAMEWORKS_DIR\=/Applications/Xcode.app/Contents/Developer/Library/Frameworks
    export DEVELOPER_FRAMEWORKS_DIR_QUOTED\=/Applications/Xcode.app/Contents/Developer/Library/Frameworks
    export DEVELOPER_LIBRARY_DIR\=/Applications/Xcode.app/Contents/Developer/Library
    export DEVELOPER_SDK_DIR\=/Applications/Xcode.app/Contents/Developer/Platforms/MacOSX.platform/Developer/SDKs
    export DEVELOPER_TOOLS_DIR\=/Applications/Xcode.app/Contents/Developer/Tools
    export DEVELOPER_USR_DIR\=/Applications/Xcode.app/Contents/Developer/usr
    export DEVELOPMENT_LANGUAGE\=ru
    export DIAGNOSE_MISSING_TARGET_DEPENDENCIES\=YES
    export DIFF\=/usr/bin/diff
    export DOCUMENTATION_FOLDER_PATH\=PolskiGrammar.app/ru.lproj/Documentation
    export DONT_GENERATE_INFOPLIST_FILE\=NO
    export DSTROOT\=/tmp/PolskiGrammar.dst
    export DT_TOOLCHAIN_DIR\=/Applications/Xcode.app/Contents/Developer/Toolchains/XcodeDefault.xctoolchain
    export DWARF_DSYM_FILE_NAME\=PolskiGrammar.app.dSYM
    export DWARF_DSYM_FILE_SHOULD_ACCOMPANY_PRODUCT\=NO
    export DWARF_DSYM_FOLDER_PATH\=/Users/german/Work/JS/polski-grammar-srs/kotlin/iosApp/build/FinalVirtualFullFix/Build/Products/Debug-iphonesimulator
    export DYNAMIC_LIBRARY_EXTENSION\=dylib
    export EAGER_COMPILATION_ALLOW_SCRIPTS\=NO
    export EAGER_LINKING\=NO
    export EFFECTIVE_PLATFORM_NAME\=-iphonesimulator
    export EFFECTIVE_SWIFT_VERSION\=5
    export EMBEDDED_CONTENT_CONTAINS_SWIFT\=NO
    export EMBED_ASSET_PACKS_IN_PRODUCT_BUNDLE\=NO
    export ENABLE_APP_SANDBOX\=NO
    export ENABLE_CODE_COVERAGE\=YES
    export ENABLE_COHORT_ARCHS\=YES
    export ENABLE_CPLUSPLUS_BOUNDS_SAFE_BUFFERS\=NO
    export ENABLE_C_BOUNDS_SAFETY\=NO
    export ENABLE_DEBUG_DYLIB\=YES
    export ENABLE_DEFAULT_HEADER_SEARCH_PATHS\=YES
    export ENABLE_DEFAULT_SEARCH_PATHS\=YES
    export ENABLE_ENHANCED_SECURITY\=NO
    export ENABLE_HARDENED_RUNTIME\=NO
    export ENABLE_HARDWARE_CHECKED_POINTER_ARITHMETIC_SLICE\=NO
    export ENABLE_HEADER_DEPENDENCIES\=YES
    export ENABLE_INCOMING_NETWORK_CONNECTIONS\=NO
    export ENABLE_ON_DEMAND_RESOURCES\=YES
    export ENABLE_OUTGOING_NETWORK_CONNECTIONS\=NO
    export ENABLE_POINTER_AUTHENTICATION\=NO
    export ENABLE_PREVIEWS\=NO
    export ENABLE_RESOURCE_ACCESS_AUDIO_INPUT\=NO
    export ENABLE_RESOURCE_ACCESS_BLUETOOTH\=NO
    export ENABLE_RESOURCE_ACCESS_CALENDARS\=NO
    export ENABLE_RESOURCE_ACCESS_CAMERA\=NO
    export ENABLE_RESOURCE_ACCESS_CONTACTS\=NO
    export ENABLE_RESOURCE_ACCESS_LOCATION\=NO
    export ENABLE_RESOURCE_ACCESS_PHOTO_LIBRARY\=NO
    export ENABLE_RESOURCE_ACCESS_PRINTING\=NO
    export ENABLE_RESOURCE_ACCESS_USB\=NO
    export ENABLE_SDK_IMPORTS\=NO
    export ENABLE_SECURITY_COMPILER_WARNINGS\=NO
    export ENABLE_STRICT_OBJC_MSGSEND\=YES
    export ENABLE_TESTABILITY\=YES
    export ENABLE_TESTING_SEARCH_PATHS\=NO
    export ENABLE_USER_SCRIPT_SANDBOXING\=NO
    export ENABLE_XOJIT_PREVIEWS\=YES
    export ENFORCE_VALID_ARCHS\=YES
    export ENTITLEMENTS_ALLOWED\=NO
    export ENTITLEMENTS_DESTINATION\=__entitlements
    export ENTITLEMENTS_REQUIRED\=NO
    export EXCLUDED_INSTALLSRC_SUBDIRECTORY_PATTERNS\=.DS_Store\ .svn\ .git\ .hg\ CVS
    export EXCLUDED_RECURSIVE_SEARCH_PATH_SUBDIRECTORIES\=\*.nib\ \*.lproj\ \*.framework\ \*.gch\ \*.xcode\*\ \*.xcassets\ \*.icon\ \(\*\)\ .DS_Store\ CVS\ .svn\ .git\ .hg\ \*.pbproj\ \*.pbxproj
    export EXECUTABLES_FOLDER_PATH\=PolskiGrammar.app/Executables
    export EXECUTABLE_BLANK_INJECTION_DYLIB_PATH\=PolskiGrammar.app/__preview.dylib
    export EXECUTABLE_DEBUG_DYLIB_INSTALL_NAME\=@rpath/PolskiGrammar.debug.dylib
    export EXECUTABLE_DEBUG_DYLIB_PATH\=PolskiGrammar.app/PolskiGrammar.debug.dylib
    export EXECUTABLE_FOLDER_PATH\=PolskiGrammar.app
    export EXECUTABLE_FOLDER_PATH_SHALLOW_BUNDLE_NO\=PolskiGrammar.app/MacOS
    export EXECUTABLE_FOLDER_PATH_SHALLOW_BUNDLE_YES\=PolskiGrammar.app
    export EXECUTABLE_NAME\=PolskiGrammar
    export EXECUTABLE_PATH\=PolskiGrammar.app/PolskiGrammar
    export EXTENSIONS_FOLDER_PATH\=PolskiGrammar.app/Extensions
    export FILE_LIST\=/Users/german/Work/JS/polski-grammar-srs/kotlin/iosApp/build/FinalVirtualFullFix/Build/Intermediates.noindex/PolskiGrammar.build/Debug-iphonesimulator/PolskiGrammar.build/Objects/LinkFileList
    export FIXED_FILES_DIR\=/Users/german/Work/JS/polski-grammar-srs/kotlin/iosApp/build/FinalVirtualFullFix/Build/Intermediates.noindex/PolskiGrammar.build/Debug-iphonesimulator/PolskiGrammar.build/FixedFiles
    export FRAMEWORKS_FOLDER_PATH\=PolskiGrammar.app/Frameworks
    export FRAMEWORK_FLAG_PREFIX\=-framework
    export FRAMEWORK_SEARCH_PATHS\=/Users/german/Work/JS/polski-grammar-srs/kotlin/iosApp/build/FinalVirtualFullFix/Build/Products/Debug-iphonesimulator\ \ /Users/german/Work/JS/polski-grammar-srs/kotlin/iosApp/build/FinalVirtualFullFix/Build/Products/Debug-iphonesimulator
    export FRAMEWORK_VERSION\=A
    export FULL_PRODUCT_NAME\=PolskiGrammar.app
    export FUSE_BUILD_PHASES\=YES
    export FUSE_BUILD_SCRIPT_PHASES\=NO
    export GCC3_VERSION\=3.3
    export GCC_C_LANGUAGE_STANDARD\=gnu11
    export GCC_DYNAMIC_NO_PIC\=NO
    export GCC_INLINES_ARE_PRIVATE_EXTERN\=YES
    export GCC_NO_COMMON_BLOCKS\=YES
    export GCC_OBJC_LEGACY_DISPATCH\=YES
    export GCC_OPTIMIZATION_LEVEL\=0
    export GCC_PFE_FILE_C_DIALECTS\=c\ objective-c\ c++\ objective-c++
    export GCC_PREPROCESSOR_DEFINITIONS\=DEBUG\=1\ 
    export GCC_SYMBOLS_PRIVATE_EXTERN\=NO
    export GCC_TREAT_WARNINGS_AS_ERRORS\=NO
    export GCC_VERSION\=com.apple.compilers.llvm.clang.1_0
    export GCC_VERSION_IDENTIFIER\=com_apple_compilers_llvm_clang_1_0
    export GCC_WARN_64_TO_32_BIT_CONVERSION\=YES
    export GCC_WARN_ABOUT_RETURN_TYPE\=YES_ERROR
    export GCC_WARN_UNDECLARED_SELECTOR\=YES
    export GCC_WARN_UNINITIALIZED_AUTOS\=YES_AGGRESSIVE
    export GCC_WARN_UNUSED_FUNCTION\=YES
    export GCC_WARN_UNUSED_VARIABLE\=YES
    export GENERATED_MODULEMAP_DIR\=/Users/german/Work/JS/polski-grammar-srs/kotlin/iosApp/build/FinalVirtualFullFix/Build/Intermediates.noindex/GeneratedModuleMaps-iphonesimulator
    export GENERATE_INFOPLIST_FILE\=YES
    export GENERATE_INTERMEDIATE_TEXT_BASED_STUBS\=YES
    export GENERATE_PKGINFO_FILE\=YES
    export GENERATE_PRELINK_OBJECT_FILE\=NO
    export GENERATE_PROFILING_CODE\=NO
    export GENERATE_TEXT_BASED_STUBS\=NO
    export GID\=20
    export GROUP\=staff
    export HEADERMAP_INCLUDES_FLAT_ENTRIES_FOR_TARGET_BEING_BUILT\=YES
    export HEADERMAP_INCLUDES_FRAMEWORK_ENTRIES_FOR_ALL_PRODUCT_TYPES\=YES
    export HEADERMAP_INCLUDES_FRAMEWORK_ENTRIES_FOR_TARGETS_NOT_BEING_BUILT\=YES
    export HEADERMAP_INCLUDES_NONPUBLIC_NONPRIVATE_HEADERS\=YES
    export HEADERMAP_INCLUDES_PROJECT_HEADERS\=YES
    export HEADERMAP_USES_FRAMEWORK_PREFIX_ENTRIES\=YES
    export HEADERMAP_USES_VFS\=NO
    export HEADER_SEARCH_PATHS\=/Users/german/Work/JS/polski-grammar-srs/kotlin/iosApp/build/FinalVirtualFullFix/Build/Products/Debug-iphonesimulator/include\ 
    export HOME\=/Users/german
    export HOST_ARCH\=arm64
    export HOST_PLATFORM\=macosx
    export ICONV\=/usr/bin/iconv
    export IMPLICIT_DEPENDENCY_DOMAIN\=default
    export INDEX_ENABLE_OPTIMIZATION_LEVEL_OVERRIDE\=YES
    export INDEX_STORE_COMPRESS\=NO
    export INDEX_STORE_ONLY_PROJECT_FILES\=NO
    export INFOPLIST_ENABLE_CFBUNDLEICONS_MERGE\=YES
    export INFOPLIST_EXPAND_BUILD_SETTINGS\=YES
    export INFOPLIST_KEY_CFBundleDisplayName\=Polski\ Grammar\ Matrix
    export INFOPLIST_KEY_UIApplicationSceneManifest_Generation\=YES
    export INFOPLIST_KEY_UILaunchScreen_Generation\=YES
    export INFOPLIST_KEY_UISupportedInterfaceOrientations\=UIInterfaceOrientationPortrait\ UIInterfaceOrientationPortraitUpsideDown\ UIInterfaceOrientationLandscapeLeft\ UIInterfaceOrientationLandscapeRight
    export INFOPLIST_OUTPUT_FORMAT\=binary
    export INFOPLIST_PATH\=PolskiGrammar.app/Info.plist
    export INFOPLIST_PREPROCESS\=NO
    export INFOSTRINGS_PATH\=PolskiGrammar.app/ru.lproj/InfoPlist.strings
    export INLINE_PRIVATE_FRAMEWORKS\=NO
    export INSTALLAPI_IGNORE_SKIP_INSTALL\=YES
    export INSTALLHDRS_COPY_PHASE\=NO
    export INSTALLHDRS_SCRIPT_PHASE\=NO
    export INSTALL_DIR\=/tmp/PolskiGrammar.dst/Applications
    export INSTALL_GROUP\=staff
    export INSTALL_MODE_FLAG\=u+w,go-w,a+rX
    export INSTALL_OWNER\=german
    export INSTALL_PATH\=/Applications
    export INSTALL_ROOT\=/tmp/PolskiGrammar.dst
    export IPHONEOS_DEPLOYMENT_TARGET\=17.0
    export IS_UNOPTIMIZED_BUILD\=YES
    export JAVAC_DEFAULT_FLAGS\=-J-Xms64m\ -J-XX:NewSize\=4M\ -J-Dfile.encoding\=UTF8
    export JAVA_APP_STUB\=/System/Library/Frameworks/JavaVM.framework/Resources/MacOS/JavaApplicationStub
    export JAVA_ARCHIVE_CLASSES\=YES
    export JAVA_ARCHIVE_TYPE\=JAR
    export JAVA_COMPILER\=/usr/bin/javac
    export JAVA_FOLDER_PATH\=PolskiGrammar.app/Java
    export JAVA_FRAMEWORK_RESOURCES_DIRS\=Resources
    export JAVA_JAR_FLAGS\=cv
    export JAVA_SOURCE_SUBDIR\=.
    export JAVA_USE_DEPENDENCIES\=YES
    export JAVA_ZIP_FLAGS\=-urg
    export JIKES_DEFAULT_FLAGS\=+E\ +OLDCSO
    export KEEP_PRIVATE_EXTERNS\=NO
    export LD_DEPENDENCY_INFO_FILE\=/Users/german/Work/JS/polski-grammar-srs/kotlin/iosApp/build/FinalVirtualFullFix/Build/Intermediates.noindex/PolskiGrammar.build/Debug-iphonesimulator/PolskiGrammar.build/Objects-normal/undefined_arch/PolskiGrammar_dependency_info.dat
    export LD_EXPORT_GLOBAL_SYMBOLS\=YES
    export LD_EXPORT_SYMBOLS\=YES
    export LD_GENERATE_MAP_FILE\=NO
    export LD_MAP_FILE_PATH\=/Users/german/Work/JS/polski-grammar-srs/kotlin/iosApp/build/FinalVirtualFullFix/Build/Intermediates.noindex/PolskiGrammar.build/Debug-iphonesimulator/PolskiGrammar.build/PolskiGrammar-LinkMap-normal-undefined_arch.txt
    export LD_NO_PIE\=NO
    export LD_QUOTE_LINKER_ARGUMENTS_FOR_COMPILER_DRIVER\=YES
    export LD_RUNPATH_SEARCH_PATHS\=\ @executable_path/Frameworks
    export LD_RUNPATH_SEARCH_PATHS_YES\=@loader_path/../Frameworks
    export LD_SHARED_CACHE_ELIGIBLE\=Automatic
    export LD_WARN_DUPLICATE_LIBRARIES\=NO
    export LD_WARN_UNUSED_DYLIBS\=NO
    export LEGACY_DEVELOPER_DIR\=/Applications/Xcode.app/Contents/PlugIns/Xcode3Core.ideplugin/Contents/SharedSupport/Developer
    export LEX\=lex
    export LIBRARY_DEXT_INSTALL_PATH\=/Library/DriverExtensions
    export LIBRARY_FLAG_NOSPACE\=YES
    export LIBRARY_FLAG_PREFIX\=-l
    export LIBRARY_KEXT_INSTALL_PATH\=/Library/Extensions
    export LIBRARY_SEARCH_PATHS\=/Users/german/Work/JS/polski-grammar-srs/kotlin/iosApp/build/FinalVirtualFullFix/Build/Products/Debug-iphonesimulator\ 
    export LINKER_DISPLAYS_MANGLED_NAMES\=NO
    export LINK_FILE_LIST_normal_arm64\=/Users/german/Work/JS/polski-grammar-srs/kotlin/iosApp/build/FinalVirtualFullFix/Build/Intermediates.noindex/PolskiGrammar.build/Debug-iphonesimulator/PolskiGrammar.build/Objects-normal/arm64/PolskiGrammar.LinkFileList
    export LINK_OBJC_RUNTIME\=YES
    export LINK_WITH_STANDARD_LIBRARIES\=YES
    export LLVM_TARGET_TRIPLE_OS_VERSION\=ios17.0
    export LLVM_TARGET_TRIPLE_SUFFIX\=-simulator
    export LLVM_TARGET_TRIPLE_VENDOR\=apple
    export LM_AUX_CONST_METADATA_LIST_PATH_normal_arm64\=/Users/german/Work/JS/polski-grammar-srs/kotlin/iosApp/build/FinalVirtualFullFix/Build/Intermediates.noindex/PolskiGrammar.build/Debug-iphonesimulator/PolskiGrammar.build/Objects-normal/arm64/PolskiGrammar.SwiftConstValuesFileList
    export LOCALIZATION_EXPORT_SUPPORTED\=YES
    export LOCALIZATION_PREFERS_STRING_CATALOGS\=NO
    export LOCALIZED_RESOURCES_FOLDER_PATH\=PolskiGrammar.app/ru.lproj
    export LOCALIZED_STRING_CODE_COMMENTS\=NO
    export LOCALIZED_STRING_MACRO_NAMES\=NSLocalizedString\ CFCopyLocalizedString
    export LOCALIZED_STRING_SWIFTUI_SUPPORT\=YES
    export LOCAL_ADMIN_APPS_DIR\=/Applications/Utilities
    export LOCAL_APPS_DIR\=/Applications
    export LOCAL_DEVELOPER_DIR\=/Library/Developer
    export LOCAL_LIBRARY_DIR\=/Library
    export LOCROOT\=/Users/german/Work/JS/polski-grammar-srs/kotlin/iosApp
    export LOCSYMROOT\=/Users/german/Work/JS/polski-grammar-srs/kotlin/iosApp
    export MACH_O_TYPE\=mh_execute
    export MAC_OS_X_PRODUCT_BUILD_VERSION\=25G72
    export MAC_OS_X_VERSION_ACTUAL\=260600
    export MAC_OS_X_VERSION_MAJOR\=260000
    export MAC_OS_X_VERSION_MINOR\=260600
    export MAKE_MERGEABLE\=NO
    export MERGEABLE_LIBRARY\=NO
    export MERGED_BINARY_TYPE\=none
    export MERGE_LINKED_LIBRARIES\=NO
    export METAL_LIBRARY_FILE_BASE\=default
    export METAL_LIBRARY_OUTPUT_DIR\=/Users/german/Work/JS/polski-grammar-srs/kotlin/iosApp/build/FinalVirtualFullFix/Build/Products/Debug-iphonesimulator/PolskiGrammar.app
    export MODULES_FOLDER_PATH\=PolskiGrammar.app/Modules
    export MODULE_CACHE_DIR\=/Users/german/Work/JS/polski-grammar-srs/kotlin/iosApp/build/FinalVirtualFullFix/ModuleCache.noindex
    export MTL_ENABLE_DEBUG_INFO\=INCLUDE_SOURCE
    export MTL_FAST_MATH\=YES
    export NATIVE_ARCH\=arm64
    export NATIVE_ARCH_32_BIT\=arm
    export NATIVE_ARCH_64_BIT\=arm64
    export NATIVE_ARCH_ACTUAL\=arm64
    export NO_COMMON\=YES
    export OBJC_ABI_VERSION\=2
    export OBJECT_FILE_DIR\=/Users/german/Work/JS/polski-grammar-srs/kotlin/iosApp/build/FinalVirtualFullFix/Build/Intermediates.noindex/PolskiGrammar.build/Debug-iphonesimulator/PolskiGrammar.build/Objects
    export OBJECT_FILE_DIR_normal\=/Users/german/Work/JS/polski-grammar-srs/kotlin/iosApp/build/FinalVirtualFullFix/Build/Intermediates.noindex/PolskiGrammar.build/Debug-iphonesimulator/PolskiGrammar.build/Objects-normal
    export OBJROOT\=/Users/german/Work/JS/polski-grammar-srs/kotlin/iosApp/build/FinalVirtualFullFix/Build/Intermediates.noindex
    export ONLY_ACTIVE_ARCH\=YES
    export ONLY_ARCH\=arm64
    export OS\=MACOS
    export OSAC\=/usr/bin/osacompile
    export OTHER_LDFLAGS\=\ -framework\ PolskiShared
    export PACKAGE_TYPE\=com.apple.package-type.wrapper.application
    export PASCAL_STRINGS\=YES
    export PATH\=/Applications/Xcode.app/Contents/SharedFrameworks/SwiftBuild.framework/Versions/A/PlugIns/SWBBuildService.bundle/Contents/PlugIns/SWBUniversalPlatformPlugin.bundle/Contents/Frameworks/SWBUniversalPlatform.framework/Resources:/Applications/Xcode.app/Contents/Developer/Toolchains/XcodeDefault.xctoolchain/usr/bin:/Applications/Xcode.app/Contents/Developer/Toolchains/XcodeDefault.xctoolchain/usr/local/bin:/Applications/Xcode.app/Contents/Developer/Toolchains/XcodeDefault.xctoolchain/usr/libexec:/Applications/Xcode.app/Contents/Developer/Platforms/iPhoneSimulator.platform/usr/bin:/Applications/Xcode.app/Contents/Developer/Platforms/iPhoneSimulator.platform/usr/local/bin:/Applications/Xcode.app/Contents/Developer/Platforms/iPhoneSimulator.platform/Developer/usr/bin:/Applications/Xcode.app/Contents/Developer/Platforms/iPhoneSimulator.platform/Developer/usr/local/bin:/Applications/Xcode.app/Contents/Developer/usr/bin:/Applications/Xcode.app/Contents/Developer/usr/local/bin:/usr/local/lib/node_modules/@openai/codex/node_modules/@openai/codex-darwin-x64/vendor/x86_64-apple-darwin/codex-path:/Users/german/.local/bin:/usr/local/opt/ffmpeg@7/bin:/Users/german/.antigravity/antigravity/bin:/Library/Frameworks/Python.framework/Versions/3.9/bin:/Library/Frameworks/Python.framework/Versions/2.7/bin:/Library/Frameworks/Python.framework/Versions/3.10/bin:/usr/local/bin:/System/Cryptexes/App/usr/bin:/usr/bin:/bin:/usr/sbin:/sbin:/var/run/com.apple.security.cryptexd/codex.system/bootstrap/usr/local/bin:/var/run/com.apple.security.cryptexd/codex.system/bootstrap/usr/bin:/var/run/com.apple.security.cryptexd/codex.system/bootstrap/usr/appleinternal/bin:/pkg/env/global/bin:/Library/Apple/usr/bin:/usr/local/share/dotnet:/Library/Frameworks/Mono.framework/Versions/Current/Commands:/Users/german/.codex/tmp/arg0/codex-arg06CBjtl:/Users/german/miniconda3/bin:/Users/german/miniconda3/condabin:/Applications/Orca.app/Contents/Resources/bin:/Users/german/.unity/bin:/Applications/Obsidian.app/Contents/MacOS:/Users/german/.volta/bin:/Users/german/.asdf/shims:/Users/german/.fnm/aliases/default/bin:/Users/german/.local/share/mise/shims:/Users/german/Library/pnpm:/Users/german/.yarn/bin:/Users/german/.bun/bin:/opt/homebrew/bin:/opt/homebrew/sbin:/usr/local/sbin:/nix/var/nix/profiles/default/bin:/Users/german/bin:/Users/german/.nix-profile/bin:/Users/german/.opencode/bin:/Users/german/.vite-plus/bin
    export PATH_PREFIXES_EXCLUDED_FROM_HEADER_DEPENDENCIES\=/usr/include\ /usr/local/include\ /System/Library/Frameworks\ /System/Library/PrivateFrameworks\ /Applications/Xcode.app/Contents/Developer/Headers\ /Applications/Xcode.app/Contents/Developer/SDKs\ /Applications/Xcode.app/Contents/Developer/Platforms
    export PBDEVELOPMENTPLIST_PATH\=PolskiGrammar.app/pbdevelopment.plist
    export PER_ARCH_MODULE_FILE_DIR\=/Users/german/Work/JS/polski-grammar-srs/kotlin/iosApp/build/FinalVirtualFullFix/Build/Intermediates.noindex/PolskiGrammar.build/Debug-iphonesimulator/PolskiGrammar.build/Objects-normal/undefined_arch
    export PER_ARCH_OBJECT_FILE_DIR\=/Users/german/Work/JS/polski-grammar-srs/kotlin/iosApp/build/FinalVirtualFullFix/Build/Intermediates.noindex/PolskiGrammar.build/Debug-iphonesimulator/PolskiGrammar.build/Objects-normal/undefined_arch
    export PER_VARIANT_OBJECT_FILE_DIR\=/Users/german/Work/JS/polski-grammar-srs/kotlin/iosApp/build/FinalVirtualFullFix/Build/Intermediates.noindex/PolskiGrammar.build/Debug-iphonesimulator/PolskiGrammar.build/Objects-normal
    export PKGINFO_FILE_PATH\=/Users/german/Work/JS/polski-grammar-srs/kotlin/iosApp/build/FinalVirtualFullFix/Build/Intermediates.noindex/PolskiGrammar.build/Debug-iphonesimulator/PolskiGrammar.build/PkgInfo
    export PKGINFO_PATH\=PolskiGrammar.app/PkgInfo
    export PLATFORM_DEVELOPER_APPLICATIONS_DIR\=/Applications/Xcode.app/Contents/Developer/Platforms/iPhoneSimulator.platform/Developer/Applications
    export PLATFORM_DEVELOPER_BIN_DIR\=/Applications/Xcode.app/Contents/Developer/Platforms/iPhoneSimulator.platform/Developer/usr/bin
    export PLATFORM_DEVELOPER_LIBRARY_DIR\=/Applications/Xcode.app/Contents/Developer/Platforms/iPhoneSimulator.platform/Developer/Library
    export PLATFORM_DEVELOPER_SDK_DIR\=/Applications/Xcode.app/Contents/Developer/Platforms/iPhoneSimulator.platform/Developer/SDKs
    export PLATFORM_DEVELOPER_TOOLS_DIR\=/Applications/Xcode.app/Contents/Developer/Platforms/iPhoneSimulator.platform/Developer/Tools
    export PLATFORM_DEVELOPER_USR_DIR\=/Applications/Xcode.app/Contents/Developer/Platforms/iPhoneSimulator.platform/Developer/usr
    export PLATFORM_DIR\=/Applications/Xcode.app/Contents/Developer/Platforms/iPhoneSimulator.platform
    export PLATFORM_DISPLAY_NAME\=iOS\ Simulator
    export PLATFORM_FAMILY_NAME\=iOS
    export PLATFORM_NAME\=iphonesimulator
    export PLATFORM_PREFERRED_ARCH\=x86_64
    export PLATFORM_PRODUCT_BUILD_VERSION\=24A430
    export PLATFORM_REQUIRES_SWIFT_AUTOLINK_EXTRACT\=NO
    export PLATFORM_REQUIRES_SWIFT_MODULEWRAP\=NO
    export PLATFORM_USES_DSYMS\=YES
    export PLIST_FILE_OUTPUT_FORMAT\=binary
    export PLUGINS_FOLDER_PATH\=PolskiGrammar.app/PlugIns
    export PRECOMPS_INCLUDE_HEADERS_FROM_BUILT_PRODUCTS_DIR\=YES
    export PRECOMP_DESTINATION_DIR\=/Users/german/Work/JS/polski-grammar-srs/kotlin/iosApp/build/FinalVirtualFullFix/Build/Intermediates.noindex/PolskiGrammar.build/Debug-iphonesimulator/PolskiGrammar.build/PrefixHeaders
    export PRELINK_DEPENDENCY_INFO_FILE\=/Users/german/Work/JS/polski-grammar-srs/kotlin/iosApp/build/FinalVirtualFullFix/Build/Intermediates.noindex/PolskiGrammar.build/Debug-iphonesimulator/PolskiGrammar.build/Objects-normal/undefined_arch/PolskiGrammar_prelink_dependency_info.dat
    export PRIVATE_HEADERS_FOLDER_PATH\=PolskiGrammar.app/PrivateHeaders
    export PROCESSED_INFOPLIST_PATH\=/Users/german/Work/JS/polski-grammar-srs/kotlin/iosApp/build/FinalVirtualFullFix/Build/Intermediates.noindex/PolskiGrammar.build/Debug-iphonesimulator/PolskiGrammar.build/Objects-normal/undefined_arch/Processed-Info.plist
    export PRODUCT_BUNDLE_IDENTIFIER\=dev.polski.grammarmatrix.ios
    export PRODUCT_BUNDLE_PACKAGE_TYPE\=APPL
    export PRODUCT_MODULE_NAME\=PolskiGrammar
    export PRODUCT_NAME\=PolskiGrammar
    export PRODUCT_SETTINGS_PATH\=
    export PRODUCT_TYPE\=com.apple.product-type.application
    export PROFILING_CODE\=NO
    export PROJECT\=PolskiGrammar
    export PROJECT_DERIVED_FILE_DIR\=/Users/german/Work/JS/polski-grammar-srs/kotlin/iosApp/build/FinalVirtualFullFix/Build/Intermediates.noindex/PolskiGrammar.build/DerivedSources
    export PROJECT_DIR\=/Users/german/Work/JS/polski-grammar-srs/kotlin/iosApp
    export PROJECT_FILE_PATH\=/Users/german/Work/JS/polski-grammar-srs/kotlin/iosApp/PolskiGrammar.xcodeproj
    export PROJECT_GUID\=23ee0051a95c59732cc842b37800d5f6
    export PROJECT_NAME\=PolskiGrammar
    export PROJECT_TEMP_DIR\=/Users/german/Work/JS/polski-grammar-srs/kotlin/iosApp/build/FinalVirtualFullFix/Build/Intermediates.noindex/PolskiGrammar.build
    export PROJECT_TEMP_ROOT\=/Users/german/Work/JS/polski-grammar-srs/kotlin/iosApp/build/FinalVirtualFullFix/Build/Intermediates.noindex
    export PROVISIONING_PROFILE_REQUIRED\=NO
    export PROVISIONING_PROFILE_REQUIRED_YES_YES\=YES
    export PROVISIONING_PROFILE_SUPPORTED\=YES
    export PUBLIC_HEADERS_FOLDER_PATH\=PolskiGrammar.app/Headers
    export RECOMMENDED_IPHONEOS_DEPLOYMENT_TARGET\=17.0
    export RECURSIVE_SEARCH_PATHS_FOLLOW_SYMLINKS\=YES
    export REMOVE_CVS_FROM_RESOURCES\=YES
    export REMOVE_GIT_FROM_RESOURCES\=YES
    export REMOVE_HEADERS_FROM_EMBEDDED_BUNDLES\=YES
    export REMOVE_HG_FROM_RESOURCES\=YES
    export REMOVE_STATIC_EXECUTABLES_FROM_EMBEDDED_BUNDLES\=YES
    export REMOVE_SVN_FROM_RESOURCES\=YES
    export RESCHEDULE_INDEPENDENT_HEADERS_PHASES\=YES
    export REZ_COLLECTOR_DIR\=/Users/german/Work/JS/polski-grammar-srs/kotlin/iosApp/build/FinalVirtualFullFix/Build/Intermediates.noindex/PolskiGrammar.build/Debug-iphonesimulator/PolskiGrammar.build/ResourceManagerResources
    export REZ_OBJECTS_DIR\=/Users/german/Work/JS/polski-grammar-srs/kotlin/iosApp/build/FinalVirtualFullFix/Build/Intermediates.noindex/PolskiGrammar.build/Debug-iphonesimulator/PolskiGrammar.build/ResourceManagerResources/Objects
    export REZ_SEARCH_PATHS\=/Users/german/Work/JS/polski-grammar-srs/kotlin/iosApp/build/FinalVirtualFullFix/Build/Products/Debug-iphonesimulator\ 
    export RPATH_ORIGIN\=@loader_path
    export RUNTIME_EXCEPTION_ALLOW_DYLD_ENVIRONMENT_VARIABLES\=NO
    export RUNTIME_EXCEPTION_ALLOW_JIT\=NO
    export RUNTIME_EXCEPTION_ALLOW_UNSIGNED_EXECUTABLE_MEMORY\=NO
    export RUNTIME_EXCEPTION_DEBUGGING_TOOL\=NO
    export RUNTIME_EXCEPTION_DISABLE_EXECUTABLE_PAGE_PROTECTION\=NO
    export RUNTIME_EXCEPTION_DISABLE_LIBRARY_VALIDATION\=NO
    export SCANNING_PCM_KEEP_CACHE_DIRECTORY\=YES
    export SCAN_ALL_SOURCE_FILES_FOR_INCLUDES\=NO
    export SCRIPTS_FOLDER_PATH\=PolskiGrammar.app/Scripts
    export SCRIPT_INPUT_FILE_COUNT\=0
    export SCRIPT_INPUT_FILE_LIST_COUNT\=0
    export SCRIPT_OUTPUT_FILE_COUNT\=0
    export SCRIPT_OUTPUT_FILE_LIST_COUNT\=0
    export SDKROOT\=/Applications/Xcode.app/Contents/Developer/Platforms/iPhoneSimulator.platform/Developer/SDKs/iPhoneSimulator27.0.sdk
    export SDK_DIR\=/Applications/Xcode.app/Contents/Developer/Platforms/iPhoneSimulator.platform/Developer/SDKs/iPhoneSimulator27.0.sdk
    export SDK_DIR_iphonesimulator\=/Applications/Xcode.app/Contents/Developer/Platforms/iPhoneSimulator.platform/Developer/SDKs/iPhoneSimulator27.0.sdk
    export SDK_DIR_iphonesimulator27_0\=/Applications/Xcode.app/Contents/Developer/Platforms/iPhoneSimulator.platform/Developer/SDKs/iPhoneSimulator27.0.sdk
    export SDK_NAME\=iphonesimulator27.0
    export SDK_NAMES\=iphonesimulator27.0
    export SDK_PRODUCT_BUILD_VERSION\=24A430
    export SDK_STAT_CACHE_DIR\=/Users/german/Work/JS/polski-grammar-srs/kotlin/iosApp/build/FinalVirtualFullFix
    export SDK_STAT_CACHE_ENABLE\=YES
    export SDK_STAT_CACHE_PATH\=/Users/german/Work/JS/polski-grammar-srs/kotlin/iosApp/build/FinalVirtualFullFix/SDKStatCaches.noindex/iphonesimulator27.0-24A430-8dc58220667be655e1bcc261a7455254.sdkstatcache
    export SDK_VERSION\=27.0
    export SDK_VERSION_ACTUAL\=270000
    export SDK_VERSION_MAJOR\=270000
    export SDK_VERSION_MINOR\=270000
    export SED\=/usr/bin/sed
    export SEPARATE_STRIP\=NO
    export SEPARATE_SYMBOL_EDIT\=NO
    export SET_DIR_MODE_OWNER_GROUP\=YES
    export SET_FILE_MODE_OWNER_GROUP\=NO
    export SHALLOW_BUNDLE\=YES
    export SHALLOW_BUNDLE_TRIPLE\=ios-simulator
    export SHALLOW_BUNDLE_ios_macabi\=NO
    export SHALLOW_BUNDLE_macos\=NO
    export SHARED_DERIVED_FILE_DIR\=/Users/german/Work/JS/polski-grammar-srs/kotlin/iosApp/build/FinalVirtualFullFix/Build/Products/Debug-iphonesimulator/DerivedSources
    export SHARED_FRAMEWORKS_FOLDER_PATH\=PolskiGrammar.app/SharedFrameworks
    export SHARED_PRECOMPS_DIR\=/Users/german/Work/JS/polski-grammar-srs/kotlin/iosApp/build/FinalVirtualFullFix/Build/Intermediates.noindex/PrecompiledHeaders
    export SHARED_SUPPORT_FOLDER_PATH\=PolskiGrammar.app/SharedSupport
    export SKIP_COPYING_TEST_FRAMEWORKS\=YES
    export SKIP_INSTALL\=NO
    export SKIP_MERGEABLE_LIBRARY_BUNDLE_HOOK\=NO
    export SOURCE_ROOT\=/Users/german/Work/JS/polski-grammar-srs/kotlin/iosApp
    export SRCROOT\=/Users/german/Work/JS/polski-grammar-srs/kotlin/iosApp
    export STRINGSDATA_DIR\=/Users/german/Work/JS/polski-grammar-srs/kotlin/iosApp/build/FinalVirtualFullFix/Build/Intermediates.noindex/PolskiGrammar.build/Debug-iphonesimulator/PolskiGrammar.build/Objects-normal/undefined_arch
    export STRINGSDATA_ROOT\=/Users/german/Work/JS/polski-grammar-srs/kotlin/iosApp/build/FinalVirtualFullFix/Build/Intermediates.noindex/PolskiGrammar.build/Debug-iphonesimulator/PolskiGrammar.build
    export STRINGS_FILE_INFOPLIST_RENAME\=YES
    export STRINGS_FILE_OUTPUT_ENCODING\=binary
    export STRING_CATALOG_GENERATE_SYMBOLS\=NO
    export STRIP_BITCODE_FROM_COPIED_FILES\=NO
    export STRIP_INSTALLED_PRODUCT\=NO
    export STRIP_STYLE\=all
    export STRIP_SWIFT_SYMBOLS\=YES
    export SUPPORTED_DEVICE_FAMILIES\=1,2
    export SUPPORTED_PLATFORMS\=iphoneos\ iphonesimulator
    export SUPPORTS_MACCATALYST\=NO
    export SUPPORTS_ON_DEMAND_RESOURCES\=YES
    export SUPPORTS_TEXT_BASED_API\=NO
    export SUPPRESS_WARNINGS\=NO
    export SWIFTC_PASS_SDKROOT\=YES
    export SWIFTC_PASS_SYSROOT\=NO
    export SWIFT_ACTIVE_COMPILATION_CONDITIONS\=DEBUG
    export SWIFT_COLOR_DIAGNOSTICS\=NO
    export SWIFT_EMIT_CONST_VALUE_PROTOCOLS\=AnyResolverProviding\ AppEntity\ AppEnum\ AppExtension\ AppIntent\ AppIntentsPackage\ AppShortcutProviding\ AppShortcutsProvider\ AppUnionValue\ AppUnionValueCasesProviding\ DynamicOptionsProvider\ EntityQuery\ ExtensionPointDefining\ IntentValueQuery\ Resolver\ TransientEntity\ _AssistantIntentsProvider\ _GenerativeFunctionExtractable\ _IntentValueRepresentable
    export SWIFT_EMIT_LOC_STRINGS\=NO
    export SWIFT_ENABLE_EXPLICIT_MODULES\=YES
    export SWIFT_ENABLE_TESTABILITY\=YES
    export SWIFT_OPTIMIZATION_LEVEL\=-Onone
    export SWIFT_PLATFORM_TARGET_PREFIX\=ios
    export SWIFT_RESPONSE_FILE_PATH_normal_arm64\=/Users/german/Work/JS/polski-grammar-srs/kotlin/iosApp/build/FinalVirtualFullFix/Build/Intermediates.noindex/PolskiGrammar.build/Debug-iphonesimulator/PolskiGrammar.build/Objects-normal/arm64/PolskiGrammar.SwiftFileList
    export SWIFT_VERSION\=5.0
    export SYMROOT\=/Users/german/Work/JS/polski-grammar-srs/kotlin/iosApp/build/FinalVirtualFullFix/Build/Products
    export SYSROOT\=/Applications/Xcode.app/Contents/Developer/Platforms/iPhoneSimulator.platform/Developer/SDKs/iPhoneSimulator27.0.sdk
    export SYSTEM_ADMIN_APPS_DIR\=/Applications/Utilities
    export SYSTEM_APPS_DIR\=/Applications
    export SYSTEM_CORE_SERVICES_DIR\=/System/Library/CoreServices
    export SYSTEM_DEMOS_DIR\=/Applications/Extras
    export SYSTEM_DEVELOPER_APPS_DIR\=/Applications/Xcode.app/Contents/Developer/Applications
    export SYSTEM_DEVELOPER_BIN_DIR\=/Applications/Xcode.app/Contents/Developer/usr/bin
    export SYSTEM_DEVELOPER_DEMOS_DIR\=/Applications/Xcode.app/Contents/Developer/Applications/Utilities/Built\ Examples
    export SYSTEM_DEVELOPER_DIR\=/Applications/Xcode.app/Contents/Developer
    export SYSTEM_DEVELOPER_DOC_DIR\=/Applications/Xcode.app/Contents/Developer/ADC\ Reference\ Library
    export SYSTEM_DEVELOPER_GRAPHICS_TOOLS_DIR\=/Applications/Xcode.app/Contents/Developer/Applications/Graphics\ Tools
    export SYSTEM_DEVELOPER_JAVA_TOOLS_DIR\=/Applications/Xcode.app/Contents/Developer/Applications/Java\ Tools
    export SYSTEM_DEVELOPER_PERFORMANCE_TOOLS_DIR\=/Applications/Xcode.app/Contents/Developer/Applications/Performance\ Tools
    export SYSTEM_DEVELOPER_RELEASENOTES_DIR\=/Applications/Xcode.app/Contents/Developer/ADC\ Reference\ Library/releasenotes
    export SYSTEM_DEVELOPER_TOOLS\=/Applications/Xcode.app/Contents/Developer/Tools
    export SYSTEM_DEVELOPER_TOOLS_DOC_DIR\=/Applications/Xcode.app/Contents/Developer/ADC\ Reference\ Library/documentation/DeveloperTools
    export SYSTEM_DEVELOPER_TOOLS_RELEASENOTES_DIR\=/Applications/Xcode.app/Contents/Developer/ADC\ Reference\ Library/releasenotes/DeveloperTools
    export SYSTEM_DEVELOPER_USR_DIR\=/Applications/Xcode.app/Contents/Developer/usr
    export SYSTEM_DEVELOPER_UTILITIES_DIR\=/Applications/Xcode.app/Contents/Developer/Applications/Utilities
    export SYSTEM_DEXT_INSTALL_PATH\=/System/Library/DriverExtensions
    export SYSTEM_DOCUMENTATION_DIR\=/Library/Documentation
    export SYSTEM_EXTENSIONS_FOLDER_PATH\=PolskiGrammar.app/SystemExtensions
    export SYSTEM_EXTENSIONS_FOLDER_PATH_SHALLOW_BUNDLE_NO\=PolskiGrammar.app/Library/SystemExtensions
    export SYSTEM_EXTENSIONS_FOLDER_PATH_SHALLOW_BUNDLE_YES\=PolskiGrammar.app/SystemExtensions
    export SYSTEM_KEXT_INSTALL_PATH\=/System/Library/Extensions
    export SYSTEM_LIBRARY_DIR\=/System/Library
    export TAPI_DEMANGLE\=YES
    export TAPI_ENABLE_PROJECT_HEADERS\=NO
    export TAPI_LANGUAGE\=objective-c
    export TAPI_LANGUAGE_STANDARD\=compiler-default
    export TAPI_USE_SRCROOT\=YES
    export TAPI_VERIFY_MODE\=Pedantic
    export TARGETED_DEVICE_FAMILY\=1,2
    export TARGETNAME\=PolskiGrammar
    export TARGET_BUILD_DIR\=/Users/german/Work/JS/polski-grammar-srs/kotlin/iosApp/build/FinalVirtualFullFix/Build/Products/Debug-iphonesimulator
    export TARGET_DEVICE_IDENTIFIER\=502F57FE-944F-4C27-B74F-5EC34D1B995D
    export TARGET_DEVICE_MODEL\=iPhone18,1
    export TARGET_DEVICE_OS_VERSION\=26.1
    export TARGET_DEVICE_PLATFORM_NAME\=iphonesimulator
    export TARGET_NAME\=PolskiGrammar
    export TARGET_TEMP_DIR\=/Users/german/Work/JS/polski-grammar-srs/kotlin/iosApp/build/FinalVirtualFullFix/Build/Intermediates.noindex/PolskiGrammar.build/Debug-iphonesimulator/PolskiGrammar.build
    export TEMP_DIR\=/Users/german/Work/JS/polski-grammar-srs/kotlin/iosApp/build/FinalVirtualFullFix/Build/Intermediates.noindex/PolskiGrammar.build/Debug-iphonesimulator/PolskiGrammar.build
    export TEMP_FILES_DIR\=/Users/german/Work/JS/polski-grammar-srs/kotlin/iosApp/build/FinalVirtualFullFix/Build/Intermediates.noindex/PolskiGrammar.build/Debug-iphonesimulator/PolskiGrammar.build
    export TEMP_FILE_DIR\=/Users/german/Work/JS/polski-grammar-srs/kotlin/iosApp/build/FinalVirtualFullFix/Build/Intermediates.noindex/PolskiGrammar.build/Debug-iphonesimulator/PolskiGrammar.build
    export TEMP_ROOT\=/Users/german/Work/JS/polski-grammar-srs/kotlin/iosApp/build/FinalVirtualFullFix/Build/Intermediates.noindex
    export TEMP_SANDBOX_DIR\=/Users/german/Work/JS/polski-grammar-srs/kotlin/iosApp/build/FinalVirtualFullFix/Build/Intermediates.noindex/TemporaryTaskSandboxes
    export TEST_FRAMEWORK_SEARCH_PATHS\=\ /Applications/Xcode.app/Contents/Developer/Platforms/iPhoneSimulator.platform/Developer/Library/Frameworks\ /Applications/Xcode.app/Contents/Developer/Platforms/iPhoneSimulator.platform/Developer/SDKs/iPhoneSimulator27.0.sdk/Developer/Library/Frameworks
    export TEST_LIBRARY_SEARCH_PATHS\=\ /Applications/Xcode.app/Contents/Developer/Platforms/iPhoneSimulator.platform/Developer/usr/lib
    export TOOLCHAINS\=com.apple.dt.toolchain.XcodeDefault
    export TOOLCHAIN_DIR\=/Applications/Xcode.app/Contents/Developer/Toolchains/XcodeDefault.xctoolchain
    export TREAT_MISSING_BASELINES_AS_TEST_FAILURES\=NO
    export TREAT_MISSING_SCRIPT_PHASE_OUTPUTS_AS_ERRORS\=NO
    export UID\=501
    export UNINSTALLED_PRODUCTS_DIR\=/Users/german/Work/JS/polski-grammar-srs/kotlin/iosApp/build/FinalVirtualFullFix/Build/Intermediates.noindex/UninstalledProducts
    export UNLOCALIZED_RESOURCES_FOLDER_PATH\=PolskiGrammar.app
    export UNLOCALIZED_RESOURCES_FOLDER_PATH_SHALLOW_BUNDLE_NO\=PolskiGrammar.app/Resources
    export UNLOCALIZED_RESOURCES_FOLDER_PATH_SHALLOW_BUNDLE_YES\=PolskiGrammar.app
    export UNSTRIPPED_PRODUCT\=NO
    export USER\=german
    export USER_APPS_DIR\=/Users/german/Applications
    export USER_LIBRARY_DIR\=/Users/german/Library
    export USE_DYNAMIC_NO_PIC\=YES
    export USE_HEADERMAP\=YES
    export USE_HEADER_SYMLINKS\=NO
    export VALIDATE_DEVELOPMENT_ASSET_PATHS\=YES_ERROR
    export VALIDATE_PRODUCT\=NO
    export VALID_ARCHS\=arm64\ x86_64
    export VERBOSE_PBXCP\=NO
    export VERSIONPLIST_PATH\=PolskiGrammar.app/version.plist
    export VERSION_INFO_BUILDER\=german
    export VERSION_INFO_FILE\=PolskiGrammar_vers.c
    export VERSION_INFO_STRING\=\"@\(\#\)PROGRAM:PolskiGrammar\ \ PROJECT:PolskiGrammar-\"
    export WORKSPACE_DIR\=/Users/german/Work/JS/polski-grammar-srs/kotlin/iosApp/PolskiGrammar.xcodeproj
    export WRAPPER_EXTENSION\=app
    export WRAPPER_NAME\=PolskiGrammar.app
    export WRAPPER_SUFFIX\=.app
    export WRAP_ASSET_PACKS_IN_SEPARATE_DIRECTORIES\=NO
    export XCODE_APP_SUPPORT_DIR\=/Applications/Xcode.app/Contents/Developer/Library/Xcode
    export XCODE_PRODUCT_BUILD_VERSION\=27A266a
    export XCODE_VERSION_ACTUAL\=2700
    export XCODE_VERSION_MAJOR\=2700
    export XCODE_VERSION_MINOR\=2700
    export XPCSERVICES_FOLDER_PATH\=PolskiGrammar.app/XPCServices
    export YACC\=yacc
    export _DISCOVER_COMMAND_LINE_LINKER_INPUTS\=YES
    export _DISCOVER_COMMAND_LINE_LINKER_INPUTS_INCLUDE_WL\=YES
    export _LD_MULTIARCH\=YES
    export _SWIFT_EXPLICIT_MODULES_ALLOW_CXX_INTEROP\=YES
    export _WRAPPER_CONTENTS_DIR_SHALLOW_BUNDLE_NO\=/Contents
    export _WRAPPER_PARENT_PATH_SHALLOW_BUNDLE_NO\=/..
    export _WRAPPER_RESOURCES_DIR_SHALLOW_BUNDLE_NO\=/Resources
    export __ARCHS__\=arm64\ x86_64
    export __DIAGNOSE_DEPRECATED_ARCHS\=YES
    export __DIAGNOSE_INVALID_DEPLOYMENT_TARGET_AS_ERROR\=YES
    export __IS_NOT_MACOS\=YES
    export __IS_NOT_MACOS_macosx\=NO
    export __IS_NOT_SIMULATOR\=NO
    export __IS_NOT_SIMULATOR_simulator\=NO
    export __ORIGINAL_SDK_DEFINED_LLVM_TARGET_TRIPLE_SYS\=ios
    export arch\=undefined_arch
    export variant\=normal
    /bin/sh -c /Users/german/Work/JS/polski-grammar-srs/kotlin/iosApp/build/FinalVirtualFullFix/Build/Intermediates.noindex/PolskiGrammar.build/Debug-iphonesimulator/PolskiGrammar.build/Script-DF070EF247392F9D1B643D23.sh
> Task :shared:kmpPartiallyResolvedDependenciesChecker
> Task :shared:checkKotlinGradlePluginConfigurationErrors SKIPPED
> Task :shared:checkSandboxAndWriteProtection
> Task :shared:downloadKotlinNativeDistribution UP-TO-DATE
> Task :shared:generateCoursePackSource UP-TO-DATE
> Task :shared:compileKotlinIosSimulatorArm64 UP-TO-DATE
> Task :shared:checkSyntheticImportProjectIsCorrectlyIntegratedForEmbedAndSign SKIPPED
> Task :shared:checkSyntheticImportProjectIsCorrectlyIntegratedForEmbedSwiftExport SKIPPED
> Task :shared:generateSyntheticLinkageSwiftPMImportProjectForEmbedAndSignLinkage SKIPPED
> Task :shared:linkDebugFrameworkIosSimulatorArm64 UP-TO-DATE

BUILD SUCCESSFUL in 1s
6 actionable tasks: 2 executed, 4 up-to-date
Consider enabling configuration cache to speed up this build: https://docs.gradle.org/9.3.1/userguide/configuration_cache_enabling.html

Ld /Users/german/Work/JS/polski-grammar-srs/kotlin/iosApp/build/FinalVirtualFullFix/Build/Products/Debug-iphonesimulator/PolskiGrammar.app/__preview.dylib normal (in target 'PolskiGrammar' from project 'PolskiGrammar')
    cd /Users/german/Work/JS/polski-grammar-srs/kotlin/iosApp
    /Applications/Xcode.app/Contents/Developer/Toolchains/XcodeDefault.xctoolchain/usr/bin/clang -Xlinker -reproducible -target arm64-apple-ios17.0-simulator -dynamiclib -isysroot /Applications/Xcode.app/Contents/Developer/Platforms/iPhoneSimulator.platform/Developer/SDKs/iPhoneSimulator27.0.sdk -O0 -Xlinker -no_warn_duplicate_libraries -L/Users/german/Work/JS/polski-grammar-srs/kotlin/iosApp/build/FinalVirtualFullFix/Build/Products/Debug-iphonesimulator -F/Users/german/Work/JS/polski-grammar-srs/kotlin/iosApp/build/FinalVirtualFullFix/Build/Products/Debug-iphonesimulator -install_name @rpath/PolskiGrammar.debug.dylib -Xlinker -dead_strip -rdynamic -Xlinker -no_deduplicate -Xlinker -objc_abi_version -Xlinker 2 -Xlinker -dependency_info -Xlinker /Users/german/Work/JS/polski-grammar-srs/kotlin/iosApp/build/FinalVirtualFullFix/Build/Intermediates.noindex/PolskiGrammar.build/Debug-iphonesimulator/PolskiGrammar.build/Objects-normal/arm64/PolskiGrammar_dependency_info.dat -o /Users/german/Work/JS/polski-grammar-srs/kotlin/iosApp/build/FinalVirtualFullFix/Build/Products/Debug-iphonesimulator/PolskiGrammar.app/__preview.dylib

MkDir /Users/german/Work/JS/polski-grammar-srs/kotlin/iosApp/build/FinalVirtualFullFix/Build/Intermediates.noindex/PolskiGrammar.build/Debug-iphonesimulator/PolskiGrammar.build/assetcatalog_output/thinned (in target 'PolskiGrammar' from project 'PolskiGrammar')
    cd /Users/german/Work/JS/polski-grammar-srs/kotlin/iosApp
    /bin/mkdir -p /Users/german/Work/JS/polski-grammar-srs/kotlin/iosApp/build/FinalVirtualFullFix/Build/Intermediates.noindex/PolskiGrammar.build/Debug-iphonesimulator/PolskiGrammar.build/assetcatalog_output/thinned

MkDir /Users/german/Work/JS/polski-grammar-srs/kotlin/iosApp/build/FinalVirtualFullFix/Build/Intermediates.noindex/PolskiGrammar.build/Debug-iphonesimulator/PolskiGrammar.build/assetcatalog_output/unthinned (in target 'PolskiGrammar' from project 'PolskiGrammar')
    cd /Users/german/Work/JS/polski-grammar-srs/kotlin/iosApp
    /bin/mkdir -p /Users/german/Work/JS/polski-grammar-srs/kotlin/iosApp/build/FinalVirtualFullFix/Build/Intermediates.noindex/PolskiGrammar.build/Debug-iphonesimulator/PolskiGrammar.build/assetcatalog_output/unthinned

GenerateAssetSymbols /Users/german/Work/JS/polski-grammar-srs/kotlin/iosApp/PolskiGrammar/Assets.xcassets (in target 'PolskiGrammar' from project 'PolskiGrammar')
    cd /Users/german/Work/JS/polski-grammar-srs/kotlin/iosApp
    /Applications/Xcode.app/Contents/Developer/usr/bin/actool /Users/german/Work/JS/polski-grammar-srs/kotlin/iosApp/PolskiGrammar/Assets.xcassets --compile /Users/german/Work/JS/polski-grammar-srs/kotlin/iosApp/build/FinalVirtualFullFix/Build/Products/Debug-iphonesimulator/PolskiGrammar.app --output-format human-readable-text --notices --warnings --export-dependency-info /Users/german/Work/JS/polski-grammar-srs/kotlin/iosApp/build/FinalVirtualFullFix/Build/Intermediates.noindex/PolskiGrammar.build/Debug-iphonesimulator/PolskiGrammar.build/assetcatalog_dependencies --output-partial-info-plist /Users/german/Work/JS/polski-grammar-srs/kotlin/iosApp/build/FinalVirtualFullFix/Build/Intermediates.noindex/PolskiGrammar.build/Debug-iphonesimulator/PolskiGrammar.build/assetcatalog_generated_info.plist --app-icon AppIcon --accent-color AccentColor --compress-pngs --enable-on-demand-resources YES --development-region ru --target-device iphone --target-device ipad --minimum-deployment-target 17.0 --platform iphonesimulator --bundle-identifier dev.polski.grammarmatrix.ios --generate-swift-asset-symbol-extensions NO --generate-swift-asset-symbols /Users/german/Work/JS/polski-grammar-srs/kotlin/iosApp/build/FinalVirtualFullFix/Build/Intermediates.noindex/PolskiGrammar.build/Debug-iphonesimulator/PolskiGrammar.build/DerivedSources/GeneratedAssetSymbols.swift --generate-objc-asset-symbols /Users/german/Work/JS/polski-grammar-srs/kotlin/iosApp/build/FinalVirtualFullFix/Build/Intermediates.noindex/PolskiGrammar.build/Debug-iphonesimulator/PolskiGrammar.build/DerivedSources/GeneratedAssetSymbols.h --generate-asset-symbol-index /Users/german/Work/JS/polski-grammar-srs/kotlin/iosApp/build/FinalVirtualFullFix/Build/Intermediates.noindex/PolskiGrammar.build/Debug-iphonesimulator/PolskiGrammar.build/DerivedSources/GeneratedAssetSymbols-Index.plist
/* com.apple.actool.compilation-results */
/Users/german/Work/JS/polski-grammar-srs/kotlin/iosApp/build/FinalVirtualFullFix/Build/Intermediates.noindex/PolskiGrammar.build/Debug-iphonesimulator/PolskiGrammar.build/DerivedSources/GeneratedAssetSymbols-Index.plist
/Users/german/Work/JS/polski-grammar-srs/kotlin/iosApp/build/FinalVirtualFullFix/Build/Intermediates.noindex/PolskiGrammar.build/Debug-iphonesimulator/PolskiGrammar.build/DerivedSources/GeneratedAssetSymbols.h
/Users/german/Work/JS/polski-grammar-srs/kotlin/iosApp/build/FinalVirtualFullFix/Build/Intermediates.noindex/PolskiGrammar.build/Debug-iphonesimulator/PolskiGrammar.build/DerivedSources/GeneratedAssetSymbols.swift


CompileAssetCatalogVariant thinned /Users/german/Work/JS/polski-grammar-srs/kotlin/iosApp/build/FinalVirtualFullFix/Build/Products/Debug-iphonesimulator/PolskiGrammar.app /Users/german/Work/JS/polski-grammar-srs/kotlin/iosApp/PolskiGrammar/Assets.xcassets (in target 'PolskiGrammar' from project 'PolskiGrammar')
    cd /Users/german/Work/JS/polski-grammar-srs/kotlin/iosApp
    /Applications/Xcode.app/Contents/Developer/usr/bin/actool /Users/german/Work/JS/polski-grammar-srs/kotlin/iosApp/PolskiGrammar/Assets.xcassets --compile /Users/german/Work/JS/polski-grammar-srs/kotlin/iosApp/build/FinalVirtualFullFix/Build/Intermediates.noindex/PolskiGrammar.build/Debug-iphonesimulator/PolskiGrammar.build/assetcatalog_output/thinned --output-format human-readable-text --notices --warnings --export-dependency-info /Users/german/Work/JS/polski-grammar-srs/kotlin/iosApp/build/FinalVirtualFullFix/Build/Intermediates.noindex/PolskiGrammar.build/Debug-iphonesimulator/PolskiGrammar.build/assetcatalog_dependencies_thinned --output-partial-info-plist /Users/german/Work/JS/polski-grammar-srs/kotlin/iosApp/build/FinalVirtualFullFix/Build/Intermediates.noindex/PolskiGrammar.build/Debug-iphonesimulator/PolskiGrammar.build/assetcatalog_generated_info.plist_thinned --app-icon AppIcon --accent-color AccentColor --compress-pngs --enable-on-demand-resources YES --filter-for-thinning-device-configuration iPhone18,1 --filter-for-device-os-version 26.1 --development-region ru --target-device iphone --target-device ipad --minimum-deployment-target 17.0 --platform iphonesimulator
/* com.apple.actool.compilation-results */
/Users/german/Work/JS/polski-grammar-srs/kotlin/iosApp/build/FinalVirtualFullFix/Build/Intermediates.noindex/PolskiGrammar.build/Debug-iphonesimulator/PolskiGrammar.build/assetcatalog_generated_info.plist_thinned
/Users/german/Work/JS/polski-grammar-srs/kotlin/iosApp/build/FinalVirtualFullFix/Build/Intermediates.noindex/PolskiGrammar.build/Debug-iphonesimulator/PolskiGrammar.build/assetcatalog_output/thinned/AppIcon60x60@2x.png
/Users/german/Work/JS/polski-grammar-srs/kotlin/iosApp/build/FinalVirtualFullFix/Build/Intermediates.noindex/PolskiGrammar.build/Debug-iphonesimulator/PolskiGrammar.build/assetcatalog_output/thinned/AppIcon76x76@2x~ipad.png
/Users/german/Work/JS/polski-grammar-srs/kotlin/iosApp/build/FinalVirtualFullFix/Build/Intermediates.noindex/PolskiGrammar.build/Debug-iphonesimulator/PolskiGrammar.build/assetcatalog_output/thinned/Assets.car


LinkAssetCatalog /Users/german/Work/JS/polski-grammar-srs/kotlin/iosApp/PolskiGrammar/Assets.xcassets (in target 'PolskiGrammar' from project 'PolskiGrammar')
    cd /Users/german/Work/JS/polski-grammar-srs/kotlin/iosApp
    builtin-linkAssetCatalog --thinned /Users/german/Work/JS/polski-grammar-srs/kotlin/iosApp/build/FinalVirtualFullFix/Build/Intermediates.noindex/PolskiGrammar.build/Debug-iphonesimulator/PolskiGrammar.build/assetcatalog_output/thinned --thinned-dependencies /Users/german/Work/JS/polski-grammar-srs/kotlin/iosApp/build/FinalVirtualFullFix/Build/Intermediates.noindex/PolskiGrammar.build/Debug-iphonesimulator/PolskiGrammar.build/assetcatalog_dependencies_thinned --thinned-info-plist-content /Users/german/Work/JS/polski-grammar-srs/kotlin/iosApp/build/FinalVirtualFullFix/Build/Intermediates.noindex/PolskiGrammar.build/Debug-iphonesimulator/PolskiGrammar.build/assetcatalog_generated_info.plist_thinned --unthinned /Users/german/Work/JS/polski-grammar-srs/kotlin/iosApp/build/FinalVirtualFullFix/Build/Intermediates.noindex/PolskiGrammar.build/Debug-iphonesimulator/PolskiGrammar.build/assetcatalog_output/unthinned --unthinned-dependencies /Users/german/Work/JS/polski-grammar-srs/kotlin/iosApp/build/FinalVirtualFullFix/Build/Intermediates.noindex/PolskiGrammar.build/Debug-iphonesimulator/PolskiGrammar.build/assetcatalog_dependencies_unthinned --unthinned-info-plist-content /Users/german/Work/JS/polski-grammar-srs/kotlin/iosApp/build/FinalVirtualFullFix/Build/Intermediates.noindex/PolskiGrammar.build/Debug-iphonesimulator/PolskiGrammar.build/assetcatalog_generated_info.plist_unthinned --output /Users/german/Work/JS/polski-grammar-srs/kotlin/iosApp/build/FinalVirtualFullFix/Build/Products/Debug-iphonesimulator/PolskiGrammar.app --plist-output /Users/german/Work/JS/polski-grammar-srs/kotlin/iosApp/build/FinalVirtualFullFix/Build/Intermediates.noindex/PolskiGrammar.build/Debug-iphonesimulator/PolskiGrammar.build/assetcatalog_generated_info.plist
note: Emplaced /Users/german/Work/JS/polski-grammar-srs/kotlin/iosApp/build/FinalVirtualFullFix/Build/Products/Debug-iphonesimulator/PolskiGrammar.app/AppIcon76x76@2x~ipad.png (in target 'PolskiGrammar' from project 'PolskiGrammar')
note: Emplaced /Users/german/Work/JS/polski-grammar-srs/kotlin/iosApp/build/FinalVirtualFullFix/Build/Products/Debug-iphonesimulator/PolskiGrammar.app/Assets.car (in target 'PolskiGrammar' from project 'PolskiGrammar')
note: Emplaced /Users/german/Work/JS/polski-grammar-srs/kotlin/iosApp/build/FinalVirtualFullFix/Build/Products/Debug-iphonesimulator/PolskiGrammar.app/AppIcon60x60@2x.png (in target 'PolskiGrammar' from project 'PolskiGrammar')

ProcessInfoPlistFile /Users/german/Work/JS/polski-grammar-srs/kotlin/iosApp/build/FinalVirtualFullFix/Build/Products/Debug-iphonesimulator/PolskiGrammar.app/Info.plist /Users/german/Work/JS/polski-grammar-srs/kotlin/iosApp/build/FinalVirtualFullFix/Build/Intermediates.noindex/PolskiGrammar.build/Debug-iphonesimulator/PolskiGrammar.build/empty-PolskiGrammar.plist (in target 'PolskiGrammar' from project 'PolskiGrammar')
    cd /Users/german/Work/JS/polski-grammar-srs/kotlin/iosApp
    builtin-infoPlistUtility /Users/german/Work/JS/polski-grammar-srs/kotlin/iosApp/build/FinalVirtualFullFix/Build/Intermediates.noindex/PolskiGrammar.build/Debug-iphonesimulator/PolskiGrammar.build/empty-PolskiGrammar.plist -producttype com.apple.product-type.application -genpkginfo /Users/german/Work/JS/polski-grammar-srs/kotlin/iosApp/build/FinalVirtualFullFix/Build/Products/Debug-iphonesimulator/PolskiGrammar.app/PkgInfo -expandbuildsettings -format binary -platform iphonesimulator -additionalcontentfile /Users/german/Work/JS/polski-grammar-srs/kotlin/iosApp/build/FinalVirtualFullFix/Build/Intermediates.noindex/PolskiGrammar.build/Debug-iphonesimulator/PolskiGrammar.build/assetcatalog_generated_info.plist -o /Users/german/Work/JS/polski-grammar-srs/kotlin/iosApp/build/FinalVirtualFullFix/Build/Products/Debug-iphonesimulator/PolskiGrammar.app/Info.plist

SwiftDriver PolskiGrammar normal arm64 com.apple.xcode.tools.swift.compiler (in target 'PolskiGrammar' from project 'PolskiGrammar')
    cd /Users/german/Work/JS/polski-grammar-srs/kotlin/iosApp
    builtin-SwiftDriver -- /Applications/Xcode.app/Contents/Developer/Toolchains/XcodeDefault.xctoolchain/usr/bin/swiftc -module-name PolskiGrammar -Onone @/Users/german/Work/JS/polski-grammar-srs/kotlin/iosApp/build/FinalVirtualFullFix/Build/Intermediates.noindex/PolskiGrammar.build/Debug-iphonesimulator/PolskiGrammar.build/Objects-normal/arm64/PolskiGrammar.SwiftFileList -DDEBUG -enable-bare-slash-regex -enable-experimental-feature DebugDescriptionMacro -sdk /Applications/Xcode.app/Contents/Developer/Platforms/iPhoneSimulator.platform/Developer/SDKs/iPhoneSimulator27.0.sdk -target arm64-apple-ios17.0-simulator -g -module-cache-path /Users/german/Work/JS/polski-grammar-srs/kotlin/iosApp/build/FinalVirtualFullFix/ModuleCache.noindex -Xfrontend -serialize-debugging-options -enable-testing -index-store-path /Users/german/Work/JS/polski-grammar-srs/kotlin/iosApp/build/FinalVirtualFullFix/Index.noindex/DataStore -Xcc -D_LIBCPP_HARDENING_MODE\=_LIBCPP_HARDENING_MODE_DEBUG -swift-version 5 -I /Users/german/Work/JS/polski-grammar-srs/kotlin/iosApp/build/FinalVirtualFullFix/Build/Products/Debug-iphonesimulator -F /Users/german/Work/JS/polski-grammar-srs/kotlin/iosApp/build/FinalVirtualFullFix/Build/Products/Debug-iphonesimulator -c -j10 -enable-batch-mode -incremental -Xcc -ivfsstatcache -Xcc /Users/german/Work/JS/polski-grammar-srs/kotlin/iosApp/build/FinalVirtualFullFix/SDKStatCaches.noindex/iphonesimulator27.0-24A430-8dc58220667be655e1bcc261a7455254.sdkstatcache -output-file-map /Users/german/Work/JS/polski-grammar-srs/kotlin/iosApp/build/FinalVirtualFullFix/Build/Intermediates.noindex/PolskiGrammar.build/Debug-iphonesimulator/PolskiGrammar.build/Objects-normal/arm64/PolskiGrammar-OutputFileMap.json -save-temps -no-color-diagnostics -explicit-module-build -module-cache-path /Users/german/Work/JS/polski-grammar-srs/kotlin/iosApp/build/FinalVirtualFullFix/Build/Intermediates.noindex/SwiftExplicitPrecompiledModules -clang-scanner-module-cache-path /Users/german/Work/JS/polski-grammar-srs/kotlin/iosApp/build/FinalVirtualFullFix/ModuleCache.noindex -sdk-module-cache-path /Users/german/Work/JS/polski-grammar-srs/kotlin/iosApp/build/FinalVirtualFullFix/SDKExplicitPrecompiledModules -emit-dependencies -emit-module -emit-module-path /Users/german/Work/JS/polski-grammar-srs/kotlin/iosApp/build/FinalVirtualFullFix/Build/Intermediates.noindex/PolskiGrammar.build/Debug-iphonesimulator/PolskiGrammar.build/Objects-normal/arm64/PolskiGrammar.swiftmodule -serialize-diagnostics -dependency-scan-serialize-diagnostics-path /Users/german/Work/JS/polski-grammar-srs/kotlin/iosApp/build/FinalVirtualFullFix/Build/Intermediates.noindex/PolskiGrammar.build/Debug-iphonesimulator/PolskiGrammar.build/Objects-normal/arm64/PolskiGrammar-dependency-scan.dia -validate-clang-modules-once -clang-build-session-file /Users/german/Work/JS/polski-grammar-srs/kotlin/iosApp/build/FinalVirtualFullFix/ModuleCache.noindex/Session.modulevalidation -Xcc -fmodules-prune-interval\=86400 -Xcc -fmodules-prune-after\=345600 -emit-const-values -const-gather-protocols-list /Users/german/Work/JS/polski-grammar-srs/kotlin/iosApp/build/FinalVirtualFullFix/Build/Intermediates.noindex/PolskiGrammar.build/Debug-iphonesimulator/PolskiGrammar.build/Objects-normal/arm64/PolskiGrammar_const_extract_protocols.json -Xcc -iquote -Xcc /Users/german/Work/JS/polski-grammar-srs/kotlin/iosApp/build/FinalVirtualFullFix/Build/Intermediates.noindex/PolskiGrammar.build/Debug-iphonesimulator/PolskiGrammar.build/PolskiGrammar-generated-files.hmap -Xcc -I/Users/german/Work/JS/polski-grammar-srs/kotlin/iosApp/build/FinalVirtualFullFix/Build/Intermediates.noindex/PolskiGrammar.build/Debug-iphonesimulator/PolskiGrammar.build/PolskiGrammar-own-target-headers.hmap -Xcc -I/Users/german/Work/JS/polski-grammar-srs/kotlin/iosApp/build/FinalVirtualFullFix/Build/Intermediates.noindex/PolskiGrammar.build/Debug-iphonesimulator/PolskiGrammar.build/PolskiGrammar-all-target-headers.hmap -Xcc -iquote -Xcc /Users/german/Work/JS/polski-grammar-srs/kotlin/iosApp/build/FinalVirtualFullFix/Build/Intermediates.noindex/PolskiGrammar.build/Debug-iphonesimulator/PolskiGrammar.build/PolskiGrammar-project-headers.hmap -Xcc -I/Users/german/Work/JS/polski-grammar-srs/kotlin/iosApp/build/FinalVirtualFullFix/Build/Products/Debug-iphonesimulator/include -Xcc -I/Users/german/Work/JS/polski-grammar-srs/kotlin/iosApp/build/FinalVirtualFullFix/Build/Intermediates.noindex/PolskiGrammar.build/Debug-iphonesimulator/PolskiGrammar.build/DerivedSources-normal/arm64 -Xcc -I/Users/german/Work/JS/polski-grammar-srs/kotlin/iosApp/build/FinalVirtualFullFix/Build/Intermediates.noindex/PolskiGrammar.build/Debug-iphonesimulator/PolskiGrammar.build/DerivedSources/arm64 -Xcc -I/Users/german/Work/JS/polski-grammar-srs/kotlin/iosApp/build/FinalVirtualFullFix/Build/Intermediates.noindex/PolskiGrammar.build/Debug-iphonesimulator/PolskiGrammar.build/DerivedSources -Xcc -DDEBUG\=1 -emit-objc-header -emit-objc-header-path /Users/german/Work/JS/polski-grammar-srs/kotlin/iosApp/build/FinalVirtualFullFix/Build/Intermediates.noindex/PolskiGrammar.build/Debug-iphonesimulator/PolskiGrammar.build/Objects-normal/arm64/PolskiGrammar-Swift.h -working-directory /Users/german/Work/JS/polski-grammar-srs/kotlin/iosApp -experimental-emit-module-separately -disable-cmo

SwiftExplicitDependencyGeneratePcm arm64 /Users/german/Work/JS/polski-grammar-srs/kotlin/iosApp/build/FinalVirtualFullFix/SDKExplicitPrecompiledModules/_SwiftConcurrencyShims-7DWWZC0D6YTEQ5P3FA7DLDCO4.pcm

SwiftExplicitDependencyGeneratePcm arm64 /Users/german/Work/JS/polski-grammar-srs/kotlin/iosApp/build/FinalVirtualFullFix/SDKExplicitPrecompiledModules/_Builtin_stddef-4A67VSWC9RYW7IO8VDAQ5HE5Q.pcm

SwiftExplicitDependencyGeneratePcm arm64 /Users/german/Work/JS/polski-grammar-srs/kotlin/iosApp/build/FinalVirtualFullFix/SDKExplicitPrecompiledModules/_Builtin_stdarg-CSCGJKZFRB6JW25S7U2CFGF4N.pcm

SwiftExplicitDependencyGeneratePcm arm64 /Users/german/Work/JS/polski-grammar-srs/kotlin/iosApp/build/FinalVirtualFullFix/SDKExplicitPrecompiledModules/SwiftShims-7A6MSBG3XPNNPPY7AGUVZW7OB.pcm

SwiftExplicitDependencyGeneratePcm arm64 /Users/german/Work/JS/polski-grammar-srs/kotlin/iosApp/build/FinalVirtualFullFix/SDKExplicitPrecompiledModules/DeveloperToolsSupport-39UQDRX0I3276Y27XH94KP2JS.pcm

SwiftExplicitDependencyGeneratePcm arm64 /Users/german/Work/JS/polski-grammar-srs/kotlin/iosApp/build/FinalVirtualFullFix/SDKExplicitPrecompiledModules/_Builtin_float-5CSATDWA7X65XJQUSKCI5M46Y.pcm

SwiftExplicitDependencyGeneratePcm arm64 /Users/german/Work/JS/polski-grammar-srs/kotlin/iosApp/build/FinalVirtualFullFix/SDKExplicitPrecompiledModules/_AvailabilityInternal-5UIEGJ5ISUDFKHBKPXCGAURT8.pcm

SwiftExplicitDependencyGeneratePcm arm64 /Users/german/Work/JS/polski-grammar-srs/kotlin/iosApp/build/FinalVirtualFullFix/SDKExplicitPrecompiledModules/ptrcheck-CU7ZVK9FW3KVY9W2ZLQHZUOE2.pcm

SwiftExplicitDependencyGeneratePcm arm64 /Users/german/Work/JS/polski-grammar-srs/kotlin/iosApp/build/FinalVirtualFullFix/SDKExplicitPrecompiledModules/_Builtin_stdbool-3AIFP7CFD0A62WMZ48CIWVXVI.pcm

SwiftExplicitDependencyGeneratePcm arm64 /Users/german/Work/JS/polski-grammar-srs/kotlin/iosApp/build/FinalVirtualFullFix/SDKExplicitPrecompiledModules/ptrauth-89YMTG3APT9XQFOTIEYFCRF7B.pcm

SwiftExplicitDependencyGeneratePcm arm64 /Users/german/Work/JS/polski-grammar-srs/kotlin/iosApp/build/FinalVirtualFullFix/SDKExplicitPrecompiledModules/_DarwinFoundation1-6F4L7L4NTHFP2S0KNB7AAMHPJ.pcm

SwiftExplicitDependencyGeneratePcm arm64 /Users/german/Work/JS/polski-grammar-srs/kotlin/iosApp/build/FinalVirtualFullFix/SDKExplicitPrecompiledModules/_DarwinFoundation2-5J84QSNKU9DUAX56X800XRNAN.pcm

SwiftExplicitDependencyGeneratePcm arm64 /Users/german/Work/JS/polski-grammar-srs/kotlin/iosApp/build/FinalVirtualFullFix/SDKExplicitPrecompiledModules/_Builtin_limits-2J4HW75HE5ZULWCNWUZT309W2.pcm

SwiftExplicitDependencyGeneratePcm arm64 /Users/german/Work/JS/polski-grammar-srs/kotlin/iosApp/build/FinalVirtualFullFix/SDKExplicitPrecompiledModules/string_h-18BGVTZ5ELUBVC3C8M11LRDGA.pcm

SwiftExplicitDependencyGeneratePcm arm64 /Users/german/Work/JS/polski-grammar-srs/kotlin/iosApp/build/FinalVirtualFullFix/SDKExplicitPrecompiledModules/sys_types-6NRNVTW8EV7SDP88V7O23BE2I.pcm

SwiftExplicitDependencyGeneratePcm arm64 /Users/german/Work/JS/polski-grammar-srs/kotlin/iosApp/build/FinalVirtualFullFix/SDKExplicitPrecompiledModules/_Builtin_stdint-9NVBE07JU6IDI3EKEU5BV5OO4.pcm

SwiftExplicitDependencyGeneratePcm arm64 /Users/german/Work/JS/polski-grammar-srs/kotlin/iosApp/build/FinalVirtualFullFix/SDKExplicitPrecompiledModules/_Builtin_tgmath-5MB448CP5TLYFGTQNZG7OYZBL.pcm

SwiftExplicitDependencyGeneratePcm arm64 /Users/german/Work/JS/polski-grammar-srs/kotlin/iosApp/build/FinalVirtualFullFix/SDKExplicitPrecompiledModules/_Builtin_intrinsics-CZSH0YI3P4SK02FRT3APMHHYT.pcm

SwiftExplicitDependencyGeneratePcm arm64 /Users/german/Work/JS/polski-grammar-srs/kotlin/iosApp/build/FinalVirtualFullFix/SDKExplicitPrecompiledModules/_DarwinFoundation3-11L3B82CQZ7A3FK4L3R5U02GG.pcm

SwiftExplicitDependencyGeneratePcm arm64 /Users/german/Work/JS/polski-grammar-srs/kotlin/iosApp/build/FinalVirtualFullFix/SDKExplicitPrecompiledModules/_Builtin_stdatomic-1E5P4ALJQ5ANAKP0C3A5EOEVZ.pcm

SwiftExplicitDependencyGeneratePcm arm64 /Users/german/Work/JS/polski-grammar-srs/kotlin/iosApp/build/FinalVirtualFullFix/SDKExplicitPrecompiledModules/_Builtin_inttypes-CIL6N9NQ5ZZGE4EPPD5NI6IDV.pcm

SwiftExplicitDependencyGeneratePcm arm64 /Users/german/Work/JS/polski-grammar-srs/kotlin/iosApp/build/FinalVirtualFullFix/SDKExplicitPrecompiledModules/Darwin-A0JBXMAUBT9J2XPXKAGIXS8M.pcm

SwiftExplicitDependencyGeneratePcm arm64 /Users/german/Work/JS/polski-grammar-srs/kotlin/iosApp/build/FinalVirtualFullFix/SDKExplicitPrecompiledModules/simd-47RD9B3ZVFQ2HZ0UXQ0N1GKBZ.pcm

SwiftExplicitDependencyGeneratePcm arm64 /Users/german/Work/JS/polski-grammar-srs/kotlin/iosApp/build/FinalVirtualFullFix/SDKExplicitPrecompiledModules/ObjectiveC-8F9UJCMPBQJFMDG4FQTP00GUW.pcm

SwiftExplicitDependencyGeneratePcm arm64 /Users/german/Work/JS/polski-grammar-srs/kotlin/iosApp/build/FinalVirtualFullFix/SDKExplicitPrecompiledModules/MachO-56XQTKBXKK5GQ7R5ADWOBG7JB.pcm

SwiftExplicitDependencyGeneratePcm arm64 /Users/german/Work/JS/polski-grammar-srs/kotlin/iosApp/build/FinalVirtualFullFix/SDKExplicitPrecompiledModules/os_object-5X8NA1SZRSS2HG2SBKSX1FIN5.pcm

SwiftExplicitDependencyGeneratePcm arm64 /Users/german/Work/JS/polski-grammar-srs/kotlin/iosApp/build/FinalVirtualFullFix/SDKExplicitPrecompiledModules/os_workgroup-AOZ2W4K3J4DPRFP9F971PM414.pcm

SwiftExplicitDependencyGeneratePcm arm64 /Users/german/Work/JS/polski-grammar-srs/kotlin/iosApp/build/FinalVirtualFullFix/SDKExplicitPrecompiledModules/Spatial-DBDAJBBQR0UZS5FUWGMLFUFX7.pcm

SwiftExplicitDependencyGeneratePcm arm64 /Users/german/Work/JS/polski-grammar-srs/kotlin/iosApp/build/FinalVirtualFullFix/SDKExplicitPrecompiledModules/Dispatch-E1GP1IFBUPMVTKCT9P73JQSZZ.pcm

SwiftExplicitDependencyGeneratePcm arm64 /Users/german/Work/JS/polski-grammar-srs/kotlin/iosApp/build/FinalVirtualFullFix/SDKExplicitPrecompiledModules/XPC-1CXTXZ5IBJ3CA4NZQ6WLCI6RX.pcm

SwiftExplicitDependencyGeneratePcm arm64 /Users/german/Work/JS/polski-grammar-srs/kotlin/iosApp/build/FinalVirtualFullFix/SDKExplicitPrecompiledModules/CoreFoundation-35QOY75SF3VOESQO2NPNHJ8IW.pcm

SwiftExplicitDependencyGeneratePcm arm64 /Users/german/Work/JS/polski-grammar-srs/kotlin/iosApp/build/FinalVirtualFullFix/SDKExplicitPrecompiledModules/os-F1S2TNKWRIQI9EXD6BRF009K9.pcm

SwiftExplicitDependencyGeneratePcm arm64 /Users/german/Work/JS/polski-grammar-srs/kotlin/iosApp/build/FinalVirtualFullFix/SDKExplicitPrecompiledModules/CoreGraphics-A5A7GW45LTK8NT9JVAGAAL5AE.pcm

SwiftExplicitDependencyGeneratePcm arm64 /Users/german/Work/JS/polski-grammar-srs/kotlin/iosApp/build/FinalVirtualFullFix/SDKExplicitPrecompiledModules/CFNetwork-8DNT9O677BNFT1A8P0NQ1FU3U.pcm

SwiftExplicitDependencyGeneratePcm arm64 /Users/german/Work/JS/polski-grammar-srs/kotlin/iosApp/build/FinalVirtualFullFix/SDKExplicitPrecompiledModules/Security-AUBW9MUOYH261BWNWR67LSD7H.pcm

SwiftExplicitDependencyGeneratePcm arm64 /Users/german/Work/JS/polski-grammar-srs/kotlin/iosApp/build/FinalVirtualFullFix/SDKExplicitPrecompiledModules/CoreAudioTypes-BXN8D3QXBH4BTU7I2SZ3CIMDC.pcm

SwiftExplicitDependencyGeneratePcm arm64 /Users/german/Work/JS/polski-grammar-srs/kotlin/iosApp/build/FinalVirtualFullFix/SDKExplicitPrecompiledModules/CoreAudio-454DMZB95YSX5EISGTYYH3TKM.pcm

SwiftExplicitDependencyGeneratePcm arm64 /Users/german/Work/JS/polski-grammar-srs/kotlin/iosApp/build/FinalVirtualFullFix/SDKExplicitPrecompiledModules/Foundation-5RHOMX3NON37MA1RL6ZPUPTEK.pcm

SwiftExplicitDependencyGeneratePcm arm64 /Users/german/Work/JS/polski-grammar-srs/kotlin/iosApp/build/FinalVirtualFullFix/SDKExplicitPrecompiledModules/ImageIO-DZ9L1FEPAKBO1H5NKNE4ABJKF.pcm

SwiftExplicitDependencyGeneratePcm arm64 /Users/german/Work/JS/polski-grammar-srs/kotlin/iosApp/build/FinalVirtualFullFix/SDKExplicitPrecompiledModules/CoreText-AULESMAATE9UG4A2BZU3UW6Z.pcm

SwiftExplicitDependencyGeneratePcm arm64 /Users/german/Work/JS/polski-grammar-srs/kotlin/iosApp/build/FinalVirtualFullFix/SDKExplicitPrecompiledModules/IOSurface-D7CUJ57CRV7S7VE9SSQ1YL6RF.pcm

SwiftExplicitDependencyGeneratePcm arm64 /Users/german/Work/JS/polski-grammar-srs/kotlin/iosApp/build/FinalVirtualFullFix/SDKExplicitPrecompiledModules/UniformTypeIdentifiers-5ID2S80Z51XI0BUHVD3TJY6BA.pcm

SwiftExplicitDependencyGeneratePcm arm64 /Users/german/Work/JS/polski-grammar-srs/kotlin/iosApp/build/FinalVirtualFullFix/SDKExplicitPrecompiledModules/OSLog-EFWTGEOED53JYKUZYSI48POF8.pcm

SwiftExplicitDependencyGeneratePcm arm64 /Users/german/Work/JS/polski-grammar-srs/kotlin/iosApp/build/FinalVirtualFullFix/SDKExplicitPrecompiledModules/CoreTransferable-ER3P6XUVIT6LBYDKNO3DT5RB0.pcm

SwiftExplicitDependencyGeneratePcm arm64 /Users/german/Work/JS/polski-grammar-srs/kotlin/iosApp/build/FinalVirtualFullFix/SDKExplicitPrecompiledModules/UIUtilities-3CW8BYCB0KPIBEDQZ980BEFSE.pcm

SwiftExplicitDependencyGeneratePcm arm64 /Users/german/Work/JS/polski-grammar-srs/kotlin/iosApp/build/FinalVirtualFullFix/SDKExplicitPrecompiledModules/Accessibility-5XEYO8AUJNJKAHOZD0618OLLM.pcm

SwiftExplicitDependencyGeneratePcm arm64 /Users/german/Work/JS/polski-grammar-srs/kotlin/iosApp/build/FinalVirtualFullFix/SDKExplicitPrecompiledModules/Symbols-B7IPA4RD5C80Q1QOJFP6ILLZS.pcm

SwiftExplicitDependencyGeneratePcm arm64 /Users/german/Work/JS/polski-grammar-srs/kotlin/iosApp/build/FinalVirtualFullFix/SDKExplicitPrecompiledModules/_LocationEssentials-E25VFCIZOEBKHI9X1WJMJZ0Z4.pcm

SwiftExplicitDependencyGeneratePcm arm64 /Users/german/Work/JS/polski-grammar-srs/kotlin/iosApp/build/FinalVirtualFullFix/Build/Intermediates.noindex/SwiftExplicitPrecompiledModules/PolskiShared-8EOK0YB3WDAGTIQOQZ5GZ4YXW.pcm

SwiftExplicitDependencyGeneratePcm arm64 /Users/german/Work/JS/polski-grammar-srs/kotlin/iosApp/build/FinalVirtualFullFix/SDKExplicitPrecompiledModules/DataDetection-B18TXMQ7GM39SOGKH5X3GK0QD.pcm

SwiftExplicitDependencyGeneratePcm arm64 /Users/german/Work/JS/polski-grammar-srs/kotlin/iosApp/build/FinalVirtualFullFix/SDKExplicitPrecompiledModules/FileProvider-A4OKDKGIA1CHTHRCXZQG9STXH.pcm

SwiftExplicitDependencyGeneratePcm arm64 /Users/german/Work/JS/polski-grammar-srs/kotlin/iosApp/build/FinalVirtualFullFix/SDKExplicitPrecompiledModules/CoreLocation-8496OY825YVT4A4E19H27CH4A.pcm

SwiftExplicitDependencyGeneratePcm arm64 /Users/german/Work/JS/polski-grammar-srs/kotlin/iosApp/build/FinalVirtualFullFix/SDKExplicitPrecompiledModules/OpenGLES-CRCXQK4BQ15YXEZR74UQ2XZTT.pcm

SwiftExplicitDependencyGeneratePcm arm64 /Users/german/Work/JS/polski-grammar-srs/kotlin/iosApp/build/FinalVirtualFullFix/SDKExplicitPrecompiledModules/UserNotifications-EG6XW1EV9P60FOKZU3SWURQAD.pcm

SwiftExplicitDependencyGeneratePcm arm64 /Users/german/Work/JS/polski-grammar-srs/kotlin/iosApp/build/FinalVirtualFullFix/SDKExplicitPrecompiledModules/CoreData-D5UHPVH1F9PZPW8RB9OH1AAA0.pcm

SwiftExplicitDependencyGeneratePcm arm64 /Users/german/Work/JS/polski-grammar-srs/kotlin/iosApp/build/FinalVirtualFullFix/SDKExplicitPrecompiledModules/Metal-B7G968MY3Q21VETF7PNYF7H57.pcm

SwiftExplicitDependencyGeneratePcm arm64 /Users/german/Work/JS/polski-grammar-srs/kotlin/iosApp/build/FinalVirtualFullFix/SDKExplicitPrecompiledModules/CoreMotion-2B3AKUZLXL857SWJBCO8MAIH8.pcm

SwiftExplicitDependencyGeneratePcm arm64 /Users/german/Work/JS/polski-grammar-srs/kotlin/iosApp/build/FinalVirtualFullFix/SDKExplicitPrecompiledModules/CoreVideo-3O7BMCKI2YZ401JK248P4UU3B.pcm

SwiftExplicitDependencyGeneratePcm arm64 /Users/german/Work/JS/polski-grammar-srs/kotlin/iosApp/build/FinalVirtualFullFix/SDKExplicitPrecompiledModules/CoreMedia-BM6C4UR9SJJKCKK2JSA2IR94U.pcm

SwiftExplicitDependencyGeneratePcm arm64 /Users/german/Work/JS/polski-grammar-srs/kotlin/iosApp/build/FinalVirtualFullFix/SDKExplicitPrecompiledModules/CoreImage-BGSM900WH06296MJDHSC9PC1V.pcm

SwiftExplicitDependencyGeneratePcm arm64 /Users/german/Work/JS/polski-grammar-srs/kotlin/iosApp/build/FinalVirtualFullFix/SDKExplicitPrecompiledModules/QuartzCore-10WIGWWC7J4YSBXCTTO7J1KXF.pcm

SwiftExplicitDependencyGeneratePcm arm64 /Users/german/Work/JS/polski-grammar-srs/kotlin/iosApp/build/FinalVirtualFullFix/SDKExplicitPrecompiledModules/SwiftUICore-ECTFJMX6AT45W1H0TTWI2JO26.pcm

SwiftExplicitDependencyGeneratePcm arm64 /Users/german/Work/JS/polski-grammar-srs/kotlin/iosApp/build/FinalVirtualFullFix/SDKExplicitPrecompiledModules/UIKit-DV93K0G6OG3ZBM452Y8EXP5UM.pcm

SwiftExplicitDependencyGeneratePcm arm64 /Users/german/Work/JS/polski-grammar-srs/kotlin/iosApp/build/FinalVirtualFullFix/SDKExplicitPrecompiledModules/SwiftUI-BKX2671CV2VFK5QDYVPIB00PG.pcm

SwiftCompile normal arm64 Compiling\ PolskiGrammarApp.swift /Users/german/Work/JS/polski-grammar-srs/kotlin/iosApp/PolskiGrammar/PolskiGrammarApp.swift (in target 'PolskiGrammar' from project 'PolskiGrammar')

SwiftCompile normal arm64 /Users/german/Work/JS/polski-grammar-srs/kotlin/iosApp/PolskiGrammar/PolskiGrammarApp.swift (in target 'PolskiGrammar' from project 'PolskiGrammar')
    cd /Users/german/Work/JS/polski-grammar-srs/kotlin/iosApp
    builtin-SwiftPerFileCompile PolskiGrammarApp.swift

SwiftEmitModule normal arm64 Emitting\ module\ for\ PolskiGrammar (in target 'PolskiGrammar' from project 'PolskiGrammar')

SwiftCompile normal arm64 (in target 'PolskiGrammar' from project 'PolskiGrammar')
    cd /Users/german/Work/JS/polski-grammar-srs/kotlin/iosApp
    

SwiftCompile normal arm64 Compiling\ GeneratedAssetSymbols.swift /Users/german/Work/JS/polski-grammar-srs/kotlin/iosApp/build/FinalVirtualFullFix/Build/Intermediates.noindex/PolskiGrammar.build/Debug-iphonesimulator/PolskiGrammar.build/DerivedSources/GeneratedAssetSymbols.swift (in target 'PolskiGrammar' from project 'PolskiGrammar')

SwiftCompile normal arm64 /Users/german/Work/JS/polski-grammar-srs/kotlin/iosApp/build/FinalVirtualFullFix/Build/Intermediates.noindex/PolskiGrammar.build/Debug-iphonesimulator/PolskiGrammar.build/DerivedSources/GeneratedAssetSymbols.swift (in target 'PolskiGrammar' from project 'PolskiGrammar')
    cd /Users/german/Work/JS/polski-grammar-srs/kotlin/iosApp
    builtin-SwiftPerFileCompile GeneratedAssetSymbols.swift

SwiftDriverJobDiscovery normal arm64 Emitting module for PolskiGrammar (in target 'PolskiGrammar' from project 'PolskiGrammar')

SwiftDriver\ Compilation\ Requirements PolskiGrammar normal arm64 com.apple.xcode.tools.swift.compiler (in target 'PolskiGrammar' from project 'PolskiGrammar')
    cd /Users/german/Work/JS/polski-grammar-srs/kotlin/iosApp
    builtin-Swift-Compilation-Requirements -- /Applications/Xcode.app/Contents/Developer/Toolchains/XcodeDefault.xctoolchain/usr/bin/swiftc -module-name PolskiGrammar -Onone @/Users/german/Work/JS/polski-grammar-srs/kotlin/iosApp/build/FinalVirtualFullFix/Build/Intermediates.noindex/PolskiGrammar.build/Debug-iphonesimulator/PolskiGrammar.build/Objects-normal/arm64/PolskiGrammar.SwiftFileList -DDEBUG -enable-bare-slash-regex -enable-experimental-feature DebugDescriptionMacro -sdk /Applications/Xcode.app/Contents/Developer/Platforms/iPhoneSimulator.platform/Developer/SDKs/iPhoneSimulator27.0.sdk -target arm64-apple-ios17.0-simulator -g -module-cache-path /Users/german/Work/JS/polski-grammar-srs/kotlin/iosApp/build/FinalVirtualFullFix/ModuleCache.noindex -Xfrontend -serialize-debugging-options -enable-testing -index-store-path /Users/german/Work/JS/polski-grammar-srs/kotlin/iosApp/build/FinalVirtualFullFix/Index.noindex/DataStore -Xcc -D_LIBCPP_HARDENING_MODE\=_LIBCPP_HARDENING_MODE_DEBUG -swift-version 5 -I /Users/german/Work/JS/polski-grammar-srs/kotlin/iosApp/build/FinalVirtualFullFix/Build/Products/Debug-iphonesimulator -F /Users/german/Work/JS/polski-grammar-srs/kotlin/iosApp/build/FinalVirtualFullFix/Build/Products/Debug-iphonesimulator -c -j10 -enable-batch-mode -incremental -Xcc -ivfsstatcache -Xcc /Users/german/Work/JS/polski-grammar-srs/kotlin/iosApp/build/FinalVirtualFullFix/SDKStatCaches.noindex/iphonesimulator27.0-24A430-8dc58220667be655e1bcc261a7455254.sdkstatcache -output-file-map /Users/german/Work/JS/polski-grammar-srs/kotlin/iosApp/build/FinalVirtualFullFix/Build/Intermediates.noindex/PolskiGrammar.build/Debug-iphonesimulator/PolskiGrammar.build/Objects-normal/arm64/PolskiGrammar-OutputFileMap.json -save-temps -no-color-diagnostics -explicit-module-build -module-cache-path /Users/german/Work/JS/polski-grammar-srs/kotlin/iosApp/build/FinalVirtualFullFix/Build/Intermediates.noindex/SwiftExplicitPrecompiledModules -clang-scanner-module-cache-path /Users/german/Work/JS/polski-grammar-srs/kotlin/iosApp/build/FinalVirtualFullFix/ModuleCache.noindex -sdk-module-cache-path /Users/german/Work/JS/polski-grammar-srs/kotlin/iosApp/build/FinalVirtualFullFix/SDKExplicitPrecompiledModules -emit-dependencies -emit-module -emit-module-path /Users/german/Work/JS/polski-grammar-srs/kotlin/iosApp/build/FinalVirtualFullFix/Build/Intermediates.noindex/PolskiGrammar.build/Debug-iphonesimulator/PolskiGrammar.build/Objects-normal/arm64/PolskiGrammar.swiftmodule -serialize-diagnostics -dependency-scan-serialize-diagnostics-path /Users/german/Work/JS/polski-grammar-srs/kotlin/iosApp/build/FinalVirtualFullFix/Build/Intermediates.noindex/PolskiGrammar.build/Debug-iphonesimulator/PolskiGrammar.build/Objects-normal/arm64/PolskiGrammar-dependency-scan.dia -validate-clang-modules-once -clang-build-session-file /Users/german/Work/JS/polski-grammar-srs/kotlin/iosApp/build/FinalVirtualFullFix/ModuleCache.noindex/Session.modulevalidation -Xcc -fmodules-prune-interval\=86400 -Xcc -fmodules-prune-after\=345600 -emit-const-values -const-gather-protocols-list /Users/german/Work/JS/polski-grammar-srs/kotlin/iosApp/build/FinalVirtualFullFix/Build/Intermediates.noindex/PolskiGrammar.build/Debug-iphonesimulator/PolskiGrammar.build/Objects-normal/arm64/PolskiGrammar_const_extract_protocols.json -Xcc -iquote -Xcc /Users/german/Work/JS/polski-grammar-srs/kotlin/iosApp/build/FinalVirtualFullFix/Build/Intermediates.noindex/PolskiGrammar.build/Debug-iphonesimulator/PolskiGrammar.build/PolskiGrammar-generated-files.hmap -Xcc -I/Users/german/Work/JS/polski-grammar-srs/kotlin/iosApp/build/FinalVirtualFullFix/Build/Intermediates.noindex/PolskiGrammar.build/Debug-iphonesimulator/PolskiGrammar.build/PolskiGrammar-own-target-headers.hmap -Xcc -I/Users/german/Work/JS/polski-grammar-srs/kotlin/iosApp/build/FinalVirtualFullFix/Build/Intermediates.noindex/PolskiGrammar.build/Debug-iphonesimulator/PolskiGrammar.build/PolskiGrammar-all-target-headers.hmap -Xcc -iquote -Xcc /Users/german/Work/JS/polski-grammar-srs/kotlin/iosApp/build/FinalVirtualFullFix/Build/Intermediates.noindex/PolskiGrammar.build/Debug-iphonesimulator/PolskiGrammar.build/PolskiGrammar-project-headers.hmap -Xcc -I/Users/german/Work/JS/polski-grammar-srs/kotlin/iosApp/build/FinalVirtualFullFix/Build/Products/Debug-iphonesimulator/include -Xcc -I/Users/german/Work/JS/polski-grammar-srs/kotlin/iosApp/build/FinalVirtualFullFix/Build/Intermediates.noindex/PolskiGrammar.build/Debug-iphonesimulator/PolskiGrammar.build/DerivedSources-normal/arm64 -Xcc -I/Users/german/Work/JS/polski-grammar-srs/kotlin/iosApp/build/FinalVirtualFullFix/Build/Intermediates.noindex/PolskiGrammar.build/Debug-iphonesimulator/PolskiGrammar.build/DerivedSources/arm64 -Xcc -I/Users/german/Work/JS/polski-grammar-srs/kotlin/iosApp/build/FinalVirtualFullFix/Build/Intermediates.noindex/PolskiGrammar.build/Debug-iphonesimulator/PolskiGrammar.build/DerivedSources -Xcc -DDEBUG\=1 -emit-objc-header -emit-objc-header-path /Users/german/Work/JS/polski-grammar-srs/kotlin/iosApp/build/FinalVirtualFullFix/Build/Intermediates.noindex/PolskiGrammar.build/Debug-iphonesimulator/PolskiGrammar.build/Objects-normal/arm64/PolskiGrammar-Swift.h -working-directory /Users/german/Work/JS/polski-grammar-srs/kotlin/iosApp -experimental-emit-module-separately -disable-cmo

SwiftMergeGeneratedHeaders /Users/german/Work/JS/polski-grammar-srs/kotlin/iosApp/build/FinalVirtualFullFix/Build/Intermediates.noindex/PolskiGrammar.build/Debug-iphonesimulator/PolskiGrammar.build/DerivedSources/PolskiGrammar-Swift.h /Users/german/Work/JS/polski-grammar-srs/kotlin/iosApp/build/FinalVirtualFullFix/Build/Intermediates.noindex/PolskiGrammar.build/Debug-iphonesimulator/PolskiGrammar.build/Objects-normal/arm64/PolskiGrammar-Swift.h (in target 'PolskiGrammar' from project 'PolskiGrammar')
    cd /Users/german/Work/JS/polski-grammar-srs/kotlin/iosApp
    builtin-swiftHeaderTool -arch arm64 /Users/german/Work/JS/polski-grammar-srs/kotlin/iosApp/build/FinalVirtualFullFix/Build/Intermediates.noindex/PolskiGrammar.build/Debug-iphonesimulator/PolskiGrammar.build/Objects-normal/arm64/PolskiGrammar-Swift.h -o /Users/german/Work/JS/polski-grammar-srs/kotlin/iosApp/build/FinalVirtualFullFix/Build/Intermediates.noindex/PolskiGrammar.build/Debug-iphonesimulator/PolskiGrammar.build/DerivedSources/PolskiGrammar-Swift.h

Copy /Users/german/Work/JS/polski-grammar-srs/kotlin/iosApp/build/FinalVirtualFullFix/Build/Products/Debug-iphonesimulator/PolskiGrammar.swiftmodule/arm64-apple-ios-simulator.swiftdoc /Users/german/Work/JS/polski-grammar-srs/kotlin/iosApp/build/FinalVirtualFullFix/Build/Intermediates.noindex/PolskiGrammar.build/Debug-iphonesimulator/PolskiGrammar.build/Objects-normal/arm64/PolskiGrammar.swiftdoc (in target 'PolskiGrammar' from project 'PolskiGrammar')
    cd /Users/german/Work/JS/polski-grammar-srs/kotlin/iosApp
    builtin-copy -exclude .DS_Store -exclude CVS -exclude .svn -exclude .git -exclude .hg -resolve-src-symlinks -rename /Users/german/Work/JS/polski-grammar-srs/kotlin/iosApp/build/FinalVirtualFullFix/Build/Intermediates.noindex/PolskiGrammar.build/Debug-iphonesimulator/PolskiGrammar.build/Objects-normal/arm64/PolskiGrammar.swiftdoc /Users/german/Work/JS/polski-grammar-srs/kotlin/iosApp/build/FinalVirtualFullFix/Build/Products/Debug-iphonesimulator/PolskiGrammar.swiftmodule/arm64-apple-ios-simulator.swiftdoc

Copy /Users/german/Work/JS/polski-grammar-srs/kotlin/iosApp/build/FinalVirtualFullFix/Build/Products/Debug-iphonesimulator/PolskiGrammar.swiftmodule/arm64-apple-ios-simulator.abi.json /Users/german/Work/JS/polski-grammar-srs/kotlin/iosApp/build/FinalVirtualFullFix/Build/Intermediates.noindex/PolskiGrammar.build/Debug-iphonesimulator/PolskiGrammar.build/Objects-normal/arm64/PolskiGrammar.abi.json (in target 'PolskiGrammar' from project 'PolskiGrammar')
    cd /Users/german/Work/JS/polski-grammar-srs/kotlin/iosApp
    builtin-copy -exclude .DS_Store -exclude CVS -exclude .svn -exclude .git -exclude .hg -resolve-src-symlinks -rename /Users/german/Work/JS/polski-grammar-srs/kotlin/iosApp/build/FinalVirtualFullFix/Build/Intermediates.noindex/PolskiGrammar.build/Debug-iphonesimulator/PolskiGrammar.build/Objects-normal/arm64/PolskiGrammar.abi.json /Users/german/Work/JS/polski-grammar-srs/kotlin/iosApp/build/FinalVirtualFullFix/Build/Products/Debug-iphonesimulator/PolskiGrammar.swiftmodule/arm64-apple-ios-simulator.abi.json

Copy /Users/german/Work/JS/polski-grammar-srs/kotlin/iosApp/build/FinalVirtualFullFix/Build/Products/Debug-iphonesimulator/PolskiGrammar.swiftmodule/arm64-apple-ios-simulator.swiftmodule /Users/german/Work/JS/polski-grammar-srs/kotlin/iosApp/build/FinalVirtualFullFix/Build/Intermediates.noindex/PolskiGrammar.build/Debug-iphonesimulator/PolskiGrammar.build/Objects-normal/arm64/PolskiGrammar.swiftmodule (in target 'PolskiGrammar' from project 'PolskiGrammar')
    cd /Users/german/Work/JS/polski-grammar-srs/kotlin/iosApp
    builtin-copy -exclude .DS_Store -exclude CVS -exclude .svn -exclude .git -exclude .hg -resolve-src-symlinks -rename /Users/german/Work/JS/polski-grammar-srs/kotlin/iosApp/build/FinalVirtualFullFix/Build/Intermediates.noindex/PolskiGrammar.build/Debug-iphonesimulator/PolskiGrammar.build/Objects-normal/arm64/PolskiGrammar.swiftmodule /Users/german/Work/JS/polski-grammar-srs/kotlin/iosApp/build/FinalVirtualFullFix/Build/Products/Debug-iphonesimulator/PolskiGrammar.swiftmodule/arm64-apple-ios-simulator.swiftmodule

Copy /Users/german/Work/JS/polski-grammar-srs/kotlin/iosApp/build/FinalVirtualFullFix/Build/Products/Debug-iphonesimulator/PolskiGrammar.swiftmodule/Project/arm64-apple-ios-simulator.swiftsourceinfo /Users/german/Work/JS/polski-grammar-srs/kotlin/iosApp/build/FinalVirtualFullFix/Build/Intermediates.noindex/PolskiGrammar.build/Debug-iphonesimulator/PolskiGrammar.build/Objects-normal/arm64/PolskiGrammar.swiftsourceinfo (in target 'PolskiGrammar' from project 'PolskiGrammar')
    cd /Users/german/Work/JS/polski-grammar-srs/kotlin/iosApp
    builtin-copy -exclude .DS_Store -exclude CVS -exclude .svn -exclude .git -exclude .hg -resolve-src-symlinks -rename /Users/german/Work/JS/polski-grammar-srs/kotlin/iosApp/build/FinalVirtualFullFix/Build/Intermediates.noindex/PolskiGrammar.build/Debug-iphonesimulator/PolskiGrammar.build/Objects-normal/arm64/PolskiGrammar.swiftsourceinfo /Users/german/Work/JS/polski-grammar-srs/kotlin/iosApp/build/FinalVirtualFullFix/Build/Products/Debug-iphonesimulator/PolskiGrammar.swiftmodule/Project/arm64-apple-ios-simulator.swiftsourceinfo

SwiftDriver PolskiGrammarUITests normal arm64 com.apple.xcode.tools.swift.compiler (in target 'PolskiGrammarUITests' from project 'PolskiGrammar')
    cd /Users/german/Work/JS/polski-grammar-srs/kotlin/iosApp
    builtin-SwiftDriver -- /Applications/Xcode.app/Contents/Developer/Toolchains/XcodeDefault.xctoolchain/usr/bin/swiftc -module-name PolskiGrammarUITests -Onone @/Users/german/Work/JS/polski-grammar-srs/kotlin/iosApp/build/FinalVirtualFullFix/Build/Intermediates.noindex/PolskiGrammar.build/Debug-iphonesimulator/PolskiGrammarUITests.build/Objects-normal/arm64/PolskiGrammarUITests.SwiftFileList -DDEBUG -module-alias Testing\=_Testing_Unavailable -plugin-path /Applications/Xcode.app/Contents/Developer/Toolchains/XcodeDefault.xctoolchain/usr/lib/swift/host/plugins/testing -enable-bare-slash-regex -enable-experimental-feature DebugDescriptionMacro -sdk /Applications/Xcode.app/Contents/Developer/Platforms/iPhoneSimulator.platform/Developer/SDKs/iPhoneSimulator27.0.sdk -target arm64-apple-ios17.0-simulator -g -module-cache-path /Users/german/Work/JS/polski-grammar-srs/kotlin/iosApp/build/FinalVirtualFullFix/ModuleCache.noindex -Xfrontend -serialize-debugging-options -enable-testing -index-store-path /Users/german/Work/JS/polski-grammar-srs/kotlin/iosApp/build/FinalVirtualFullFix/Index.noindex/DataStore -Xcc -D_LIBCPP_HARDENING_MODE\=_LIBCPP_HARDENING_MODE_DEBUG -swift-version 5 -I /Users/german/Work/JS/polski-grammar-srs/kotlin/iosApp/build/FinalVirtualFullFix/Build/Products/Debug-iphonesimulator -Isystem /Applications/Xcode.app/Contents/Developer/Platforms/iPhoneSimulator.platform/Developer/usr/lib -F /Users/german/Work/JS/polski-grammar-srs/kotlin/iosApp/build/FinalVirtualFullFix/Build/Products/Debug-iphonesimulator -F /Applications/Xcode.app/Contents/Developer/Platforms/iPhoneSimulator.platform/Developer/Library/Frameworks -F /Applications/Xcode.app/Contents/Developer/Platforms/iPhoneSimulator.platform/Developer/SDKs/iPhoneSimulator27.0.sdk/Developer/Library/Frameworks -parse-as-library -c -j10 -enable-batch-mode -incremental -Xcc -ivfsstatcache -Xcc /Users/german/Work/JS/polski-grammar-srs/kotlin/iosApp/build/FinalVirtualFullFix/SDKStatCaches.noindex/iphonesimulator27.0-24A430-8dc58220667be655e1bcc261a7455254.sdkstatcache -output-file-map /Users/german/Work/JS/polski-grammar-srs/kotlin/iosApp/build/FinalVirtualFullFix/Build/Intermediates.noindex/PolskiGrammar.build/Debug-iphonesimulator/PolskiGrammarUITests.build/Objects-normal/arm64/PolskiGrammarUITests-OutputFileMap.json -save-temps -no-color-diagnostics -explicit-module-build -module-cache-path /Users/german/Work/JS/polski-grammar-srs/kotlin/iosApp/build/FinalVirtualFullFix/Build/Intermediates.noindex/SwiftExplicitPrecompiledModules -clang-scanner-module-cache-path /Users/german/Work/JS/polski-grammar-srs/kotlin/iosApp/build/FinalVirtualFullFix/ModuleCache.noindex -sdk-module-cache-path /Users/german/Work/JS/polski-grammar-srs/kotlin/iosApp/build/FinalVirtualFullFix/SDKExplicitPrecompiledModules -emit-dependencies -emit-module -emit-module-path /Users/german/Work/JS/polski-grammar-srs/kotlin/iosApp/build/FinalVirtualFullFix/Build/Intermediates.noindex/PolskiGrammar.build/Debug-iphonesimulator/PolskiGrammarUITests.build/Objects-normal/arm64/PolskiGrammarUITests.swiftmodule -serialize-diagnostics -dependency-scan-serialize-diagnostics-path /Users/german/Work/JS/polski-grammar-srs/kotlin/iosApp/build/FinalVirtualFullFix/Build/Intermediates.noindex/PolskiGrammar.build/Debug-iphonesimulator/PolskiGrammarUITests.build/Objects-normal/arm64/PolskiGrammarUITests-dependency-scan.dia -validate-clang-modules-once -clang-build-session-file /Users/german/Work/JS/polski-grammar-srs/kotlin/iosApp/build/FinalVirtualFullFix/ModuleCache.noindex/Session.modulevalidation -Xcc -fmodules-prune-interval\=86400 -Xcc -fmodules-prune-after\=345600 -emit-const-values -const-gather-protocols-list /Users/german/Work/JS/polski-grammar-srs/kotlin/iosApp/build/FinalVirtualFullFix/Build/Intermediates.noindex/PolskiGrammar.build/Debug-iphonesimulator/PolskiGrammarUITests.build/Objects-normal/arm64/PolskiGrammarUITests_const_extract_protocols.json -Xcc -iquote -Xcc /Users/german/Work/JS/polski-grammar-srs/kotlin/iosApp/build/FinalVirtualFullFix/Build/Intermediates.noindex/PolskiGrammar.build/Debug-iphonesimulator/PolskiGrammarUITests.build/PolskiGrammarUITests-generated-files.hmap -Xcc -I/Users/german/Work/JS/polski-grammar-srs/kotlin/iosApp/build/FinalVirtualFullFix/Build/Intermediates.noindex/PolskiGrammar.build/Debug-iphonesimulator/PolskiGrammarUITests.build/PolskiGrammarUITests-own-target-headers.hmap -Xcc -I/Users/german/Work/JS/polski-grammar-srs/kotlin/iosApp/build/FinalVirtualFullFix/Build/Intermediates.noindex/PolskiGrammar.build/Debug-iphonesimulator/PolskiGrammarUITests.build/PolskiGrammarUITests-all-target-headers.hmap -Xcc -iquote -Xcc /Users/german/Work/JS/polski-grammar-srs/kotlin/iosApp/build/FinalVirtualFullFix/Build/Intermediates.noindex/PolskiGrammar.build/Debug-iphonesimulator/PolskiGrammarUITests.build/PolskiGrammarUITests-project-headers.hmap -Xcc -I/Users/german/Work/JS/polski-grammar-srs/kotlin/iosApp/build/FinalVirtualFullFix/Build/Products/Debug-iphonesimulator/include -Xcc -I/Users/german/Work/JS/polski-grammar-srs/kotlin/iosApp/build/FinalVirtualFullFix/Build/Intermediates.noindex/PolskiGrammar.build/Debug-iphonesimulator/PolskiGrammarUITests.build/DerivedSources-normal/arm64 -Xcc -I/Users/german/Work/JS/polski-grammar-srs/kotlin/iosApp/build/FinalVirtualFullFix/Build/Intermediates.noindex/PolskiGrammar.build/Debug-iphonesimulator/PolskiGrammarUITests.build/DerivedSources/arm64 -Xcc -I/Users/german/Work/JS/polski-grammar-srs/kotlin/iosApp/build/FinalVirtualFullFix/Build/Intermediates.noindex/PolskiGrammar.build/Debug-iphonesimulator/PolskiGrammarUITests.build/DerivedSources -Xcc -DDEBUG\=1 -emit-objc-header -emit-objc-header-path /Users/german/Work/JS/polski-grammar-srs/kotlin/iosApp/build/FinalVirtualFullFix/Build/Intermediates.noindex/PolskiGrammar.build/Debug-iphonesimulator/PolskiGrammarUITests.build/Objects-normal/arm64/PolskiGrammarUITests-Swift.h -working-directory /Users/german/Work/JS/polski-grammar-srs/kotlin/iosApp -experimental-emit-module-separately -disable-cmo

SwiftExplicitDependencyGeneratePcm arm64 /Users/german/Work/JS/polski-grammar-srs/kotlin/iosApp/build/FinalVirtualFullFix/Build/Intermediates.noindex/SwiftExplicitPrecompiledModules/XCUIAutomation-BZEXO3ORB16ZEHET9KXULNZ1U.pcm

SwiftExplicitDependencyCompileModuleFromInterface arm64 /Users/german/Work/JS/polski-grammar-srs/kotlin/iosApp/build/FinalVirtualFullFix/Build/Intermediates.noindex/SwiftExplicitPrecompiledModules/XCUIAutomation-TC8EJFZDUF8B.swiftmodule

SwiftExplicitDependencyGeneratePcm arm64 /Users/german/Work/JS/polski-grammar-srs/kotlin/iosApp/build/FinalVirtualFullFix/Build/Intermediates.noindex/SwiftExplicitPrecompiledModules/XCTest-DLXIN4Y1L5T1VSA2VUZ6H33II.pcm

SwiftExplicitDependencyCompileModuleFromInterface arm64 /Users/german/Work/JS/polski-grammar-srs/kotlin/iosApp/build/FinalVirtualFullFix/Build/Intermediates.noindex/SwiftExplicitPrecompiledModules/XCTest-34OEQJKFHLA4D.swiftmodule

SwiftDriverJobDiscovery normal arm64 Compiling GeneratedAssetSymbols.swift (in target 'PolskiGrammar' from project 'PolskiGrammar')

SwiftEmitModule normal arm64 Emitting\ module\ for\ PolskiGrammarUITests (in target 'PolskiGrammarUITests' from project 'PolskiGrammar')

SwiftCompile normal arm64 (in target 'PolskiGrammarUITests' from project 'PolskiGrammar')
    cd /Users/german/Work/JS/polski-grammar-srs/kotlin/iosApp
    

SwiftCompile normal arm64 Compiling\ PolskiGrammarUITests.swift /Users/german/Work/JS/polski-grammar-srs/kotlin/iosApp/PolskiGrammarUITests/PolskiGrammarUITests.swift (in target 'PolskiGrammarUITests' from project 'PolskiGrammar')

SwiftCompile normal arm64 /Users/german/Work/JS/polski-grammar-srs/kotlin/iosApp/PolskiGrammarUITests/PolskiGrammarUITests.swift (in target 'PolskiGrammarUITests' from project 'PolskiGrammar')
    cd /Users/german/Work/JS/polski-grammar-srs/kotlin/iosApp
    builtin-SwiftPerFileCompile PolskiGrammarUITests.swift

SwiftDriverJobDiscovery normal arm64 Emitting module for PolskiGrammarUITests (in target 'PolskiGrammarUITests' from project 'PolskiGrammar')

SwiftDriver\ Compilation\ Requirements PolskiGrammarUITests normal arm64 com.apple.xcode.tools.swift.compiler (in target 'PolskiGrammarUITests' from project 'PolskiGrammar')
    cd /Users/german/Work/JS/polski-grammar-srs/kotlin/iosApp
    builtin-Swift-Compilation-Requirements -- /Applications/Xcode.app/Contents/Developer/Toolchains/XcodeDefault.xctoolchain/usr/bin/swiftc -module-name PolskiGrammarUITests -Onone @/Users/german/Work/JS/polski-grammar-srs/kotlin/iosApp/build/FinalVirtualFullFix/Build/Intermediates.noindex/PolskiGrammar.build/Debug-iphonesimulator/PolskiGrammarUITests.build/Objects-normal/arm64/PolskiGrammarUITests.SwiftFileList -DDEBUG -module-alias Testing\=_Testing_Unavailable -plugin-path /Applications/Xcode.app/Contents/Developer/Toolchains/XcodeDefault.xctoolchain/usr/lib/swift/host/plugins/testing -enable-bare-slash-regex -enable-experimental-feature DebugDescriptionMacro -sdk /Applications/Xcode.app/Contents/Developer/Platforms/iPhoneSimulator.platform/Developer/SDKs/iPhoneSimulator27.0.sdk -target arm64-apple-ios17.0-simulator -g -module-cache-path /Users/german/Work/JS/polski-grammar-srs/kotlin/iosApp/build/FinalVirtualFullFix/ModuleCache.noindex -Xfrontend -serialize-debugging-options -enable-testing -index-store-path /Users/german/Work/JS/polski-grammar-srs/kotlin/iosApp/build/FinalVirtualFullFix/Index.noindex/DataStore -Xcc -D_LIBCPP_HARDENING_MODE\=_LIBCPP_HARDENING_MODE_DEBUG -swift-version 5 -I /Users/german/Work/JS/polski-grammar-srs/kotlin/iosApp/build/FinalVirtualFullFix/Build/Products/Debug-iphonesimulator -Isystem /Applications/Xcode.app/Contents/Developer/Platforms/iPhoneSimulator.platform/Developer/usr/lib -F /Users/german/Work/JS/polski-grammar-srs/kotlin/iosApp/build/FinalVirtualFullFix/Build/Products/Debug-iphonesimulator -F /Applications/Xcode.app/Contents/Developer/Platforms/iPhoneSimulator.platform/Developer/Library/Frameworks -F /Applications/Xcode.app/Contents/Developer/Platforms/iPhoneSimulator.platform/Developer/SDKs/iPhoneSimulator27.0.sdk/Developer/Library/Frameworks -parse-as-library -c -j10 -enable-batch-mode -incremental -Xcc -ivfsstatcache -Xcc /Users/german/Work/JS/polski-grammar-srs/kotlin/iosApp/build/FinalVirtualFullFix/SDKStatCaches.noindex/iphonesimulator27.0-24A430-8dc58220667be655e1bcc261a7455254.sdkstatcache -output-file-map /Users/german/Work/JS/polski-grammar-srs/kotlin/iosApp/build/FinalVirtualFullFix/Build/Intermediates.noindex/PolskiGrammar.build/Debug-iphonesimulator/PolskiGrammarUITests.build/Objects-normal/arm64/PolskiGrammarUITests-OutputFileMap.json -save-temps -no-color-diagnostics -explicit-module-build -module-cache-path /Users/german/Work/JS/polski-grammar-srs/kotlin/iosApp/build/FinalVirtualFullFix/Build/Intermediates.noindex/SwiftExplicitPrecompiledModules -clang-scanner-module-cache-path /Users/german/Work/JS/polski-grammar-srs/kotlin/iosApp/build/FinalVirtualFullFix/ModuleCache.noindex -sdk-module-cache-path /Users/german/Work/JS/polski-grammar-srs/kotlin/iosApp/build/FinalVirtualFullFix/SDKExplicitPrecompiledModules -emit-dependencies -emit-module -emit-module-path /Users/german/Work/JS/polski-grammar-srs/kotlin/iosApp/build/FinalVirtualFullFix/Build/Intermediates.noindex/PolskiGrammar.build/Debug-iphonesimulator/PolskiGrammarUITests.build/Objects-normal/arm64/PolskiGrammarUITests.swiftmodule -serialize-diagnostics -dependency-scan-serialize-diagnostics-path /Users/german/Work/JS/polski-grammar-srs/kotlin/iosApp/build/FinalVirtualFullFix/Build/Intermediates.noindex/PolskiGrammar.build/Debug-iphonesimulator/PolskiGrammarUITests.build/Objects-normal/arm64/PolskiGrammarUITests-dependency-scan.dia -validate-clang-modules-once -clang-build-session-file /Users/german/Work/JS/polski-grammar-srs/kotlin/iosApp/build/FinalVirtualFullFix/ModuleCache.noindex/Session.modulevalidation -Xcc -fmodules-prune-interval\=86400 -Xcc -fmodules-prune-after\=345600 -emit-const-values -const-gather-protocols-list /Users/german/Work/JS/polski-grammar-srs/kotlin/iosApp/build/FinalVirtualFullFix/Build/Intermediates.noindex/PolskiGrammar.build/Debug-iphonesimulator/PolskiGrammarUITests.build/Objects-normal/arm64/PolskiGrammarUITests_const_extract_protocols.json -Xcc -iquote -Xcc /Users/german/Work/JS/polski-grammar-srs/kotlin/iosApp/build/FinalVirtualFullFix/Build/Intermediates.noindex/PolskiGrammar.build/Debug-iphonesimulator/PolskiGrammarUITests.build/PolskiGrammarUITests-generated-files.hmap -Xcc -I/Users/german/Work/JS/polski-grammar-srs/kotlin/iosApp/build/FinalVirtualFullFix/Build/Intermediates.noindex/PolskiGrammar.build/Debug-iphonesimulator/PolskiGrammarUITests.build/PolskiGrammarUITests-own-target-headers.hmap -Xcc -I/Users/german/Work/JS/polski-grammar-srs/kotlin/iosApp/build/FinalVirtualFullFix/Build/Intermediates.noindex/PolskiGrammar.build/Debug-iphonesimulator/PolskiGrammarUITests.build/PolskiGrammarUITests-all-target-headers.hmap -Xcc -iquote -Xcc /Users/german/Work/JS/polski-grammar-srs/kotlin/iosApp/build/FinalVirtualFullFix/Build/Intermediates.noindex/PolskiGrammar.build/Debug-iphonesimulator/PolskiGrammarUITests.build/PolskiGrammarUITests-project-headers.hmap -Xcc -I/Users/german/Work/JS/polski-grammar-srs/kotlin/iosApp/build/FinalVirtualFullFix/Build/Products/Debug-iphonesimulator/include -Xcc -I/Users/german/Work/JS/polski-grammar-srs/kotlin/iosApp/build/FinalVirtualFullFix/Build/Intermediates.noindex/PolskiGrammar.build/Debug-iphonesimulator/PolskiGrammarUITests.build/DerivedSources-normal/arm64 -Xcc -I/Users/german/Work/JS/polski-grammar-srs/kotlin/iosApp/build/FinalVirtualFullFix/Build/Intermediates.noindex/PolskiGrammar.build/Debug-iphonesimulator/PolskiGrammarUITests.build/DerivedSources/arm64 -Xcc -I/Users/german/Work/JS/polski-grammar-srs/kotlin/iosApp/build/FinalVirtualFullFix/Build/Intermediates.noindex/PolskiGrammar.build/Debug-iphonesimulator/PolskiGrammarUITests.build/DerivedSources -Xcc -DDEBUG\=1 -emit-objc-header -emit-objc-header-path /Users/german/Work/JS/polski-grammar-srs/kotlin/iosApp/build/FinalVirtualFullFix/Build/Intermediates.noindex/PolskiGrammar.build/Debug-iphonesimulator/PolskiGrammarUITests.build/Objects-normal/arm64/PolskiGrammarUITests-Swift.h -working-directory /Users/german/Work/JS/polski-grammar-srs/kotlin/iosApp -experimental-emit-module-separately -disable-cmo

SwiftMergeGeneratedHeaders /Users/german/Work/JS/polski-grammar-srs/kotlin/iosApp/build/FinalVirtualFullFix/Build/Intermediates.noindex/PolskiGrammar.build/Debug-iphonesimulator/PolskiGrammarUITests.build/DerivedSources/PolskiGrammarUITests-Swift.h /Users/german/Work/JS/polski-grammar-srs/kotlin/iosApp/build/FinalVirtualFullFix/Build/Intermediates.noindex/PolskiGrammar.build/Debug-iphonesimulator/PolskiGrammarUITests.build/Objects-normal/arm64/PolskiGrammarUITests-Swift.h (in target 'PolskiGrammarUITests' from project 'PolskiGrammar')
    cd /Users/german/Work/JS/polski-grammar-srs/kotlin/iosApp
    builtin-swiftHeaderTool -arch arm64 /Users/german/Work/JS/polski-grammar-srs/kotlin/iosApp/build/FinalVirtualFullFix/Build/Intermediates.noindex/PolskiGrammar.build/Debug-iphonesimulator/PolskiGrammarUITests.build/Objects-normal/arm64/PolskiGrammarUITests-Swift.h -o /Users/german/Work/JS/polski-grammar-srs/kotlin/iosApp/build/FinalVirtualFullFix/Build/Intermediates.noindex/PolskiGrammar.build/Debug-iphonesimulator/PolskiGrammarUITests.build/DerivedSources/PolskiGrammarUITests-Swift.h

Copy /Users/german/Work/JS/polski-grammar-srs/kotlin/iosApp/build/FinalVirtualFullFix/Build/Products/Debug-iphonesimulator/PolskiGrammarUITests.swiftmodule/arm64-apple-ios-simulator.abi.json /Users/german/Work/JS/polski-grammar-srs/kotlin/iosApp/build/FinalVirtualFullFix/Build/Intermediates.noindex/PolskiGrammar.build/Debug-iphonesimulator/PolskiGrammarUITests.build/Objects-normal/arm64/PolskiGrammarUITests.abi.json (in target 'PolskiGrammarUITests' from project 'PolskiGrammar')
    cd /Users/german/Work/JS/polski-grammar-srs/kotlin/iosApp
    builtin-copy -exclude .DS_Store -exclude CVS -exclude .svn -exclude .git -exclude .hg -resolve-src-symlinks -rename /Users/german/Work/JS/polski-grammar-srs/kotlin/iosApp/build/FinalVirtualFullFix/Build/Intermediates.noindex/PolskiGrammar.build/Debug-iphonesimulator/PolskiGrammarUITests.build/Objects-normal/arm64/PolskiGrammarUITests.abi.json /Users/german/Work/JS/polski-grammar-srs/kotlin/iosApp/build/FinalVirtualFullFix/Build/Products/Debug-iphonesimulator/PolskiGrammarUITests.swiftmodule/arm64-apple-ios-simulator.abi.json

Copy /Users/german/Work/JS/polski-grammar-srs/kotlin/iosApp/build/FinalVirtualFullFix/Build/Products/Debug-iphonesimulator/PolskiGrammarUITests.swiftmodule/arm64-apple-ios-simulator.swiftmodule /Users/german/Work/JS/polski-grammar-srs/kotlin/iosApp/build/FinalVirtualFullFix/Build/Intermediates.noindex/PolskiGrammar.build/Debug-iphonesimulator/PolskiGrammarUITests.build/Objects-normal/arm64/PolskiGrammarUITests.swiftmodule (in target 'PolskiGrammarUITests' from project 'PolskiGrammar')
    cd /Users/german/Work/JS/polski-grammar-srs/kotlin/iosApp
    builtin-copy -exclude .DS_Store -exclude CVS -exclude .svn -exclude .git -exclude .hg -resolve-src-symlinks -rename /Users/german/Work/JS/polski-grammar-srs/kotlin/iosApp/build/FinalVirtualFullFix/Build/Intermediates.noindex/PolskiGrammar.build/Debug-iphonesimulator/PolskiGrammarUITests.build/Objects-normal/arm64/PolskiGrammarUITests.swiftmodule /Users/german/Work/JS/polski-grammar-srs/kotlin/iosApp/build/FinalVirtualFullFix/Build/Products/Debug-iphonesimulator/PolskiGrammarUITests.swiftmodule/arm64-apple-ios-simulator.swiftmodule

Copy /Users/german/Work/JS/polski-grammar-srs/kotlin/iosApp/build/FinalVirtualFullFix/Build/Products/Debug-iphonesimulator/PolskiGrammarUITests.swiftmodule/arm64-apple-ios-simulator.swiftdoc /Users/german/Work/JS/polski-grammar-srs/kotlin/iosApp/build/FinalVirtualFullFix/Build/Intermediates.noindex/PolskiGrammar.build/Debug-iphonesimulator/PolskiGrammarUITests.build/Objects-normal/arm64/PolskiGrammarUITests.swiftdoc (in target 'PolskiGrammarUITests' from project 'PolskiGrammar')
    cd /Users/german/Work/JS/polski-grammar-srs/kotlin/iosApp
    builtin-copy -exclude .DS_Store -exclude CVS -exclude .svn -exclude .git -exclude .hg -resolve-src-symlinks -rename /Users/german/Work/JS/polski-grammar-srs/kotlin/iosApp/build/FinalVirtualFullFix/Build/Intermediates.noindex/PolskiGrammar.build/Debug-iphonesimulator/PolskiGrammarUITests.build/Objects-normal/arm64/PolskiGrammarUITests.swiftdoc /Users/german/Work/JS/polski-grammar-srs/kotlin/iosApp/build/FinalVirtualFullFix/Build/Products/Debug-iphonesimulator/PolskiGrammarUITests.swiftmodule/arm64-apple-ios-simulator.swiftdoc

Copy /Users/german/Work/JS/polski-grammar-srs/kotlin/iosApp/build/FinalVirtualFullFix/Build/Products/Debug-iphonesimulator/PolskiGrammarUITests.swiftmodule/Project/arm64-apple-ios-simulator.swiftsourceinfo /Users/german/Work/JS/polski-grammar-srs/kotlin/iosApp/build/FinalVirtualFullFix/Build/Intermediates.noindex/PolskiGrammar.build/Debug-iphonesimulator/PolskiGrammarUITests.build/Objects-normal/arm64/PolskiGrammarUITests.swiftsourceinfo (in target 'PolskiGrammarUITests' from project 'PolskiGrammar')
    cd /Users/german/Work/JS/polski-grammar-srs/kotlin/iosApp
    builtin-copy -exclude .DS_Store -exclude CVS -exclude .svn -exclude .git -exclude .hg -resolve-src-symlinks -rename /Users/german/Work/JS/polski-grammar-srs/kotlin/iosApp/build/FinalVirtualFullFix/Build/Intermediates.noindex/PolskiGrammar.build/Debug-iphonesimulator/PolskiGrammarUITests.build/Objects-normal/arm64/PolskiGrammarUITests.swiftsourceinfo /Users/german/Work/JS/polski-grammar-srs/kotlin/iosApp/build/FinalVirtualFullFix/Build/Products/Debug-iphonesimulator/PolskiGrammarUITests.swiftmodule/Project/arm64-apple-ios-simulator.swiftsourceinfo

SwiftDriverJobDiscovery normal arm64 Compiling PolskiGrammarUITests.swift (in target 'PolskiGrammarUITests' from project 'PolskiGrammar')

SwiftDriver\ Compilation PolskiGrammarUITests normal arm64 com.apple.xcode.tools.swift.compiler (in target 'PolskiGrammarUITests' from project 'PolskiGrammar')
    cd /Users/german/Work/JS/polski-grammar-srs/kotlin/iosApp
    builtin-Swift-Compilation -- /Applications/Xcode.app/Contents/Developer/Toolchains/XcodeDefault.xctoolchain/usr/bin/swiftc -module-name PolskiGrammarUITests -Onone @/Users/german/Work/JS/polski-grammar-srs/kotlin/iosApp/build/FinalVirtualFullFix/Build/Intermediates.noindex/PolskiGrammar.build/Debug-iphonesimulator/PolskiGrammarUITests.build/Objects-normal/arm64/PolskiGrammarUITests.SwiftFileList -DDEBUG -module-alias Testing\=_Testing_Unavailable -plugin-path /Applications/Xcode.app/Contents/Developer/Toolchains/XcodeDefault.xctoolchain/usr/lib/swift/host/plugins/testing -enable-bare-slash-regex -enable-experimental-feature DebugDescriptionMacro -sdk /Applications/Xcode.app/Contents/Developer/Platforms/iPhoneSimulator.platform/Developer/SDKs/iPhoneSimulator27.0.sdk -target arm64-apple-ios17.0-simulator -g -module-cache-path /Users/german/Work/JS/polski-grammar-srs/kotlin/iosApp/build/FinalVirtualFullFix/ModuleCache.noindex -Xfrontend -serialize-debugging-options -enable-testing -index-store-path /Users/german/Work/JS/polski-grammar-srs/kotlin/iosApp/build/FinalVirtualFullFix/Index.noindex/DataStore -Xcc -D_LIBCPP_HARDENING_MODE\=_LIBCPP_HARDENING_MODE_DEBUG -swift-version 5 -I /Users/german/Work/JS/polski-grammar-srs/kotlin/iosApp/build/FinalVirtualFullFix/Build/Products/Debug-iphonesimulator -Isystem /Applications/Xcode.app/Contents/Developer/Platforms/iPhoneSimulator.platform/Developer/usr/lib -F /Users/german/Work/JS/polski-grammar-srs/kotlin/iosApp/build/FinalVirtualFullFix/Build/Products/Debug-iphonesimulator -F /Applications/Xcode.app/Contents/Developer/Platforms/iPhoneSimulator.platform/Developer/Library/Frameworks -F /Applications/Xcode.app/Contents/Developer/Platforms/iPhoneSimulator.platform/Developer/SDKs/iPhoneSimulator27.0.sdk/Developer/Library/Frameworks -parse-as-library -c -j10 -enable-batch-mode -incremental -Xcc -ivfsstatcache -Xcc /Users/german/Work/JS/polski-grammar-srs/kotlin/iosApp/build/FinalVirtualFullFix/SDKStatCaches.noindex/iphonesimulator27.0-24A430-8dc58220667be655e1bcc261a7455254.sdkstatcache -output-file-map /Users/german/Work/JS/polski-grammar-srs/kotlin/iosApp/build/FinalVirtualFullFix/Build/Intermediates.noindex/PolskiGrammar.build/Debug-iphonesimulator/PolskiGrammarUITests.build/Objects-normal/arm64/PolskiGrammarUITests-OutputFileMap.json -save-temps -no-color-diagnostics -explicit-module-build -module-cache-path /Users/german/Work/JS/polski-grammar-srs/kotlin/iosApp/build/FinalVirtualFullFix/Build/Intermediates.noindex/SwiftExplicitPrecompiledModules -clang-scanner-module-cache-path /Users/german/Work/JS/polski-grammar-srs/kotlin/iosApp/build/FinalVirtualFullFix/ModuleCache.noindex -sdk-module-cache-path /Users/german/Work/JS/polski-grammar-srs/kotlin/iosApp/build/FinalVirtualFullFix/SDKExplicitPrecompiledModules -emit-dependencies -emit-module -emit-module-path /Users/german/Work/JS/polski-grammar-srs/kotlin/iosApp/build/FinalVirtualFullFix/Build/Intermediates.noindex/PolskiGrammar.build/Debug-iphonesimulator/PolskiGrammarUITests.build/Objects-normal/arm64/PolskiGrammarUITests.swiftmodule -serialize-diagnostics -dependency-scan-serialize-diagnostics-path /Users/german/Work/JS/polski-grammar-srs/kotlin/iosApp/build/FinalVirtualFullFix/Build/Intermediates.noindex/PolskiGrammar.build/Debug-iphonesimulator/PolskiGrammarUITests.build/Objects-normal/arm64/PolskiGrammarUITests-dependency-scan.dia -validate-clang-modules-once -clang-build-session-file /Users/german/Work/JS/polski-grammar-srs/kotlin/iosApp/build/FinalVirtualFullFix/ModuleCache.noindex/Session.modulevalidation -Xcc -fmodules-prune-interval\=86400 -Xcc -fmodules-prune-after\=345600 -emit-const-values -const-gather-protocols-list /Users/german/Work/JS/polski-grammar-srs/kotlin/iosApp/build/FinalVirtualFullFix/Build/Intermediates.noindex/PolskiGrammar.build/Debug-iphonesimulator/PolskiGrammarUITests.build/Objects-normal/arm64/PolskiGrammarUITests_const_extract_protocols.json -Xcc -iquote -Xcc /Users/german/Work/JS/polski-grammar-srs/kotlin/iosApp/build/FinalVirtualFullFix/Build/Intermediates.noindex/PolskiGrammar.build/Debug-iphonesimulator/PolskiGrammarUITests.build/PolskiGrammarUITests-generated-files.hmap -Xcc -I/Users/german/Work/JS/polski-grammar-srs/kotlin/iosApp/build/FinalVirtualFullFix/Build/Intermediates.noindex/PolskiGrammar.build/Debug-iphonesimulator/PolskiGrammarUITests.build/PolskiGrammarUITests-own-target-headers.hmap -Xcc -I/Users/german/Work/JS/polski-grammar-srs/kotlin/iosApp/build/FinalVirtualFullFix/Build/Intermediates.noindex/PolskiGrammar.build/Debug-iphonesimulator/PolskiGrammarUITests.build/PolskiGrammarUITests-all-target-headers.hmap -Xcc -iquote -Xcc /Users/german/Work/JS/polski-grammar-srs/kotlin/iosApp/build/FinalVirtualFullFix/Build/Intermediates.noindex/PolskiGrammar.build/Debug-iphonesimulator/PolskiGrammarUITests.build/PolskiGrammarUITests-project-headers.hmap -Xcc -I/Users/german/Work/JS/polski-grammar-srs/kotlin/iosApp/build/FinalVirtualFullFix/Build/Products/Debug-iphonesimulator/include -Xcc -I/Users/german/Work/JS/polski-grammar-srs/kotlin/iosApp/build/FinalVirtualFullFix/Build/Intermediates.noindex/PolskiGrammar.build/Debug-iphonesimulator/PolskiGrammarUITests.build/DerivedSources-normal/arm64 -Xcc -I/Users/german/Work/JS/polski-grammar-srs/kotlin/iosApp/build/FinalVirtualFullFix/Build/Intermediates.noindex/PolskiGrammar.build/Debug-iphonesimulator/PolskiGrammarUITests.build/DerivedSources/arm64 -Xcc -I/Users/german/Work/JS/polski-grammar-srs/kotlin/iosApp/build/FinalVirtualFullFix/Build/Intermediates.noindex/PolskiGrammar.build/Debug-iphonesimulator/PolskiGrammarUITests.build/DerivedSources -Xcc -DDEBUG\=1 -emit-objc-header -emit-objc-header-path /Users/german/Work/JS/polski-grammar-srs/kotlin/iosApp/build/FinalVirtualFullFix/Build/Intermediates.noindex/PolskiGrammar.build/Debug-iphonesimulator/PolskiGrammarUITests.build/Objects-normal/arm64/PolskiGrammarUITests-Swift.h -working-directory /Users/german/Work/JS/polski-grammar-srs/kotlin/iosApp -experimental-emit-module-separately -disable-cmo

SwiftDriverJobDiscovery normal arm64 Compiling PolskiGrammarApp.swift (in target 'PolskiGrammar' from project 'PolskiGrammar')

SwiftDriver\ Compilation PolskiGrammar normal arm64 com.apple.xcode.tools.swift.compiler (in target 'PolskiGrammar' from project 'PolskiGrammar')
    cd /Users/german/Work/JS/polski-grammar-srs/kotlin/iosApp
    builtin-Swift-Compilation -- /Applications/Xcode.app/Contents/Developer/Toolchains/XcodeDefault.xctoolchain/usr/bin/swiftc -module-name PolskiGrammar -Onone @/Users/german/Work/JS/polski-grammar-srs/kotlin/iosApp/build/FinalVirtualFullFix/Build/Intermediates.noindex/PolskiGrammar.build/Debug-iphonesimulator/PolskiGrammar.build/Objects-normal/arm64/PolskiGrammar.SwiftFileList -DDEBUG -enable-bare-slash-regex -enable-experimental-feature DebugDescriptionMacro -sdk /Applications/Xcode.app/Contents/Developer/Platforms/iPhoneSimulator.platform/Developer/SDKs/iPhoneSimulator27.0.sdk -target arm64-apple-ios17.0-simulator -g -module-cache-path /Users/german/Work/JS/polski-grammar-srs/kotlin/iosApp/build/FinalVirtualFullFix/ModuleCache.noindex -Xfrontend -serialize-debugging-options -enable-testing -index-store-path /Users/german/Work/JS/polski-grammar-srs/kotlin/iosApp/build/FinalVirtualFullFix/Index.noindex/DataStore -Xcc -D_LIBCPP_HARDENING_MODE\=_LIBCPP_HARDENING_MODE_DEBUG -swift-version 5 -I /Users/german/Work/JS/polski-grammar-srs/kotlin/iosApp/build/FinalVirtualFullFix/Build/Products/Debug-iphonesimulator -F /Users/german/Work/JS/polski-grammar-srs/kotlin/iosApp/build/FinalVirtualFullFix/Build/Products/Debug-iphonesimulator -c -j10 -enable-batch-mode -incremental -Xcc -ivfsstatcache -Xcc /Users/german/Work/JS/polski-grammar-srs/kotlin/iosApp/build/FinalVirtualFullFix/SDKStatCaches.noindex/iphonesimulator27.0-24A430-8dc58220667be655e1bcc261a7455254.sdkstatcache -output-file-map /Users/german/Work/JS/polski-grammar-srs/kotlin/iosApp/build/FinalVirtualFullFix/Build/Intermediates.noindex/PolskiGrammar.build/Debug-iphonesimulator/PolskiGrammar.build/Objects-normal/arm64/PolskiGrammar-OutputFileMap.json -save-temps -no-color-diagnostics -explicit-module-build -module-cache-path /Users/german/Work/JS/polski-grammar-srs/kotlin/iosApp/build/FinalVirtualFullFix/Build/Intermediates.noindex/SwiftExplicitPrecompiledModules -clang-scanner-module-cache-path /Users/german/Work/JS/polski-grammar-srs/kotlin/iosApp/build/FinalVirtualFullFix/ModuleCache.noindex -sdk-module-cache-path /Users/german/Work/JS/polski-grammar-srs/kotlin/iosApp/build/FinalVirtualFullFix/SDKExplicitPrecompiledModules -emit-dependencies -emit-module -emit-module-path /Users/german/Work/JS/polski-grammar-srs/kotlin/iosApp/build/FinalVirtualFullFix/Build/Intermediates.noindex/PolskiGrammar.build/Debug-iphonesimulator/PolskiGrammar.build/Objects-normal/arm64/PolskiGrammar.swiftmodule -serialize-diagnostics -dependency-scan-serialize-diagnostics-path /Users/german/Work/JS/polski-grammar-srs/kotlin/iosApp/build/FinalVirtualFullFix/Build/Intermediates.noindex/PolskiGrammar.build/Debug-iphonesimulator/PolskiGrammar.build/Objects-normal/arm64/PolskiGrammar-dependency-scan.dia -validate-clang-modules-once -clang-build-session-file /Users/german/Work/JS/polski-grammar-srs/kotlin/iosApp/build/FinalVirtualFullFix/ModuleCache.noindex/Session.modulevalidation -Xcc -fmodules-prune-interval\=86400 -Xcc -fmodules-prune-after\=345600 -emit-const-values -const-gather-protocols-list /Users/german/Work/JS/polski-grammar-srs/kotlin/iosApp/build/FinalVirtualFullFix/Build/Intermediates.noindex/PolskiGrammar.build/Debug-iphonesimulator/PolskiGrammar.build/Objects-normal/arm64/PolskiGrammar_const_extract_protocols.json -Xcc -iquote -Xcc /Users/german/Work/JS/polski-grammar-srs/kotlin/iosApp/build/FinalVirtualFullFix/Build/Intermediates.noindex/PolskiGrammar.build/Debug-iphonesimulator/PolskiGrammar.build/PolskiGrammar-generated-files.hmap -Xcc -I/Users/german/Work/JS/polski-grammar-srs/kotlin/iosApp/build/FinalVirtualFullFix/Build/Intermediates.noindex/PolskiGrammar.build/Debug-iphonesimulator/PolskiGrammar.build/PolskiGrammar-own-target-headers.hmap -Xcc -I/Users/german/Work/JS/polski-grammar-srs/kotlin/iosApp/build/FinalVirtualFullFix/Build/Intermediates.noindex/PolskiGrammar.build/Debug-iphonesimulator/PolskiGrammar.build/PolskiGrammar-all-target-headers.hmap -Xcc -iquote -Xcc /Users/german/Work/JS/polski-grammar-srs/kotlin/iosApp/build/FinalVirtualFullFix/Build/Intermediates.noindex/PolskiGrammar.build/Debug-iphonesimulator/PolskiGrammar.build/PolskiGrammar-project-headers.hmap -Xcc -I/Users/german/Work/JS/polski-grammar-srs/kotlin/iosApp/build/FinalVirtualFullFix/Build/Products/Debug-iphonesimulator/include -Xcc -I/Users/german/Work/JS/polski-grammar-srs/kotlin/iosApp/build/FinalVirtualFullFix/Build/Intermediates.noindex/PolskiGrammar.build/Debug-iphonesimulator/PolskiGrammar.build/DerivedSources-normal/arm64 -Xcc -I/Users/german/Work/JS/polski-grammar-srs/kotlin/iosApp/build/FinalVirtualFullFix/Build/Intermediates.noindex/PolskiGrammar.build/Debug-iphonesimulator/PolskiGrammar.build/DerivedSources/arm64 -Xcc -I/Users/german/Work/JS/polski-grammar-srs/kotlin/iosApp/build/FinalVirtualFullFix/Build/Intermediates.noindex/PolskiGrammar.build/Debug-iphonesimulator/PolskiGrammar.build/DerivedSources -Xcc -DDEBUG\=1 -emit-objc-header -emit-objc-header-path /Users/german/Work/JS/polski-grammar-srs/kotlin/iosApp/build/FinalVirtualFullFix/Build/Intermediates.noindex/PolskiGrammar.build/Debug-iphonesimulator/PolskiGrammar.build/Objects-normal/arm64/PolskiGrammar-Swift.h -working-directory /Users/german/Work/JS/polski-grammar-srs/kotlin/iosApp -experimental-emit-module-separately -disable-cmo

Ld /Users/german/Work/JS/polski-grammar-srs/kotlin/iosApp/build/FinalVirtualFullFix/Build/Products/Debug-iphonesimulator/PolskiGrammar.app/PolskiGrammar.debug.dylib normal (in target 'PolskiGrammar' from project 'PolskiGrammar')
    cd /Users/german/Work/JS/polski-grammar-srs/kotlin/iosApp
    /Applications/Xcode.app/Contents/Developer/Toolchains/XcodeDefault.xctoolchain/usr/bin/clang -Xlinker -reproducible -target arm64-apple-ios17.0-simulator -dynamiclib -isysroot /Applications/Xcode.app/Contents/Developer/Platforms/iPhoneSimulator.platform/Developer/SDKs/iPhoneSimulator27.0.sdk -O0 -Xlinker -no_warn_duplicate_libraries -L/Users/german/Work/JS/polski-grammar-srs/kotlin/iosApp/build/FinalVirtualFullFix/Build/Intermediates.noindex/EagerLinkingTBDs/Debug-iphonesimulator -L/Users/german/Work/JS/polski-grammar-srs/kotlin/iosApp/build/FinalVirtualFullFix/Build/Products/Debug-iphonesimulator -F/Users/german/Work/JS/polski-grammar-srs/kotlin/iosApp/build/FinalVirtualFullFix/Build/Intermediates.noindex/EagerLinkingTBDs/Debug-iphonesimulator -F/Users/german/Work/JS/polski-grammar-srs/kotlin/iosApp/build/FinalVirtualFullFix/Build/Products/Debug-iphonesimulator -filelist /Users/german/Work/JS/polski-grammar-srs/kotlin/iosApp/build/FinalVirtualFullFix/Build/Intermediates.noindex/PolskiGrammar.build/Debug-iphonesimulator/PolskiGrammar.build/Objects-normal/arm64/PolskiGrammar.LinkFileList -install_name @rpath/PolskiGrammar.debug.dylib -Xlinker -rpath -Xlinker /usr/lib/swift -Xlinker -rpath -Xlinker @executable_path/Frameworks -Xlinker -dead_strip -Xlinker -object_path_lto -Xlinker /Users/german/Work/JS/polski-grammar-srs/kotlin/iosApp/build/FinalVirtualFullFix/Build/Intermediates.noindex/PolskiGrammar.build/Debug-iphonesimulator/PolskiGrammar.build/Objects-normal/arm64/PolskiGrammar_lto.o -rdynamic -Xlinker -no_deduplicate -Xlinker -objc_abi_version -Xlinker 2 -Xlinker -dependency_info -Xlinker /Users/german/Work/JS/polski-grammar-srs/kotlin/iosApp/build/FinalVirtualFullFix/Build/Intermediates.noindex/PolskiGrammar.build/Debug-iphonesimulator/PolskiGrammar.build/Objects-normal/arm64/PolskiGrammar_dependency_info.dat -fobjc-link-runtime -L/Applications/Xcode.app/Contents/Developer/Toolchains/XcodeDefault.xctoolchain/usr/lib/swift/iphonesimulator -L/usr/lib/swift -Xlinker -add_ast_path -Xlinker /Users/german/Work/JS/polski-grammar-srs/kotlin/iosApp/build/FinalVirtualFullFix/Build/Intermediates.noindex/PolskiGrammar.build/Debug-iphonesimulator/PolskiGrammar.build/Objects-normal/arm64/PolskiGrammar.swiftmodule -framework PolskiShared -Xlinker -alias -Xlinker _main -Xlinker ___debug_main_executable_dylib_entry_point -framework Foundation -o /Users/german/Work/JS/polski-grammar-srs/kotlin/iosApp/build/FinalVirtualFullFix/Build/Products/Debug-iphonesimulator/PolskiGrammar.app/PolskiGrammar.debug.dylib

ConstructStubExecutorLinkFileList /Users/german/Work/JS/polski-grammar-srs/kotlin/iosApp/build/FinalVirtualFullFix/Build/Intermediates.noindex/PolskiGrammar.build/Debug-iphonesimulator/PolskiGrammar.build/PolskiGrammar-ExecutorLinkFileList-normal-arm64.txt (in target 'PolskiGrammar' from project 'PolskiGrammar')
    cd /Users/german/Work/JS/polski-grammar-srs/kotlin/iosApp
    construct-stub-executor-link-file-list /Users/german/Work/JS/polski-grammar-srs/kotlin/iosApp/build/FinalVirtualFullFix/Build/Products/Debug-iphonesimulator/PolskiGrammar.app/PolskiGrammar.debug.dylib /Applications/Xcode.app/Contents/Developer/Platforms/iPhoneSimulator.platform/Developer/usr/lib/libPreviewsJITStubExecutor_no_swift_entry_point.a /Applications/Xcode.app/Contents/Developer/Platforms/iPhoneSimulator.platform/Developer/usr/lib/libPreviewsJITStubExecutor.a --output /Users/german/Work/JS/polski-grammar-srs/kotlin/iosApp/build/FinalVirtualFullFix/Build/Intermediates.noindex/PolskiGrammar.build/Debug-iphonesimulator/PolskiGrammar.build/PolskiGrammar-ExecutorLinkFileList-normal-arm64.txt
note: Using stub executor library with Swift entry point. (in target 'PolskiGrammar' from project 'PolskiGrammar')

Ld /Users/german/Work/JS/polski-grammar-srs/kotlin/iosApp/build/FinalVirtualFullFix/Build/Products/Debug-iphonesimulator/PolskiGrammar.app/PolskiGrammar normal (in target 'PolskiGrammar' from project 'PolskiGrammar')
    cd /Users/german/Work/JS/polski-grammar-srs/kotlin/iosApp
    /Applications/Xcode.app/Contents/Developer/Toolchains/XcodeDefault.xctoolchain/usr/bin/clang -Xlinker -reproducible -target arm64-apple-ios17.0-simulator -isysroot /Applications/Xcode.app/Contents/Developer/Platforms/iPhoneSimulator.platform/Developer/SDKs/iPhoneSimulator27.0.sdk -O0 -Xlinker -no_warn_duplicate_libraries -L/Users/german/Work/JS/polski-grammar-srs/kotlin/iosApp/build/FinalVirtualFullFix/Build/Products/Debug-iphonesimulator -F/Users/german/Work/JS/polski-grammar-srs/kotlin/iosApp/build/FinalVirtualFullFix/Build/Products/Debug-iphonesimulator -Xlinker -rpath -Xlinker @executable_path -Xlinker -rpath -Xlinker @executable_path/Frameworks -rdynamic -Xlinker -no_deduplicate -Xlinker -objc_abi_version -Xlinker 2 -e ___debug_blank_executor_main -Xlinker -sectcreate -Xlinker __TEXT -Xlinker __debug_dylib -Xlinker /Users/german/Work/JS/polski-grammar-srs/kotlin/iosApp/build/FinalVirtualFullFix/Build/Intermediates.noindex/PolskiGrammar.build/Debug-iphonesimulator/PolskiGrammar.build/PolskiGrammar-DebugDylibPath-normal-arm64.txt -Xlinker -sectcreate -Xlinker __TEXT -Xlinker __debug_instlnm -Xlinker /Users/german/Work/JS/polski-grammar-srs/kotlin/iosApp/build/FinalVirtualFullFix/Build/Intermediates.noindex/PolskiGrammar.build/Debug-iphonesimulator/PolskiGrammar.build/PolskiGrammar-DebugDylibInstallName-normal-arm64.txt -Xlinker -filelist -Xlinker /Users/german/Work/JS/polski-grammar-srs/kotlin/iosApp/build/FinalVirtualFullFix/Build/Intermediates.noindex/PolskiGrammar.build/Debug-iphonesimulator/PolskiGrammar.build/PolskiGrammar-ExecutorLinkFileList-normal-arm64.txt /Users/german/Work/JS/polski-grammar-srs/kotlin/iosApp/build/FinalVirtualFullFix/Build/Products/Debug-iphonesimulator/PolskiGrammar.app/PolskiGrammar.debug.dylib -o /Users/german/Work/JS/polski-grammar-srs/kotlin/iosApp/build/FinalVirtualFullFix/Build/Products/Debug-iphonesimulator/PolskiGrammar.app/PolskiGrammar

CopySwiftLibs /Users/german/Work/JS/polski-grammar-srs/kotlin/iosApp/build/FinalVirtualFullFix/Build/Products/Debug-iphonesimulator/PolskiGrammar.app (in target 'PolskiGrammar' from project 'PolskiGrammar')
    cd /Users/german/Work/JS/polski-grammar-srs/kotlin/iosApp
    builtin-swiftStdLibTool --copy --verbose --scan-executable /Users/german/Work/JS/polski-grammar-srs/kotlin/iosApp/build/FinalVirtualFullFix/Build/Products/Debug-iphonesimulator/PolskiGrammar.app/PolskiGrammar.debug.dylib --scan-folder /Users/german/Work/JS/polski-grammar-srs/kotlin/iosApp/build/FinalVirtualFullFix/Build/Products/Debug-iphonesimulator/PolskiGrammar.app/Frameworks --scan-folder /Users/german/Work/JS/polski-grammar-srs/kotlin/iosApp/build/FinalVirtualFullFix/Build/Products/Debug-iphonesimulator/PolskiGrammar.app/PlugIns --scan-folder /Users/german/Work/JS/polski-grammar-srs/kotlin/iosApp/build/FinalVirtualFullFix/Build/Products/Debug-iphonesimulator/PolskiGrammar.app/SystemExtensions --scan-folder /Users/german/Work/JS/polski-grammar-srs/kotlin/iosApp/build/FinalVirtualFullFix/Build/Products/Debug-iphonesimulator/PolskiGrammar.app/Extensions --scan-folder /Applications/Xcode.app/Contents/Developer/Platforms/iPhoneOS.platform/Developer/SDKs/iPhoneOS18.0.sdk/System/Library/Frameworks/Foundation.framework --platform iphonesimulator --toolchain /Applications/Xcode.app/Contents/Developer/Toolchains/XcodeDefault.xctoolchain --destination /Users/german/Work/JS/polski-grammar-srs/kotlin/iosApp/build/FinalVirtualFullFix/Build/Products/Debug-iphonesimulator/PolskiGrammar.app/Frameworks --strip-bitcode --strip-bitcode-tool /Applications/Xcode.app/Contents/Developer/Toolchains/XcodeDefault.xctoolchain/usr/bin/bitcode_strip --emit-dependency-info /Users/german/Work/JS/polski-grammar-srs/kotlin/iosApp/build/FinalVirtualFullFix/Build/Intermediates.noindex/PolskiGrammar.build/Debug-iphonesimulator/PolskiGrammar.build/SwiftStdLibToolInputDependencies.dep --filter-for-swift-os
Ignoring --strip-bitcode because --sign was not passed

ExtractAppIntentsMetadata (in target 'PolskiGrammar' from project 'PolskiGrammar')
    cd /Users/german/Work/JS/polski-grammar-srs/kotlin/iosApp
    /Applications/Xcode.app/Contents/Developer/Toolchains/XcodeDefault.xctoolchain/usr/bin/appintentsmetadataprocessor --toolchain-dir /Applications/Xcode.app/Contents/Developer/Toolchains/XcodeDefault.xctoolchain --module-name PolskiGrammar --sdk-root /Applications/Xcode.app/Contents/Developer/Platforms/iPhoneSimulator.platform/Developer/SDKs/iPhoneSimulator27.0.sdk --xcode-version 27A266a --platform-family iOS --deployment-target 17.0 --bundle-identifier dev.polski.grammarmatrix.ios --output /Users/german/Work/JS/polski-grammar-srs/kotlin/iosApp/build/FinalVirtualFullFix/Build/Products/Debug-iphonesimulator/PolskiGrammar.app --target-triple arm64-apple-ios17.0-simulator --binary-file /Users/german/Work/JS/polski-grammar-srs/kotlin/iosApp/build/FinalVirtualFullFix/Build/Products/Debug-iphonesimulator/PolskiGrammar.app/PolskiGrammar --dependency-file /Users/german/Work/JS/polski-grammar-srs/kotlin/iosApp/build/FinalVirtualFullFix/Build/Intermediates.noindex/PolskiGrammar.build/Debug-iphonesimulator/PolskiGrammar.build/Objects-normal/arm64/PolskiGrammar_dependency_info.dat --stringsdata-file /Users/german/Work/JS/polski-grammar-srs/kotlin/iosApp/build/FinalVirtualFullFix/Build/Intermediates.noindex/PolskiGrammar.build/Debug-iphonesimulator/PolskiGrammar.build/Objects-normal/arm64/ExtractedAppShortcutsMetadata.stringsdata --source-file-list /Users/german/Work/JS/polski-grammar-srs/kotlin/iosApp/build/FinalVirtualFullFix/Build/Intermediates.noindex/PolskiGrammar.build/Debug-iphonesimulator/PolskiGrammar.build/Objects-normal/arm64/PolskiGrammar.SwiftFileList --metadata-file-list /Users/german/Work/JS/polski-grammar-srs/kotlin/iosApp/build/FinalVirtualFullFix/Build/Intermediates.noindex/PolskiGrammar.build/Debug-iphonesimulator/PolskiGrammar.build/PolskiGrammar.DependencyMetadataFileList --static-metadata-file-list /Users/german/Work/JS/polski-grammar-srs/kotlin/iosApp/build/FinalVirtualFullFix/Build/Intermediates.noindex/PolskiGrammar.build/Debug-iphonesimulator/PolskiGrammar.build/PolskiGrammar.DependencyStaticMetadataFileList --swift-const-vals-list /Users/german/Work/JS/polski-grammar-srs/kotlin/iosApp/build/FinalVirtualFullFix/Build/Intermediates.noindex/PolskiGrammar.build/Debug-iphonesimulator/PolskiGrammar.build/Objects-normal/arm64/PolskiGrammar.SwiftConstValuesFileList --compile-time-extraction --deployment-aware-processing --no-app-shortcuts-localization
2026-09-24 21:04:49.097 appintentsmetadataprocessor[36345:18208653] Starting appintentsmetadataprocessor export
2026-09-24 21:04:49.101 appintentsmetadataprocessor[36345:18208653] warning: Metadata extraction skipped, no AppIntents.framework dependency found

AppIntentsSSUTraining (in target 'PolskiGrammar' from project 'PolskiGrammar')
    cd /Users/german/Work/JS/polski-grammar-srs/kotlin/iosApp
    /Applications/Xcode.app/Contents/Developer/Toolchains/XcodeDefault.xctoolchain/usr/bin/appintentsnltrainingprocessor --infoplist-path /Users/german/Work/JS/polski-grammar-srs/kotlin/iosApp/build/FinalVirtualFullFix/Build/Products/Debug-iphonesimulator/PolskiGrammar.app/Info.plist --temp-dir-path /Users/german/Work/JS/polski-grammar-srs/kotlin/iosApp/build/FinalVirtualFullFix/Build/Intermediates.noindex/PolskiGrammar.build/Debug-iphonesimulator/PolskiGrammar.build/ssu --bundle-id dev.polski.grammarmatrix.ios --product-path /Users/german/Work/JS/polski-grammar-srs/kotlin/iosApp/build/FinalVirtualFullFix/Build/Products/Debug-iphonesimulator/PolskiGrammar.app --extracted-metadata-path /Users/german/Work/JS/polski-grammar-srs/kotlin/iosApp/build/FinalVirtualFullFix/Build/Products/Debug-iphonesimulator/PolskiGrammar.app/Metadata.appintents --metadata-file-list /Users/german/Work/JS/polski-grammar-srs/kotlin/iosApp/build/FinalVirtualFullFix/Build/Intermediates.noindex/PolskiGrammar.build/Debug-iphonesimulator/PolskiGrammar.build/PolskiGrammar.DependencyMetadataFileList --source-file /Users/german/Work/JS/polski-grammar-srs/kotlin/iosApp/build/FinalVirtualFullFix/Build/Products/Debug-iphonesimulator/PolskiGrammar.app/Info.plist --archive-ssu-assets
2026-09-24 21:04:49.127 appintentsnltrainingprocessor[36346:18208654] Parsing options for appintentsnltrainingprocessor
2026-09-24 21:04:49.128 appintentsnltrainingprocessor[36346:18208654] Starting AppIntents SSU YAML Generation
2026-09-24 21:04:49.131 appintentsnltrainingprocessor[36346:18208654] No AppShortcuts found - Skipping.

RegisterExecutionPolicyException /Users/german/Work/JS/polski-grammar-srs/kotlin/iosApp/build/FinalVirtualFullFix/Build/Products/Debug-iphonesimulator/PolskiGrammar.app (in target 'PolskiGrammar' from project 'PolskiGrammar')
    cd /Users/german/Work/JS/polski-grammar-srs/kotlin/iosApp
    builtin-RegisterExecutionPolicyException /Users/german/Work/JS/polski-grammar-srs/kotlin/iosApp/build/FinalVirtualFullFix/Build/Products/Debug-iphonesimulator/PolskiGrammar.app

Validate /Users/german/Work/JS/polski-grammar-srs/kotlin/iosApp/build/FinalVirtualFullFix/Build/Products/Debug-iphonesimulator/PolskiGrammar.app (in target 'PolskiGrammar' from project 'PolskiGrammar')
    cd /Users/german/Work/JS/polski-grammar-srs/kotlin/iosApp
    builtin-validationUtility /Users/german/Work/JS/polski-grammar-srs/kotlin/iosApp/build/FinalVirtualFullFix/Build/Products/Debug-iphonesimulator/PolskiGrammar.app -shallow-bundle -infoplist-subpath Info.plist

Touch /Users/german/Work/JS/polski-grammar-srs/kotlin/iosApp/build/FinalVirtualFullFix/Build/Products/Debug-iphonesimulator/PolskiGrammar.app (in target 'PolskiGrammar' from project 'PolskiGrammar')
    cd /Users/german/Work/JS/polski-grammar-srs/kotlin/iosApp
    /usr/bin/touch -c /Users/german/Work/JS/polski-grammar-srs/kotlin/iosApp/build/FinalVirtualFullFix/Build/Products/Debug-iphonesimulator/PolskiGrammar.app

ProcessInfoPlistFile /Users/german/Work/JS/polski-grammar-srs/kotlin/iosApp/build/FinalVirtualFullFix/Build/Products/Debug-iphonesimulator/PolskiGrammarUITests-Runner.app/PlugIns/PolskiGrammarUITests.xctest/Info.plist /Users/german/Work/JS/polski-grammar-srs/kotlin/iosApp/build/FinalVirtualFullFix/Build/Intermediates.noindex/PolskiGrammar.build/Debug-iphonesimulator/PolskiGrammarUITests.build/empty-PolskiGrammarUITests.plist (in target 'PolskiGrammarUITests' from project 'PolskiGrammar')
    cd /Users/german/Work/JS/polski-grammar-srs/kotlin/iosApp
    builtin-infoPlistUtility /Users/german/Work/JS/polski-grammar-srs/kotlin/iosApp/build/FinalVirtualFullFix/Build/Intermediates.noindex/PolskiGrammar.build/Debug-iphonesimulator/PolskiGrammarUITests.build/empty-PolskiGrammarUITests.plist -producttype com.apple.product-type.bundle.ui-testing -expandbuildsettings -format binary -platform iphonesimulator -additionalcontentfile /Users/german/Work/JS/polski-grammar-srs/kotlin/iosApp/build/FinalVirtualFullFix/Build/Intermediates.noindex/PolskiGrammar.build/Debug-iphonesimulator/PolskiGrammarUITests.build/ProductTypeInfoPlistAdditions.plist -o /Users/german/Work/JS/polski-grammar-srs/kotlin/iosApp/build/FinalVirtualFullFix/Build/Products/Debug-iphonesimulator/PolskiGrammarUITests-Runner.app/PlugIns/PolskiGrammarUITests.xctest/Info.plist

Ld /Users/german/Work/JS/polski-grammar-srs/kotlin/iosApp/build/FinalVirtualFullFix/Build/Products/Debug-iphonesimulator/PolskiGrammarUITests-Runner.app/PlugIns/PolskiGrammarUITests.xctest/PolskiGrammarUITests normal (in target 'PolskiGrammarUITests' from project 'PolskiGrammar')
    cd /Users/german/Work/JS/polski-grammar-srs/kotlin/iosApp
    /Applications/Xcode.app/Contents/Developer/Toolchains/XcodeDefault.xctoolchain/usr/bin/clang -Xlinker -reproducible -target arm64-apple-ios17.0-simulator -bundle -isysroot /Applications/Xcode.app/Contents/Developer/Platforms/iPhoneSimulator.platform/Developer/SDKs/iPhoneSimulator27.0.sdk -O0 -Xlinker -no_warn_duplicate_libraries -L/Users/german/Work/JS/polski-grammar-srs/kotlin/iosApp/build/FinalVirtualFullFix/Build/Intermediates.noindex/EagerLinkingTBDs/Debug-iphonesimulator -L/Users/german/Work/JS/polski-grammar-srs/kotlin/iosApp/build/FinalVirtualFullFix/Build/Products/Debug-iphonesimulator -L/Applications/Xcode.app/Contents/Developer/Platforms/iPhoneSimulator.platform/Developer/usr/lib -F/Users/german/Work/JS/polski-grammar-srs/kotlin/iosApp/build/FinalVirtualFullFix/Build/Intermediates.noindex/EagerLinkingTBDs/Debug-iphonesimulator -F/Users/german/Work/JS/polski-grammar-srs/kotlin/iosApp/build/FinalVirtualFullFix/Build/Products/Debug-iphonesimulator -iframework /Applications/Xcode.app/Contents/Developer/Platforms/iPhoneSimulator.platform/Developer/Library/Frameworks -iframework /Applications/Xcode.app/Contents/Developer/Platforms/iPhoneSimulator.platform/Developer/SDKs/iPhoneSimulator27.0.sdk/Developer/Library/Frameworks -filelist /Users/german/Work/JS/polski-grammar-srs/kotlin/iosApp/build/FinalVirtualFullFix/Build/Intermediates.noindex/PolskiGrammar.build/Debug-iphonesimulator/PolskiGrammarUITests.build/Objects-normal/arm64/PolskiGrammarUITests.LinkFileList -Xlinker -rpath -Xlinker /usr/lib/swift -Xlinker -rpath -Xlinker @loader_path/Frameworks -Xlinker -dead_strip -Xlinker -object_path_lto -Xlinker /Users/german/Work/JS/polski-grammar-srs/kotlin/iosApp/build/FinalVirtualFullFix/Build/Intermediates.noindex/PolskiGrammar.build/Debug-iphonesimulator/PolskiGrammarUITests.build/Objects-normal/arm64/PolskiGrammarUITests_lto.o -rdynamic -Xlinker -no_deduplicate -Xlinker -objc_abi_version -Xlinker 2 -Xlinker -dependency_info -Xlinker /Users/german/Work/JS/polski-grammar-srs/kotlin/iosApp/build/FinalVirtualFullFix/Build/Intermediates.noindex/PolskiGrammar.build/Debug-iphonesimulator/PolskiGrammarUITests.build/Objects-normal/arm64/PolskiGrammarUITests_dependency_info.dat -fobjc-link-runtime -L/Applications/Xcode.app/Contents/Developer/Toolchains/XcodeDefault.xctoolchain/usr/lib/swift/iphonesimulator -L/usr/lib/swift -Xlinker -add_ast_path -Xlinker /Users/german/Work/JS/polski-grammar-srs/kotlin/iosApp/build/FinalVirtualFullFix/Build/Intermediates.noindex/PolskiGrammar.build/Debug-iphonesimulator/PolskiGrammarUITests.build/Objects-normal/arm64/PolskiGrammarUITests.swiftmodule -Xlinker -needed_framework -Xlinker XCTest -framework XCTest -Xlinker -needed-lXCTestSwiftSupport -lXCTestSwiftSupport -framework Foundation -o /Users/german/Work/JS/polski-grammar-srs/kotlin/iosApp/build/FinalVirtualFullFix/Build/Products/Debug-iphonesimulator/PolskiGrammarUITests-Runner.app/PlugIns/PolskiGrammarUITests.xctest/PolskiGrammarUITests

CopySwiftLibs /Users/german/Work/JS/polski-grammar-srs/kotlin/iosApp/build/FinalVirtualFullFix/Build/Products/Debug-iphonesimulator/PolskiGrammarUITests-Runner.app/PlugIns/PolskiGrammarUITests.xctest (in target 'PolskiGrammarUITests' from project 'PolskiGrammar')
    cd /Users/german/Work/JS/polski-grammar-srs/kotlin/iosApp
    builtin-swiftStdLibTool --copy --verbose --scan-executable /Users/german/Work/JS/polski-grammar-srs/kotlin/iosApp/build/FinalVirtualFullFix/Build/Products/Debug-iphonesimulator/PolskiGrammarUITests-Runner.app/PlugIns/PolskiGrammarUITests.xctest/PolskiGrammarUITests --scan-folder /Users/german/Work/JS/polski-grammar-srs/kotlin/iosApp/build/FinalVirtualFullFix/Build/Products/Debug-iphonesimulator/PolskiGrammarUITests-Runner.app/PlugIns/PolskiGrammarUITests.xctest/Frameworks --scan-folder /Users/german/Work/JS/polski-grammar-srs/kotlin/iosApp/build/FinalVirtualFullFix/Build/Products/Debug-iphonesimulator/PolskiGrammarUITests-Runner.app/PlugIns/PolskiGrammarUITests.xctest/PlugIns --scan-folder /Users/german/Work/JS/polski-grammar-srs/kotlin/iosApp/build/FinalVirtualFullFix/Build/Products/Debug-iphonesimulator/PolskiGrammarUITests-Runner.app/PlugIns/PolskiGrammarUITests.xctest/SystemExtensions --scan-folder /Users/german/Work/JS/polski-grammar-srs/kotlin/iosApp/build/FinalVirtualFullFix/Build/Products/Debug-iphonesimulator/PolskiGrammarUITests-Runner.app/PlugIns/PolskiGrammarUITests.xctest/Extensions --scan-folder /Applications/Xcode.app/Contents/Developer/Platforms/iPhoneOS.platform/Developer/SDKs/iPhoneOS18.0.sdk/System/Library/Frameworks/Foundation.framework --platform iphonesimulator --toolchain /Applications/Xcode.app/Contents/Developer/Toolchains/XcodeDefault.xctoolchain --destination /Users/german/Work/JS/polski-grammar-srs/kotlin/iosApp/build/FinalVirtualFullFix/Build/Products/Debug-iphonesimulator/PolskiGrammarUITests-Runner.app/PlugIns/PolskiGrammarUITests.xctest/Frameworks --strip-bitcode --scan-executable /Applications/Xcode.app/Contents/Developer/Platforms/iPhoneSimulator.platform/Developer/usr/lib/libXCTestSwiftSupport.dylib --strip-bitcode-tool /Applications/Xcode.app/Contents/Developer/Toolchains/XcodeDefault.xctoolchain/usr/bin/bitcode_strip --emit-dependency-info /Users/german/Work/JS/polski-grammar-srs/kotlin/iosApp/build/FinalVirtualFullFix/Build/Intermediates.noindex/PolskiGrammar.build/Debug-iphonesimulator/PolskiGrammarUITests.build/SwiftStdLibToolInputDependencies.dep --filter-for-swift-os
Ignoring --strip-bitcode because --sign was not passed

ExtractAppIntentsMetadata (in target 'PolskiGrammarUITests' from project 'PolskiGrammar')
    cd /Users/german/Work/JS/polski-grammar-srs/kotlin/iosApp
    /Applications/Xcode.app/Contents/Developer/Toolchains/XcodeDefault.xctoolchain/usr/bin/appintentsmetadataprocessor --toolchain-dir /Applications/Xcode.app/Contents/Developer/Toolchains/XcodeDefault.xctoolchain --module-name PolskiGrammarUITests --sdk-root /Applications/Xcode.app/Contents/Developer/Platforms/iPhoneSimulator.platform/Developer/SDKs/iPhoneSimulator27.0.sdk --xcode-version 27A266a --platform-family iOS --deployment-target 17.0 --bundle-identifier dev.polski.grammarmatrix.ios.uitests --output /Users/german/Work/JS/polski-grammar-srs/kotlin/iosApp/build/FinalVirtualFullFix/Build/Products/Debug-iphonesimulator/PolskiGrammarUITests-Runner.app/PlugIns/PolskiGrammarUITests.xctest --target-triple arm64-apple-ios17.0-simulator --binary-file /Users/german/Work/JS/polski-grammar-srs/kotlin/iosApp/build/FinalVirtualFullFix/Build/Products/Debug-iphonesimulator/PolskiGrammarUITests-Runner.app/PlugIns/PolskiGrammarUITests.xctest/PolskiGrammarUITests --dependency-file /Users/german/Work/JS/polski-grammar-srs/kotlin/iosApp/build/FinalVirtualFullFix/Build/Intermediates.noindex/PolskiGrammar.build/Debug-iphonesimulator/PolskiGrammarUITests.build/Objects-normal/arm64/PolskiGrammarUITests_dependency_info.dat --stringsdata-file /Users/german/Work/JS/polski-grammar-srs/kotlin/iosApp/build/FinalVirtualFullFix/Build/Intermediates.noindex/PolskiGrammar.build/Debug-iphonesimulator/PolskiGrammarUITests.build/Objects-normal/arm64/ExtractedAppShortcutsMetadata.stringsdata --source-file-list /Users/german/Work/JS/polski-grammar-srs/kotlin/iosApp/build/FinalVirtualFullFix/Build/Intermediates.noindex/PolskiGrammar.build/Debug-iphonesimulator/PolskiGrammarUITests.build/Objects-normal/arm64/PolskiGrammarUITests.SwiftFileList --metadata-file-list /Users/german/Work/JS/polski-grammar-srs/kotlin/iosApp/build/FinalVirtualFullFix/Build/Intermediates.noindex/PolskiGrammar.build/Debug-iphonesimulator/PolskiGrammarUITests.build/PolskiGrammarUITests.DependencyMetadataFileList --static-metadata-file-list /Users/german/Work/JS/polski-grammar-srs/kotlin/iosApp/build/FinalVirtualFullFix/Build/Intermediates.noindex/PolskiGrammar.build/Debug-iphonesimulator/PolskiGrammarUITests.build/PolskiGrammarUITests.DependencyStaticMetadataFileList --swift-const-vals-list /Users/german/Work/JS/polski-grammar-srs/kotlin/iosApp/build/FinalVirtualFullFix/Build/Intermediates.noindex/PolskiGrammar.build/Debug-iphonesimulator/PolskiGrammarUITests.build/Objects-normal/arm64/PolskiGrammarUITests.SwiftConstValuesFileList --compile-time-extraction --deployment-aware-processing --no-app-shortcuts-localization
2026-09-24 21:04:49.393 appintentsmetadataprocessor[36352:18208677] Starting appintentsmetadataprocessor export
2026-09-24 21:04:49.394 appintentsmetadataprocessor[36352:18208677] warning: Metadata extraction skipped, no AppIntents.framework dependency found

AppIntentsSSUTraining (in target 'PolskiGrammarUITests' from project 'PolskiGrammar')
    cd /Users/german/Work/JS/polski-grammar-srs/kotlin/iosApp
    /Applications/Xcode.app/Contents/Developer/Toolchains/XcodeDefault.xctoolchain/usr/bin/appintentsnltrainingprocessor --infoplist-path /Users/german/Work/JS/polski-grammar-srs/kotlin/iosApp/build/FinalVirtualFullFix/Build/Products/Debug-iphonesimulator/PolskiGrammarUITests-Runner.app/PlugIns/PolskiGrammarUITests.xctest/Info.plist --temp-dir-path /Users/german/Work/JS/polski-grammar-srs/kotlin/iosApp/build/FinalVirtualFullFix/Build/Intermediates.noindex/PolskiGrammar.build/Debug-iphonesimulator/PolskiGrammarUITests.build/ssu --bundle-id dev.polski.grammarmatrix.ios.uitests --product-path /Users/german/Work/JS/polski-grammar-srs/kotlin/iosApp/build/FinalVirtualFullFix/Build/Products/Debug-iphonesimulator/PolskiGrammarUITests-Runner.app/PlugIns/PolskiGrammarUITests.xctest --extracted-metadata-path /Users/german/Work/JS/polski-grammar-srs/kotlin/iosApp/build/FinalVirtualFullFix/Build/Products/Debug-iphonesimulator/PolskiGrammarUITests-Runner.app/PlugIns/PolskiGrammarUITests.xctest/Metadata.appintents --metadata-file-list /Users/german/Work/JS/polski-grammar-srs/kotlin/iosApp/build/FinalVirtualFullFix/Build/Intermediates.noindex/PolskiGrammar.build/Debug-iphonesimulator/PolskiGrammarUITests.build/PolskiGrammarUITests.DependencyMetadataFileList --source-file /Users/german/Work/JS/polski-grammar-srs/kotlin/iosApp/build/FinalVirtualFullFix/Build/Products/Debug-iphonesimulator/PolskiGrammarUITests-Runner.app/PlugIns/PolskiGrammarUITests.xctest/Info.plist --archive-ssu-assets
2026-09-24 21:04:49.414 appintentsnltrainingprocessor[36353:18208678] Parsing options for appintentsnltrainingprocessor
2026-09-24 21:04:49.415 appintentsnltrainingprocessor[36353:18208678] Starting AppIntents SSU YAML Generation
2026-09-24 21:04:49.415 appintentsnltrainingprocessor[36353:18208678] No AppShortcuts found - Skipping.

CopyPlistFile /Users/german/Work/JS/polski-grammar-srs/kotlin/iosApp/build/FinalVirtualFullFix/Build/Products/Debug-iphonesimulator/PolskiGrammarUITests-Runner.app/Info.plist /Applications/Xcode.app/Contents/Developer/Platforms/iPhoneSimulator.platform/Developer/Library/Xcode/Agents/XCTRunner.app/Info.plist (in target 'PolskiGrammarUITests' from project 'PolskiGrammar')
    cd /Users/german/Work/JS/polski-grammar-srs/kotlin/iosApp
    builtin-copyPlist --validate --convert xml1 --macro-expansion WRAPPEDPRODUCTNAME PolskiGrammarUITests-Runner --macro-expansion WRAPPEDPRODUCTBUNDLEIDENTIFIER dev.polski.grammarmatrix.ios.uitests.xctrunner --macro-expansion TESTPRODUCTNAME PolskiGrammarUITests --macro-expansion TESTPRODUCTBUNDLEIDENTIFIER dev.polski.grammarmatrix.ios.uitests --copy-value UIDeviceFamily /Users/german/Work/JS/polski-grammar-srs/kotlin/iosApp/build/FinalVirtualFullFix/Build/Products/Debug-iphonesimulator/PolskiGrammarUITests-Runner.app/PlugIns/PolskiGrammarUITests.xctest/Info.plist --outdir /Users/german/Work/JS/polski-grammar-srs/kotlin/iosApp/build/FinalVirtualFullFix/Build/Products/Debug-iphonesimulator/PolskiGrammarUITests-Runner.app -- /Applications/Xcode.app/Contents/Developer/Platforms/iPhoneSimulator.platform/Developer/Library/Xcode/Agents/XCTRunner.app/Info.plist

CopyAndPreserveArchs /Users/german/Work/JS/polski-grammar-srs/kotlin/iosApp/build/FinalVirtualFullFix/Build/Products/Debug-iphonesimulator/PolskiGrammarUITests-Runner.app/PolskiGrammarUITests-Runner (in target 'PolskiGrammarUITests' from project 'PolskiGrammar')
    cd /Users/german/Work/JS/polski-grammar-srs/kotlin/iosApp
    /Applications/Xcode.app/Contents/Developer/Toolchains/XcodeDefault.xctoolchain/usr/bin/lipo /Applications/Xcode.app/Contents/Developer/Platforms/iPhoneSimulator.platform/Developer/Library/Xcode/Agents/XCTRunner.app/XCTRunner -output /Users/german/Work/JS/polski-grammar-srs/kotlin/iosApp/build/FinalVirtualFullFix/Build/Products/Debug-iphonesimulator/PolskiGrammarUITests-Runner.app/PolskiGrammarUITests-Runner -extract arm64

MkDir /Users/german/Work/JS/polski-grammar-srs/kotlin/iosApp/build/FinalVirtualFullFix/Build/Products/Debug-iphonesimulator/PolskiGrammarUITests-Runner.app (in target 'PolskiGrammarUITests' from project 'PolskiGrammar')
    cd /Users/german/Work/JS/polski-grammar-srs/kotlin/iosApp
    /bin/mkdir -p /Users/german/Work/JS/polski-grammar-srs/kotlin/iosApp/build/FinalVirtualFullFix/Build/Products/Debug-iphonesimulator/PolskiGrammarUITests-Runner.app

Copy /Users/german/Work/JS/polski-grammar-srs/kotlin/iosApp/build/FinalVirtualFullFix/Build/Products/Debug-iphonesimulator/PolskiGrammarUITests-Runner.app/PkgInfo /Applications/Xcode.app/Contents/Developer/Platforms/iPhoneSimulator.platform/Developer/Library/Xcode/Agents/XCTRunner.app/PkgInfo (in target 'PolskiGrammarUITests' from project 'PolskiGrammar')
    cd /Users/german/Work/JS/polski-grammar-srs/kotlin/iosApp
    builtin-copy -exclude .DS_Store -exclude CVS -exclude .svn -exclude .git -exclude .hg -resolve-src-symlinks /Applications/Xcode.app/Contents/Developer/Platforms/iPhoneSimulator.platform/Developer/Library/Xcode/Agents/XCTRunner.app/PkgInfo /Users/german/Work/JS/polski-grammar-srs/kotlin/iosApp/build/FinalVirtualFullFix/Build/Products/Debug-iphonesimulator/PolskiGrammarUITests-Runner.app

RegisterExecutionPolicyException /Users/german/Work/JS/polski-grammar-srs/kotlin/iosApp/build/FinalVirtualFullFix/Build/Products/Debug-iphonesimulator/PolskiGrammarUITests-Runner.app/PlugIns/PolskiGrammarUITests.xctest (in target 'PolskiGrammarUITests' from project 'PolskiGrammar')
    cd /Users/german/Work/JS/polski-grammar-srs/kotlin/iosApp
    builtin-RegisterExecutionPolicyException /Users/german/Work/JS/polski-grammar-srs/kotlin/iosApp/build/FinalVirtualFullFix/Build/Products/Debug-iphonesimulator/PolskiGrammarUITests-Runner.app/PlugIns/PolskiGrammarUITests.xctest

Touch /Users/german/Work/JS/polski-grammar-srs/kotlin/iosApp/build/FinalVirtualFullFix/Build/Products/Debug-iphonesimulator/PolskiGrammarUITests-Runner.app/PlugIns/PolskiGrammarUITests.xctest (in target 'PolskiGrammarUITests' from project 'PolskiGrammar')
    cd /Users/german/Work/JS/polski-grammar-srs/kotlin/iosApp
    /usr/bin/touch -c /Users/german/Work/JS/polski-grammar-srs/kotlin/iosApp/build/FinalVirtualFullFix/Build/Products/Debug-iphonesimulator/PolskiGrammarUITests-Runner.app/PlugIns/PolskiGrammarUITests.xctest

PruneExplicitPrecompiledModules /Users/german/Work/JS/polski-grammar-srs/kotlin/iosApp/build/FinalVirtualFullFix/Build/Intermediates.noindex/SwiftExplicitPrecompiledModules

PruneExplicitPrecompiledModules /Users/german/Work/JS/polski-grammar-srs/kotlin/iosApp/build/FinalVirtualFullFix/Build/Intermediates.noindex/ExplicitPrecompiledModules

PruneExplicitPrecompiledModules /Users/german/Work/JS/polski-grammar-srs/kotlin/iosApp/build/FinalVirtualFullFix/SDKExplicitPrecompiledModules

note: Run script build phase 'Build Kotlin framework' will be run during every build because the option to run the script phase "Based on dependency analysis" is unchecked. (in target 'PolskiGrammar' from project 'PolskiGrammar')
2026-09-24 21:04:51.782548+0200 PolskiGrammarUITests-Runner[36398:18208903] [Default] Running tests...
    t =      nans Interface orientation changed to Portrait
Test Suite 'Selected tests' started at 2026-09-24 21:04:52.446.
Test Suite 'PolskiGrammarUITests.xctest' started at 2026-09-24 21:04:52.448.
Test Suite 'PolskiGrammarUITests' started at 2026-09-24 21:04:52.448.
Test Case '-[PolskiGrammarUITests.PolskiGrammarUITests testFirstMethodIntroductionKeepsReferenceAnswerHiddenUntilContinue]' started.
    t =     0.00s Start Test at 2026-09-24 21:04:52.450
    t =     0.06s Set Up
    t =     0.07s Open dev.polski.grammarmatrix.ios
    t =     0.07s     Launch dev.polski.grammarmatrix.ios
2026-09-24 21:04:52.773 xcodebuild[35699:18206982] [MT] IDELaunchParametersSnapshot: debugger version lookup failed for path '<nil>': noURL
2026-09-24 21:04:52.773 xcodebuild[35699:18206982] [MT] IDELaunchParametersSnapshot: no debugger version
    t =     2.83s         Setting up automation session
    t =     3.66s         Wait for dev.polski.grammarmatrix.ios to idle
    t =     5.57s Tap "Прогресс" Button
    t =     5.57s     Wait for dev.polski.grammarmatrix.ios to idle
    t =     5.58s     Find the "Прогресс" Button
    t =     5.75s     Check for interrupting elements affecting "Прогресс" Button
    t =     5.87s     Synthesize event
    t =     6.21s     Wait for dev.polski.grammarmatrix.ios to idle
    t =     7.76s Find the "Сбросить прогресс" Button
    t =     8.88s     Find the "Сбросить прогресс" Button (retry 1)
    t =     9.95s     Find the "Сбросить прогресс" Button (retry 2)
    t =    10.04s Swipe up Target Application 'dev.polski.grammarmatrix.ios'
    t =    10.04s     Wait for dev.polski.grammarmatrix.ios to idle
    t =    10.05s     Find the Target Application 'dev.polski.grammarmatrix.ios'
    t =    10.10s     Check for interrupting elements affecting "Polski Grammar Matrix" Application
    t =    10.16s     Synthesize event
    t =    10.61s     Wait for dev.polski.grammarmatrix.ios to idle
    t =    12.72s Find the "Сбросить прогресс" Button
    t =    13.81s     Find the "Сбросить прогресс" Button (retry 1)
    t =    14.89s     Find the "Сбросить прогресс" Button (retry 2)
    t =    14.97s Swipe up Target Application 'dev.polski.grammarmatrix.ios'
    t =    14.97s     Wait for dev.polski.grammarmatrix.ios to idle
    t =    14.97s     Find the Target Application 'dev.polski.grammarmatrix.ios'
    t =    15.03s     Check for interrupting elements affecting "Polski Grammar Matrix" Application
    t =    15.10s     Synthesize event
    t =    15.54s     Wait for dev.polski.grammarmatrix.ios to idle
    t =    17.03s Find the "Сбросить прогресс" Button
    t =    17.18s Waiting 5.0s for "Сбросить прогресс" Button to exist
    t =    18.22s     Checking `Expect predicate `existsNoRetry == 1` for object "Сбросить прогресс" Button`
    t =    18.23s         Checking existence of `"Сбросить прогресс" Button`
    t =    18.30s Tap "Сбросить прогресс" Button
    t =    18.30s     Wait for dev.polski.grammarmatrix.ios to idle
    t =    18.31s     Find the "Сбросить прогресс" Button
    t =    18.38s     Check for interrupting elements affecting "Сбросить прогресс" Button
    t =    18.45s     Synthesize event
    t =    18.79s     Wait for dev.polski.grammarmatrix.ios to idle
    t =    19.18s Waiting 5.0s for "Сбросить весь прогресс?" Alert to exist
    t =    20.23s     Checking `Expect predicate `existsNoRetry == 1` for object "Сбросить весь прогресс?" Alert`
    t =    20.23s         Checking existence of `"Сбросить весь прогресс?" Alert`
    t =    20.32s Tap "Сбросить" Button
    t =    20.32s     Wait for dev.polski.grammarmatrix.ios to idle
    t =    20.33s     Find the "Сбросить" Button
    t =    20.41s     Check for interrupting elements affecting "Сбросить" Button
    t =    20.52s     Synthesize event
    t =    20.84s     Wait for dev.polski.grammarmatrix.ios to idle
    t =    21.18s Waiting 2.0s for "Сообщение" Alert to exist
    t =    22.22s     Checking `Expect predicate `existsNoRetry == 1` for object "Сообщение" Alert`
    t =    22.22s         Checking existence of `"Сообщение" Alert`
    t =    22.29s         Capturing element debug description
    t =    23.18s     Checking `Expect predicate `existsNoRetry == 1` for object "Сообщение" Alert`
    t =    23.18s         Checking existence of `"Сообщение" Alert`
    t =    23.25s         Capturing element debug description
    t =    23.25s     Checking existence of `"Сообщение" Alert`
    t =    23.33s Collecting debug information to assist test failure triage
    t =    23.33s     Requesting snapshot of accessibility hierarchy for app with pid 36547
    t =    23.40s Tap "Тренировка" Button
    t =    23.40s     Wait for dev.polski.grammarmatrix.ios to idle
    t =    23.41s     Find the "Тренировка" Button
    t =    23.48s     Check for interrupting elements affecting "Тренировка" Button
    t =    23.55s     Synthesize event
    t =    23.88s     Wait for dev.polski.grammarmatrix.ios to idle
    t =    24.63s Waiting 20.0s for "continueIntroduction" Button to exist
    t =    25.68s     Checking `Expect predicate `existsNoRetry == 1` for object "continueIntroduction" Button`
    t =    25.69s         Checking existence of `"continueIntroduction" Button`
    t =    25.78s Checking existence of `"To jest moja piękna żona." StaticText`
    t =    25.85s Checking existence of `"Widzę moją piękną żonę." StaticText`
    t =    25.92s Checking existence of `"Таблица под рукой" Button`
    t =    26.00s Swipe up Target Application 'dev.polski.grammarmatrix.ios'
    t =    26.00s     Wait for dev.polski.grammarmatrix.ios to idle
    t =    26.00s     Find the Target Application 'dev.polski.grammarmatrix.ios'
    t =    26.06s     Check for interrupting elements affecting "Polski Grammar Matrix" Application
    t =    26.12s     Synthesize event
    t =    26.57s     Wait for dev.polski.grammarmatrix.ios to idle
    t =    27.19s Checking existence of `"Таблица под рукой" Button`
    t =    27.29s Checking existence of `"Таблица под рукой" Button`
    t =    27.38s Find the "Таблица под рукой" Button
    t =    27.46s Checking existence of `"Было: moja piękna żona; Стало: moją piękną żonę" Any`
    t =    28.66s Find the "continueIntroduction" Button
    t =    28.79s Find the "continueIntroduction" Button
    t =    28.90s Tap "continueIntroduction" Button
    t =    28.90s     Wait for dev.polski.grammarmatrix.ios to idle
    t =    28.91s     Find the "continueIntroduction" Button
    t =    29.00s     Check for interrupting elements affecting "continueIntroduction" Button
    t =    29.07s     Synthesize event
    t =    29.39s     Wait for dev.polski.grammarmatrix.ios to idle
    t =    29.41s Checking existence of `"Таблица под рукой" Button`
    t =    29.50s Swipe up Target Application 'dev.polski.grammarmatrix.ios'
    t =    29.50s     Wait for dev.polski.grammarmatrix.ios to idle
    t =    29.50s     Find the Target Application 'dev.polski.grammarmatrix.ios'
    t =    29.56s     Check for interrupting elements affecting "Polski Grammar Matrix" Application
    t =    29.62s     Synthesize event
    t =    30.07s     Wait for dev.polski.grammarmatrix.ios to idle
    t =    31.04s Checking existence of `"Таблица под рукой" Button`
    t =    31.11s Waiting 5.0s for "Таблица под рукой" Button to exist
    t =    32.17s     Checking `Expect predicate `existsNoRetry == 1` for object "Таблица под рукой" Button`
    t =    32.17s         Checking existence of `"Таблица под рукой" Button`
    t =    32.27s Find the "Таблица под рукой" Button
    t =    32.34s Tap "Таблица под рукой" Button
    t =    32.34s     Wait for dev.polski.grammarmatrix.ios to idle
    t =    32.35s     Find the "Таблица под рукой" Button
    t =    32.43s     Check for interrupting elements affecting "Таблица под рукой" Button
    t =    32.49s     Synthesize event
    t =    32.83s     Wait for dev.polski.grammarmatrix.ios to idle
    t =    33.07s Checking existence of `"Было: moja piękna żona; Стало: moją piękną żonę" Any`
    t =    34.22s Swipe up Target Application 'dev.polski.grammarmatrix.ios'
    t =    34.22s     Wait for dev.polski.grammarmatrix.ios to idle
    t =    34.23s     Find the Target Application 'dev.polski.grammarmatrix.ios'
    t =    34.29s     Check for interrupting elements affecting "Polski Grammar Matrix" Application
    t =    34.35s     Synthesize event
    t =    34.80s     Wait for dev.polski.grammarmatrix.ios to idle
    t =    36.91s Checking existence of `"Было: moja piękna żona; Стало: moją piękną żonę" Any`
    t =    37.73s Waiting 5.0s for "Было: moja piękna żona; Стало: moją piękną żonę" Any to exist
    t =    38.77s     Checking `Expect predicate `existsNoRetry == 1` for object "Было: moja piękna żona; Стало: moją piękną żonę" Any`
    t =    38.77s         Checking existence of `"Было: moja piękna żona; Стало: moją piękną żonę" Any`
    t =    39.59s Find the "revealAnswer" Button
    t =    39.68s Swipe down Target Application 'dev.polski.grammarmatrix.ios'
    t =    39.68s     Wait for dev.polski.grammarmatrix.ios to idle
    t =    39.69s     Find the Target Application 'dev.polski.grammarmatrix.ios'
    t =    39.75s     Check for interrupting elements affecting "Polski Grammar Matrix" Application
    t =    39.82s     Synthesize event
    t =    40.28s     Wait for dev.polski.grammarmatrix.ios to idle
    t =    42.41s Find the "revealAnswer" Button
    t =    42.53s Checking existence of `"revealAnswer" Button`
    t =    42.61s Tap "revealAnswer" Button
    t =    42.61s     Wait for dev.polski.grammarmatrix.ios to idle
    t =    42.62s     Find the "revealAnswer" Button
    t =    42.70s     Check for interrupting elements affecting "revealAnswer" Button
    t =    42.78s     Synthesize event
    t =    43.12s     Wait for dev.polski.grammarmatrix.ios to idle
    t =    43.62s Find the "rateGood" Button
    t =    43.76s Swipe up Target Application 'dev.polski.grammarmatrix.ios'
    t =    43.76s     Wait for dev.polski.grammarmatrix.ios to idle
    t =    43.76s     Find the Target Application 'dev.polski.grammarmatrix.ios'
    t =    43.83s     Check for interrupting elements affecting "Polski Grammar Matrix" Application
    t =    43.90s     Synthesize event
    t =    44.35s     Wait for dev.polski.grammarmatrix.ios to idle
    t =    46.50s Find the "rateGood" Button
    t =    46.61s Tap "rateGood" Button
    t =    46.61s     Wait for dev.polski.grammarmatrix.ios to idle
    t =    46.62s     Find the "rateGood" Button
    t =    46.70s     Check for interrupting elements affecting "rateGood" Button
    t =    46.78s     Synthesize event
    t =    47.11s     Wait for dev.polski.grammarmatrix.ios to idle
    t =    47.47s Waiting 5.0s for "continueIntroduction" Button to exist
    t =    48.52s     Checking `Expect predicate `existsNoRetry == 1` for object "continueIntroduction" Button`
    t =    48.52s         Checking existence of `"continueIntroduction" Button`
    t =    48.61s Checking existence of `"Таблица под рукой" Button`
    t =    48.68s Checking existence of `"Таблица под рукой" Button`
    t =    48.76s Find the "Таблица под рукой" Button
    t =    48.84s Checking existence of `"Скрыть таблицу" Button`
    t =    48.92s Checking existence of `"Было: moja piękna żona; Стало: moją piękną żonę" Any`
    t =    50.13s Find the "continueIntroduction" Button
    t =    50.26s Tap "continueIntroduction" Button
    t =    50.26s     Wait for dev.polski.grammarmatrix.ios to idle
    t =    50.26s     Find the "continueIntroduction" Button
    t =    50.36s     Check for interrupting elements affecting "continueIntroduction" Button
    t =    50.44s     Synthesize event
    t =    50.78s     Wait for dev.polski.grammarmatrix.ios to idle
    t =    51.40s Checking existence of `"Скрыть таблицу" Button`
    t =    51.50s Swipe up Target Application 'dev.polski.grammarmatrix.ios'
    t =    51.50s     Wait for dev.polski.grammarmatrix.ios to idle
    t =    51.51s     Find the Target Application 'dev.polski.grammarmatrix.ios'
    t =    51.58s     Check for interrupting elements affecting "Polski Grammar Matrix" Application
    t =    51.66s     Synthesize event
    t =    52.12s     Wait for dev.polski.grammarmatrix.ios to idle
    t =    54.22s Checking existence of `"Скрыть таблицу" Button`
    t =    54.30s Waiting 5.0s for "Скрыть таблицу" Button to exist
    t =    55.34s     Checking `Expect predicate `existsNoRetry == 1` for object "Скрыть таблицу" Button`
    t =    55.34s         Checking existence of `"Скрыть таблицу" Button`
    t =    55.42s Find the "Скрыть таблицу" Button
    t =    55.50s Checking existence of `"Было: moja piękna żona; Стало: moją piękną żonę" Any`
    t =    56.53s Checking existence of `"Было: moja piękna żona; Стало: moją piękną żonę" Any`
    t =    57.50s Tear Down
Test Case '-[PolskiGrammarUITests.PolskiGrammarUITests testFirstMethodIntroductionKeepsReferenceAnswerHiddenUntilContinue]' passed (58.012 seconds).
Test Case '-[PolskiGrammarUITests.PolskiGrammarUITests testMethodSwitchKeepsTypedDraftThroughRevealAndOneReview]' started.
    t =     0.00s Start Test at 2026-09-24 21:05:50.462
    t =     0.05s Set Up
    t =     0.05s Open dev.polski.grammarmatrix.ios
    t =     0.05s     Launch dev.polski.grammarmatrix.ios
    t =     0.05s         Terminate dev.polski.grammarmatrix.ios:36547
2026-09-24 21:05:51.593 xcodebuild[35699:18206982] [MT] IDELaunchParametersSnapshot: debugger version lookup failed for path '<nil>': noURL
2026-09-24 21:05:51.593 xcodebuild[35699:18206982] [MT] IDELaunchParametersSnapshot: no debugger version
    t =     1.55s         Setting up automation session
    t =     2.44s         Wait for dev.polski.grammarmatrix.ios to idle
    t =     4.22s Tap "Прогресс" Button
    t =     4.22s     Wait for dev.polski.grammarmatrix.ios to idle
    t =     4.22s     Find the "Прогресс" Button
    t =     4.38s     Check for interrupting elements affecting "Прогресс" Button
    t =     4.49s     Synthesize event
    t =     4.83s     Wait for dev.polski.grammarmatrix.ios to idle
    t =     6.35s Find the "Сбросить прогресс" Button
    t =     7.45s     Find the "Сбросить прогресс" Button (retry 1)
    t =     8.54s     Find the "Сбросить прогресс" Button (retry 2)
    t =     8.61s Swipe up Target Application 'dev.polski.grammarmatrix.ios'
    t =     8.61s     Wait for dev.polski.grammarmatrix.ios to idle
    t =     8.62s     Find the Target Application 'dev.polski.grammarmatrix.ios'
    t =     8.70s     Check for interrupting elements affecting "Polski Grammar Matrix" Application
    t =     8.78s     Synthesize event
    t =     9.27s     Wait for dev.polski.grammarmatrix.ios to idle
    t =    11.36s Find the "Сбросить прогресс" Button
    t =    12.47s     Find the "Сбросить прогресс" Button (retry 1)
    t =    13.58s     Find the "Сбросить прогресс" Button (retry 2)
    t =    13.65s Swipe up Target Application 'dev.polski.grammarmatrix.ios'
    t =    13.65s     Wait for dev.polski.grammarmatrix.ios to idle
    t =    13.66s     Find the Target Application 'dev.polski.grammarmatrix.ios'
    t =    13.72s     Check for interrupting elements affecting "Polski Grammar Matrix" Application
    t =    13.78s     Synthesize event
    t =    14.23s     Wait for dev.polski.grammarmatrix.ios to idle
    t =    15.53s Find the "Сбросить прогресс" Button
    t =    15.66s Waiting 5.0s for "Сбросить прогресс" Button to exist
    t =    16.68s     Checking `Expect predicate `existsNoRetry == 1` for object "Сбросить прогресс" Button`
    t =    16.68s         Checking existence of `"Сбросить прогресс" Button`
    t =    16.77s Tap "Сбросить прогресс" Button
    t =    16.77s     Wait for dev.polski.grammarmatrix.ios to idle
    t =    16.80s     Find the "Сбросить прогресс" Button
    t =    16.87s     Check for interrupting elements affecting "Сбросить прогресс" Button
    t =    16.93s     Synthesize event
    t =    17.26s     Wait for dev.polski.grammarmatrix.ios to idle
    t =    17.64s Waiting 5.0s for "Сбросить весь прогресс?" Alert to exist
    t =    18.69s     Checking `Expect predicate `existsNoRetry == 1` for object "Сбросить весь прогресс?" Alert`
    t =    18.69s         Checking existence of `"Сбросить весь прогресс?" Alert`
    t =    18.78s Tap "Сбросить" Button
    t =    18.78s     Wait for dev.polski.grammarmatrix.ios to idle
    t =    18.79s     Find the "Сбросить" Button
    t =    18.88s     Check for interrupting elements affecting "Сбросить" Button
    t =    18.98s     Synthesize event
    t =    19.31s     Wait for dev.polski.grammarmatrix.ios to idle
    t =    19.64s Waiting 2.0s for "Сообщение" Alert to exist
    t =    20.68s     Checking `Expect predicate `existsNoRetry == 1` for object "Сообщение" Alert`
    t =    20.69s         Checking existence of `"Сообщение" Alert`
    t =    20.77s         Capturing element debug description
    t =    21.65s     Checking `Expect predicate `existsNoRetry == 1` for object "Сообщение" Alert`
    t =    21.65s         Checking existence of `"Сообщение" Alert`
    t =    21.73s         Capturing element debug description
    t =    21.73s     Checking existence of `"Сообщение" Alert`
    t =    21.81s Collecting debug information to assist test failure triage
    t =    21.81s     Requesting snapshot of accessibility hierarchy for app with pid 39277
    t =    21.90s Tap "Тренировка" Button
    t =    21.90s     Wait for dev.polski.grammarmatrix.ios to idle
    t =    21.90s     Find the "Тренировка" Button
    t =    22.04s     Check for interrupting elements affecting "square.stack" Button
    t =    22.13s     Synthesize event
    t =    22.48s     Wait for dev.polski.grammarmatrix.ios to idle
    t =    23.28s Waiting 20.0s for "continueIntroduction" Button to exist
    t =    24.33s     Checking `Expect predicate `existsNoRetry == 1` for object "continueIntroduction" Button`
    t =    24.33s         Checking existence of `"continueIntroduction" Button`
    t =    24.43s Checking existence of `"Перейти к заданию" Button`
    t =    24.53s Find the "Перейти к заданию" Button
    t =    24.68s Swipe up Target Application 'dev.polski.grammarmatrix.ios'
    t =    24.68s     Wait for dev.polski.grammarmatrix.ios to idle
    t =    24.69s     Find the Target Application 'dev.polski.grammarmatrix.ios'
    t =    24.78s     Check for interrupting elements affecting "Polski Grammar Matrix" Application
    t =    24.89s     Synthesize event
    t =    25.40s     Wait for dev.polski.grammarmatrix.ios to idle
    t =    26.59s Checking existence of `"continueIntroduction" Button`
    t =    26.70s Find the "continueIntroduction" Button
    t =    26.85s Checking existence of `"continueIntroduction" Button`
    t =    26.95s Tap "continueIntroduction" Button
    t =    26.95s     Wait for dev.polski.grammarmatrix.ios to idle
    t =    27.16s     Find the "continueIntroduction" Button
    t =    27.26s     Check for interrupting elements affecting "continueIntroduction" Button
    t =    27.34s     Synthesize event
    t =    27.68s     Wait for dev.polski.grammarmatrix.ios to idle
    t =    27.71s Waiting 5.0s for Button (First Match) to exist
    t =    28.74s     Checking `Expect predicate `existsNoRetry == 1` for object Button (First Match)`
    t =    28.74s         Checking existence of `Button (First Match)`
    t =    29.16s Tap Button (First Match)
    t =    29.17s     Wait for dev.polski.grammarmatrix.ios to idle
    t =    29.17s     Find the Button (First Match)
    t =    29.60s     Check for interrupting elements affecting "Ответ, Вслух / про себя" Button
    t =    29.67s     Synthesize event
    t =    30.00s     Wait for dev.polski.grammarmatrix.ios to idle
    t =    30.95s Tap "Напечатать" Button
    t =    30.95s     Wait for dev.polski.grammarmatrix.ios to idle
    t =    30.96s     Find the "Напечатать" Button
    t =    31.07s     Check for interrupting elements affecting "Напечатать" Button
    t =    31.15s     Synthesize event
    t =    31.47s     Wait for dev.polski.grammarmatrix.ios to idle
    t =    32.32s Waiting 5.0s for "typedAnswer" Any to exist
    t =    33.35s     Checking `Expect predicate `existsNoRetry == 1` for object "typedAnswer" Any`
    t =    33.35s         Checking existence of `"typedAnswer" Any`
    t =    34.74s Tap "typedAnswer" Any
    t =    34.74s     Wait for dev.polski.grammarmatrix.ios to idle
    t =    34.75s     Find the "typedAnswer" Any
    t =    36.64s     Check for interrupting elements affecting "typedAnswer" TextField
    t =    36.90s     Synthesize event
    t =    37.28s     Wait for dev.polski.grammarmatrix.ios to idle
    t =    37.64s Type 'Moja proba' into "typedAnswer" TextField
    t =    37.65s     Wait for dev.polski.grammarmatrix.ios to idle
    t =    38.64s     Find the "typedAnswer" TextField
    t =    40.79s     Check for interrupting elements affecting "typedAnswer" TextField
    t =    41.11s     Synthesize event
    t =    41.50s     Wait for dev.polski.grammarmatrix.ios to idle
    t =    41.62s Find the Button (First Match)
    t =    43.56s     Find the Button (First Match) (retry 1)
    t =    45.61s     Find the Button (First Match) (retry 2)
    t =    46.53s Swipe down Target Application 'dev.polski.grammarmatrix.ios'
    t =    46.53s     Wait for dev.polski.grammarmatrix.ios to idle
    t =    46.54s     Find the Target Application 'dev.polski.grammarmatrix.ios'
    t =    46.64s     Check for interrupting elements affecting "Polski Grammar Matrix" Application
    t =    46.77s     Synthesize event
    t =    47.25s     Wait for dev.polski.grammarmatrix.ios to idle
    t =    48.54s Find the Button (First Match)
    t =    49.74s Find the "Подача объяснений, Схемы и логика" Button
    t =    50.71s Tap "Подача объяснений, Схемы и логика" Button
    t =    50.71s     Wait for dev.polski.grammarmatrix.ios to idle
    t =    50.72s     Find the "Подача объяснений, Схемы и логика" Button
    t =    51.72s     Check for interrupting elements affecting "Подача объяснений, Схемы и логика" Button
    t =    51.86s     Synthesize event
    t =    52.30s     Wait for dev.polski.grammarmatrix.ios to idle
    t =    52.68s Waiting 2.0s for "Живые ситуации" Any to exist
    t =    53.73s     Checking `Expect predicate `existsNoRetry == 1` for object "Живые ситуации" Any`
    t =    53.73s         Checking existence of `"Живые ситуации" Any`
    t =    54.96s         Capturing element debug description
    t =    54.96s     Checking existence of `"Живые ситуации" Any`
    t =    57.19s Collecting debug information to assist test failure triage
    t =    57.19s     Requesting snapshot of accessibility hierarchy for app with pid 39277
    t =    57.31s Find the "Подача объяснений, Схемы и логика" Button
    t =    58.03s Tap "Подача объяснений, Схемы и логика" Button
    t =    58.03s     Wait for dev.polski.grammarmatrix.ios to idle
    t =    58.04s     Find the "Подача объяснений, Схемы и логика" Button
    t =    58.81s     Check for interrupting elements affecting "Подача объяснений, Схемы и логика" Button
    t =    58.94s     Synthesize event
    t =    59.30s     Wait for dev.polski.grammarmatrix.ios to idle
    t =    60.25s Waiting 5.0s for "Живые ситуации" Any to exist
    t =    61.31s     Checking `Expect predicate `existsNoRetry == 1` for object "Живые ситуации" Any`
    t =    61.32s         Checking existence of `"Живые ситуации" Any`
    t =    61.65s Tap "Живые ситуации" Any
    t =    61.65s     Wait for dev.polski.grammarmatrix.ios to idle
    t =    61.66s     Find the "Живые ситуации" Any
    t =    62.02s     Check for interrupting elements affecting "Живые ситуации" Button
    t =    62.21s     Synthesize event
    t =    62.57s     Wait for dev.polski.grammarmatrix.ios to idle
    t =    63.42s Find the "typedAnswer" TextField
    t =    66.33s     Find the "typedAnswer" TextField (retry 1)
    t =    69.05s     Find the "typedAnswer" TextField (retry 2)
    t =    70.90s     Collecting debug information to assist test failure triage
    t =    70.90s         Requesting snapshot of accessibility hierarchy for app with pid 39277
    t =    71.02s     Requesting snapshot of accessibility hierarchy for app with pid 39277
    t =    71.15s     Requesting snapshot of accessibility hierarchy for app with pid 39277
<unknown>:0: error: -[PolskiGrammarUITests.PolskiGrammarUITests testMethodSwitchKeepsTypedDraftThroughRevealAndOneReview] : Failed to get matching snapshot: No matches found for first query match sequence: `Descendants matching type Any` -> `Elements matching predicate '"typedAnswer" IN identifiers'`, given input App element pid: 39277
    t =    71.30s Tear Down
Test Case '-[PolskiGrammarUITests.PolskiGrammarUITests testMethodSwitchKeepsTypedDraftThroughRevealAndOneReview]' failed (78.446 seconds).
Test Suite 'PolskiGrammarUITests' failed at 2026-09-24 21:07:08.908.
	 Executed 2 tests, with 1 failure (0 unexpected) in 136.458 (136.459) seconds
Test Suite 'PolskiGrammarUITests.xctest' failed at 2026-09-24 21:07:08.908.
	 Executed 2 tests, with 1 failure (0 unexpected) in 136.458 (136.460) seconds
Test Suite 'Selected tests' failed at 2026-09-24 21:07:08.909.
	 Executed 2 tests, with 1 failure (0 unexpected) in 136.458 (136.462) seconds
2026-09-24 21:07:25.636 xcodebuild[35699:18206982] [MT] IDETestOperationsObserverDebug: 156.161 elapsed -- Testing started completed.
2026-09-24 21:07:25.636 xcodebuild[35699:18206982] [MT] IDETestOperationsObserverDebug: 0.000 sec, +0.000 sec -- start
2026-09-24 21:07:25.636 xcodebuild[35699:18206982] [MT] IDETestOperationsObserverDebug: 156.161 sec, +156.161 sec -- end

Test session results, code coverage, and logs:
	/Users/german/Work/JS/polski-grammar-srs/kotlin/iosApp/build/FinalVirtualFullFix/Logs/Test/Test-PolskiGrammar-2026.09.24_21-04-36-+0200.xcresult

Failing tests:
	PolskiGrammarUITests.testMethodSwitchKeepsTypedDraftThroughRevealAndOneReview()

** TEST FAILED **

Testing started
