Command line invocation:
    /Applications/Xcode.app/Contents/Developer/usr/bin/xcodebuild test -project kotlin/iosApp/PolskiGrammar.xcodeproj -scheme PolskiGrammar -configuration Debug -destination "platform=iOS Simulator,id=502F57FE-944F-4C27-B74F-5EC34D1B995D" -derivedDataPath kotlin/iosApp/build/FinalVirtualKeyboardToolbar CODE_SIGNING_ALLOWED=NO -parallel-testing-enabled NO "SWIFT_ACTIVE_COMPILATION_CONDITIONS=DEBUG DIRECT_PICKER_ACCEPTANCE" "-only-testing:PolskiGrammarUITests/PolskiGrammarUITests/testMethodSwitchKeepsTypedDraftThroughRevealAndOneReview" "-only-testing:PolskiGrammarUITests/PolskiGrammarUITests/testTypedPolishAnswerUsesNativeInput"

Build settings from command line:
    CODE_SIGNING_ALLOWED = NO
    SWIFT_ACTIVE_COMPILATION_CONDITIONS = DEBUG DIRECT_PICKER_ACCEPTANCE

ComputePackagePrebuildTargetDependencyGraph

Prepare packages

CreateBuildRequest

SendProjectDescription

CreateBuildOperation

ComputeTargetDependencyGraph
note: Building targets in dependency order
note: Target dependency graph (2 targets)
    Target 'PolskiGrammarUITests' in project 'PolskiGrammar'
        ➜ Explicit dependency on target 'PolskiGrammar' in project 'PolskiGrammar'
    Target 'PolskiGrammar' in project 'PolskiGrammar' (no dependencies)

GatherProvisioningInputs

CreateBuildDescription

ExecuteExternalTool /Applications/Xcode.app/Contents/Developer/Toolchains/XcodeDefault.xctoolchain/usr/bin/clang -v -E -dM -isysroot /Applications/Xcode.app/Contents/Developer/Platforms/iPhoneSimulator.platform/Developer/SDKs/iPhoneSimulator27.0.sdk -x c -c /dev/null

ExecuteExternalTool /Applications/Xcode.app/Contents/Developer/Toolchains/XcodeDefault.xctoolchain/usr/bin/swiftc --version

ExecuteExternalTool /Applications/Xcode.app/Contents/Developer/usr/bin/actool --print-asset-tag-combinations --output-format xml1 /Users/german/Work/JS/polski-grammar-srs/kotlin/iosApp/PolskiGrammar/Assets.xcassets

ExecuteExternalTool /Applications/Xcode.app/Contents/Developer/Toolchains/XcodeDefault.xctoolchain/usr/bin/ld -version_details

ExecuteExternalTool /Applications/Xcode.app/Contents/Developer/usr/bin/actool --version --output-format xml1

Build description signature: 6ee91f0797b1be61b919f1a2a4fbad9a
Build description path: /Users/german/Work/JS/polski-grammar-srs/kotlin/iosApp/build/FinalVirtualKeyboardToolbar/Build/Intermediates.noindex/XCBuildData/6ee91f0797b1be61b919f1a2a4fbad9a.xcbuilddata
CreateBuildDirectory /Users/german/Work/JS/polski-grammar-srs/kotlin/iosApp/build/FinalVirtualKeyboardToolbar/SDKExplicitPrecompiledModules
    cd /Users/german/Work/JS/polski-grammar-srs/kotlin/iosApp/PolskiGrammar.xcodeproj
    builtin-create-build-directory /Users/german/Work/JS/polski-grammar-srs/kotlin/iosApp/build/FinalVirtualKeyboardToolbar/SDKExplicitPrecompiledModules

CreateBuildDirectory /Users/german/Work/JS/polski-grammar-srs/kotlin/iosApp/build/FinalVirtualKeyboardToolbar/ModuleCache.noindex
    cd /Users/german/Work/JS/polski-grammar-srs/kotlin/iosApp/PolskiGrammar.xcodeproj
    builtin-create-build-directory /Users/german/Work/JS/polski-grammar-srs/kotlin/iosApp/build/FinalVirtualKeyboardToolbar/ModuleCache.noindex

CreateBuildDirectory /Users/german/Work/JS/polski-grammar-srs/kotlin/iosApp/build/FinalVirtualKeyboardToolbar/Build/Products
    cd /Users/german/Work/JS/polski-grammar-srs/kotlin/iosApp/PolskiGrammar.xcodeproj
    builtin-create-build-directory /Users/german/Work/JS/polski-grammar-srs/kotlin/iosApp/build/FinalVirtualKeyboardToolbar/Build/Products

CreateBuildDirectory /Users/german/Work/JS/polski-grammar-srs/kotlin/iosApp/build/FinalVirtualKeyboardToolbar/Build/Intermediates.noindex
    cd /Users/german/Work/JS/polski-grammar-srs/kotlin/iosApp/PolskiGrammar.xcodeproj
    builtin-create-build-directory /Users/german/Work/JS/polski-grammar-srs/kotlin/iosApp/build/FinalVirtualKeyboardToolbar/Build/Intermediates.noindex

CreateBuildDirectory /Users/german/Work/JS/polski-grammar-srs/kotlin/iosApp/build/FinalVirtualKeyboardToolbar/CompilationCache.noindex
    cd /Users/german/Work/JS/polski-grammar-srs/kotlin/iosApp/PolskiGrammar.xcodeproj
    builtin-create-build-directory /Users/german/Work/JS/polski-grammar-srs/kotlin/iosApp/build/FinalVirtualKeyboardToolbar/CompilationCache.noindex

ClangStatCache /Applications/Xcode.app/Contents/Developer/Toolchains/XcodeDefault.xctoolchain/usr/bin/clang-stat-cache /Applications/Xcode.app/Contents/Developer/Platforms/iPhoneSimulator.platform/Developer/SDKs/iPhoneSimulator27.0.sdk /Users/german/Work/JS/polski-grammar-srs/kotlin/iosApp/build/FinalVirtualKeyboardToolbar/SDKStatCaches.noindex/iphonesimulator27.0-24A430-8dc58220667be655e1bcc261a7455254.sdkstatcache
    cd /Users/german/Work/JS/polski-grammar-srs/kotlin/iosApp/PolskiGrammar.xcodeproj
    /Applications/Xcode.app/Contents/Developer/Toolchains/XcodeDefault.xctoolchain/usr/bin/clang-stat-cache /Applications/Xcode.app/Contents/Developer/Platforms/iPhoneSimulator.platform/Developer/SDKs/iPhoneSimulator27.0.sdk -o /Users/german/Work/JS/polski-grammar-srs/kotlin/iosApp/build/FinalVirtualKeyboardToolbar/SDKStatCaches.noindex/iphonesimulator27.0-24A430-8dc58220667be655e1bcc261a7455254.sdkstatcache

CreateBuildDirectory /Users/german/Work/JS/polski-grammar-srs/kotlin/iosApp/build/FinalVirtualKeyboardToolbar/Build/Intermediates.noindex/SwiftExplicitPrecompiledModules
    cd /Users/german/Work/JS/polski-grammar-srs/kotlin/iosApp/PolskiGrammar.xcodeproj
    builtin-create-build-directory /Users/german/Work/JS/polski-grammar-srs/kotlin/iosApp/build/FinalVirtualKeyboardToolbar/Build/Intermediates.noindex/SwiftExplicitPrecompiledModules

CreateBuildDirectory /Users/german/Work/JS/polski-grammar-srs/kotlin/iosApp/build/FinalVirtualKeyboardToolbar/Build/Intermediates.noindex/PrecompiledHeaders
    cd /Users/german/Work/JS/polski-grammar-srs/kotlin/iosApp/PolskiGrammar.xcodeproj
    builtin-create-build-directory /Users/german/Work/JS/polski-grammar-srs/kotlin/iosApp/build/FinalVirtualKeyboardToolbar/Build/Intermediates.noindex/PrecompiledHeaders

CreateBuildDirectory /Users/german/Work/JS/polski-grammar-srs/kotlin/iosApp/build/FinalVirtualKeyboardToolbar/Build/Intermediates.noindex/ExplicitPrecompiledModules
    cd /Users/german/Work/JS/polski-grammar-srs/kotlin/iosApp/PolskiGrammar.xcodeproj
    builtin-create-build-directory /Users/german/Work/JS/polski-grammar-srs/kotlin/iosApp/build/FinalVirtualKeyboardToolbar/Build/Intermediates.noindex/ExplicitPrecompiledModules

CreateBuildDirectory /Users/german/Work/JS/polski-grammar-srs/kotlin/iosApp/build/FinalVirtualKeyboardToolbar/Build/Products/Debug-iphonesimulator
    cd /Users/german/Work/JS/polski-grammar-srs/kotlin/iosApp/PolskiGrammar.xcodeproj
    builtin-create-build-directory /Users/german/Work/JS/polski-grammar-srs/kotlin/iosApp/build/FinalVirtualKeyboardToolbar/Build/Products/Debug-iphonesimulator

CreateBuildDirectory /Users/german/Work/JS/polski-grammar-srs/kotlin/iosApp/build/FinalVirtualKeyboardToolbar/Build/Intermediates.noindex/EagerLinkingTBDs/Debug-iphonesimulator
    cd /Users/german/Work/JS/polski-grammar-srs/kotlin/iosApp/PolskiGrammar.xcodeproj
    builtin-create-build-directory /Users/german/Work/JS/polski-grammar-srs/kotlin/iosApp/build/FinalVirtualKeyboardToolbar/Build/Intermediates.noindex/EagerLinkingTBDs/Debug-iphonesimulator

WriteAuxiliaryFile /Users/german/Work/JS/polski-grammar-srs/kotlin/iosApp/build/FinalVirtualKeyboardToolbar/Build/Intermediates.noindex/PolskiGrammar.build/Debug-iphonesimulator/PolskiGrammar-23ee0051a95c59732cc842b37800d5f6-VFS-iphonesimulator/all-product-headers.yaml
    cd /Users/german/Work/JS/polski-grammar-srs/kotlin/iosApp/PolskiGrammar.xcodeproj
    write-file /Users/german/Work/JS/polski-grammar-srs/kotlin/iosApp/build/FinalVirtualKeyboardToolbar/Build/Intermediates.noindex/PolskiGrammar.build/Debug-iphonesimulator/PolskiGrammar-23ee0051a95c59732cc842b37800d5f6-VFS-iphonesimulator/all-product-headers.yaml

WriteAuxiliaryFile /Users/german/Work/JS/polski-grammar-srs/kotlin/iosApp/build/FinalVirtualKeyboardToolbar/Build/Intermediates.noindex/PolskiGrammar.build/Debug-iphonesimulator/PolskiGrammarUITests.build/empty-PolskiGrammarUITests.plist (in target 'PolskiGrammarUITests' from project 'PolskiGrammar')
    cd /Users/german/Work/JS/polski-grammar-srs/kotlin/iosApp
    write-file /Users/german/Work/JS/polski-grammar-srs/kotlin/iosApp/build/FinalVirtualKeyboardToolbar/Build/Intermediates.noindex/PolskiGrammar.build/Debug-iphonesimulator/PolskiGrammarUITests.build/empty-PolskiGrammarUITests.plist

WriteAuxiliaryFile /Users/german/Work/JS/polski-grammar-srs/kotlin/iosApp/build/FinalVirtualKeyboardToolbar/Build/Intermediates.noindex/PolskiGrammar.build/Debug-iphonesimulator/PolskiGrammarUITests.build/PolskiGrammarUITests.hmap (in target 'PolskiGrammarUITests' from project 'PolskiGrammar')
    cd /Users/german/Work/JS/polski-grammar-srs/kotlin/iosApp
    write-file /Users/german/Work/JS/polski-grammar-srs/kotlin/iosApp/build/FinalVirtualKeyboardToolbar/Build/Intermediates.noindex/PolskiGrammar.build/Debug-iphonesimulator/PolskiGrammarUITests.build/PolskiGrammarUITests.hmap

WriteAuxiliaryFile /Users/german/Work/JS/polski-grammar-srs/kotlin/iosApp/build/FinalVirtualKeyboardToolbar/Build/Intermediates.noindex/PolskiGrammar.build/Debug-iphonesimulator/PolskiGrammarUITests.build/PolskiGrammarUITests.DependencyStaticMetadataFileList (in target 'PolskiGrammarUITests' from project 'PolskiGrammar')
    cd /Users/german/Work/JS/polski-grammar-srs/kotlin/iosApp
    write-file /Users/german/Work/JS/polski-grammar-srs/kotlin/iosApp/build/FinalVirtualKeyboardToolbar/Build/Intermediates.noindex/PolskiGrammar.build/Debug-iphonesimulator/PolskiGrammarUITests.build/PolskiGrammarUITests.DependencyStaticMetadataFileList

WriteAuxiliaryFile /Users/german/Work/JS/polski-grammar-srs/kotlin/iosApp/build/FinalVirtualKeyboardToolbar/Build/Intermediates.noindex/PolskiGrammar.build/Debug-iphonesimulator/PolskiGrammarUITests.build/PolskiGrammarUITests.DependencyMetadataFileList (in target 'PolskiGrammarUITests' from project 'PolskiGrammar')
    cd /Users/german/Work/JS/polski-grammar-srs/kotlin/iosApp
    write-file /Users/german/Work/JS/polski-grammar-srs/kotlin/iosApp/build/FinalVirtualKeyboardToolbar/Build/Intermediates.noindex/PolskiGrammar.build/Debug-iphonesimulator/PolskiGrammarUITests.build/PolskiGrammarUITests.DependencyMetadataFileList

WriteAuxiliaryFile /Users/german/Work/JS/polski-grammar-srs/kotlin/iosApp/build/FinalVirtualKeyboardToolbar/Build/Intermediates.noindex/PolskiGrammar.build/Debug-iphonesimulator/PolskiGrammarUITests.build/PolskiGrammarUITests-project-headers.hmap (in target 'PolskiGrammarUITests' from project 'PolskiGrammar')
    cd /Users/german/Work/JS/polski-grammar-srs/kotlin/iosApp
    write-file /Users/german/Work/JS/polski-grammar-srs/kotlin/iosApp/build/FinalVirtualKeyboardToolbar/Build/Intermediates.noindex/PolskiGrammar.build/Debug-iphonesimulator/PolskiGrammarUITests.build/PolskiGrammarUITests-project-headers.hmap

WriteAuxiliaryFile /Users/german/Work/JS/polski-grammar-srs/kotlin/iosApp/build/FinalVirtualKeyboardToolbar/Build/Intermediates.noindex/PolskiGrammar.build/Debug-iphonesimulator/PolskiGrammarUITests.build/ProductTypeInfoPlistAdditions.plist (in target 'PolskiGrammarUITests' from project 'PolskiGrammar')
    cd /Users/german/Work/JS/polski-grammar-srs/kotlin/iosApp
    write-file /Users/german/Work/JS/polski-grammar-srs/kotlin/iosApp/build/FinalVirtualKeyboardToolbar/Build/Intermediates.noindex/PolskiGrammar.build/Debug-iphonesimulator/PolskiGrammarUITests.build/ProductTypeInfoPlistAdditions.plist

WriteAuxiliaryFile /Users/german/Work/JS/polski-grammar-srs/kotlin/iosApp/build/FinalVirtualKeyboardToolbar/Build/Intermediates.noindex/PolskiGrammar.build/Debug-iphonesimulator/PolskiGrammarUITests.build/PolskiGrammarUITests-own-target-headers.hmap (in target 'PolskiGrammarUITests' from project 'PolskiGrammar')
    cd /Users/german/Work/JS/polski-grammar-srs/kotlin/iosApp
    write-file /Users/german/Work/JS/polski-grammar-srs/kotlin/iosApp/build/FinalVirtualKeyboardToolbar/Build/Intermediates.noindex/PolskiGrammar.build/Debug-iphonesimulator/PolskiGrammarUITests.build/PolskiGrammarUITests-own-target-headers.hmap

WriteAuxiliaryFile /Users/german/Work/JS/polski-grammar-srs/kotlin/iosApp/build/FinalVirtualKeyboardToolbar/Build/Intermediates.noindex/PolskiGrammar.build/Debug-iphonesimulator/PolskiGrammarUITests.build/PolskiGrammarUITests-generated-files.hmap (in target 'PolskiGrammarUITests' from project 'PolskiGrammar')
    cd /Users/german/Work/JS/polski-grammar-srs/kotlin/iosApp
    write-file /Users/german/Work/JS/polski-grammar-srs/kotlin/iosApp/build/FinalVirtualKeyboardToolbar/Build/Intermediates.noindex/PolskiGrammar.build/Debug-iphonesimulator/PolskiGrammarUITests.build/PolskiGrammarUITests-generated-files.hmap

WriteAuxiliaryFile /Users/german/Work/JS/polski-grammar-srs/kotlin/iosApp/build/FinalVirtualKeyboardToolbar/Build/Intermediates.noindex/PolskiGrammar.build/Debug-iphonesimulator/PolskiGrammarUITests.build/PolskiGrammarUITests-all-target-headers.hmap (in target 'PolskiGrammarUITests' from project 'PolskiGrammar')
    cd /Users/german/Work/JS/polski-grammar-srs/kotlin/iosApp
    write-file /Users/german/Work/JS/polski-grammar-srs/kotlin/iosApp/build/FinalVirtualKeyboardToolbar/Build/Intermediates.noindex/PolskiGrammar.build/Debug-iphonesimulator/PolskiGrammarUITests.build/PolskiGrammarUITests-all-target-headers.hmap

WriteAuxiliaryFile /Users/german/Work/JS/polski-grammar-srs/kotlin/iosApp/build/FinalVirtualKeyboardToolbar/Build/Intermediates.noindex/PolskiGrammar.build/Debug-iphonesimulator/PolskiGrammarUITests.build/PolskiGrammarUITests-all-non-framework-target-headers.hmap (in target 'PolskiGrammarUITests' from project 'PolskiGrammar')
    cd /Users/german/Work/JS/polski-grammar-srs/kotlin/iosApp
    write-file /Users/german/Work/JS/polski-grammar-srs/kotlin/iosApp/build/FinalVirtualKeyboardToolbar/Build/Intermediates.noindex/PolskiGrammar.build/Debug-iphonesimulator/PolskiGrammarUITests.build/PolskiGrammarUITests-all-non-framework-target-headers.hmap

WriteAuxiliaryFile /Users/german/Work/JS/polski-grammar-srs/kotlin/iosApp/build/FinalVirtualKeyboardToolbar/Build/Intermediates.noindex/PolskiGrammar.build/Debug-iphonesimulator/PolskiGrammarUITests.build/Objects-normal/arm64/PolskiGrammarUITests_const_extract_protocols.json (in target 'PolskiGrammarUITests' from project 'PolskiGrammar')
    cd /Users/german/Work/JS/polski-grammar-srs/kotlin/iosApp
    write-file /Users/german/Work/JS/polski-grammar-srs/kotlin/iosApp/build/FinalVirtualKeyboardToolbar/Build/Intermediates.noindex/PolskiGrammar.build/Debug-iphonesimulator/PolskiGrammarUITests.build/Objects-normal/arm64/PolskiGrammarUITests_const_extract_protocols.json

WriteAuxiliaryFile /Users/german/Work/JS/polski-grammar-srs/kotlin/iosApp/build/FinalVirtualKeyboardToolbar/Build/Intermediates.noindex/PolskiGrammar.build/Debug-iphonesimulator/PolskiGrammarUITests.build/Objects-normal/arm64/PolskiGrammarUITests.SwiftFileList (in target 'PolskiGrammarUITests' from project 'PolskiGrammar')
    cd /Users/german/Work/JS/polski-grammar-srs/kotlin/iosApp
    write-file /Users/german/Work/JS/polski-grammar-srs/kotlin/iosApp/build/FinalVirtualKeyboardToolbar/Build/Intermediates.noindex/PolskiGrammar.build/Debug-iphonesimulator/PolskiGrammarUITests.build/Objects-normal/arm64/PolskiGrammarUITests.SwiftFileList

WriteAuxiliaryFile /Users/german/Work/JS/polski-grammar-srs/kotlin/iosApp/build/FinalVirtualKeyboardToolbar/Build/Intermediates.noindex/PolskiGrammar.build/Debug-iphonesimulator/PolskiGrammarUITests.build/Objects-normal/arm64/PolskiGrammarUITests.SwiftConstValuesFileList (in target 'PolskiGrammarUITests' from project 'PolskiGrammar')
    cd /Users/german/Work/JS/polski-grammar-srs/kotlin/iosApp
    write-file /Users/german/Work/JS/polski-grammar-srs/kotlin/iosApp/build/FinalVirtualKeyboardToolbar/Build/Intermediates.noindex/PolskiGrammar.build/Debug-iphonesimulator/PolskiGrammarUITests.build/Objects-normal/arm64/PolskiGrammarUITests.SwiftConstValuesFileList

WriteAuxiliaryFile /Users/german/Work/JS/polski-grammar-srs/kotlin/iosApp/build/FinalVirtualKeyboardToolbar/Build/Intermediates.noindex/PolskiGrammar.build/Debug-iphonesimulator/PolskiGrammarUITests.build/Objects-normal/arm64/PolskiGrammarUITests.LinkFileList (in target 'PolskiGrammarUITests' from project 'PolskiGrammar')
    cd /Users/german/Work/JS/polski-grammar-srs/kotlin/iosApp
    write-file /Users/german/Work/JS/polski-grammar-srs/kotlin/iosApp/build/FinalVirtualKeyboardToolbar/Build/Intermediates.noindex/PolskiGrammar.build/Debug-iphonesimulator/PolskiGrammarUITests.build/Objects-normal/arm64/PolskiGrammarUITests.LinkFileList

WriteAuxiliaryFile /Users/german/Work/JS/polski-grammar-srs/kotlin/iosApp/build/FinalVirtualKeyboardToolbar/Build/Intermediates.noindex/PolskiGrammar.build/Debug-iphonesimulator/PolskiGrammarUITests.build/Objects-normal/arm64/PolskiGrammarUITests-OutputFileMap.json (in target 'PolskiGrammarUITests' from project 'PolskiGrammar')
    cd /Users/german/Work/JS/polski-grammar-srs/kotlin/iosApp
    write-file /Users/german/Work/JS/polski-grammar-srs/kotlin/iosApp/build/FinalVirtualKeyboardToolbar/Build/Intermediates.noindex/PolskiGrammar.build/Debug-iphonesimulator/PolskiGrammarUITests.build/Objects-normal/arm64/PolskiGrammarUITests-OutputFileMap.json

WriteAuxiliaryFile /Users/german/Work/JS/polski-grammar-srs/kotlin/iosApp/build/FinalVirtualKeyboardToolbar/Build/Intermediates.noindex/PolskiGrammar.build/Debug-iphonesimulator/PolskiGrammar.build/PolskiGrammar.hmap (in target 'PolskiGrammar' from project 'PolskiGrammar')
    cd /Users/german/Work/JS/polski-grammar-srs/kotlin/iosApp
    write-file /Users/german/Work/JS/polski-grammar-srs/kotlin/iosApp/build/FinalVirtualKeyboardToolbar/Build/Intermediates.noindex/PolskiGrammar.build/Debug-iphonesimulator/PolskiGrammar.build/PolskiGrammar.hmap

WriteAuxiliaryFile /Users/german/Work/JS/polski-grammar-srs/kotlin/iosApp/build/FinalVirtualKeyboardToolbar/Build/Intermediates.noindex/PolskiGrammar.build/Debug-iphonesimulator/PolskiGrammar.build/empty-PolskiGrammar.plist (in target 'PolskiGrammar' from project 'PolskiGrammar')
    cd /Users/german/Work/JS/polski-grammar-srs/kotlin/iosApp
    write-file /Users/german/Work/JS/polski-grammar-srs/kotlin/iosApp/build/FinalVirtualKeyboardToolbar/Build/Intermediates.noindex/PolskiGrammar.build/Debug-iphonesimulator/PolskiGrammar.build/empty-PolskiGrammar.plist

WriteAuxiliaryFile /Users/german/Work/JS/polski-grammar-srs/kotlin/iosApp/build/FinalVirtualKeyboardToolbar/Build/Intermediates.noindex/PolskiGrammar.build/Debug-iphonesimulator/PolskiGrammar.build/Script-DF070EF247392F9D1B643D23.sh (in target 'PolskiGrammar' from project 'PolskiGrammar')
    cd /Users/german/Work/JS/polski-grammar-srs/kotlin/iosApp
    write-file /Users/german/Work/JS/polski-grammar-srs/kotlin/iosApp/build/FinalVirtualKeyboardToolbar/Build/Intermediates.noindex/PolskiGrammar.build/Debug-iphonesimulator/PolskiGrammar.build/Script-DF070EF247392F9D1B643D23.sh

WriteAuxiliaryFile /Users/german/Work/JS/polski-grammar-srs/kotlin/iosApp/build/FinalVirtualKeyboardToolbar/Build/Intermediates.noindex/PolskiGrammar.build/Debug-iphonesimulator/PolskiGrammar.build/PolskiGrammar.DependencyStaticMetadataFileList (in target 'PolskiGrammar' from project 'PolskiGrammar')
    cd /Users/german/Work/JS/polski-grammar-srs/kotlin/iosApp
    write-file /Users/german/Work/JS/polski-grammar-srs/kotlin/iosApp/build/FinalVirtualKeyboardToolbar/Build/Intermediates.noindex/PolskiGrammar.build/Debug-iphonesimulator/PolskiGrammar.build/PolskiGrammar.DependencyStaticMetadataFileList

WriteAuxiliaryFile /Users/german/Work/JS/polski-grammar-srs/kotlin/iosApp/build/FinalVirtualKeyboardToolbar/Build/Intermediates.noindex/PolskiGrammar.build/Debug-iphonesimulator/PolskiGrammar.build/PolskiGrammar.DependencyMetadataFileList (in target 'PolskiGrammar' from project 'PolskiGrammar')
    cd /Users/german/Work/JS/polski-grammar-srs/kotlin/iosApp
    write-file /Users/german/Work/JS/polski-grammar-srs/kotlin/iosApp/build/FinalVirtualKeyboardToolbar/Build/Intermediates.noindex/PolskiGrammar.build/Debug-iphonesimulator/PolskiGrammar.build/PolskiGrammar.DependencyMetadataFileList

WriteAuxiliaryFile /Users/german/Work/JS/polski-grammar-srs/kotlin/iosApp/build/FinalVirtualKeyboardToolbar/Build/Intermediates.noindex/PolskiGrammar.build/Debug-iphonesimulator/PolskiGrammar.build/PolskiGrammar-project-headers.hmap (in target 'PolskiGrammar' from project 'PolskiGrammar')
    cd /Users/german/Work/JS/polski-grammar-srs/kotlin/iosApp
    write-file /Users/german/Work/JS/polski-grammar-srs/kotlin/iosApp/build/FinalVirtualKeyboardToolbar/Build/Intermediates.noindex/PolskiGrammar.build/Debug-iphonesimulator/PolskiGrammar.build/PolskiGrammar-project-headers.hmap

WriteAuxiliaryFile /Users/german/Work/JS/polski-grammar-srs/kotlin/iosApp/build/FinalVirtualKeyboardToolbar/Build/Intermediates.noindex/PolskiGrammar.build/Debug-iphonesimulator/PolskiGrammar.build/PolskiGrammar-own-target-headers.hmap (in target 'PolskiGrammar' from project 'PolskiGrammar')
    cd /Users/german/Work/JS/polski-grammar-srs/kotlin/iosApp
    write-file /Users/german/Work/JS/polski-grammar-srs/kotlin/iosApp/build/FinalVirtualKeyboardToolbar/Build/Intermediates.noindex/PolskiGrammar.build/Debug-iphonesimulator/PolskiGrammar.build/PolskiGrammar-own-target-headers.hmap

WriteAuxiliaryFile /Users/german/Work/JS/polski-grammar-srs/kotlin/iosApp/build/FinalVirtualKeyboardToolbar/Build/Intermediates.noindex/PolskiGrammar.build/Debug-iphonesimulator/PolskiGrammar.build/PolskiGrammar-generated-files.hmap (in target 'PolskiGrammar' from project 'PolskiGrammar')
    cd /Users/german/Work/JS/polski-grammar-srs/kotlin/iosApp
    write-file /Users/german/Work/JS/polski-grammar-srs/kotlin/iosApp/build/FinalVirtualKeyboardToolbar/Build/Intermediates.noindex/PolskiGrammar.build/Debug-iphonesimulator/PolskiGrammar.build/PolskiGrammar-generated-files.hmap

WriteAuxiliaryFile /Users/german/Work/JS/polski-grammar-srs/kotlin/iosApp/build/FinalVirtualKeyboardToolbar/Build/Intermediates.noindex/PolskiGrammar.build/Debug-iphonesimulator/PolskiGrammar.build/PolskiGrammar-all-target-headers.hmap (in target 'PolskiGrammar' from project 'PolskiGrammar')
    cd /Users/german/Work/JS/polski-grammar-srs/kotlin/iosApp
    write-file /Users/german/Work/JS/polski-grammar-srs/kotlin/iosApp/build/FinalVirtualKeyboardToolbar/Build/Intermediates.noindex/PolskiGrammar.build/Debug-iphonesimulator/PolskiGrammar.build/PolskiGrammar-all-target-headers.hmap

WriteAuxiliaryFile /Users/german/Work/JS/polski-grammar-srs/kotlin/iosApp/build/FinalVirtualKeyboardToolbar/Build/Intermediates.noindex/PolskiGrammar.build/Debug-iphonesimulator/PolskiGrammar.build/PolskiGrammar-all-non-framework-target-headers.hmap (in target 'PolskiGrammar' from project 'PolskiGrammar')
    cd /Users/german/Work/JS/polski-grammar-srs/kotlin/iosApp
    write-file /Users/german/Work/JS/polski-grammar-srs/kotlin/iosApp/build/FinalVirtualKeyboardToolbar/Build/Intermediates.noindex/PolskiGrammar.build/Debug-iphonesimulator/PolskiGrammar.build/PolskiGrammar-all-non-framework-target-headers.hmap

WriteAuxiliaryFile /Users/german/Work/JS/polski-grammar-srs/kotlin/iosApp/build/FinalVirtualKeyboardToolbar/Build/Intermediates.noindex/PolskiGrammar.build/Debug-iphonesimulator/PolskiGrammar.build/PolskiGrammar-DebugDylibPath-normal-arm64.txt (in target 'PolskiGrammar' from project 'PolskiGrammar')
    cd /Users/german/Work/JS/polski-grammar-srs/kotlin/iosApp
    write-file /Users/german/Work/JS/polski-grammar-srs/kotlin/iosApp/build/FinalVirtualKeyboardToolbar/Build/Intermediates.noindex/PolskiGrammar.build/Debug-iphonesimulator/PolskiGrammar.build/PolskiGrammar-DebugDylibPath-normal-arm64.txt

WriteAuxiliaryFile /Users/german/Work/JS/polski-grammar-srs/kotlin/iosApp/build/FinalVirtualKeyboardToolbar/Build/Intermediates.noindex/PolskiGrammar.build/Debug-iphonesimulator/PolskiGrammar.build/PolskiGrammar-DebugDylibInstallName-normal-arm64.txt (in target 'PolskiGrammar' from project 'PolskiGrammar')
    cd /Users/german/Work/JS/polski-grammar-srs/kotlin/iosApp
    write-file /Users/german/Work/JS/polski-grammar-srs/kotlin/iosApp/build/FinalVirtualKeyboardToolbar/Build/Intermediates.noindex/PolskiGrammar.build/Debug-iphonesimulator/PolskiGrammar.build/PolskiGrammar-DebugDylibInstallName-normal-arm64.txt

WriteAuxiliaryFile /Users/german/Work/JS/polski-grammar-srs/kotlin/iosApp/build/FinalVirtualKeyboardToolbar/Build/Intermediates.noindex/PolskiGrammar.build/Debug-iphonesimulator/PolskiGrammar.build/Objects-normal/arm64/PolskiGrammar_const_extract_protocols.json (in target 'PolskiGrammar' from project 'PolskiGrammar')
    cd /Users/german/Work/JS/polski-grammar-srs/kotlin/iosApp
    write-file /Users/german/Work/JS/polski-grammar-srs/kotlin/iosApp/build/FinalVirtualKeyboardToolbar/Build/Intermediates.noindex/PolskiGrammar.build/Debug-iphonesimulator/PolskiGrammar.build/Objects-normal/arm64/PolskiGrammar_const_extract_protocols.json

WriteAuxiliaryFile /Users/german/Work/JS/polski-grammar-srs/kotlin/iosApp/build/FinalVirtualKeyboardToolbar/Build/Intermediates.noindex/PolskiGrammar.build/Debug-iphonesimulator/PolskiGrammar.build/Objects-normal/arm64/PolskiGrammar.SwiftFileList (in target 'PolskiGrammar' from project 'PolskiGrammar')
    cd /Users/german/Work/JS/polski-grammar-srs/kotlin/iosApp
    write-file /Users/german/Work/JS/polski-grammar-srs/kotlin/iosApp/build/FinalVirtualKeyboardToolbar/Build/Intermediates.noindex/PolskiGrammar.build/Debug-iphonesimulator/PolskiGrammar.build/Objects-normal/arm64/PolskiGrammar.SwiftFileList

WriteAuxiliaryFile /Users/german/Work/JS/polski-grammar-srs/kotlin/iosApp/build/FinalVirtualKeyboardToolbar/Build/Intermediates.noindex/PolskiGrammar.build/Debug-iphonesimulator/PolskiGrammar.build/Objects-normal/arm64/PolskiGrammar.SwiftConstValuesFileList (in target 'PolskiGrammar' from project 'PolskiGrammar')
    cd /Users/german/Work/JS/polski-grammar-srs/kotlin/iosApp
    write-file /Users/german/Work/JS/polski-grammar-srs/kotlin/iosApp/build/FinalVirtualKeyboardToolbar/Build/Intermediates.noindex/PolskiGrammar.build/Debug-iphonesimulator/PolskiGrammar.build/Objects-normal/arm64/PolskiGrammar.SwiftConstValuesFileList

WriteAuxiliaryFile /Users/german/Work/JS/polski-grammar-srs/kotlin/iosApp/build/FinalVirtualKeyboardToolbar/Build/Intermediates.noindex/PolskiGrammar.build/Debug-iphonesimulator/PolskiGrammar.build/Objects-normal/arm64/PolskiGrammar.LinkFileList (in target 'PolskiGrammar' from project 'PolskiGrammar')
    cd /Users/german/Work/JS/polski-grammar-srs/kotlin/iosApp
    write-file /Users/german/Work/JS/polski-grammar-srs/kotlin/iosApp/build/FinalVirtualKeyboardToolbar/Build/Intermediates.noindex/PolskiGrammar.build/Debug-iphonesimulator/PolskiGrammar.build/Objects-normal/arm64/PolskiGrammar.LinkFileList

WriteAuxiliaryFile /Users/german/Work/JS/polski-grammar-srs/kotlin/iosApp/build/FinalVirtualKeyboardToolbar/Build/Intermediates.noindex/PolskiGrammar.build/Debug-iphonesimulator/PolskiGrammar.build/Objects-normal/arm64/PolskiGrammar-OutputFileMap.json (in target 'PolskiGrammar' from project 'PolskiGrammar')
    cd /Users/german/Work/JS/polski-grammar-srs/kotlin/iosApp
    write-file /Users/german/Work/JS/polski-grammar-srs/kotlin/iosApp/build/FinalVirtualKeyboardToolbar/Build/Intermediates.noindex/PolskiGrammar.build/Debug-iphonesimulator/PolskiGrammar.build/Objects-normal/arm64/PolskiGrammar-OutputFileMap.json

MkDir /Users/german/Work/JS/polski-grammar-srs/kotlin/iosApp/build/FinalVirtualKeyboardToolbar/Build/Products/Debug-iphonesimulator/PolskiGrammarUITests-Runner.app/PlugIns/PolskiGrammarUITests.xctest (in target 'PolskiGrammarUITests' from project 'PolskiGrammar')
    cd /Users/german/Work/JS/polski-grammar-srs/kotlin/iosApp
    /bin/mkdir -p /Users/german/Work/JS/polski-grammar-srs/kotlin/iosApp/build/FinalVirtualKeyboardToolbar/Build/Products/Debug-iphonesimulator/PolskiGrammarUITests-Runner.app/PlugIns/PolskiGrammarUITests.xctest

MkDir /Users/german/Work/JS/polski-grammar-srs/kotlin/iosApp/build/FinalVirtualKeyboardToolbar/Build/Products/Debug-iphonesimulator/PolskiGrammar.app (in target 'PolskiGrammar' from project 'PolskiGrammar')
    cd /Users/german/Work/JS/polski-grammar-srs/kotlin/iosApp
    /bin/mkdir -p /Users/german/Work/JS/polski-grammar-srs/kotlin/iosApp/build/FinalVirtualKeyboardToolbar/Build/Products/Debug-iphonesimulator/PolskiGrammar.app

PhaseScriptExecution Build\ Kotlin\ framework /Users/german/Work/JS/polski-grammar-srs/kotlin/iosApp/build/FinalVirtualKeyboardToolbar/Build/Intermediates.noindex/PolskiGrammar.build/Debug-iphonesimulator/PolskiGrammar.build/Script-DF070EF247392F9D1B643D23.sh (in target 'PolskiGrammar' from project 'PolskiGrammar')
    cd /Users/german/Work/JS/polski-grammar-srs/kotlin/iosApp
    export ACTION\=build
    export AD_HOC_CODE_SIGNING_ALLOWED\=YES
    export AGGREGATE_TRACKED_DOMAINS\=YES
    export ALLOW_BUILD_REQUEST_OVERRIDES\=NO
    export ALLOW_TARGET_PLATFORM_SPECIALIZATION\=NO
    export ALTERNATE_GROUP\=staff
    export ALTERNATE_MODE\=u+w,go-w,a+rX
    export ALTERNATE_OWNER\=german
    export ALTERNATIVE_DISTRIBUTION_WEB\=NO
    export ALWAYS_EMBED_SWIFT_STANDARD_LIBRARIES\=NO
    export ALWAYS_SEARCH_USER_PATHS\=NO
    export ALWAYS_USE_SEPARATE_HEADERMAPS\=NO
    export APPLICATION_EXTENSION_API_ONLY\=NO
    export APPLY_RULES_IN_COPY_FILES\=NO
    export APPLY_RULES_IN_COPY_HEADERS\=NO
    export APP_SHORTCUTS_ENABLE_FLEXIBLE_MATCHING\=YES
    export ARCHS\=arm64
    export ARCHS_BASE\=arm64
    export ARCHS_STANDARD\=arm64\ x86_64
    export ARCHS_STANDARD_32_64_BIT\=arm64\ x86_64
    export ARCHS_STANDARD_64_BIT\=arm64\ x86_64
    export ARCHS_STANDARD_INCLUDING_64_BIT\=arm64\ x86_64
    export ARCHS_UNIVERSAL_IPHONE_OS\=arm64\ x86_64
    export ASSETCATALOG_COMPILER_APPICON_NAME\=AppIcon
    export ASSETCATALOG_COMPILER_GLOBAL_ACCENT_COLOR_NAME\=AccentColor
    export ASSETCATALOG_FILTER_FOR_DEVICE_MODEL\=iPhone18,1
    export ASSETCATALOG_FILTER_FOR_DEVICE_OS_VERSION\=26.1
    export ASSETCATALOG_FILTER_FOR_THINNING_DEVICE_CONFIGURATION\=iPhone18,1
    export AUTOMATICALLY_MERGE_DEPENDENCIES\=NO
    export AUTOMATION_APPLE_EVENTS\=NO
    export AVAILABLE_PLATFORMS\=android\ appletvos\ appletvsimulator\ driverkit\ freebsd\ iphoneos\ iphonesimulator\ linux\ macosx\ none\ openbsd\ qnx\ staticlinux\ watchos\ watchsimulator\ webassembly\ xros\ xrsimulator
    export BUILD_ACTIVE_RESOURCES_ONLY\=YES
    export BUILD_COMPONENTS\=headers\ build
    export BUILD_DIR\=/Users/german/Work/JS/polski-grammar-srs/kotlin/iosApp/build/FinalVirtualKeyboardToolbar/Build/Products
    export BUILD_LIBRARY_FOR_DISTRIBUTION\=NO
    export BUILD_ONLY_KNOWN_LOCALIZATIONS\=NO
    export BUILD_ROOT\=/Users/german/Work/JS/polski-grammar-srs/kotlin/iosApp/build/FinalVirtualKeyboardToolbar/Build/Products
    export BUILD_STYLE\=
    export BUILD_VARIANTS\=normal
    export BUILT_PRODUCTS_DIR\=/Users/german/Work/JS/polski-grammar-srs/kotlin/iosApp/build/FinalVirtualKeyboardToolbar/Build/Products/Debug-iphonesimulator
    export BUNDLE_CONTENTS_FOLDER_PATH_deep\=Contents/
    export BUNDLE_EXECUTABLE_FOLDER_NAME_deep\=MacOS
    export BUNDLE_EXTENSIONS_FOLDER_PATH\=Extensions
    export BUNDLE_FORMAT\=shallow
    export BUNDLE_FRAMEWORKS_FOLDER_PATH\=Frameworks
    export BUNDLE_PLUGINS_FOLDER_PATH\=PlugIns
    export BUNDLE_PRIVATE_HEADERS_FOLDER_PATH\=PrivateHeaders
    export BUNDLE_PUBLIC_HEADERS_FOLDER_PATH\=Headers
    export CACHE_ROOT\=/var/folders/w9/h4ncyn2j3z775qnrltrq35b40000gn/C/com.apple.DeveloperTools/27.0-27A266a/Xcode
    export CCHROOT\=/var/folders/w9/h4ncyn2j3z775qnrltrq35b40000gn/C/com.apple.DeveloperTools/27.0-27A266a/Xcode
    export CHMOD\=/bin/chmod
    export CHOWN\=chown
    export CLANG_ANALYZER_NONNULL\=YES
    export CLANG_ANALYZER_NUMBER_OBJECT_CONVERSION\=YES_AGGRESSIVE
    export CLANG_CACHE_FINE_GRAINED_OUTPUTS\=YES
    export CLANG_CXX_LANGUAGE_STANDARD\=gnu++14
    export CLANG_CXX_LIBRARY\=libc++
    export CLANG_ENABLE_EXPLICIT_MODULES\=YES
    export CLANG_ENABLE_MODULES\=YES
    export CLANG_ENABLE_OBJC_ARC\=YES
    export CLANG_ENABLE_OBJC_WEAK\=NO
    export CLANG_MODULES_BUILD_SESSION_FILE\=/Users/german/Work/JS/polski-grammar-srs/kotlin/iosApp/build/FinalVirtualKeyboardToolbar/ModuleCache.noindex/Session.modulevalidation
    export CLANG_WARN_BLOCK_CAPTURE_AUTORELEASING\=YES
    export CLANG_WARN_BOOL_CONVERSION\=YES
    export CLANG_WARN_COMMA\=YES
    export CLANG_WARN_CONSTANT_CONVERSION\=YES
    export CLANG_WARN_DEPRECATED_OBJC_IMPLEMENTATIONS\=YES
    export CLANG_WARN_DIRECT_OBJC_ISA_USAGE\=YES_ERROR
    export CLANG_WARN_DOCUMENTATION_COMMENTS\=YES
    export CLANG_WARN_EMPTY_BODY\=YES
    export CLANG_WARN_ENUM_CONVERSION\=YES
    export CLANG_WARN_INFINITE_RECURSION\=YES
    export CLANG_WARN_INT_CONVERSION\=YES
    export CLANG_WARN_NON_LITERAL_NULL_CONVERSION\=YES
    export CLANG_WARN_OBJC_IMPLICIT_RETAIN_SELF\=YES
    export CLANG_WARN_OBJC_LITERAL_CONVERSION\=YES
    export CLANG_WARN_OBJC_ROOT_CLASS\=YES_ERROR
    export CLANG_WARN_QUOTED_INCLUDE_IN_FRAMEWORK_HEADER\=YES
    export CLANG_WARN_RANGE_LOOP_ANALYSIS\=YES
    export CLANG_WARN_STRICT_PROTOTYPES\=YES
    export CLANG_WARN_SUSPICIOUS_MOVE\=YES
    export CLANG_WARN_UNGUARDED_AVAILABILITY\=YES_AGGRESSIVE
    export CLANG_WARN_UNREACHABLE_CODE\=YES
    export CLANG_WARN__DUPLICATE_METHOD_MATCH\=YES
    export CLASS_FILE_DIR\=/Users/german/Work/JS/polski-grammar-srs/kotlin/iosApp/build/FinalVirtualKeyboardToolbar/Build/Intermediates.noindex/PolskiGrammar.build/Debug-iphonesimulator/PolskiGrammar.build/JavaClasses
    export CLEAN_PRECOMPS\=YES
    export CLONE_HEADERS\=NO
    export CODESIGNING_FOLDER_PATH\=/Users/german/Work/JS/polski-grammar-srs/kotlin/iosApp/build/FinalVirtualKeyboardToolbar/Build/Products/Debug-iphonesimulator/PolskiGrammar.app
    export CODE_SIGNING_ALLOWED\=NO
    export CODE_SIGNING_REQUIRED\=YES
    export CODE_SIGN_CONTEXT_CLASS\=XCiPhoneSimulatorCodeSignContext
    export CODE_SIGN_IDENTITY\=-
    export CODE_SIGN_INJECT_BASE_ENTITLEMENTS\=YES
    export CODE_SIGN_STYLE\=Automatic
    export COLOR_DIAGNOSTICS\=NO
    export COMBINE_HIDPI_IMAGES\=NO
    export COMPILATION_CACHE_CAS_PATH\=/Users/german/Work/JS/polski-grammar-srs/kotlin/iosApp/build/FinalVirtualKeyboardToolbar/CompilationCache.noindex
    export COMPILATION_CACHE_KEEP_CAS_DIRECTORY\=YES
    export COMPILER_INDEX_STORE_ENABLE\=Default
    export COMPOSITE_SDK_DIRS\=/Users/german/Work/JS/polski-grammar-srs/kotlin/iosApp/build/FinalVirtualKeyboardToolbar/Build/Intermediates.noindex/CompositeSDKs
    export COMPRESS_PNG_FILES\=YES
    export CONFIGURATION\=Debug
    export CONFIGURATION_BUILD_DIR\=/Users/german/Work/JS/polski-grammar-srs/kotlin/iosApp/build/FinalVirtualKeyboardToolbar/Build/Products/Debug-iphonesimulator
    export CONFIGURATION_TEMP_DIR\=/Users/german/Work/JS/polski-grammar-srs/kotlin/iosApp/build/FinalVirtualKeyboardToolbar/Build/Intermediates.noindex/PolskiGrammar.build/Debug-iphonesimulator
    export CONTENTS_FOLDER_PATH\=PolskiGrammar.app
    export CONTENTS_FOLDER_PATH_SHALLOW_BUNDLE_NO\=PolskiGrammar.app/Contents
    export CONTENTS_FOLDER_PATH_SHALLOW_BUNDLE_YES\=PolskiGrammar.app
    export COPYING_PRESERVES_HFS_DATA\=NO
    export COPY_HEADERS_RUN_UNIFDEF\=NO
    export COPY_PHASE_STRIP\=NO
    export CORRESPONDING_DEVICE_PLATFORM_DIR\=/Applications/Xcode.app/Contents/Developer/Platforms/iPhoneOS.platform
    export CORRESPONDING_DEVICE_PLATFORM_NAME\=iphoneos
    export CORRESPONDING_DEVICE_SDK_DIR\=/Applications/Xcode.app/Contents/Developer/Platforms/iPhoneOS.platform/Developer/SDKs/iPhoneOS27.0.sdk
    export CORRESPONDING_DEVICE_SDK_NAME\=iphoneos27.0
    export CP\=/bin/cp
    export CREATE_INFOPLIST_SECTION_IN_BINARY\=NO
    export CURRENT_ARCH\=undefined_arch
    export CURRENT_VARIANT\=normal
    export DEAD_CODE_STRIPPING\=YES
    export DEBUGGING_SYMBOLS\=YES
    export DEBUG_INFORMATION_FORMAT\=dwarf
    export DEBUG_INFORMATION_VERSION\=compiler-default
    export DEFAULT_COMPILER\=com.apple.compilers.llvm.clang.1_0
    export DEFAULT_DEXT_INSTALL_PATH\=/System/Library/DriverExtensions
    export DEFAULT_KEXT_INSTALL_PATH\=/System/Library/Extensions
    export DEFINES_MODULE\=NO
    export DEPLOYMENT_LOCATION\=NO
    export DEPLOYMENT_POSTPROCESSING\=NO
    export DEPLOYMENT_TARGET_SETTING_NAME\=IPHONEOS_DEPLOYMENT_TARGET
    export DEPLOYMENT_TARGET_SUGGESTED_VALUES\=15.0\ 15.1\ 15.2\ 15.3\ 15.4\ 15.5\ 15.6\ 16.0\ 16.1\ 16.2\ 16.3\ 16.4\ 16.5\ 16.6\ 17.0\ 17.1\ 17.2\ 17.3\ 17.4\ 17.5\ 17.6\ 18.0\ 18.1\ 18.2\ 18.3\ 18.4\ 18.5\ 18.6\ 26.0\ 26.2\ 26.3\ 26.4\ 26.5\ 26.6\ 27.0
    export DERIVED_FILES_DIR\=/Users/german/Work/JS/polski-grammar-srs/kotlin/iosApp/build/FinalVirtualKeyboardToolbar/Build/Intermediates.noindex/PolskiGrammar.build/Debug-iphonesimulator/PolskiGrammar.build/DerivedSources
    export DERIVED_FILE_DIR\=/Users/german/Work/JS/polski-grammar-srs/kotlin/iosApp/build/FinalVirtualKeyboardToolbar/Build/Intermediates.noindex/PolskiGrammar.build/Debug-iphonesimulator/PolskiGrammar.build/DerivedSources
    export DERIVED_SOURCES_DIR\=/Users/german/Work/JS/polski-grammar-srs/kotlin/iosApp/build/FinalVirtualKeyboardToolbar/Build/Intermediates.noindex/PolskiGrammar.build/Debug-iphonesimulator/PolskiGrammar.build/DerivedSources
    export DEVELOPER_APPLICATIONS_DIR\=/Applications/Xcode.app/Contents/Developer/Applications
    export DEVELOPER_BIN_DIR\=/Applications/Xcode.app/Contents/Developer/usr/bin
    export DEVELOPER_DIR\=/Applications/Xcode.app/Contents/Developer
    export DEVELOPER_FRAMEWORKS_DIR\=/Applications/Xcode.app/Contents/Developer/Library/Frameworks
    export DEVELOPER_FRAMEWORKS_DIR_QUOTED\=/Applications/Xcode.app/Contents/Developer/Library/Frameworks
    export DEVELOPER_LIBRARY_DIR\=/Applications/Xcode.app/Contents/Developer/Library
    export DEVELOPER_SDK_DIR\=/Applications/Xcode.app/Contents/Developer/Platforms/MacOSX.platform/Developer/SDKs
    export DEVELOPER_TOOLS_DIR\=/Applications/Xcode.app/Contents/Developer/Tools
    export DEVELOPER_USR_DIR\=/Applications/Xcode.app/Contents/Developer/usr
    export DEVELOPMENT_LANGUAGE\=ru
    export DIAGNOSE_MISSING_TARGET_DEPENDENCIES\=YES
    export DIFF\=/usr/bin/diff
    export DOCUMENTATION_FOLDER_PATH\=PolskiGrammar.app/ru.lproj/Documentation
    export DONT_GENERATE_INFOPLIST_FILE\=NO
    export DSTROOT\=/tmp/PolskiGrammar.dst
    export DT_TOOLCHAIN_DIR\=/Applications/Xcode.app/Contents/Developer/Toolchains/XcodeDefault.xctoolchain
    export DWARF_DSYM_FILE_NAME\=PolskiGrammar.app.dSYM
    export DWARF_DSYM_FILE_SHOULD_ACCOMPANY_PRODUCT\=NO
    export DWARF_DSYM_FOLDER_PATH\=/Users/german/Work/JS/polski-grammar-srs/kotlin/iosApp/build/FinalVirtualKeyboardToolbar/Build/Products/Debug-iphonesimulator
    export DYNAMIC_LIBRARY_EXTENSION\=dylib
    export EAGER_COMPILATION_ALLOW_SCRIPTS\=NO
    export EAGER_LINKING\=NO
    export EFFECTIVE_PLATFORM_NAME\=-iphonesimulator
    export EFFECTIVE_SWIFT_VERSION\=5
    export EMBEDDED_CONTENT_CONTAINS_SWIFT\=NO
    export EMBED_ASSET_PACKS_IN_PRODUCT_BUNDLE\=NO
    export ENABLE_APP_SANDBOX\=NO
    export ENABLE_CODE_COVERAGE\=YES
    export ENABLE_COHORT_ARCHS\=YES
    export ENABLE_CPLUSPLUS_BOUNDS_SAFE_BUFFERS\=NO
    export ENABLE_C_BOUNDS_SAFETY\=NO
    export ENABLE_DEBUG_DYLIB\=YES
    export ENABLE_DEFAULT_HEADER_SEARCH_PATHS\=YES
    export ENABLE_DEFAULT_SEARCH_PATHS\=YES
    export ENABLE_ENHANCED_SECURITY\=NO
    export ENABLE_HARDENED_RUNTIME\=NO
    export ENABLE_HARDWARE_CHECKED_POINTER_ARITHMETIC_SLICE\=NO
    export ENABLE_HEADER_DEPENDENCIES\=YES
    export ENABLE_INCOMING_NETWORK_CONNECTIONS\=NO
    export ENABLE_ON_DEMAND_RESOURCES\=YES
    export ENABLE_OUTGOING_NETWORK_CONNECTIONS\=NO
    export ENABLE_POINTER_AUTHENTICATION\=NO
    export ENABLE_PREVIEWS\=NO
    export ENABLE_RESOURCE_ACCESS_AUDIO_INPUT\=NO
    export ENABLE_RESOURCE_ACCESS_BLUETOOTH\=NO
    export ENABLE_RESOURCE_ACCESS_CALENDARS\=NO
    export ENABLE_RESOURCE_ACCESS_CAMERA\=NO
    export ENABLE_RESOURCE_ACCESS_CONTACTS\=NO
    export ENABLE_RESOURCE_ACCESS_LOCATION\=NO
    export ENABLE_RESOURCE_ACCESS_PHOTO_LIBRARY\=NO
    export ENABLE_RESOURCE_ACCESS_PRINTING\=NO
    export ENABLE_RESOURCE_ACCESS_USB\=NO
    export ENABLE_SDK_IMPORTS\=NO
    export ENABLE_SECURITY_COMPILER_WARNINGS\=NO
    export ENABLE_STRICT_OBJC_MSGSEND\=YES
    export ENABLE_TESTABILITY\=YES
    export ENABLE_TESTING_SEARCH_PATHS\=NO
    export ENABLE_USER_SCRIPT_SANDBOXING\=NO
    export ENABLE_XOJIT_PREVIEWS\=YES
    export ENFORCE_VALID_ARCHS\=YES
    export ENTITLEMENTS_ALLOWED\=NO
    export ENTITLEMENTS_DESTINATION\=__entitlements
    export ENTITLEMENTS_REQUIRED\=NO
    export EXCLUDED_INSTALLSRC_SUBDIRECTORY_PATTERNS\=.DS_Store\ .svn\ .git\ .hg\ CVS
    export EXCLUDED_RECURSIVE_SEARCH_PATH_SUBDIRECTORIES\=\*.nib\ \*.lproj\ \*.framework\ \*.gch\ \*.xcode\*\ \*.xcassets\ \*.icon\ \(\*\)\ .DS_Store\ CVS\ .svn\ .git\ .hg\ \*.pbproj\ \*.pbxproj
    export EXECUTABLES_FOLDER_PATH\=PolskiGrammar.app/Executables
    export EXECUTABLE_BLANK_INJECTION_DYLIB_PATH\=PolskiGrammar.app/__preview.dylib
    export EXECUTABLE_DEBUG_DYLIB_INSTALL_NAME\=@rpath/PolskiGrammar.debug.dylib
    export EXECUTABLE_DEBUG_DYLIB_PATH\=PolskiGrammar.app/PolskiGrammar.debug.dylib
    export EXECUTABLE_FOLDER_PATH\=PolskiGrammar.app
    export EXECUTABLE_FOLDER_PATH_SHALLOW_BUNDLE_NO\=PolskiGrammar.app/MacOS
    export EXECUTABLE_FOLDER_PATH_SHALLOW_BUNDLE_YES\=PolskiGrammar.app
    export EXECUTABLE_NAME\=PolskiGrammar
    export EXECUTABLE_PATH\=PolskiGrammar.app/PolskiGrammar
    export EXTENSIONS_FOLDER_PATH\=PolskiGrammar.app/Extensions
    export FILE_LIST\=/Users/german/Work/JS/polski-grammar-srs/kotlin/iosApp/build/FinalVirtualKeyboardToolbar/Build/Intermediates.noindex/PolskiGrammar.build/Debug-iphonesimulator/PolskiGrammar.build/Objects/LinkFileList
    export FIXED_FILES_DIR\=/Users/german/Work/JS/polski-grammar-srs/kotlin/iosApp/build/FinalVirtualKeyboardToolbar/Build/Intermediates.noindex/PolskiGrammar.build/Debug-iphonesimulator/PolskiGrammar.build/FixedFiles
    export FRAMEWORKS_FOLDER_PATH\=PolskiGrammar.app/Frameworks
    export FRAMEWORK_FLAG_PREFIX\=-framework
    export FRAMEWORK_SEARCH_PATHS\=/Users/german/Work/JS/polski-grammar-srs/kotlin/iosApp/build/FinalVirtualKeyboardToolbar/Build/Products/Debug-iphonesimulator\ \ /Users/german/Work/JS/polski-grammar-srs/kotlin/iosApp/build/FinalVirtualKeyboardToolbar/Build/Products/Debug-iphonesimulator
    export FRAMEWORK_VERSION\=A
    export FULL_PRODUCT_NAME\=PolskiGrammar.app
    export FUSE_BUILD_PHASES\=YES
    export FUSE_BUILD_SCRIPT_PHASES\=NO
    export GCC3_VERSION\=3.3
    export GCC_C_LANGUAGE_STANDARD\=gnu11
    export GCC_DYNAMIC_NO_PIC\=NO
    export GCC_INLINES_ARE_PRIVATE_EXTERN\=YES
    export GCC_NO_COMMON_BLOCKS\=YES
    export GCC_OBJC_LEGACY_DISPATCH\=YES
    export GCC_OPTIMIZATION_LEVEL\=0
    export GCC_PFE_FILE_C_DIALECTS\=c\ objective-c\ c++\ objective-c++
    export GCC_PREPROCESSOR_DEFINITIONS\=DEBUG\=1\ 
    export GCC_SYMBOLS_PRIVATE_EXTERN\=NO
    export GCC_TREAT_WARNINGS_AS_ERRORS\=NO
    export GCC_VERSION\=com.apple.compilers.llvm.clang.1_0
    export GCC_VERSION_IDENTIFIER\=com_apple_compilers_llvm_clang_1_0
    export GCC_WARN_64_TO_32_BIT_CONVERSION\=YES
    export GCC_WARN_ABOUT_RETURN_TYPE\=YES_ERROR
    export GCC_WARN_UNDECLARED_SELECTOR\=YES
    export GCC_WARN_UNINITIALIZED_AUTOS\=YES_AGGRESSIVE
    export GCC_WARN_UNUSED_FUNCTION\=YES
    export GCC_WARN_UNUSED_VARIABLE\=YES
    export GENERATED_MODULEMAP_DIR\=/Users/german/Work/JS/polski-grammar-srs/kotlin/iosApp/build/FinalVirtualKeyboardToolbar/Build/Intermediates.noindex/GeneratedModuleMaps-iphonesimulator
    export GENERATE_INFOPLIST_FILE\=YES
    export GENERATE_INTERMEDIATE_TEXT_BASED_STUBS\=YES
    export GENERATE_PKGINFO_FILE\=YES
    export GENERATE_PRELINK_OBJECT_FILE\=NO
    export GENERATE_PROFILING_CODE\=NO
    export GENERATE_TEXT_BASED_STUBS\=NO
    export GID\=20
    export GROUP\=staff
    export HEADERMAP_INCLUDES_FLAT_ENTRIES_FOR_TARGET_BEING_BUILT\=YES
    export HEADERMAP_INCLUDES_FRAMEWORK_ENTRIES_FOR_ALL_PRODUCT_TYPES\=YES
    export HEADERMAP_INCLUDES_FRAMEWORK_ENTRIES_FOR_TARGETS_NOT_BEING_BUILT\=YES
    export HEADERMAP_INCLUDES_NONPUBLIC_NONPRIVATE_HEADERS\=YES
    export HEADERMAP_INCLUDES_PROJECT_HEADERS\=YES
    export HEADERMAP_USES_FRAMEWORK_PREFIX_ENTRIES\=YES
    export HEADERMAP_USES_VFS\=NO
    export HEADER_SEARCH_PATHS\=/Users/german/Work/JS/polski-grammar-srs/kotlin/iosApp/build/FinalVirtualKeyboardToolbar/Build/Products/Debug-iphonesimulator/include\ 
    export HOME\=/Users/german
    export HOST_ARCH\=arm64
    export HOST_PLATFORM\=macosx
    export ICONV\=/usr/bin/iconv
    export IMPLICIT_DEPENDENCY_DOMAIN\=default
    export INDEX_ENABLE_OPTIMIZATION_LEVEL_OVERRIDE\=YES
    export INDEX_STORE_COMPRESS\=NO
    export INDEX_STORE_ONLY_PROJECT_FILES\=NO
    export INFOPLIST_ENABLE_CFBUNDLEICONS_MERGE\=YES
    export INFOPLIST_EXPAND_BUILD_SETTINGS\=YES
    export INFOPLIST_KEY_CFBundleDisplayName\=Polski\ Grammar\ Matrix
    export INFOPLIST_KEY_UIApplicationSceneManifest_Generation\=YES
    export INFOPLIST_KEY_UILaunchScreen_Generation\=YES
    export INFOPLIST_KEY_UISupportedInterfaceOrientations\=UIInterfaceOrientationPortrait\ UIInterfaceOrientationPortraitUpsideDown\ UIInterfaceOrientationLandscapeLeft\ UIInterfaceOrientationLandscapeRight
    export INFOPLIST_OUTPUT_FORMAT\=binary
    export INFOPLIST_PATH\=PolskiGrammar.app/Info.plist
    export INFOPLIST_PREPROCESS\=NO
    export INFOSTRINGS_PATH\=PolskiGrammar.app/ru.lproj/InfoPlist.strings
    export INLINE_PRIVATE_FRAMEWORKS\=NO
    export INSTALLAPI_IGNORE_SKIP_INSTALL\=YES
    export INSTALLHDRS_COPY_PHASE\=NO
    export INSTALLHDRS_SCRIPT_PHASE\=NO
    export INSTALL_DIR\=/tmp/PolskiGrammar.dst/Applications
    export INSTALL_GROUP\=staff
    export INSTALL_MODE_FLAG\=u+w,go-w,a+rX
    export INSTALL_OWNER\=german
    export INSTALL_PATH\=/Applications
    export INSTALL_ROOT\=/tmp/PolskiGrammar.dst
    export IPHONEOS_DEPLOYMENT_TARGET\=17.0
    export IS_UNOPTIMIZED_BUILD\=YES
    export JAVAC_DEFAULT_FLAGS\=-J-Xms64m\ -J-XX:NewSize\=4M\ -J-Dfile.encoding\=UTF8
    export JAVA_APP_STUB\=/System/Library/Frameworks/JavaVM.framework/Resources/MacOS/JavaApplicationStub
    export JAVA_ARCHIVE_CLASSES\=YES
    export JAVA_ARCHIVE_TYPE\=JAR
    export JAVA_COMPILER\=/usr/bin/javac
    export JAVA_FOLDER_PATH\=PolskiGrammar.app/Java
    export JAVA_FRAMEWORK_RESOURCES_DIRS\=Resources
    export JAVA_JAR_FLAGS\=cv
    export JAVA_SOURCE_SUBDIR\=.
    export JAVA_USE_DEPENDENCIES\=YES
    export JAVA_ZIP_FLAGS\=-urg
    export JIKES_DEFAULT_FLAGS\=+E\ +OLDCSO
    export KEEP_PRIVATE_EXTERNS\=NO
    export LD_DEPENDENCY_INFO_FILE\=/Users/german/Work/JS/polski-grammar-srs/kotlin/iosApp/build/FinalVirtualKeyboardToolbar/Build/Intermediates.noindex/PolskiGrammar.build/Debug-iphonesimulator/PolskiGrammar.build/Objects-normal/undefined_arch/PolskiGrammar_dependency_info.dat
    export LD_EXPORT_GLOBAL_SYMBOLS\=YES
    export LD_EXPORT_SYMBOLS\=YES
    export LD_GENERATE_MAP_FILE\=NO
    export LD_MAP_FILE_PATH\=/Users/german/Work/JS/polski-grammar-srs/kotlin/iosApp/build/FinalVirtualKeyboardToolbar/Build/Intermediates.noindex/PolskiGrammar.build/Debug-iphonesimulator/PolskiGrammar.build/PolskiGrammar-LinkMap-normal-undefined_arch.txt
    export LD_NO_PIE\=NO
    export LD_QUOTE_LINKER_ARGUMENTS_FOR_COMPILER_DRIVER\=YES
    export LD_RUNPATH_SEARCH_PATHS\=\ @executable_path/Frameworks
    export LD_RUNPATH_SEARCH_PATHS_YES\=@loader_path/../Frameworks
    export LD_SHARED_CACHE_ELIGIBLE\=Automatic
    export LD_WARN_DUPLICATE_LIBRARIES\=NO
    export LD_WARN_UNUSED_DYLIBS\=NO
    export LEGACY_DEVELOPER_DIR\=/Applications/Xcode.app/Contents/PlugIns/Xcode3Core.ideplugin/Contents/SharedSupport/Developer
    export LEX\=lex
    export LIBRARY_DEXT_INSTALL_PATH\=/Library/DriverExtensions
    export LIBRARY_FLAG_NOSPACE\=YES
    export LIBRARY_FLAG_PREFIX\=-l
    export LIBRARY_KEXT_INSTALL_PATH\=/Library/Extensions
    export LIBRARY_SEARCH_PATHS\=/Users/german/Work/JS/polski-grammar-srs/kotlin/iosApp/build/FinalVirtualKeyboardToolbar/Build/Products/Debug-iphonesimulator\ 
    export LINKER_DISPLAYS_MANGLED_NAMES\=NO
    export LINK_FILE_LIST_normal_arm64\=/Users/german/Work/JS/polski-grammar-srs/kotlin/iosApp/build/FinalVirtualKeyboardToolbar/Build/Intermediates.noindex/PolskiGrammar.build/Debug-iphonesimulator/PolskiGrammar.build/Objects-normal/arm64/PolskiGrammar.LinkFileList
    export LINK_OBJC_RUNTIME\=YES
    export LINK_WITH_STANDARD_LIBRARIES\=YES
    export LLVM_TARGET_TRIPLE_OS_VERSION\=ios17.0
    export LLVM_TARGET_TRIPLE_SUFFIX\=-simulator
    export LLVM_TARGET_TRIPLE_VENDOR\=apple
    export LM_AUX_CONST_METADATA_LIST_PATH_normal_arm64\=/Users/german/Work/JS/polski-grammar-srs/kotlin/iosApp/build/FinalVirtualKeyboardToolbar/Build/Intermediates.noindex/PolskiGrammar.build/Debug-iphonesimulator/PolskiGrammar.build/Objects-normal/arm64/PolskiGrammar.SwiftConstValuesFileList
    export LOCALIZATION_EXPORT_SUPPORTED\=YES
    export LOCALIZATION_PREFERS_STRING_CATALOGS\=NO
    export LOCALIZED_RESOURCES_FOLDER_PATH\=PolskiGrammar.app/ru.lproj
    export LOCALIZED_STRING_CODE_COMMENTS\=NO
    export LOCALIZED_STRING_MACRO_NAMES\=NSLocalizedString\ CFCopyLocalizedString
    export LOCALIZED_STRING_SWIFTUI_SUPPORT\=YES
    export LOCAL_ADMIN_APPS_DIR\=/Applications/Utilities
    export LOCAL_APPS_DIR\=/Applications
    export LOCAL_DEVELOPER_DIR\=/Library/Developer
    export LOCAL_LIBRARY_DIR\=/Library
    export LOCROOT\=/Users/german/Work/JS/polski-grammar-srs/kotlin/iosApp
    export LOCSYMROOT\=/Users/german/Work/JS/polski-grammar-srs/kotlin/iosApp
    export MACH_O_TYPE\=mh_execute
    export MAC_OS_X_PRODUCT_BUILD_VERSION\=25G72
    export MAC_OS_X_VERSION_ACTUAL\=260600
    export MAC_OS_X_VERSION_MAJOR\=260000
    export MAC_OS_X_VERSION_MINOR\=260600
    export MAKE_MERGEABLE\=NO
    export MERGEABLE_LIBRARY\=NO
    export MERGED_BINARY_TYPE\=none
    export MERGE_LINKED_LIBRARIES\=NO
    export METAL_LIBRARY_FILE_BASE\=default
    export METAL_LIBRARY_OUTPUT_DIR\=/Users/german/Work/JS/polski-grammar-srs/kotlin/iosApp/build/FinalVirtualKeyboardToolbar/Build/Products/Debug-iphonesimulator/PolskiGrammar.app
    export MODULES_FOLDER_PATH\=PolskiGrammar.app/Modules
    export MODULE_CACHE_DIR\=/Users/german/Work/JS/polski-grammar-srs/kotlin/iosApp/build/FinalVirtualKeyboardToolbar/ModuleCache.noindex
    export MTL_ENABLE_DEBUG_INFO\=INCLUDE_SOURCE
    export MTL_FAST_MATH\=YES
    export NATIVE_ARCH\=arm64
    export NATIVE_ARCH_32_BIT\=arm
    export NATIVE_ARCH_64_BIT\=arm64
    export NATIVE_ARCH_ACTUAL\=arm64
    export NO_COMMON\=YES
    export OBJC_ABI_VERSION\=2
    export OBJECT_FILE_DIR\=/Users/german/Work/JS/polski-grammar-srs/kotlin/iosApp/build/FinalVirtualKeyboardToolbar/Build/Intermediates.noindex/PolskiGrammar.build/Debug-iphonesimulator/PolskiGrammar.build/Objects
    export OBJECT_FILE_DIR_normal\=/Users/german/Work/JS/polski-grammar-srs/kotlin/iosApp/build/FinalVirtualKeyboardToolbar/Build/Intermediates.noindex/PolskiGrammar.build/Debug-iphonesimulator/PolskiGrammar.build/Objects-normal
    export OBJROOT\=/Users/german/Work/JS/polski-grammar-srs/kotlin/iosApp/build/FinalVirtualKeyboardToolbar/Build/Intermediates.noindex
    export ONLY_ACTIVE_ARCH\=YES
    export ONLY_ARCH\=arm64
    export OS\=MACOS
    export OSAC\=/usr/bin/osacompile
    export OTHER_LDFLAGS\=\ -framework\ PolskiShared
    export PACKAGE_TYPE\=com.apple.package-type.wrapper.application
    export PASCAL_STRINGS\=YES
    export PATH\=/Applications/Xcode.app/Contents/SharedFrameworks/SwiftBuild.framework/Versions/A/PlugIns/SWBBuildService.bundle/Contents/PlugIns/SWBUniversalPlatformPlugin.bundle/Contents/Frameworks/SWBUniversalPlatform.framework/Resources:/Applications/Xcode.app/Contents/Developer/Toolchains/XcodeDefault.xctoolchain/usr/bin:/Applications/Xcode.app/Contents/Developer/Toolchains/XcodeDefault.xctoolchain/usr/local/bin:/Applications/Xcode.app/Contents/Developer/Toolchains/XcodeDefault.xctoolchain/usr/libexec:/Applications/Xcode.app/Contents/Developer/Platforms/iPhoneSimulator.platform/usr/bin:/Applications/Xcode.app/Contents/Developer/Platforms/iPhoneSimulator.platform/usr/local/bin:/Applications/Xcode.app/Contents/Developer/Platforms/iPhoneSimulator.platform/Developer/usr/bin:/Applications/Xcode.app/Contents/Developer/Platforms/iPhoneSimulator.platform/Developer/usr/local/bin:/Applications/Xcode.app/Contents/Developer/usr/bin:/Applications/Xcode.app/Contents/Developer/usr/local/bin:/usr/local/lib/node_modules/@openai/codex/node_modules/@openai/codex-darwin-x64/vendor/x86_64-apple-darwin/codex-path:/Users/german/.local/bin:/usr/local/opt/ffmpeg@7/bin:/Users/german/.antigravity/antigravity/bin:/Library/Frameworks/Python.framework/Versions/3.9/bin:/Library/Frameworks/Python.framework/Versions/2.7/bin:/Library/Frameworks/Python.framework/Versions/3.10/bin:/usr/local/bin:/System/Cryptexes/App/usr/bin:/usr/bin:/bin:/usr/sbin:/sbin:/var/run/com.apple.security.cryptexd/codex.system/bootstrap/usr/local/bin:/var/run/com.apple.security.cryptexd/codex.system/bootstrap/usr/bin:/var/run/com.apple.security.cryptexd/codex.system/bootstrap/usr/appleinternal/bin:/pkg/env/global/bin:/Library/Apple/usr/bin:/usr/local/share/dotnet:/Library/Frameworks/Mono.framework/Versions/Current/Commands:/Users/german/.codex/tmp/arg0/codex-arg06CBjtl:/Users/german/miniconda3/bin:/Users/german/miniconda3/condabin:/Applications/Orca.app/Contents/Resources/bin:/Users/german/.unity/bin:/Applications/Obsidian.app/Contents/MacOS:/Users/german/.volta/bin:/Users/german/.asdf/shims:/Users/german/.fnm/aliases/default/bin:/Users/german/.local/share/mise/shims:/Users/german/Library/pnpm:/Users/german/.yarn/bin:/Users/german/.bun/bin:/opt/homebrew/bin:/opt/homebrew/sbin:/usr/local/sbin:/nix/var/nix/profiles/default/bin:/Users/german/bin:/Users/german/.nix-profile/bin:/Users/german/.opencode/bin:/Users/german/.vite-plus/bin
    export PATH_PREFIXES_EXCLUDED_FROM_HEADER_DEPENDENCIES\=/usr/include\ /usr/local/include\ /System/Library/Frameworks\ /System/Library/PrivateFrameworks\ /Applications/Xcode.app/Contents/Developer/Headers\ /Applications/Xcode.app/Contents/Developer/SDKs\ /Applications/Xcode.app/Contents/Developer/Platforms
    export PBDEVELOPMENTPLIST_PATH\=PolskiGrammar.app/pbdevelopment.plist
    export PER_ARCH_MODULE_FILE_DIR\=/Users/german/Work/JS/polski-grammar-srs/kotlin/iosApp/build/FinalVirtualKeyboardToolbar/Build/Intermediates.noindex/PolskiGrammar.build/Debug-iphonesimulator/PolskiGrammar.build/Objects-normal/undefined_arch
    export PER_ARCH_OBJECT_FILE_DIR\=/Users/german/Work/JS/polski-grammar-srs/kotlin/iosApp/build/FinalVirtualKeyboardToolbar/Build/Intermediates.noindex/PolskiGrammar.build/Debug-iphonesimulator/PolskiGrammar.build/Objects-normal/undefined_arch
    export PER_VARIANT_OBJECT_FILE_DIR\=/Users/german/Work/JS/polski-grammar-srs/kotlin/iosApp/build/FinalVirtualKeyboardToolbar/Build/Intermediates.noindex/PolskiGrammar.build/Debug-iphonesimulator/PolskiGrammar.build/Objects-normal
    export PKGINFO_FILE_PATH\=/Users/german/Work/JS/polski-grammar-srs/kotlin/iosApp/build/FinalVirtualKeyboardToolbar/Build/Intermediates.noindex/PolskiGrammar.build/Debug-iphonesimulator/PolskiGrammar.build/PkgInfo
    export PKGINFO_PATH\=PolskiGrammar.app/PkgInfo
    export PLATFORM_DEVELOPER_APPLICATIONS_DIR\=/Applications/Xcode.app/Contents/Developer/Platforms/iPhoneSimulator.platform/Developer/Applications
    export PLATFORM_DEVELOPER_BIN_DIR\=/Applications/Xcode.app/Contents/Developer/Platforms/iPhoneSimulator.platform/Developer/usr/bin
    export PLATFORM_DEVELOPER_LIBRARY_DIR\=/Applications/Xcode.app/Contents/Developer/Platforms/iPhoneSimulator.platform/Developer/Library
    export PLATFORM_DEVELOPER_SDK_DIR\=/Applications/Xcode.app/Contents/Developer/Platforms/iPhoneSimulator.platform/Developer/SDKs
    export PLATFORM_DEVELOPER_TOOLS_DIR\=/Applications/Xcode.app/Contents/Developer/Platforms/iPhoneSimulator.platform/Developer/Tools
    export PLATFORM_DEVELOPER_USR_DIR\=/Applications/Xcode.app/Contents/Developer/Platforms/iPhoneSimulator.platform/Developer/usr
    export PLATFORM_DIR\=/Applications/Xcode.app/Contents/Developer/Platforms/iPhoneSimulator.platform
    export PLATFORM_DISPLAY_NAME\=iOS\ Simulator
    export PLATFORM_FAMILY_NAME\=iOS
    export PLATFORM_NAME\=iphonesimulator
    export PLATFORM_PREFERRED_ARCH\=x86_64
    export PLATFORM_PRODUCT_BUILD_VERSION\=24A430
    export PLATFORM_REQUIRES_SWIFT_AUTOLINK_EXTRACT\=NO
    export PLATFORM_REQUIRES_SWIFT_MODULEWRAP\=NO
    export PLATFORM_USES_DSYMS\=YES
    export PLIST_FILE_OUTPUT_FORMAT\=binary
    export PLUGINS_FOLDER_PATH\=PolskiGrammar.app/PlugIns
    export PRECOMPS_INCLUDE_HEADERS_FROM_BUILT_PRODUCTS_DIR\=YES
    export PRECOMP_DESTINATION_DIR\=/Users/german/Work/JS/polski-grammar-srs/kotlin/iosApp/build/FinalVirtualKeyboardToolbar/Build/Intermediates.noindex/PolskiGrammar.build/Debug-iphonesimulator/PolskiGrammar.build/PrefixHeaders
    export PRELINK_DEPENDENCY_INFO_FILE\=/Users/german/Work/JS/polski-grammar-srs/kotlin/iosApp/build/FinalVirtualKeyboardToolbar/Build/Intermediates.noindex/PolskiGrammar.build/Debug-iphonesimulator/PolskiGrammar.build/Objects-normal/undefined_arch/PolskiGrammar_prelink_dependency_info.dat
    export PRIVATE_HEADERS_FOLDER_PATH\=PolskiGrammar.app/PrivateHeaders
    export PROCESSED_INFOPLIST_PATH\=/Users/german/Work/JS/polski-grammar-srs/kotlin/iosApp/build/FinalVirtualKeyboardToolbar/Build/Intermediates.noindex/PolskiGrammar.build/Debug-iphonesimulator/PolskiGrammar.build/Objects-normal/undefined_arch/Processed-Info.plist
    export PRODUCT_BUNDLE_IDENTIFIER\=dev.polski.grammarmatrix.ios
    export PRODUCT_BUNDLE_PACKAGE_TYPE\=APPL
    export PRODUCT_MODULE_NAME\=PolskiGrammar
    export PRODUCT_NAME\=PolskiGrammar
    export PRODUCT_SETTINGS_PATH\=
    export PRODUCT_TYPE\=com.apple.product-type.application
    export PROFILING_CODE\=NO
    export PROJECT\=PolskiGrammar
    export PROJECT_DERIVED_FILE_DIR\=/Users/german/Work/JS/polski-grammar-srs/kotlin/iosApp/build/FinalVirtualKeyboardToolbar/Build/Intermediates.noindex/PolskiGrammar.build/DerivedSources
    export PROJECT_DIR\=/Users/german/Work/JS/polski-grammar-srs/kotlin/iosApp
    export PROJECT_FILE_PATH\=/Users/german/Work/JS/polski-grammar-srs/kotlin/iosApp/PolskiGrammar.xcodeproj
    export PROJECT_GUID\=23ee0051a95c59732cc842b37800d5f6
    export PROJECT_NAME\=PolskiGrammar
    export PROJECT_TEMP_DIR\=/Users/german/Work/JS/polski-grammar-srs/kotlin/iosApp/build/FinalVirtualKeyboardToolbar/Build/Intermediates.noindex/PolskiGrammar.build
    export PROJECT_TEMP_ROOT\=/Users/german/Work/JS/polski-grammar-srs/kotlin/iosApp/build/FinalVirtualKeyboardToolbar/Build/Intermediates.noindex
    export PROVISIONING_PROFILE_REQUIRED\=NO
    export PROVISIONING_PROFILE_REQUIRED_YES_YES\=YES
    export PROVISIONING_PROFILE_SUPPORTED\=YES
    export PUBLIC_HEADERS_FOLDER_PATH\=PolskiGrammar.app/Headers
    export RECOMMENDED_IPHONEOS_DEPLOYMENT_TARGET\=17.0
    export RECURSIVE_SEARCH_PATHS_FOLLOW_SYMLINKS\=YES
    export REMOVE_CVS_FROM_RESOURCES\=YES
    export REMOVE_GIT_FROM_RESOURCES\=YES
    export REMOVE_HEADERS_FROM_EMBEDDED_BUNDLES\=YES
    export REMOVE_HG_FROM_RESOURCES\=YES
    export REMOVE_STATIC_EXECUTABLES_FROM_EMBEDDED_BUNDLES\=YES
    export REMOVE_SVN_FROM_RESOURCES\=YES
    export RESCHEDULE_INDEPENDENT_HEADERS_PHASES\=YES
    export REZ_COLLECTOR_DIR\=/Users/german/Work/JS/polski-grammar-srs/kotlin/iosApp/build/FinalVirtualKeyboardToolbar/Build/Intermediates.noindex/PolskiGrammar.build/Debug-iphonesimulator/PolskiGrammar.build/ResourceManagerResources
    export REZ_OBJECTS_DIR\=/Users/german/Work/JS/polski-grammar-srs/kotlin/iosApp/build/FinalVirtualKeyboardToolbar/Build/Intermediates.noindex/PolskiGrammar.build/Debug-iphonesimulator/PolskiGrammar.build/ResourceManagerResources/Objects
    export REZ_SEARCH_PATHS\=/Users/german/Work/JS/polski-grammar-srs/kotlin/iosApp/build/FinalVirtualKeyboardToolbar/Build/Products/Debug-iphonesimulator\ 
    export RPATH_ORIGIN\=@loader_path
    export RUNTIME_EXCEPTION_ALLOW_DYLD_ENVIRONMENT_VARIABLES\=NO
    export RUNTIME_EXCEPTION_ALLOW_JIT\=NO
    export RUNTIME_EXCEPTION_ALLOW_UNSIGNED_EXECUTABLE_MEMORY\=NO
    export RUNTIME_EXCEPTION_DEBUGGING_TOOL\=NO
    export RUNTIME_EXCEPTION_DISABLE_EXECUTABLE_PAGE_PROTECTION\=NO
    export RUNTIME_EXCEPTION_DISABLE_LIBRARY_VALIDATION\=NO
    export SCANNING_PCM_KEEP_CACHE_DIRECTORY\=YES
    export SCAN_ALL_SOURCE_FILES_FOR_INCLUDES\=NO
    export SCRIPTS_FOLDER_PATH\=PolskiGrammar.app/Scripts
    export SCRIPT_INPUT_FILE_COUNT\=0
    export SCRIPT_INPUT_FILE_LIST_COUNT\=0
    export SCRIPT_OUTPUT_FILE_COUNT\=0
    export SCRIPT_OUTPUT_FILE_LIST_COUNT\=0
    export SDKROOT\=/Applications/Xcode.app/Contents/Developer/Platforms/iPhoneSimulator.platform/Developer/SDKs/iPhoneSimulator27.0.sdk
    export SDK_DIR\=/Applications/Xcode.app/Contents/Developer/Platforms/iPhoneSimulator.platform/Developer/SDKs/iPhoneSimulator27.0.sdk
    export SDK_DIR_iphonesimulator\=/Applications/Xcode.app/Contents/Developer/Platforms/iPhoneSimulator.platform/Developer/SDKs/iPhoneSimulator27.0.sdk
    export SDK_DIR_iphonesimulator27_0\=/Applications/Xcode.app/Contents/Developer/Platforms/iPhoneSimulator.platform/Developer/SDKs/iPhoneSimulator27.0.sdk
    export SDK_NAME\=iphonesimulator27.0
    export SDK_NAMES\=iphonesimulator27.0
    export SDK_PRODUCT_BUILD_VERSION\=24A430
    export SDK_STAT_CACHE_DIR\=/Users/german/Work/JS/polski-grammar-srs/kotlin/iosApp/build/FinalVirtualKeyboardToolbar
    export SDK_STAT_CACHE_ENABLE\=YES
    export SDK_STAT_CACHE_PATH\=/Users/german/Work/JS/polski-grammar-srs/kotlin/iosApp/build/FinalVirtualKeyboardToolbar/SDKStatCaches.noindex/iphonesimulator27.0-24A430-8dc58220667be655e1bcc261a7455254.sdkstatcache
    export SDK_VERSION\=27.0
    export SDK_VERSION_ACTUAL\=270000
    export SDK_VERSION_MAJOR\=270000
    export SDK_VERSION_MINOR\=270000
    export SED\=/usr/bin/sed
    export SEPARATE_STRIP\=NO
    export SEPARATE_SYMBOL_EDIT\=NO
    export SET_DIR_MODE_OWNER_GROUP\=YES
    export SET_FILE_MODE_OWNER_GROUP\=NO
    export SHALLOW_BUNDLE\=YES
    export SHALLOW_BUNDLE_TRIPLE\=ios-simulator
    export SHALLOW_BUNDLE_ios_macabi\=NO
    export SHALLOW_BUNDLE_macos\=NO
    export SHARED_DERIVED_FILE_DIR\=/Users/german/Work/JS/polski-grammar-srs/kotlin/iosApp/build/FinalVirtualKeyboardToolbar/Build/Products/Debug-iphonesimulator/DerivedSources
    export SHARED_FRAMEWORKS_FOLDER_PATH\=PolskiGrammar.app/SharedFrameworks
    export SHARED_PRECOMPS_DIR\=/Users/german/Work/JS/polski-grammar-srs/kotlin/iosApp/build/FinalVirtualKeyboardToolbar/Build/Intermediates.noindex/PrecompiledHeaders
    export SHARED_SUPPORT_FOLDER_PATH\=PolskiGrammar.app/SharedSupport
    export SKIP_COPYING_TEST_FRAMEWORKS\=YES
    export SKIP_INSTALL\=NO
    export SKIP_MERGEABLE_LIBRARY_BUNDLE_HOOK\=NO
    export SOURCE_ROOT\=/Users/german/Work/JS/polski-grammar-srs/kotlin/iosApp
    export SRCROOT\=/Users/german/Work/JS/polski-grammar-srs/kotlin/iosApp
    export STRINGSDATA_DIR\=/Users/german/Work/JS/polski-grammar-srs/kotlin/iosApp/build/FinalVirtualKeyboardToolbar/Build/Intermediates.noindex/PolskiGrammar.build/Debug-iphonesimulator/PolskiGrammar.build/Objects-normal/undefined_arch
    export STRINGSDATA_ROOT\=/Users/german/Work/JS/polski-grammar-srs/kotlin/iosApp/build/FinalVirtualKeyboardToolbar/Build/Intermediates.noindex/PolskiGrammar.build/Debug-iphonesimulator/PolskiGrammar.build
    export STRINGS_FILE_INFOPLIST_RENAME\=YES
    export STRINGS_FILE_OUTPUT_ENCODING\=binary
    export STRING_CATALOG_GENERATE_SYMBOLS\=NO
    export STRIP_BITCODE_FROM_COPIED_FILES\=NO
    export STRIP_INSTALLED_PRODUCT\=NO
    export STRIP_STYLE\=all
    export STRIP_SWIFT_SYMBOLS\=YES
    export SUPPORTED_DEVICE_FAMILIES\=1,2
    export SUPPORTED_PLATFORMS\=iphoneos\ iphonesimulator
    export SUPPORTS_MACCATALYST\=NO
    export SUPPORTS_ON_DEMAND_RESOURCES\=YES
    export SUPPORTS_TEXT_BASED_API\=NO
    export SUPPRESS_WARNINGS\=NO
    export SWIFTC_PASS_SDKROOT\=YES
    export SWIFTC_PASS_SYSROOT\=NO
    export SWIFT_ACTIVE_COMPILATION_CONDITIONS\=DEBUG\ DIRECT_PICKER_ACCEPTANCE
    export SWIFT_COLOR_DIAGNOSTICS\=NO
    export SWIFT_EMIT_CONST_VALUE_PROTOCOLS\=AnyResolverProviding\ AppEntity\ AppEnum\ AppExtension\ AppIntent\ AppIntentsPackage\ AppShortcutProviding\ AppShortcutsProvider\ AppUnionValue\ AppUnionValueCasesProviding\ DynamicOptionsProvider\ EntityQuery\ ExtensionPointDefining\ IntentValueQuery\ Resolver\ TransientEntity\ _AssistantIntentsProvider\ _GenerativeFunctionExtractable\ _IntentValueRepresentable
    export SWIFT_EMIT_LOC_STRINGS\=NO
    export SWIFT_ENABLE_EXPLICIT_MODULES\=YES
    export SWIFT_ENABLE_TESTABILITY\=YES
    export SWIFT_OPTIMIZATION_LEVEL\=-Onone
    export SWIFT_PLATFORM_TARGET_PREFIX\=ios
    export SWIFT_RESPONSE_FILE_PATH_normal_arm64\=/Users/german/Work/JS/polski-grammar-srs/kotlin/iosApp/build/FinalVirtualKeyboardToolbar/Build/Intermediates.noindex/PolskiGrammar.build/Debug-iphonesimulator/PolskiGrammar.build/Objects-normal/arm64/PolskiGrammar.SwiftFileList
    export SWIFT_VERSION\=5.0
    export SYMROOT\=/Users/german/Work/JS/polski-grammar-srs/kotlin/iosApp/build/FinalVirtualKeyboardToolbar/Build/Products
    export SYSROOT\=/Applications/Xcode.app/Contents/Developer/Platforms/iPhoneSimulator.platform/Developer/SDKs/iPhoneSimulator27.0.sdk
    export SYSTEM_ADMIN_APPS_DIR\=/Applications/Utilities
    export SYSTEM_APPS_DIR\=/Applications
    export SYSTEM_CORE_SERVICES_DIR\=/System/Library/CoreServices
    export SYSTEM_DEMOS_DIR\=/Applications/Extras
    export SYSTEM_DEVELOPER_APPS_DIR\=/Applications/Xcode.app/Contents/Developer/Applications
    export SYSTEM_DEVELOPER_BIN_DIR\=/Applications/Xcode.app/Contents/Developer/usr/bin
    export SYSTEM_DEVELOPER_DEMOS_DIR\=/Applications/Xcode.app/Contents/Developer/Applications/Utilities/Built\ Examples
    export SYSTEM_DEVELOPER_DIR\=/Applications/Xcode.app/Contents/Developer
    export SYSTEM_DEVELOPER_DOC_DIR\=/Applications/Xcode.app/Contents/Developer/ADC\ Reference\ Library
    export SYSTEM_DEVELOPER_GRAPHICS_TOOLS_DIR\=/Applications/Xcode.app/Contents/Developer/Applications/Graphics\ Tools
    export SYSTEM_DEVELOPER_JAVA_TOOLS_DIR\=/Applications/Xcode.app/Contents/Developer/Applications/Java\ Tools
    export SYSTEM_DEVELOPER_PERFORMANCE_TOOLS_DIR\=/Applications/Xcode.app/Contents/Developer/Applications/Performance\ Tools
    export SYSTEM_DEVELOPER_RELEASENOTES_DIR\=/Applications/Xcode.app/Contents/Developer/ADC\ Reference\ Library/releasenotes
    export SYSTEM_DEVELOPER_TOOLS\=/Applications/Xcode.app/Contents/Developer/Tools
    export SYSTEM_DEVELOPER_TOOLS_DOC_DIR\=/Applications/Xcode.app/Contents/Developer/ADC\ Reference\ Library/documentation/DeveloperTools
    export SYSTEM_DEVELOPER_TOOLS_RELEASENOTES_DIR\=/Applications/Xcode.app/Contents/Developer/ADC\ Reference\ Library/releasenotes/DeveloperTools
    export SYSTEM_DEVELOPER_USR_DIR\=/Applications/Xcode.app/Contents/Developer/usr
    export SYSTEM_DEVELOPER_UTILITIES_DIR\=/Applications/Xcode.app/Contents/Developer/Applications/Utilities
    export SYSTEM_DEXT_INSTALL_PATH\=/System/Library/DriverExtensions
    export SYSTEM_DOCUMENTATION_DIR\=/Library/Documentation
    export SYSTEM_EXTENSIONS_FOLDER_PATH\=PolskiGrammar.app/SystemExtensions
    export SYSTEM_EXTENSIONS_FOLDER_PATH_SHALLOW_BUNDLE_NO\=PolskiGrammar.app/Library/SystemExtensions
    export SYSTEM_EXTENSIONS_FOLDER_PATH_SHALLOW_BUNDLE_YES\=PolskiGrammar.app/SystemExtensions
    export SYSTEM_KEXT_INSTALL_PATH\=/System/Library/Extensions
    export SYSTEM_LIBRARY_DIR\=/System/Library
    export TAPI_DEMANGLE\=YES
    export TAPI_ENABLE_PROJECT_HEADERS\=NO
    export TAPI_LANGUAGE\=objective-c
    export TAPI_LANGUAGE_STANDARD\=compiler-default
    export TAPI_USE_SRCROOT\=YES
    export TAPI_VERIFY_MODE\=Pedantic
    export TARGETED_DEVICE_FAMILY\=1,2
    export TARGETNAME\=PolskiGrammar
    export TARGET_BUILD_DIR\=/Users/german/Work/JS/polski-grammar-srs/kotlin/iosApp/build/FinalVirtualKeyboardToolbar/Build/Products/Debug-iphonesimulator
    export TARGET_DEVICE_IDENTIFIER\=502F57FE-944F-4C27-B74F-5EC34D1B995D
    export TARGET_DEVICE_MODEL\=iPhone18,1
    export TARGET_DEVICE_OS_VERSION\=26.1
    export TARGET_DEVICE_PLATFORM_NAME\=iphonesimulator
    export TARGET_NAME\=PolskiGrammar
    export TARGET_TEMP_DIR\=/Users/german/Work/JS/polski-grammar-srs/kotlin/iosApp/build/FinalVirtualKeyboardToolbar/Build/Intermediates.noindex/PolskiGrammar.build/Debug-iphonesimulator/PolskiGrammar.build
    export TEMP_DIR\=/Users/german/Work/JS/polski-grammar-srs/kotlin/iosApp/build/FinalVirtualKeyboardToolbar/Build/Intermediates.noindex/PolskiGrammar.build/Debug-iphonesimulator/PolskiGrammar.build
    export TEMP_FILES_DIR\=/Users/german/Work/JS/polski-grammar-srs/kotlin/iosApp/build/FinalVirtualKeyboardToolbar/Build/Intermediates.noindex/PolskiGrammar.build/Debug-iphonesimulator/PolskiGrammar.build
    export TEMP_FILE_DIR\=/Users/german/Work/JS/polski-grammar-srs/kotlin/iosApp/build/FinalVirtualKeyboardToolbar/Build/Intermediates.noindex/PolskiGrammar.build/Debug-iphonesimulator/PolskiGrammar.build
    export TEMP_ROOT\=/Users/german/Work/JS/polski-grammar-srs/kotlin/iosApp/build/FinalVirtualKeyboardToolbar/Build/Intermediates.noindex
    export TEMP_SANDBOX_DIR\=/Users/german/Work/JS/polski-grammar-srs/kotlin/iosApp/build/FinalVirtualKeyboardToolbar/Build/Intermediates.noindex/TemporaryTaskSandboxes
    export TEST_FRAMEWORK_SEARCH_PATHS\=\ /Applications/Xcode.app/Contents/Developer/Platforms/iPhoneSimulator.platform/Developer/Library/Frameworks\ /Applications/Xcode.app/Contents/Developer/Platforms/iPhoneSimulator.platform/Developer/SDKs/iPhoneSimulator27.0.sdk/Developer/Library/Frameworks
    export TEST_LIBRARY_SEARCH_PATHS\=\ /Applications/Xcode.app/Contents/Developer/Platforms/iPhoneSimulator.platform/Developer/usr/lib
    export TOOLCHAINS\=com.apple.dt.toolchain.XcodeDefault
    export TOOLCHAIN_DIR\=/Applications/Xcode.app/Contents/Developer/Toolchains/XcodeDefault.xctoolchain
    export TREAT_MISSING_BASELINES_AS_TEST_FAILURES\=NO
    export TREAT_MISSING_SCRIPT_PHASE_OUTPUTS_AS_ERRORS\=NO
    export UID\=501
    export UNINSTALLED_PRODUCTS_DIR\=/Users/german/Work/JS/polski-grammar-srs/kotlin/iosApp/build/FinalVirtualKeyboardToolbar/Build/Intermediates.noindex/UninstalledProducts
    export UNLOCALIZED_RESOURCES_FOLDER_PATH\=PolskiGrammar.app
    export UNLOCALIZED_RESOURCES_FOLDER_PATH_SHALLOW_BUNDLE_NO\=PolskiGrammar.app/Resources
    export UNLOCALIZED_RESOURCES_FOLDER_PATH_SHALLOW_BUNDLE_YES\=PolskiGrammar.app
    export UNSTRIPPED_PRODUCT\=NO
    export USER\=german
    export USER_APPS_DIR\=/Users/german/Applications
    export USER_LIBRARY_DIR\=/Users/german/Library
    export USE_DYNAMIC_NO_PIC\=YES
    export USE_HEADERMAP\=YES
    export USE_HEADER_SYMLINKS\=NO
    export VALIDATE_DEVELOPMENT_ASSET_PATHS\=YES_ERROR
    export VALIDATE_PRODUCT\=NO
    export VALID_ARCHS\=arm64\ x86_64
    export VERBOSE_PBXCP\=NO
    export VERSIONPLIST_PATH\=PolskiGrammar.app/version.plist
    export VERSION_INFO_BUILDER\=german
    export VERSION_INFO_FILE\=PolskiGrammar_vers.c
    export VERSION_INFO_STRING\=\"@\(\#\)PROGRAM:PolskiGrammar\ \ PROJECT:PolskiGrammar-\"
    export WORKSPACE_DIR\=/Users/german/Work/JS/polski-grammar-srs/kotlin/iosApp/PolskiGrammar.xcodeproj
    export WRAPPER_EXTENSION\=app
    export WRAPPER_NAME\=PolskiGrammar.app
    export WRAPPER_SUFFIX\=.app
    export WRAP_ASSET_PACKS_IN_SEPARATE_DIRECTORIES\=NO
    export XCODE_APP_SUPPORT_DIR\=/Applications/Xcode.app/Contents/Developer/Library/Xcode
    export XCODE_PRODUCT_BUILD_VERSION\=27A266a
    export XCODE_VERSION_ACTUAL\=2700
    export XCODE_VERSION_MAJOR\=2700
    export XCODE_VERSION_MINOR\=2700
    export XPCSERVICES_FOLDER_PATH\=PolskiGrammar.app/XPCServices
    export YACC\=yacc
    export _DISCOVER_COMMAND_LINE_LINKER_INPUTS\=YES
    export _DISCOVER_COMMAND_LINE_LINKER_INPUTS_INCLUDE_WL\=YES
    export _LD_MULTIARCH\=YES
    export _SWIFT_EXPLICIT_MODULES_ALLOW_CXX_INTEROP\=YES
    export _WRAPPER_CONTENTS_DIR_SHALLOW_BUNDLE_NO\=/Contents
    export _WRAPPER_PARENT_PATH_SHALLOW_BUNDLE_NO\=/..
    export _WRAPPER_RESOURCES_DIR_SHALLOW_BUNDLE_NO\=/Resources
    export __ARCHS__\=arm64\ x86_64
    export __DIAGNOSE_DEPRECATED_ARCHS\=YES
    export __DIAGNOSE_INVALID_DEPLOYMENT_TARGET_AS_ERROR\=YES
    export __IS_NOT_MACOS\=YES
    export __IS_NOT_MACOS_macosx\=NO
    export __IS_NOT_SIMULATOR\=NO
    export __IS_NOT_SIMULATOR_simulator\=NO
    export __ORIGINAL_SDK_DEFINED_LLVM_TARGET_TRIPLE_SYS\=ios
    export arch\=undefined_arch
    export variant\=normal
    /bin/sh -c /Users/german/Work/JS/polski-grammar-srs/kotlin/iosApp/build/FinalVirtualKeyboardToolbar/Build/Intermediates.noindex/PolskiGrammar.build/Debug-iphonesimulator/PolskiGrammar.build/Script-DF070EF247392F9D1B643D23.sh
> Task :shared:kmpPartiallyResolvedDependenciesChecker
> Task :shared:checkKotlinGradlePluginConfigurationErrors SKIPPED
> Task :shared:checkSandboxAndWriteProtection
> Task :shared:downloadKotlinNativeDistribution UP-TO-DATE
> Task :shared:generateCoursePackSource UP-TO-DATE
> Task :shared:compileKotlinIosSimulatorArm64 UP-TO-DATE
> Task :shared:checkSyntheticImportProjectIsCorrectlyIntegratedForEmbedAndSign SKIPPED
> Task :shared:checkSyntheticImportProjectIsCorrectlyIntegratedForEmbedSwiftExport SKIPPED
> Task :shared:generateSyntheticLinkageSwiftPMImportProjectForEmbedAndSignLinkage SKIPPED
> Task :shared:linkDebugFrameworkIosSimulatorArm64 UP-TO-DATE

BUILD SUCCESSFUL in 1s
6 actionable tasks: 2 executed, 4 up-to-date
Consider enabling configuration cache to speed up this build: https://docs.gradle.org/9.3.1/userguide/configuration_cache_enabling.html

Ld /Users/german/Work/JS/polski-grammar-srs/kotlin/iosApp/build/FinalVirtualKeyboardToolbar/Build/Products/Debug-iphonesimulator/PolskiGrammar.app/__preview.dylib normal (in target 'PolskiGrammar' from project 'PolskiGrammar')
    cd /Users/german/Work/JS/polski-grammar-srs/kotlin/iosApp
    /Applications/Xcode.app/Contents/Developer/Toolchains/XcodeDefault.xctoolchain/usr/bin/clang -Xlinker -reproducible -target arm64-apple-ios17.0-simulator -dynamiclib -isysroot /Applications/Xcode.app/Contents/Developer/Platforms/iPhoneSimulator.platform/Developer/SDKs/iPhoneSimulator27.0.sdk -O0 -Xlinker -no_warn_duplicate_libraries -L/Users/german/Work/JS/polski-grammar-srs/kotlin/iosApp/build/FinalVirtualKeyboardToolbar/Build/Products/Debug-iphonesimulator -F/Users/german/Work/JS/polski-grammar-srs/kotlin/iosApp/build/FinalVirtualKeyboardToolbar/Build/Products/Debug-iphonesimulator -install_name @rpath/PolskiGrammar.debug.dylib -Xlinker -dead_strip -rdynamic -Xlinker -no_deduplicate -Xlinker -objc_abi_version -Xlinker 2 -Xlinker -dependency_info -Xlinker /Users/german/Work/JS/polski-grammar-srs/kotlin/iosApp/build/FinalVirtualKeyboardToolbar/Build/Intermediates.noindex/PolskiGrammar.build/Debug-iphonesimulator/PolskiGrammar.build/Objects-normal/arm64/PolskiGrammar_dependency_info.dat -o /Users/german/Work/JS/polski-grammar-srs/kotlin/iosApp/build/FinalVirtualKeyboardToolbar/Build/Products/Debug-iphonesimulator/PolskiGrammar.app/__preview.dylib

MkDir /Users/german/Work/JS/polski-grammar-srs/kotlin/iosApp/build/FinalVirtualKeyboardToolbar/Build/Intermediates.noindex/PolskiGrammar.build/Debug-iphonesimulator/PolskiGrammar.build/assetcatalog_output/thinned (in target 'PolskiGrammar' from project 'PolskiGrammar')
    cd /Users/german/Work/JS/polski-grammar-srs/kotlin/iosApp
    /bin/mkdir -p /Users/german/Work/JS/polski-grammar-srs/kotlin/iosApp/build/FinalVirtualKeyboardToolbar/Build/Intermediates.noindex/PolskiGrammar.build/Debug-iphonesimulator/PolskiGrammar.build/assetcatalog_output/thinned

MkDir /Users/german/Work/JS/polski-grammar-srs/kotlin/iosApp/build/FinalVirtualKeyboardToolbar/Build/Intermediates.noindex/PolskiGrammar.build/Debug-iphonesimulator/PolskiGrammar.build/assetcatalog_output/unthinned (in target 'PolskiGrammar' from project 'PolskiGrammar')
    cd /Users/german/Work/JS/polski-grammar-srs/kotlin/iosApp
    /bin/mkdir -p /Users/german/Work/JS/polski-grammar-srs/kotlin/iosApp/build/FinalVirtualKeyboardToolbar/Build/Intermediates.noindex/PolskiGrammar.build/Debug-iphonesimulator/PolskiGrammar.build/assetcatalog_output/unthinned

GenerateAssetSymbols /Users/german/Work/JS/polski-grammar-srs/kotlin/iosApp/PolskiGrammar/Assets.xcassets (in target 'PolskiGrammar' from project 'PolskiGrammar')
    cd /Users/german/Work/JS/polski-grammar-srs/kotlin/iosApp
    /Applications/Xcode.app/Contents/Developer/usr/bin/actool /Users/german/Work/JS/polski-grammar-srs/kotlin/iosApp/PolskiGrammar/Assets.xcassets --compile /Users/german/Work/JS/polski-grammar-srs/kotlin/iosApp/build/FinalVirtualKeyboardToolbar/Build/Products/Debug-iphonesimulator/PolskiGrammar.app --output-format human-readable-text --notices --warnings --export-dependency-info /Users/german/Work/JS/polski-grammar-srs/kotlin/iosApp/build/FinalVirtualKeyboardToolbar/Build/Intermediates.noindex/PolskiGrammar.build/Debug-iphonesimulator/PolskiGrammar.build/assetcatalog_dependencies --output-partial-info-plist /Users/german/Work/JS/polski-grammar-srs/kotlin/iosApp/build/FinalVirtualKeyboardToolbar/Build/Intermediates.noindex/PolskiGrammar.build/Debug-iphonesimulator/PolskiGrammar.build/assetcatalog_generated_info.plist --app-icon AppIcon --accent-color AccentColor --compress-pngs --enable-on-demand-resources YES --development-region ru --target-device iphone --target-device ipad --minimum-deployment-target 17.0 --platform iphonesimulator --bundle-identifier dev.polski.grammarmatrix.ios --generate-swift-asset-symbol-extensions NO --generate-swift-asset-symbols /Users/german/Work/JS/polski-grammar-srs/kotlin/iosApp/build/FinalVirtualKeyboardToolbar/Build/Intermediates.noindex/PolskiGrammar.build/Debug-iphonesimulator/PolskiGrammar.build/DerivedSources/GeneratedAssetSymbols.swift --generate-objc-asset-symbols /Users/german/Work/JS/polski-grammar-srs/kotlin/iosApp/build/FinalVirtualKeyboardToolbar/Build/Intermediates.noindex/PolskiGrammar.build/Debug-iphonesimulator/PolskiGrammar.build/DerivedSources/GeneratedAssetSymbols.h --generate-asset-symbol-index /Users/german/Work/JS/polski-grammar-srs/kotlin/iosApp/build/FinalVirtualKeyboardToolbar/Build/Intermediates.noindex/PolskiGrammar.build/Debug-iphonesimulator/PolskiGrammar.build/DerivedSources/GeneratedAssetSymbols-Index.plist
/* com.apple.actool.compilation-results */
/Users/german/Work/JS/polski-grammar-srs/kotlin/iosApp/build/FinalVirtualKeyboardToolbar/Build/Intermediates.noindex/PolskiGrammar.build/Debug-iphonesimulator/PolskiGrammar.build/DerivedSources/GeneratedAssetSymbols-Index.plist
/Users/german/Work/JS/polski-grammar-srs/kotlin/iosApp/build/FinalVirtualKeyboardToolbar/Build/Intermediates.noindex/PolskiGrammar.build/Debug-iphonesimulator/PolskiGrammar.build/DerivedSources/GeneratedAssetSymbols.h
/Users/german/Work/JS/polski-grammar-srs/kotlin/iosApp/build/FinalVirtualKeyboardToolbar/Build/Intermediates.noindex/PolskiGrammar.build/Debug-iphonesimulator/PolskiGrammar.build/DerivedSources/GeneratedAssetSymbols.swift


CompileAssetCatalogVariant thinned /Users/german/Work/JS/polski-grammar-srs/kotlin/iosApp/build/FinalVirtualKeyboardToolbar/Build/Products/Debug-iphonesimulator/PolskiGrammar.app /Users/german/Work/JS/polski-grammar-srs/kotlin/iosApp/PolskiGrammar/Assets.xcassets (in target 'PolskiGrammar' from project 'PolskiGrammar')
    cd /Users/german/Work/JS/polski-grammar-srs/kotlin/iosApp
    /Applications/Xcode.app/Contents/Developer/usr/bin/actool /Users/german/Work/JS/polski-grammar-srs/kotlin/iosApp/PolskiGrammar/Assets.xcassets --compile /Users/german/Work/JS/polski-grammar-srs/kotlin/iosApp/build/FinalVirtualKeyboardToolbar/Build/Intermediates.noindex/PolskiGrammar.build/Debug-iphonesimulator/PolskiGrammar.build/assetcatalog_output/thinned --output-format human-readable-text --notices --warnings --export-dependency-info /Users/german/Work/JS/polski-grammar-srs/kotlin/iosApp/build/FinalVirtualKeyboardToolbar/Build/Intermediates.noindex/PolskiGrammar.build/Debug-iphonesimulator/PolskiGrammar.build/assetcatalog_dependencies_thinned --output-partial-info-plist /Users/german/Work/JS/polski-grammar-srs/kotlin/iosApp/build/FinalVirtualKeyboardToolbar/Build/Intermediates.noindex/PolskiGrammar.build/Debug-iphonesimulator/PolskiGrammar.build/assetcatalog_generated_info.plist_thinned --app-icon AppIcon --accent-color AccentColor --compress-pngs --enable-on-demand-resources YES --filter-for-thinning-device-configuration iPhone18,1 --filter-for-device-os-version 26.1 --development-region ru --target-device iphone --target-device ipad --minimum-deployment-target 17.0 --platform iphonesimulator
/* com.apple.actool.compilation-results */
/Users/german/Work/JS/polski-grammar-srs/kotlin/iosApp/build/FinalVirtualKeyboardToolbar/Build/Intermediates.noindex/PolskiGrammar.build/Debug-iphonesimulator/PolskiGrammar.build/assetcatalog_generated_info.plist_thinned
/Users/german/Work/JS/polski-grammar-srs/kotlin/iosApp/build/FinalVirtualKeyboardToolbar/Build/Intermediates.noindex/PolskiGrammar.build/Debug-iphonesimulator/PolskiGrammar.build/assetcatalog_output/thinned/AppIcon60x60@2x.png
/Users/german/Work/JS/polski-grammar-srs/kotlin/iosApp/build/FinalVirtualKeyboardToolbar/Build/Intermediates.noindex/PolskiGrammar.build/Debug-iphonesimulator/PolskiGrammar.build/assetcatalog_output/thinned/AppIcon76x76@2x~ipad.png
/Users/german/Work/JS/polski-grammar-srs/kotlin/iosApp/build/FinalVirtualKeyboardToolbar/Build/Intermediates.noindex/PolskiGrammar.build/Debug-iphonesimulator/PolskiGrammar.build/assetcatalog_output/thinned/Assets.car


SwiftDriver PolskiGrammar normal arm64 com.apple.xcode.tools.swift.compiler (in target 'PolskiGrammar' from project 'PolskiGrammar')
    cd /Users/german/Work/JS/polski-grammar-srs/kotlin/iosApp
    builtin-SwiftDriver -- /Applications/Xcode.app/Contents/Developer/Toolchains/XcodeDefault.xctoolchain/usr/bin/swiftc -module-name PolskiGrammar -Onone @/Users/german/Work/JS/polski-grammar-srs/kotlin/iosApp/build/FinalVirtualKeyboardToolbar/Build/Intermediates.noindex/PolskiGrammar.build/Debug-iphonesimulator/PolskiGrammar.build/Objects-normal/arm64/PolskiGrammar.SwiftFileList -DDEBUG -DDIRECT_PICKER_ACCEPTANCE -enable-bare-slash-regex -enable-experimental-feature DebugDescriptionMacro -sdk /Applications/Xcode.app/Contents/Developer/Platforms/iPhoneSimulator.platform/Developer/SDKs/iPhoneSimulator27.0.sdk -target arm64-apple-ios17.0-simulator -g -module-cache-path /Users/german/Work/JS/polski-grammar-srs/kotlin/iosApp/build/FinalVirtualKeyboardToolbar/ModuleCache.noindex -Xfrontend -serialize-debugging-options -enable-testing -index-store-path /Users/german/Work/JS/polski-grammar-srs/kotlin/iosApp/build/FinalVirtualKeyboardToolbar/Index.noindex/DataStore -Xcc -D_LIBCPP_HARDENING_MODE\=_LIBCPP_HARDENING_MODE_DEBUG -swift-version 5 -I /Users/german/Work/JS/polski-grammar-srs/kotlin/iosApp/build/FinalVirtualKeyboardToolbar/Build/Products/Debug-iphonesimulator -F /Users/german/Work/JS/polski-grammar-srs/kotlin/iosApp/build/FinalVirtualKeyboardToolbar/Build/Products/Debug-iphonesimulator -c -j10 -enable-batch-mode -incremental -Xcc -ivfsstatcache -Xcc /Users/german/Work/JS/polski-grammar-srs/kotlin/iosApp/build/FinalVirtualKeyboardToolbar/SDKStatCaches.noindex/iphonesimulator27.0-24A430-8dc58220667be655e1bcc261a7455254.sdkstatcache -output-file-map /Users/german/Work/JS/polski-grammar-srs/kotlin/iosApp/build/FinalVirtualKeyboardToolbar/Build/Intermediates.noindex/PolskiGrammar.build/Debug-iphonesimulator/PolskiGrammar.build/Objects-normal/arm64/PolskiGrammar-OutputFileMap.json -save-temps -no-color-diagnostics -explicit-module-build -module-cache-path /Users/german/Work/JS/polski-grammar-srs/kotlin/iosApp/build/FinalVirtualKeyboardToolbar/Build/Intermediates.noindex/SwiftExplicitPrecompiledModules -clang-scanner-module-cache-path /Users/german/Work/JS/polski-grammar-srs/kotlin/iosApp/build/FinalVirtualKeyboardToolbar/ModuleCache.noindex -sdk-module-cache-path /Users/german/Work/JS/polski-grammar-srs/kotlin/iosApp/build/FinalVirtualKeyboardToolbar/SDKExplicitPrecompiledModules -emit-dependencies -emit-module -emit-module-path /Users/german/Work/JS/polski-grammar-srs/kotlin/iosApp/build/FinalVirtualKeyboardToolbar/Build/Intermediates.noindex/PolskiGrammar.build/Debug-iphonesimulator/PolskiGrammar.build/Objects-normal/arm64/PolskiGrammar.swiftmodule -serialize-diagnostics -dependency-scan-serialize-diagnostics-path /Users/german/Work/JS/polski-grammar-srs/kotlin/iosApp/build/FinalVirtualKeyboardToolbar/Build/Intermediates.noindex/PolskiGrammar.build/Debug-iphonesimulator/PolskiGrammar.build/Objects-normal/arm64/PolskiGrammar-dependency-scan.dia -validate-clang-modules-once -clang-build-session-file /Users/german/Work/JS/polski-grammar-srs/kotlin/iosApp/build/FinalVirtualKeyboardToolbar/ModuleCache.noindex/Session.modulevalidation -Xcc -fmodules-prune-interval\=86400 -Xcc -fmodules-prune-after\=345600 -emit-const-values -const-gather-protocols-list /Users/german/Work/JS/polski-grammar-srs/kotlin/iosApp/build/FinalVirtualKeyboardToolbar/Build/Intermediates.noindex/PolskiGrammar.build/Debug-iphonesimulator/PolskiGrammar.build/Objects-normal/arm64/PolskiGrammar_const_extract_protocols.json -Xcc -iquote -Xcc /Users/german/Work/JS/polski-grammar-srs/kotlin/iosApp/build/FinalVirtualKeyboardToolbar/Build/Intermediates.noindex/PolskiGrammar.build/Debug-iphonesimulator/PolskiGrammar.build/PolskiGrammar-generated-files.hmap -Xcc -I/Users/german/Work/JS/polski-grammar-srs/kotlin/iosApp/build/FinalVirtualKeyboardToolbar/Build/Intermediates.noindex/PolskiGrammar.build/Debug-iphonesimulator/PolskiGrammar.build/PolskiGrammar-own-target-headers.hmap -Xcc -I/Users/german/Work/JS/polski-grammar-srs/kotlin/iosApp/build/FinalVirtualKeyboardToolbar/Build/Intermediates.noindex/PolskiGrammar.build/Debug-iphonesimulator/PolskiGrammar.build/PolskiGrammar-all-target-headers.hmap -Xcc -iquote -Xcc /Users/german/Work/JS/polski-grammar-srs/kotlin/iosApp/build/FinalVirtualKeyboardToolbar/Build/Intermediates.noindex/PolskiGrammar.build/Debug-iphonesimulator/PolskiGrammar.build/PolskiGrammar-project-headers.hmap -Xcc -I/Users/german/Work/JS/polski-grammar-srs/kotlin/iosApp/build/FinalVirtualKeyboardToolbar/Build/Products/Debug-iphonesimulator/include -Xcc -I/Users/german/Work/JS/polski-grammar-srs/kotlin/iosApp/build/FinalVirtualKeyboardToolbar/Build/Intermediates.noindex/PolskiGrammar.build/Debug-iphonesimulator/PolskiGrammar.build/DerivedSources-normal/arm64 -Xcc -I/Users/german/Work/JS/polski-grammar-srs/kotlin/iosApp/build/FinalVirtualKeyboardToolbar/Build/Intermediates.noindex/PolskiGrammar.build/Debug-iphonesimulator/PolskiGrammar.build/DerivedSources/arm64 -Xcc -I/Users/german/Work/JS/polski-grammar-srs/kotlin/iosApp/build/FinalVirtualKeyboardToolbar/Build/Intermediates.noindex/PolskiGrammar.build/Debug-iphonesimulator/PolskiGrammar.build/DerivedSources -Xcc -DDEBUG\=1 -emit-objc-header -emit-objc-header-path /Users/german/Work/JS/polski-grammar-srs/kotlin/iosApp/build/FinalVirtualKeyboardToolbar/Build/Intermediates.noindex/PolskiGrammar.build/Debug-iphonesimulator/PolskiGrammar.build/Objects-normal/arm64/PolskiGrammar-Swift.h -working-directory /Users/german/Work/JS/polski-grammar-srs/kotlin/iosApp -experimental-emit-module-separately -disable-cmo

SwiftExplicitDependencyGeneratePcm arm64 /Users/german/Work/JS/polski-grammar-srs/kotlin/iosApp/build/FinalVirtualKeyboardToolbar/SDKExplicitPrecompiledModules/ptrcheck-8XYT0KQ9VF18YN7XC24Z1N8RE.pcm

SwiftExplicitDependencyGeneratePcm arm64 /Users/german/Work/JS/polski-grammar-srs/kotlin/iosApp/build/FinalVirtualKeyboardToolbar/SDKExplicitPrecompiledModules/_AvailabilityInternal-16IMTI7J2CIYLDH6JVYETPIEB.pcm

SwiftExplicitDependencyGeneratePcm arm64 /Users/german/Work/JS/polski-grammar-srs/kotlin/iosApp/build/FinalVirtualKeyboardToolbar/SDKExplicitPrecompiledModules/_Builtin_stddef-BZHGM7U122RVZ2IZ0B1NTP7MU.pcm

SwiftExplicitDependencyGeneratePcm arm64 /Users/german/Work/JS/polski-grammar-srs/kotlin/iosApp/build/FinalVirtualKeyboardToolbar/SDKExplicitPrecompiledModules/_Builtin_stdbool-7N8GI24TZ8JETMNKZMQN7SRQW.pcm

SwiftExplicitDependencyGeneratePcm arm64 /Users/german/Work/JS/polski-grammar-srs/kotlin/iosApp/build/FinalVirtualKeyboardToolbar/SDKExplicitPrecompiledModules/DeveloperToolsSupport-1FURNNNHL7OGGTWFGQAWQXPT.pcm

SwiftExplicitDependencyGeneratePcm arm64 /Users/german/Work/JS/polski-grammar-srs/kotlin/iosApp/build/FinalVirtualKeyboardToolbar/SDKExplicitPrecompiledModules/_Builtin_float-C5BR0BBJE5CUWZROMV30BII8.pcm

SwiftExplicitDependencyGeneratePcm arm64 /Users/german/Work/JS/polski-grammar-srs/kotlin/iosApp/build/FinalVirtualKeyboardToolbar/SDKExplicitPrecompiledModules/_SwiftConcurrencyShims-2LBAM5KUHYD4P7DIOIS33OHLQ.pcm

SwiftExplicitDependencyGeneratePcm arm64 /Users/german/Work/JS/polski-grammar-srs/kotlin/iosApp/build/FinalVirtualKeyboardToolbar/SDKExplicitPrecompiledModules/_Builtin_stdarg-AZI8M6VNAEWQUPZ2UMI0FS9KL.pcm

SwiftExplicitDependencyGeneratePcm arm64 /Users/german/Work/JS/polski-grammar-srs/kotlin/iosApp/build/FinalVirtualKeyboardToolbar/SDKExplicitPrecompiledModules/SwiftShims-AD5FJWGWWJFDWK8RNPU73AXG8.pcm

SwiftExplicitDependencyGeneratePcm arm64 /Users/german/Work/JS/polski-grammar-srs/kotlin/iosApp/build/FinalVirtualKeyboardToolbar/SDKExplicitPrecompiledModules/ptrauth-CKJVI22KT8HG0V9JH4UIGEZCX.pcm

SwiftExplicitDependencyGeneratePcm arm64 /Users/german/Work/JS/polski-grammar-srs/kotlin/iosApp/build/FinalVirtualKeyboardToolbar/SDKExplicitPrecompiledModules/_DarwinFoundation1-E38TDTXRQRVR1VZFS2MLVZVF8.pcm

SwiftExplicitDependencyGeneratePcm arm64 /Users/german/Work/JS/polski-grammar-srs/kotlin/iosApp/build/FinalVirtualKeyboardToolbar/SDKExplicitPrecompiledModules/_DarwinFoundation2-9JPO4YVMDH7LV430BXM2SKB8L.pcm

SwiftExplicitDependencyGeneratePcm arm64 /Users/german/Work/JS/polski-grammar-srs/kotlin/iosApp/build/FinalVirtualKeyboardToolbar/SDKExplicitPrecompiledModules/_Builtin_limits-5576NNEJXR1QNWKOVAL7J6LYU.pcm

SwiftExplicitDependencyGeneratePcm arm64 /Users/german/Work/JS/polski-grammar-srs/kotlin/iosApp/build/FinalVirtualKeyboardToolbar/SDKExplicitPrecompiledModules/_Builtin_stdint-5AY3XO9DB2HZWLFDGGTL32FY5.pcm

SwiftExplicitDependencyGeneratePcm arm64 /Users/german/Work/JS/polski-grammar-srs/kotlin/iosApp/build/FinalVirtualKeyboardToolbar/SDKExplicitPrecompiledModules/sys_types-6IG56MQEV20OM9LXBCNG95UFP.pcm

SwiftExplicitDependencyGeneratePcm arm64 /Users/german/Work/JS/polski-grammar-srs/kotlin/iosApp/build/FinalVirtualKeyboardToolbar/SDKExplicitPrecompiledModules/_Builtin_tgmath-A3ZACW69K4ER9X60RDGWW0M3S.pcm

SwiftExplicitDependencyGeneratePcm arm64 /Users/german/Work/JS/polski-grammar-srs/kotlin/iosApp/build/FinalVirtualKeyboardToolbar/SDKExplicitPrecompiledModules/string_h-5KCOVUAO7IXDLKG9CDTDWZ9WV.pcm

SwiftExplicitDependencyGeneratePcm arm64 /Users/german/Work/JS/polski-grammar-srs/kotlin/iosApp/build/FinalVirtualKeyboardToolbar/SDKExplicitPrecompiledModules/_Builtin_stdatomic-4QX72HBAZ7MNRGAMJ8194EUO6.pcm

SwiftExplicitDependencyGeneratePcm arm64 /Users/german/Work/JS/polski-grammar-srs/kotlin/iosApp/build/FinalVirtualKeyboardToolbar/SDKExplicitPrecompiledModules/_Builtin_intrinsics-91HJGUWRW5YT41XR3P18FQCZ2.pcm

SwiftExplicitDependencyGeneratePcm arm64 /Users/german/Work/JS/polski-grammar-srs/kotlin/iosApp/build/FinalVirtualKeyboardToolbar/SDKExplicitPrecompiledModules/_DarwinFoundation3-3QOZZSE12E6D5UF6AY76ITTAF.pcm

SwiftExplicitDependencyGeneratePcm arm64 /Users/german/Work/JS/polski-grammar-srs/kotlin/iosApp/build/FinalVirtualKeyboardToolbar/SDKExplicitPrecompiledModules/_Builtin_inttypes-10BC3OOOP0LW1WRV5NO15LAOY.pcm

SwiftExplicitDependencyGeneratePcm arm64 /Users/german/Work/JS/polski-grammar-srs/kotlin/iosApp/build/FinalVirtualKeyboardToolbar/SDKExplicitPrecompiledModules/Darwin-3V7O8CXS4SFV5D8VUGQK0DV80.pcm

SwiftExplicitDependencyGeneratePcm arm64 /Users/german/Work/JS/polski-grammar-srs/kotlin/iosApp/build/FinalVirtualKeyboardToolbar/SDKExplicitPrecompiledModules/simd-KN6VGX6C1QICXYEQF00MG4D.pcm

SwiftExplicitDependencyGeneratePcm arm64 /Users/german/Work/JS/polski-grammar-srs/kotlin/iosApp/build/FinalVirtualKeyboardToolbar/SDKExplicitPrecompiledModules/ObjectiveC-AENQNOIPU1E6092L62RJ36DU2.pcm

SwiftExplicitDependencyGeneratePcm arm64 /Users/german/Work/JS/polski-grammar-srs/kotlin/iosApp/build/FinalVirtualKeyboardToolbar/SDKExplicitPrecompiledModules/MachO-D1UEXFMEKQW6SGTJMFXBOL7QV.pcm

SwiftExplicitDependencyGeneratePcm arm64 /Users/german/Work/JS/polski-grammar-srs/kotlin/iosApp/build/FinalVirtualKeyboardToolbar/SDKExplicitPrecompiledModules/os_object-6NJVX0MAM3SD9QVFFTOFEG89W.pcm

SwiftExplicitDependencyGeneratePcm arm64 /Users/german/Work/JS/polski-grammar-srs/kotlin/iosApp/build/FinalVirtualKeyboardToolbar/SDKExplicitPrecompiledModules/os_workgroup-DXRQ2MYLYNRBP8P5C4AF3FE2G.pcm

SwiftExplicitDependencyGeneratePcm arm64 /Users/german/Work/JS/polski-grammar-srs/kotlin/iosApp/build/FinalVirtualKeyboardToolbar/SDKExplicitPrecompiledModules/Spatial-BX428G28QMW3MOVYT1QGJSHPZ.pcm

SwiftExplicitDependencyGeneratePcm arm64 /Users/german/Work/JS/polski-grammar-srs/kotlin/iosApp/build/FinalVirtualKeyboardToolbar/SDKExplicitPrecompiledModules/Dispatch-FTRJLXI4US1IG20JFS5Z6CEN.pcm

SwiftExplicitDependencyGeneratePcm arm64 /Users/german/Work/JS/polski-grammar-srs/kotlin/iosApp/build/FinalVirtualKeyboardToolbar/SDKExplicitPrecompiledModules/CoreFoundation-5IDIYA6BZY702IZ6YZLEB2L2R.pcm

SwiftExplicitDependencyGeneratePcm arm64 /Users/german/Work/JS/polski-grammar-srs/kotlin/iosApp/build/FinalVirtualKeyboardToolbar/SDKExplicitPrecompiledModules/XPC-4OZSHLW5XEK82RS1MHGNFD2H0.pcm

LinkAssetCatalog /Users/german/Work/JS/polski-grammar-srs/kotlin/iosApp/PolskiGrammar/Assets.xcassets (in target 'PolskiGrammar' from project 'PolskiGrammar')
    cd /Users/german/Work/JS/polski-grammar-srs/kotlin/iosApp
    builtin-linkAssetCatalog --thinned /Users/german/Work/JS/polski-grammar-srs/kotlin/iosApp/build/FinalVirtualKeyboardToolbar/Build/Intermediates.noindex/PolskiGrammar.build/Debug-iphonesimulator/PolskiGrammar.build/assetcatalog_output/thinned --thinned-dependencies /Users/german/Work/JS/polski-grammar-srs/kotlin/iosApp/build/FinalVirtualKeyboardToolbar/Build/Intermediates.noindex/PolskiGrammar.build/Debug-iphonesimulator/PolskiGrammar.build/assetcatalog_dependencies_thinned --thinned-info-plist-content /Users/german/Work/JS/polski-grammar-srs/kotlin/iosApp/build/FinalVirtualKeyboardToolbar/Build/Intermediates.noindex/PolskiGrammar.build/Debug-iphonesimulator/PolskiGrammar.build/assetcatalog_generated_info.plist_thinned --unthinned /Users/german/Work/JS/polski-grammar-srs/kotlin/iosApp/build/FinalVirtualKeyboardToolbar/Build/Intermediates.noindex/PolskiGrammar.build/Debug-iphonesimulator/PolskiGrammar.build/assetcatalog_output/unthinned --unthinned-dependencies /Users/german/Work/JS/polski-grammar-srs/kotlin/iosApp/build/FinalVirtualKeyboardToolbar/Build/Intermediates.noindex/PolskiGrammar.build/Debug-iphonesimulator/PolskiGrammar.build/assetcatalog_dependencies_unthinned --unthinned-info-plist-content /Users/german/Work/JS/polski-grammar-srs/kotlin/iosApp/build/FinalVirtualKeyboardToolbar/Build/Intermediates.noindex/PolskiGrammar.build/Debug-iphonesimulator/PolskiGrammar.build/assetcatalog_generated_info.plist_unthinned --output /Users/german/Work/JS/polski-grammar-srs/kotlin/iosApp/build/FinalVirtualKeyboardToolbar/Build/Products/Debug-iphonesimulator/PolskiGrammar.app --plist-output /Users/german/Work/JS/polski-grammar-srs/kotlin/iosApp/build/FinalVirtualKeyboardToolbar/Build/Intermediates.noindex/PolskiGrammar.build/Debug-iphonesimulator/PolskiGrammar.build/assetcatalog_generated_info.plist
note: Emplaced /Users/german/Work/JS/polski-grammar-srs/kotlin/iosApp/build/FinalVirtualKeyboardToolbar/Build/Products/Debug-iphonesimulator/PolskiGrammar.app/Assets.car (in target 'PolskiGrammar' from project 'PolskiGrammar')
note: Emplaced /Users/german/Work/JS/polski-grammar-srs/kotlin/iosApp/build/FinalVirtualKeyboardToolbar/Build/Products/Debug-iphonesimulator/PolskiGrammar.app/AppIcon76x76@2x~ipad.png (in target 'PolskiGrammar' from project 'PolskiGrammar')
note: Emplaced /Users/german/Work/JS/polski-grammar-srs/kotlin/iosApp/build/FinalVirtualKeyboardToolbar/Build/Products/Debug-iphonesimulator/PolskiGrammar.app/AppIcon60x60@2x.png (in target 'PolskiGrammar' from project 'PolskiGrammar')

ProcessInfoPlistFile /Users/german/Work/JS/polski-grammar-srs/kotlin/iosApp/build/FinalVirtualKeyboardToolbar/Build/Products/Debug-iphonesimulator/PolskiGrammar.app/Info.plist /Users/german/Work/JS/polski-grammar-srs/kotlin/iosApp/build/FinalVirtualKeyboardToolbar/Build/Intermediates.noindex/PolskiGrammar.build/Debug-iphonesimulator/PolskiGrammar.build/empty-PolskiGrammar.plist (in target 'PolskiGrammar' from project 'PolskiGrammar')
    cd /Users/german/Work/JS/polski-grammar-srs/kotlin/iosApp
    builtin-infoPlistUtility /Users/german/Work/JS/polski-grammar-srs/kotlin/iosApp/build/FinalVirtualKeyboardToolbar/Build/Intermediates.noindex/PolskiGrammar.build/Debug-iphonesimulator/PolskiGrammar.build/empty-PolskiGrammar.plist -producttype com.apple.product-type.application -genpkginfo /Users/german/Work/JS/polski-grammar-srs/kotlin/iosApp/build/FinalVirtualKeyboardToolbar/Build/Products/Debug-iphonesimulator/PolskiGrammar.app/PkgInfo -expandbuildsettings -format binary -platform iphonesimulator -additionalcontentfile /Users/german/Work/JS/polski-grammar-srs/kotlin/iosApp/build/FinalVirtualKeyboardToolbar/Build/Intermediates.noindex/PolskiGrammar.build/Debug-iphonesimulator/PolskiGrammar.build/assetcatalog_generated_info.plist -o /Users/german/Work/JS/polski-grammar-srs/kotlin/iosApp/build/FinalVirtualKeyboardToolbar/Build/Products/Debug-iphonesimulator/PolskiGrammar.app/Info.plist

SwiftExplicitDependencyGeneratePcm arm64 /Users/german/Work/JS/polski-grammar-srs/kotlin/iosApp/build/FinalVirtualKeyboardToolbar/SDKExplicitPrecompiledModules/os-AA7TPCNRB7CZF7KU2LWQ8184M.pcm

SwiftExplicitDependencyGeneratePcm arm64 /Users/german/Work/JS/polski-grammar-srs/kotlin/iosApp/build/FinalVirtualKeyboardToolbar/SDKExplicitPrecompiledModules/CoreAudioTypes-4SL2OBKO2RSCTGTUG6TPH494Y.pcm

SwiftExplicitDependencyGeneratePcm arm64 /Users/german/Work/JS/polski-grammar-srs/kotlin/iosApp/build/FinalVirtualKeyboardToolbar/SDKExplicitPrecompiledModules/CFNetwork-2TN1P155Q92BUJTMQ0MCI8E64.pcm

SwiftExplicitDependencyGeneratePcm arm64 /Users/german/Work/JS/polski-grammar-srs/kotlin/iosApp/build/FinalVirtualKeyboardToolbar/SDKExplicitPrecompiledModules/CoreGraphics-5TEFUCQ7Y6KEX2WVPI2ZDDO1S.pcm

SwiftExplicitDependencyGeneratePcm arm64 /Users/german/Work/JS/polski-grammar-srs/kotlin/iosApp/build/FinalVirtualKeyboardToolbar/SDKExplicitPrecompiledModules/Security-DROP1VFQ8CGAOXE86YVI8OQ0U.pcm

SwiftExplicitDependencyGeneratePcm arm64 /Users/german/Work/JS/polski-grammar-srs/kotlin/iosApp/build/FinalVirtualKeyboardToolbar/SDKExplicitPrecompiledModules/CoreAudio-8SSTJI6SZ8OZVVFY5MA9R3HN.pcm

SwiftExplicitDependencyGeneratePcm arm64 /Users/german/Work/JS/polski-grammar-srs/kotlin/iosApp/build/FinalVirtualKeyboardToolbar/SDKExplicitPrecompiledModules/Foundation-6YBIA04G92NBME8QJF6HYNAYX.pcm

SwiftExplicitDependencyGeneratePcm arm64 /Users/german/Work/JS/polski-grammar-srs/kotlin/iosApp/build/FinalVirtualKeyboardToolbar/SDKExplicitPrecompiledModules/ImageIO-1GBIHCTWQTUEBSKBWS3TVW873.pcm

SwiftExplicitDependencyGeneratePcm arm64 /Users/german/Work/JS/polski-grammar-srs/kotlin/iosApp/build/FinalVirtualKeyboardToolbar/SDKExplicitPrecompiledModules/CoreText-A5TMNCR8MOX0BYC2R5US9KZ3M.pcm

SwiftExplicitDependencyGeneratePcm arm64 /Users/german/Work/JS/polski-grammar-srs/kotlin/iosApp/build/FinalVirtualKeyboardToolbar/SDKExplicitPrecompiledModules/UserNotifications-1H6EB4CBRI3A0NHS51QU793BG.pcm

SwiftExplicitDependencyGeneratePcm arm64 /Users/german/Work/JS/polski-grammar-srs/kotlin/iosApp/build/FinalVirtualKeyboardToolbar/SDKExplicitPrecompiledModules/FileProvider-AI99YUU166KI49WLCIBTAJXHO.pcm

SwiftExplicitDependencyGeneratePcm arm64 /Users/german/Work/JS/polski-grammar-srs/kotlin/iosApp/build/FinalVirtualKeyboardToolbar/SDKExplicitPrecompiledModules/OpenGLES-BAI61QAWKMGL0VHUY1RD8GZTD.pcm

SwiftExplicitDependencyGeneratePcm arm64 /Users/german/Work/JS/polski-grammar-srs/kotlin/iosApp/build/FinalVirtualKeyboardToolbar/SDKExplicitPrecompiledModules/UIUtilities-CPWK851AVSDDAEBYZ039UUP6N.pcm

SwiftExplicitDependencyGeneratePcm arm64 /Users/german/Work/JS/polski-grammar-srs/kotlin/iosApp/build/FinalVirtualKeyboardToolbar/SDKExplicitPrecompiledModules/UniformTypeIdentifiers-4L3VVWDLD8C44WH7KSONOA7U6.pcm

SwiftExplicitDependencyGeneratePcm arm64 /Users/german/Work/JS/polski-grammar-srs/kotlin/iosApp/build/FinalVirtualKeyboardToolbar/SDKExplicitPrecompiledModules/OSLog-71S7QXORVKPS1F4RDKUE24ZBP.pcm

SwiftExplicitDependencyGeneratePcm arm64 /Users/german/Work/JS/polski-grammar-srs/kotlin/iosApp/build/FinalVirtualKeyboardToolbar/Build/Intermediates.noindex/SwiftExplicitPrecompiledModules/PolskiShared-2GT1G85XXMPAT6IISQU43F3B7.pcm

SwiftExplicitDependencyGeneratePcm arm64 /Users/german/Work/JS/polski-grammar-srs/kotlin/iosApp/build/FinalVirtualKeyboardToolbar/SDKExplicitPrecompiledModules/IOSurface-3DLQXGCDE5FFX5HVBJ7MX0FYV.pcm

SwiftExplicitDependencyGeneratePcm arm64 /Users/german/Work/JS/polski-grammar-srs/kotlin/iosApp/build/FinalVirtualKeyboardToolbar/SDKExplicitPrecompiledModules/CoreData-EKM8AUNX36T24C50TH1U5QDO9.pcm

SwiftExplicitDependencyGeneratePcm arm64 /Users/german/Work/JS/polski-grammar-srs/kotlin/iosApp/build/FinalVirtualKeyboardToolbar/SDKExplicitPrecompiledModules/_LocationEssentials-73VTYD7O4546BQ6MRMD1XWZ8F.pcm

SwiftExplicitDependencyGeneratePcm arm64 /Users/german/Work/JS/polski-grammar-srs/kotlin/iosApp/build/FinalVirtualKeyboardToolbar/SDKExplicitPrecompiledModules/Accessibility-18J6HSUREZO7FM8QLGXFFWXPV.pcm

SwiftExplicitDependencyGeneratePcm arm64 /Users/german/Work/JS/polski-grammar-srs/kotlin/iosApp/build/FinalVirtualKeyboardToolbar/SDKExplicitPrecompiledModules/DataDetection-AK60KA9VUPGSYU5MDYSUYQ9DJ.pcm

SwiftExplicitDependencyGeneratePcm arm64 /Users/german/Work/JS/polski-grammar-srs/kotlin/iosApp/build/FinalVirtualKeyboardToolbar/SDKExplicitPrecompiledModules/CoreTransferable-E99K05BPPEUII4J0LIG0O3W3X.pcm

SwiftExplicitDependencyGeneratePcm arm64 /Users/german/Work/JS/polski-grammar-srs/kotlin/iosApp/build/FinalVirtualKeyboardToolbar/SDKExplicitPrecompiledModules/Symbols-10RUB0FWX7F8XVBJIZ6G7TMVV.pcm

SwiftExplicitDependencyGeneratePcm arm64 /Users/german/Work/JS/polski-grammar-srs/kotlin/iosApp/build/FinalVirtualKeyboardToolbar/SDKExplicitPrecompiledModules/CoreLocation-4OS98XGEIWZBOIW3IGF9O9KLU.pcm

SwiftExplicitDependencyGeneratePcm arm64 /Users/german/Work/JS/polski-grammar-srs/kotlin/iosApp/build/FinalVirtualKeyboardToolbar/SDKExplicitPrecompiledModules/Metal-AO6ROMUPQJ77F41QG8G0DJAJY.pcm

SwiftExplicitDependencyGeneratePcm arm64 /Users/german/Work/JS/polski-grammar-srs/kotlin/iosApp/build/FinalVirtualKeyboardToolbar/SDKExplicitPrecompiledModules/CoreMotion-9Q4H6PTHBDCYP5I58RZ68ZIS2.pcm

SwiftExplicitDependencyGeneratePcm arm64 /Users/german/Work/JS/polski-grammar-srs/kotlin/iosApp/build/FinalVirtualKeyboardToolbar/SDKExplicitPrecompiledModules/CoreVideo-4GE9E76Z8ZOM5IHG9ZYBLN0D.pcm

SwiftExplicitDependencyGeneratePcm arm64 /Users/german/Work/JS/polski-grammar-srs/kotlin/iosApp/build/FinalVirtualKeyboardToolbar/SDKExplicitPrecompiledModules/QuartzCore-CEIM6RL8VNK855ECCEWGCRVAZ.pcm

SwiftExplicitDependencyGeneratePcm arm64 /Users/german/Work/JS/polski-grammar-srs/kotlin/iosApp/build/FinalVirtualKeyboardToolbar/SDKExplicitPrecompiledModules/CoreMedia-7CQJIG0BUKMA4VO9JS0DN0E8E.pcm

SwiftExplicitDependencyGeneratePcm arm64 /Users/german/Work/JS/polski-grammar-srs/kotlin/iosApp/build/FinalVirtualKeyboardToolbar/SDKExplicitPrecompiledModules/CoreImage-41F2UWLHD99C73NF52THVLLYN.pcm

SwiftExplicitDependencyGeneratePcm arm64 /Users/german/Work/JS/polski-grammar-srs/kotlin/iosApp/build/FinalVirtualKeyboardToolbar/SDKExplicitPrecompiledModules/SwiftUICore-7VGWHEJ4TCQBOUP4VV788529F.pcm

SwiftExplicitDependencyGeneratePcm arm64 /Users/german/Work/JS/polski-grammar-srs/kotlin/iosApp/build/FinalVirtualKeyboardToolbar/SDKExplicitPrecompiledModules/UIKit-B30HC8JQSC1BDHYGIVYO0N2N8.pcm

SwiftExplicitDependencyGeneratePcm arm64 /Users/german/Work/JS/polski-grammar-srs/kotlin/iosApp/build/FinalVirtualKeyboardToolbar/SDKExplicitPrecompiledModules/SwiftUI-4FQADJRXLB3XUPXK17UFKPA2V.pcm

SwiftCompile normal arm64 Compiling\ GeneratedAssetSymbols.swift /Users/german/Work/JS/polski-grammar-srs/kotlin/iosApp/build/FinalVirtualKeyboardToolbar/Build/Intermediates.noindex/PolskiGrammar.build/Debug-iphonesimulator/PolskiGrammar.build/DerivedSources/GeneratedAssetSymbols.swift (in target 'PolskiGrammar' from project 'PolskiGrammar')

SwiftCompile normal arm64 /Users/german/Work/JS/polski-grammar-srs/kotlin/iosApp/build/FinalVirtualKeyboardToolbar/Build/Intermediates.noindex/PolskiGrammar.build/Debug-iphonesimulator/PolskiGrammar.build/DerivedSources/GeneratedAssetSymbols.swift (in target 'PolskiGrammar' from project 'PolskiGrammar')
    cd /Users/german/Work/JS/polski-grammar-srs/kotlin/iosApp
    builtin-SwiftPerFileCompile GeneratedAssetSymbols.swift

SwiftEmitModule normal arm64 Emitting\ module\ for\ PolskiGrammar (in target 'PolskiGrammar' from project 'PolskiGrammar')

SwiftCompile normal arm64 (in target 'PolskiGrammar' from project 'PolskiGrammar')
    cd /Users/german/Work/JS/polski-grammar-srs/kotlin/iosApp
    

SwiftCompile normal arm64 Compiling\ PolskiGrammarApp.swift /Users/german/Work/JS/polski-grammar-srs/kotlin/iosApp/PolskiGrammar/PolskiGrammarApp.swift (in target 'PolskiGrammar' from project 'PolskiGrammar')

SwiftCompile normal arm64 /Users/german/Work/JS/polski-grammar-srs/kotlin/iosApp/PolskiGrammar/PolskiGrammarApp.swift (in target 'PolskiGrammar' from project 'PolskiGrammar')
    cd /Users/german/Work/JS/polski-grammar-srs/kotlin/iosApp
    builtin-SwiftPerFileCompile PolskiGrammarApp.swift

SwiftDriverJobDiscovery normal arm64 Emitting module for PolskiGrammar (in target 'PolskiGrammar' from project 'PolskiGrammar')

SwiftDriver\ Compilation\ Requirements PolskiGrammar normal arm64 com.apple.xcode.tools.swift.compiler (in target 'PolskiGrammar' from project 'PolskiGrammar')
    cd /Users/german/Work/JS/polski-grammar-srs/kotlin/iosApp
    builtin-Swift-Compilation-Requirements -- /Applications/Xcode.app/Contents/Developer/Toolchains/XcodeDefault.xctoolchain/usr/bin/swiftc -module-name PolskiGrammar -Onone @/Users/german/Work/JS/polski-grammar-srs/kotlin/iosApp/build/FinalVirtualKeyboardToolbar/Build/Intermediates.noindex/PolskiGrammar.build/Debug-iphonesimulator/PolskiGrammar.build/Objects-normal/arm64/PolskiGrammar.SwiftFileList -DDEBUG -DDIRECT_PICKER_ACCEPTANCE -enable-bare-slash-regex -enable-experimental-feature DebugDescriptionMacro -sdk /Applications/Xcode.app/Contents/Developer/Platforms/iPhoneSimulator.platform/Developer/SDKs/iPhoneSimulator27.0.sdk -target arm64-apple-ios17.0-simulator -g -module-cache-path /Users/german/Work/JS/polski-grammar-srs/kotlin/iosApp/build/FinalVirtualKeyboardToolbar/ModuleCache.noindex -Xfrontend -serialize-debugging-options -enable-testing -index-store-path /Users/german/Work/JS/polski-grammar-srs/kotlin/iosApp/build/FinalVirtualKeyboardToolbar/Index.noindex/DataStore -Xcc -D_LIBCPP_HARDENING_MODE\=_LIBCPP_HARDENING_MODE_DEBUG -swift-version 5 -I /Users/german/Work/JS/polski-grammar-srs/kotlin/iosApp/build/FinalVirtualKeyboardToolbar/Build/Products/Debug-iphonesimulator -F /Users/german/Work/JS/polski-grammar-srs/kotlin/iosApp/build/FinalVirtualKeyboardToolbar/Build/Products/Debug-iphonesimulator -c -j10 -enable-batch-mode -incremental -Xcc -ivfsstatcache -Xcc /Users/german/Work/JS/polski-grammar-srs/kotlin/iosApp/build/FinalVirtualKeyboardToolbar/SDKStatCaches.noindex/iphonesimulator27.0-24A430-8dc58220667be655e1bcc261a7455254.sdkstatcache -output-file-map /Users/german/Work/JS/polski-grammar-srs/kotlin/iosApp/build/FinalVirtualKeyboardToolbar/Build/Intermediates.noindex/PolskiGrammar.build/Debug-iphonesimulator/PolskiGrammar.build/Objects-normal/arm64/PolskiGrammar-OutputFileMap.json -save-temps -no-color-diagnostics -explicit-module-build -module-cache-path /Users/german/Work/JS/polski-grammar-srs/kotlin/iosApp/build/FinalVirtualKeyboardToolbar/Build/Intermediates.noindex/SwiftExplicitPrecompiledModules -clang-scanner-module-cache-path /Users/german/Work/JS/polski-grammar-srs/kotlin/iosApp/build/FinalVirtualKeyboardToolbar/ModuleCache.noindex -sdk-module-cache-path /Users/german/Work/JS/polski-grammar-srs/kotlin/iosApp/build/FinalVirtualKeyboardToolbar/SDKExplicitPrecompiledModules -emit-dependencies -emit-module -emit-module-path /Users/german/Work/JS/polski-grammar-srs/kotlin/iosApp/build/FinalVirtualKeyboardToolbar/Build/Intermediates.noindex/PolskiGrammar.build/Debug-iphonesimulator/PolskiGrammar.build/Objects-normal/arm64/PolskiGrammar.swiftmodule -serialize-diagnostics -dependency-scan-serialize-diagnostics-path /Users/german/Work/JS/polski-grammar-srs/kotlin/iosApp/build/FinalVirtualKeyboardToolbar/Build/Intermediates.noindex/PolskiGrammar.build/Debug-iphonesimulator/PolskiGrammar.build/Objects-normal/arm64/PolskiGrammar-dependency-scan.dia -validate-clang-modules-once -clang-build-session-file /Users/german/Work/JS/polski-grammar-srs/kotlin/iosApp/build/FinalVirtualKeyboardToolbar/ModuleCache.noindex/Session.modulevalidation -Xcc -fmodules-prune-interval\=86400 -Xcc -fmodules-prune-after\=345600 -emit-const-values -const-gather-protocols-list /Users/german/Work/JS/polski-grammar-srs/kotlin/iosApp/build/FinalVirtualKeyboardToolbar/Build/Intermediates.noindex/PolskiGrammar.build/Debug-iphonesimulator/PolskiGrammar.build/Objects-normal/arm64/PolskiGrammar_const_extract_protocols.json -Xcc -iquote -Xcc /Users/german/Work/JS/polski-grammar-srs/kotlin/iosApp/build/FinalVirtualKeyboardToolbar/Build/Intermediates.noindex/PolskiGrammar.build/Debug-iphonesimulator/PolskiGrammar.build/PolskiGrammar-generated-files.hmap -Xcc -I/Users/german/Work/JS/polski-grammar-srs/kotlin/iosApp/build/FinalVirtualKeyboardToolbar/Build/Intermediates.noindex/PolskiGrammar.build/Debug-iphonesimulator/PolskiGrammar.build/PolskiGrammar-own-target-headers.hmap -Xcc -I/Users/german/Work/JS/polski-grammar-srs/kotlin/iosApp/build/FinalVirtualKeyboardToolbar/Build/Intermediates.noindex/PolskiGrammar.build/Debug-iphonesimulator/PolskiGrammar.build/PolskiGrammar-all-target-headers.hmap -Xcc -iquote -Xcc /Users/german/Work/JS/polski-grammar-srs/kotlin/iosApp/build/FinalVirtualKeyboardToolbar/Build/Intermediates.noindex/PolskiGrammar.build/Debug-iphonesimulator/PolskiGrammar.build/PolskiGrammar-project-headers.hmap -Xcc -I/Users/german/Work/JS/polski-grammar-srs/kotlin/iosApp/build/FinalVirtualKeyboardToolbar/Build/Products/Debug-iphonesimulator/include -Xcc -I/Users/german/Work/JS/polski-grammar-srs/kotlin/iosApp/build/FinalVirtualKeyboardToolbar/Build/Intermediates.noindex/PolskiGrammar.build/Debug-iphonesimulator/PolskiGrammar.build/DerivedSources-normal/arm64 -Xcc -I/Users/german/Work/JS/polski-grammar-srs/kotlin/iosApp/build/FinalVirtualKeyboardToolbar/Build/Intermediates.noindex/PolskiGrammar.build/Debug-iphonesimulator/PolskiGrammar.build/DerivedSources/arm64 -Xcc -I/Users/german/Work/JS/polski-grammar-srs/kotlin/iosApp/build/FinalVirtualKeyboardToolbar/Build/Intermediates.noindex/PolskiGrammar.build/Debug-iphonesimulator/PolskiGrammar.build/DerivedSources -Xcc -DDEBUG\=1 -emit-objc-header -emit-objc-header-path /Users/german/Work/JS/polski-grammar-srs/kotlin/iosApp/build/FinalVirtualKeyboardToolbar/Build/Intermediates.noindex/PolskiGrammar.build/Debug-iphonesimulator/PolskiGrammar.build/Objects-normal/arm64/PolskiGrammar-Swift.h -working-directory /Users/german/Work/JS/polski-grammar-srs/kotlin/iosApp -experimental-emit-module-separately -disable-cmo

SwiftMergeGeneratedHeaders /Users/german/Work/JS/polski-grammar-srs/kotlin/iosApp/build/FinalVirtualKeyboardToolbar/Build/Intermediates.noindex/PolskiGrammar.build/Debug-iphonesimulator/PolskiGrammar.build/DerivedSources/PolskiGrammar-Swift.h /Users/german/Work/JS/polski-grammar-srs/kotlin/iosApp/build/FinalVirtualKeyboardToolbar/Build/Intermediates.noindex/PolskiGrammar.build/Debug-iphonesimulator/PolskiGrammar.build/Objects-normal/arm64/PolskiGrammar-Swift.h (in target 'PolskiGrammar' from project 'PolskiGrammar')
    cd /Users/german/Work/JS/polski-grammar-srs/kotlin/iosApp
    builtin-swiftHeaderTool -arch arm64 /Users/german/Work/JS/polski-grammar-srs/kotlin/iosApp/build/FinalVirtualKeyboardToolbar/Build/Intermediates.noindex/PolskiGrammar.build/Debug-iphonesimulator/PolskiGrammar.build/Objects-normal/arm64/PolskiGrammar-Swift.h -o /Users/german/Work/JS/polski-grammar-srs/kotlin/iosApp/build/FinalVirtualKeyboardToolbar/Build/Intermediates.noindex/PolskiGrammar.build/Debug-iphonesimulator/PolskiGrammar.build/DerivedSources/PolskiGrammar-Swift.h

Copy /Users/german/Work/JS/polski-grammar-srs/kotlin/iosApp/build/FinalVirtualKeyboardToolbar/Build/Products/Debug-iphonesimulator/PolskiGrammar.swiftmodule/arm64-apple-ios-simulator.abi.json /Users/german/Work/JS/polski-grammar-srs/kotlin/iosApp/build/FinalVirtualKeyboardToolbar/Build/Intermediates.noindex/PolskiGrammar.build/Debug-iphonesimulator/PolskiGrammar.build/Objects-normal/arm64/PolskiGrammar.abi.json (in target 'PolskiGrammar' from project 'PolskiGrammar')
    cd /Users/german/Work/JS/polski-grammar-srs/kotlin/iosApp
    builtin-copy -exclude .DS_Store -exclude CVS -exclude .svn -exclude .git -exclude .hg -resolve-src-symlinks -rename /Users/german/Work/JS/polski-grammar-srs/kotlin/iosApp/build/FinalVirtualKeyboardToolbar/Build/Intermediates.noindex/PolskiGrammar.build/Debug-iphonesimulator/PolskiGrammar.build/Objects-normal/arm64/PolskiGrammar.abi.json /Users/german/Work/JS/polski-grammar-srs/kotlin/iosApp/build/FinalVirtualKeyboardToolbar/Build/Products/Debug-iphonesimulator/PolskiGrammar.swiftmodule/arm64-apple-ios-simulator.abi.json

Copy /Users/german/Work/JS/polski-grammar-srs/kotlin/iosApp/build/FinalVirtualKeyboardToolbar/Build/Products/Debug-iphonesimulator/PolskiGrammar.swiftmodule/arm64-apple-ios-simulator.swiftmodule /Users/german/Work/JS/polski-grammar-srs/kotlin/iosApp/build/FinalVirtualKeyboardToolbar/Build/Intermediates.noindex/PolskiGrammar.build/Debug-iphonesimulator/PolskiGrammar.build/Objects-normal/arm64/PolskiGrammar.swiftmodule (in target 'PolskiGrammar' from project 'PolskiGrammar')
    cd /Users/german/Work/JS/polski-grammar-srs/kotlin/iosApp
    builtin-copy -exclude .DS_Store -exclude CVS -exclude .svn -exclude .git -exclude .hg -resolve-src-symlinks -rename /Users/german/Work/JS/polski-grammar-srs/kotlin/iosApp/build/FinalVirtualKeyboardToolbar/Build/Intermediates.noindex/PolskiGrammar.build/Debug-iphonesimulator/PolskiGrammar.build/Objects-normal/arm64/PolskiGrammar.swiftmodule /Users/german/Work/JS/polski-grammar-srs/kotlin/iosApp/build/FinalVirtualKeyboardToolbar/Build/Products/Debug-iphonesimulator/PolskiGrammar.swiftmodule/arm64-apple-ios-simulator.swiftmodule

Copy /Users/german/Work/JS/polski-grammar-srs/kotlin/iosApp/build/FinalVirtualKeyboardToolbar/Build/Products/Debug-iphonesimulator/PolskiGrammar.swiftmodule/arm64-apple-ios-simulator.swiftdoc /Users/german/Work/JS/polski-grammar-srs/kotlin/iosApp/build/FinalVirtualKeyboardToolbar/Build/Intermediates.noindex/PolskiGrammar.build/Debug-iphonesimulator/PolskiGrammar.build/Objects-normal/arm64/PolskiGrammar.swiftdoc (in target 'PolskiGrammar' from project 'PolskiGrammar')
    cd /Users/german/Work/JS/polski-grammar-srs/kotlin/iosApp
    builtin-copy -exclude .DS_Store -exclude CVS -exclude .svn -exclude .git -exclude .hg -resolve-src-symlinks -rename /Users/german/Work/JS/polski-grammar-srs/kotlin/iosApp/build/FinalVirtualKeyboardToolbar/Build/Intermediates.noindex/PolskiGrammar.build/Debug-iphonesimulator/PolskiGrammar.build/Objects-normal/arm64/PolskiGrammar.swiftdoc /Users/german/Work/JS/polski-grammar-srs/kotlin/iosApp/build/FinalVirtualKeyboardToolbar/Build/Products/Debug-iphonesimulator/PolskiGrammar.swiftmodule/arm64-apple-ios-simulator.swiftdoc

Copy /Users/german/Work/JS/polski-grammar-srs/kotlin/iosApp/build/FinalVirtualKeyboardToolbar/Build/Products/Debug-iphonesimulator/PolskiGrammar.swiftmodule/Project/arm64-apple-ios-simulator.swiftsourceinfo /Users/german/Work/JS/polski-grammar-srs/kotlin/iosApp/build/FinalVirtualKeyboardToolbar/Build/Intermediates.noindex/PolskiGrammar.build/Debug-iphonesimulator/PolskiGrammar.build/Objects-normal/arm64/PolskiGrammar.swiftsourceinfo (in target 'PolskiGrammar' from project 'PolskiGrammar')
    cd /Users/german/Work/JS/polski-grammar-srs/kotlin/iosApp
    builtin-copy -exclude .DS_Store -exclude CVS -exclude .svn -exclude .git -exclude .hg -resolve-src-symlinks -rename /Users/german/Work/JS/polski-grammar-srs/kotlin/iosApp/build/FinalVirtualKeyboardToolbar/Build/Intermediates.noindex/PolskiGrammar.build/Debug-iphonesimulator/PolskiGrammar.build/Objects-normal/arm64/PolskiGrammar.swiftsourceinfo /Users/german/Work/JS/polski-grammar-srs/kotlin/iosApp/build/FinalVirtualKeyboardToolbar/Build/Products/Debug-iphonesimulator/PolskiGrammar.swiftmodule/Project/arm64-apple-ios-simulator.swiftsourceinfo

SwiftDriver PolskiGrammarUITests normal arm64 com.apple.xcode.tools.swift.compiler (in target 'PolskiGrammarUITests' from project 'PolskiGrammar')
    cd /Users/german/Work/JS/polski-grammar-srs/kotlin/iosApp
    builtin-SwiftDriver -- /Applications/Xcode.app/Contents/Developer/Toolchains/XcodeDefault.xctoolchain/usr/bin/swiftc -module-name PolskiGrammarUITests -Onone @/Users/german/Work/JS/polski-grammar-srs/kotlin/iosApp/build/FinalVirtualKeyboardToolbar/Build/Intermediates.noindex/PolskiGrammar.build/Debug-iphonesimulator/PolskiGrammarUITests.build/Objects-normal/arm64/PolskiGrammarUITests.SwiftFileList -DDEBUG -DDIRECT_PICKER_ACCEPTANCE -module-alias Testing\=_Testing_Unavailable -plugin-path /Applications/Xcode.app/Contents/Developer/Toolchains/XcodeDefault.xctoolchain/usr/lib/swift/host/plugins/testing -enable-bare-slash-regex -enable-experimental-feature DebugDescriptionMacro -sdk /Applications/Xcode.app/Contents/Developer/Platforms/iPhoneSimulator.platform/Developer/SDKs/iPhoneSimulator27.0.sdk -target arm64-apple-ios17.0-simulator -g -module-cache-path /Users/german/Work/JS/polski-grammar-srs/kotlin/iosApp/build/FinalVirtualKeyboardToolbar/ModuleCache.noindex -Xfrontend -serialize-debugging-options -enable-testing -index-store-path /Users/german/Work/JS/polski-grammar-srs/kotlin/iosApp/build/FinalVirtualKeyboardToolbar/Index.noindex/DataStore -Xcc -D_LIBCPP_HARDENING_MODE\=_LIBCPP_HARDENING_MODE_DEBUG -swift-version 5 -I /Users/german/Work/JS/polski-grammar-srs/kotlin/iosApp/build/FinalVirtualKeyboardToolbar/Build/Products/Debug-iphonesimulator -Isystem /Applications/Xcode.app/Contents/Developer/Platforms/iPhoneSimulator.platform/Developer/usr/lib -F /Users/german/Work/JS/polski-grammar-srs/kotlin/iosApp/build/FinalVirtualKeyboardToolbar/Build/Products/Debug-iphonesimulator -F /Applications/Xcode.app/Contents/Developer/Platforms/iPhoneSimulator.platform/Developer/Library/Frameworks -F /Applications/Xcode.app/Contents/Developer/Platforms/iPhoneSimulator.platform/Developer/SDKs/iPhoneSimulator27.0.sdk/Developer/Library/Frameworks -parse-as-library -c -j10 -enable-batch-mode -incremental -Xcc -ivfsstatcache -Xcc /Users/german/Work/JS/polski-grammar-srs/kotlin/iosApp/build/FinalVirtualKeyboardToolbar/SDKStatCaches.noindex/iphonesimulator27.0-24A430-8dc58220667be655e1bcc261a7455254.sdkstatcache -output-file-map /Users/german/Work/JS/polski-grammar-srs/kotlin/iosApp/build/FinalVirtualKeyboardToolbar/Build/Intermediates.noindex/PolskiGrammar.build/Debug-iphonesimulator/PolskiGrammarUITests.build/Objects-normal/arm64/PolskiGrammarUITests-OutputFileMap.json -save-temps -no-color-diagnostics -explicit-module-build -module-cache-path /Users/german/Work/JS/polski-grammar-srs/kotlin/iosApp/build/FinalVirtualKeyboardToolbar/Build/Intermediates.noindex/SwiftExplicitPrecompiledModules -clang-scanner-module-cache-path /Users/german/Work/JS/polski-grammar-srs/kotlin/iosApp/build/FinalVirtualKeyboardToolbar/ModuleCache.noindex -sdk-module-cache-path /Users/german/Work/JS/polski-grammar-srs/kotlin/iosApp/build/FinalVirtualKeyboardToolbar/SDKExplicitPrecompiledModules -emit-dependencies -emit-module -emit-module-path /Users/german/Work/JS/polski-grammar-srs/kotlin/iosApp/build/FinalVirtualKeyboardToolbar/Build/Intermediates.noindex/PolskiGrammar.build/Debug-iphonesimulator/PolskiGrammarUITests.build/Objects-normal/arm64/PolskiGrammarUITests.swiftmodule -serialize-diagnostics -dependency-scan-serialize-diagnostics-path /Users/german/Work/JS/polski-grammar-srs/kotlin/iosApp/build/FinalVirtualKeyboardToolbar/Build/Intermediates.noindex/PolskiGrammar.build/Debug-iphonesimulator/PolskiGrammarUITests.build/Objects-normal/arm64/PolskiGrammarUITests-dependency-scan.dia -validate-clang-modules-once -clang-build-session-file /Users/german/Work/JS/polski-grammar-srs/kotlin/iosApp/build/FinalVirtualKeyboardToolbar/ModuleCache.noindex/Session.modulevalidation -Xcc -fmodules-prune-interval\=86400 -Xcc -fmodules-prune-after\=345600 -emit-const-values -const-gather-protocols-list /Users/german/Work/JS/polski-grammar-srs/kotlin/iosApp/build/FinalVirtualKeyboardToolbar/Build/Intermediates.noindex/PolskiGrammar.build/Debug-iphonesimulator/PolskiGrammarUITests.build/Objects-normal/arm64/PolskiGrammarUITests_const_extract_protocols.json -Xcc -iquote -Xcc /Users/german/Work/JS/polski-grammar-srs/kotlin/iosApp/build/FinalVirtualKeyboardToolbar/Build/Intermediates.noindex/PolskiGrammar.build/Debug-iphonesimulator/PolskiGrammarUITests.build/PolskiGrammarUITests-generated-files.hmap -Xcc -I/Users/german/Work/JS/polski-grammar-srs/kotlin/iosApp/build/FinalVirtualKeyboardToolbar/Build/Intermediates.noindex/PolskiGrammar.build/Debug-iphonesimulator/PolskiGrammarUITests.build/PolskiGrammarUITests-own-target-headers.hmap -Xcc -I/Users/german/Work/JS/polski-grammar-srs/kotlin/iosApp/build/FinalVirtualKeyboardToolbar/Build/Intermediates.noindex/PolskiGrammar.build/Debug-iphonesimulator/PolskiGrammarUITests.build/PolskiGrammarUITests-all-target-headers.hmap -Xcc -iquote -Xcc /Users/german/Work/JS/polski-grammar-srs/kotlin/iosApp/build/FinalVirtualKeyboardToolbar/Build/Intermediates.noindex/PolskiGrammar.build/Debug-iphonesimulator/PolskiGrammarUITests.build/PolskiGrammarUITests-project-headers.hmap -Xcc -I/Users/german/Work/JS/polski-grammar-srs/kotlin/iosApp/build/FinalVirtualKeyboardToolbar/Build/Products/Debug-iphonesimulator/include -Xcc -I/Users/german/Work/JS/polski-grammar-srs/kotlin/iosApp/build/FinalVirtualKeyboardToolbar/Build/Intermediates.noindex/PolskiGrammar.build/Debug-iphonesimulator/PolskiGrammarUITests.build/DerivedSources-normal/arm64 -Xcc -I/Users/german/Work/JS/polski-grammar-srs/kotlin/iosApp/build/FinalVirtualKeyboardToolbar/Build/Intermediates.noindex/PolskiGrammar.build/Debug-iphonesimulator/PolskiGrammarUITests.build/DerivedSources/arm64 -Xcc -I/Users/german/Work/JS/polski-grammar-srs/kotlin/iosApp/build/FinalVirtualKeyboardToolbar/Build/Intermediates.noindex/PolskiGrammar.build/Debug-iphonesimulator/PolskiGrammarUITests.build/DerivedSources -Xcc -DDEBUG\=1 -emit-objc-header -emit-objc-header-path /Users/german/Work/JS/polski-grammar-srs/kotlin/iosApp/build/FinalVirtualKeyboardToolbar/Build/Intermediates.noindex/PolskiGrammar.build/Debug-iphonesimulator/PolskiGrammarUITests.build/Objects-normal/arm64/PolskiGrammarUITests-Swift.h -working-directory /Users/german/Work/JS/polski-grammar-srs/kotlin/iosApp -experimental-emit-module-separately -disable-cmo

SwiftExplicitDependencyGeneratePcm arm64 /Users/german/Work/JS/polski-grammar-srs/kotlin/iosApp/build/FinalVirtualKeyboardToolbar/Build/Intermediates.noindex/SwiftExplicitPrecompiledModules/XCUIAutomation-BVCXY31NDRBT44OADK17IZGBE.pcm

SwiftExplicitDependencyCompileModuleFromInterface arm64 /Users/german/Work/JS/polski-grammar-srs/kotlin/iosApp/build/FinalVirtualKeyboardToolbar/Build/Intermediates.noindex/SwiftExplicitPrecompiledModules/XCUIAutomation-1FM9LRN99ZOAK.swiftmodule

SwiftExplicitDependencyGeneratePcm arm64 /Users/german/Work/JS/polski-grammar-srs/kotlin/iosApp/build/FinalVirtualKeyboardToolbar/Build/Intermediates.noindex/SwiftExplicitPrecompiledModules/XCTest-8IDCLL8N4HL76MZVOIT72I4AR.pcm

SwiftExplicitDependencyCompileModuleFromInterface arm64 /Users/german/Work/JS/polski-grammar-srs/kotlin/iosApp/build/FinalVirtualKeyboardToolbar/Build/Intermediates.noindex/SwiftExplicitPrecompiledModules/XCTest-V9OGWJ4XRMO6.swiftmodule

SwiftEmitModule normal arm64 Emitting\ module\ for\ PolskiGrammarUITests (in target 'PolskiGrammarUITests' from project 'PolskiGrammar')

SwiftCompile normal arm64 (in target 'PolskiGrammarUITests' from project 'PolskiGrammar')
    cd /Users/german/Work/JS/polski-grammar-srs/kotlin/iosApp
    

SwiftCompile normal arm64 Compiling\ PolskiGrammarUITests.swift /Users/german/Work/JS/polski-grammar-srs/kotlin/iosApp/PolskiGrammarUITests/PolskiGrammarUITests.swift (in target 'PolskiGrammarUITests' from project 'PolskiGrammar')

SwiftCompile normal arm64 /Users/german/Work/JS/polski-grammar-srs/kotlin/iosApp/PolskiGrammarUITests/PolskiGrammarUITests.swift (in target 'PolskiGrammarUITests' from project 'PolskiGrammar')
    cd /Users/german/Work/JS/polski-grammar-srs/kotlin/iosApp
    builtin-SwiftPerFileCompile PolskiGrammarUITests.swift

SwiftDriverJobDiscovery normal arm64 Compiling GeneratedAssetSymbols.swift (in target 'PolskiGrammar' from project 'PolskiGrammar')

SwiftDriverJobDiscovery normal arm64 Emitting module for PolskiGrammarUITests (in target 'PolskiGrammarUITests' from project 'PolskiGrammar')

SwiftDriver\ Compilation\ Requirements PolskiGrammarUITests normal arm64 com.apple.xcode.tools.swift.compiler (in target 'PolskiGrammarUITests' from project 'PolskiGrammar')
    cd /Users/german/Work/JS/polski-grammar-srs/kotlin/iosApp
    builtin-Swift-Compilation-Requirements -- /Applications/Xcode.app/Contents/Developer/Toolchains/XcodeDefault.xctoolchain/usr/bin/swiftc -module-name PolskiGrammarUITests -Onone @/Users/german/Work/JS/polski-grammar-srs/kotlin/iosApp/build/FinalVirtualKeyboardToolbar/Build/Intermediates.noindex/PolskiGrammar.build/Debug-iphonesimulator/PolskiGrammarUITests.build/Objects-normal/arm64/PolskiGrammarUITests.SwiftFileList -DDEBUG -DDIRECT_PICKER_ACCEPTANCE -module-alias Testing\=_Testing_Unavailable -plugin-path /Applications/Xcode.app/Contents/Developer/Toolchains/XcodeDefault.xctoolchain/usr/lib/swift/host/plugins/testing -enable-bare-slash-regex -enable-experimental-feature DebugDescriptionMacro -sdk /Applications/Xcode.app/Contents/Developer/Platforms/iPhoneSimulator.platform/Developer/SDKs/iPhoneSimulator27.0.sdk -target arm64-apple-ios17.0-simulator -g -module-cache-path /Users/german/Work/JS/polski-grammar-srs/kotlin/iosApp/build/FinalVirtualKeyboardToolbar/ModuleCache.noindex -Xfrontend -serialize-debugging-options -enable-testing -index-store-path /Users/german/Work/JS/polski-grammar-srs/kotlin/iosApp/build/FinalVirtualKeyboardToolbar/Index.noindex/DataStore -Xcc -D_LIBCPP_HARDENING_MODE\=_LIBCPP_HARDENING_MODE_DEBUG -swift-version 5 -I /Users/german/Work/JS/polski-grammar-srs/kotlin/iosApp/build/FinalVirtualKeyboardToolbar/Build/Products/Debug-iphonesimulator -Isystem /Applications/Xcode.app/Contents/Developer/Platforms/iPhoneSimulator.platform/Developer/usr/lib -F /Users/german/Work/JS/polski-grammar-srs/kotlin/iosApp/build/FinalVirtualKeyboardToolbar/Build/Products/Debug-iphonesimulator -F /Applications/Xcode.app/Contents/Developer/Platforms/iPhoneSimulator.platform/Developer/Library/Frameworks -F /Applications/Xcode.app/Contents/Developer/Platforms/iPhoneSimulator.platform/Developer/SDKs/iPhoneSimulator27.0.sdk/Developer/Library/Frameworks -parse-as-library -c -j10 -enable-batch-mode -incremental -Xcc -ivfsstatcache -Xcc /Users/german/Work/JS/polski-grammar-srs/kotlin/iosApp/build/FinalVirtualKeyboardToolbar/SDKStatCaches.noindex/iphonesimulator27.0-24A430-8dc58220667be655e1bcc261a7455254.sdkstatcache -output-file-map /Users/german/Work/JS/polski-grammar-srs/kotlin/iosApp/build/FinalVirtualKeyboardToolbar/Build/Intermediates.noindex/PolskiGrammar.build/Debug-iphonesimulator/PolskiGrammarUITests.build/Objects-normal/arm64/PolskiGrammarUITests-OutputFileMap.json -save-temps -no-color-diagnostics -explicit-module-build -module-cache-path /Users/german/Work/JS/polski-grammar-srs/kotlin/iosApp/build/FinalVirtualKeyboardToolbar/Build/Intermediates.noindex/SwiftExplicitPrecompiledModules -clang-scanner-module-cache-path /Users/german/Work/JS/polski-grammar-srs/kotlin/iosApp/build/FinalVirtualKeyboardToolbar/ModuleCache.noindex -sdk-module-cache-path /Users/german/Work/JS/polski-grammar-srs/kotlin/iosApp/build/FinalVirtualKeyboardToolbar/SDKExplicitPrecompiledModules -emit-dependencies -emit-module -emit-module-path /Users/german/Work/JS/polski-grammar-srs/kotlin/iosApp/build/FinalVirtualKeyboardToolbar/Build/Intermediates.noindex/PolskiGrammar.build/Debug-iphonesimulator/PolskiGrammarUITests.build/Objects-normal/arm64/PolskiGrammarUITests.swiftmodule -serialize-diagnostics -dependency-scan-serialize-diagnostics-path /Users/german/Work/JS/polski-grammar-srs/kotlin/iosApp/build/FinalVirtualKeyboardToolbar/Build/Intermediates.noindex/PolskiGrammar.build/Debug-iphonesimulator/PolskiGrammarUITests.build/Objects-normal/arm64/PolskiGrammarUITests-dependency-scan.dia -validate-clang-modules-once -clang-build-session-file /Users/german/Work/JS/polski-grammar-srs/kotlin/iosApp/build/FinalVirtualKeyboardToolbar/ModuleCache.noindex/Session.modulevalidation -Xcc -fmodules-prune-interval\=86400 -Xcc -fmodules-prune-after\=345600 -emit-const-values -const-gather-protocols-list /Users/german/Work/JS/polski-grammar-srs/kotlin/iosApp/build/FinalVirtualKeyboardToolbar/Build/Intermediates.noindex/PolskiGrammar.build/Debug-iphonesimulator/PolskiGrammarUITests.build/Objects-normal/arm64/PolskiGrammarUITests_const_extract_protocols.json -Xcc -iquote -Xcc /Users/german/Work/JS/polski-grammar-srs/kotlin/iosApp/build/FinalVirtualKeyboardToolbar/Build/Intermediates.noindex/PolskiGrammar.build/Debug-iphonesimulator/PolskiGrammarUITests.build/PolskiGrammarUITests-generated-files.hmap -Xcc -I/Users/german/Work/JS/polski-grammar-srs/kotlin/iosApp/build/FinalVirtualKeyboardToolbar/Build/Intermediates.noindex/PolskiGrammar.build/Debug-iphonesimulator/PolskiGrammarUITests.build/PolskiGrammarUITests-own-target-headers.hmap -Xcc -I/Users/german/Work/JS/polski-grammar-srs/kotlin/iosApp/build/FinalVirtualKeyboardToolbar/Build/Intermediates.noindex/PolskiGrammar.build/Debug-iphonesimulator/PolskiGrammarUITests.build/PolskiGrammarUITests-all-target-headers.hmap -Xcc -iquote -Xcc /Users/german/Work/JS/polski-grammar-srs/kotlin/iosApp/build/FinalVirtualKeyboardToolbar/Build/Intermediates.noindex/PolskiGrammar.build/Debug-iphonesimulator/PolskiGrammarUITests.build/PolskiGrammarUITests-project-headers.hmap -Xcc -I/Users/german/Work/JS/polski-grammar-srs/kotlin/iosApp/build/FinalVirtualKeyboardToolbar/Build/Products/Debug-iphonesimulator/include -Xcc -I/Users/german/Work/JS/polski-grammar-srs/kotlin/iosApp/build/FinalVirtualKeyboardToolbar/Build/Intermediates.noindex/PolskiGrammar.build/Debug-iphonesimulator/PolskiGrammarUITests.build/DerivedSources-normal/arm64 -Xcc -I/Users/german/Work/JS/polski-grammar-srs/kotlin/iosApp/build/FinalVirtualKeyboardToolbar/Build/Intermediates.noindex/PolskiGrammar.build/Debug-iphonesimulator/PolskiGrammarUITests.build/DerivedSources/arm64 -Xcc -I/Users/german/Work/JS/polski-grammar-srs/kotlin/iosApp/build/FinalVirtualKeyboardToolbar/Build/Intermediates.noindex/PolskiGrammar.build/Debug-iphonesimulator/PolskiGrammarUITests.build/DerivedSources -Xcc -DDEBUG\=1 -emit-objc-header -emit-objc-header-path /Users/german/Work/JS/polski-grammar-srs/kotlin/iosApp/build/FinalVirtualKeyboardToolbar/Build/Intermediates.noindex/PolskiGrammar.build/Debug-iphonesimulator/PolskiGrammarUITests.build/Objects-normal/arm64/PolskiGrammarUITests-Swift.h -working-directory /Users/german/Work/JS/polski-grammar-srs/kotlin/iosApp -experimental-emit-module-separately -disable-cmo

Copy /Users/german/Work/JS/polski-grammar-srs/kotlin/iosApp/build/FinalVirtualKeyboardToolbar/Build/Products/Debug-iphonesimulator/PolskiGrammarUITests.swiftmodule/arm64-apple-ios-simulator.swiftdoc /Users/german/Work/JS/polski-grammar-srs/kotlin/iosApp/build/FinalVirtualKeyboardToolbar/Build/Intermediates.noindex/PolskiGrammar.build/Debug-iphonesimulator/PolskiGrammarUITests.build/Objects-normal/arm64/PolskiGrammarUITests.swiftdoc (in target 'PolskiGrammarUITests' from project 'PolskiGrammar')
    cd /Users/german/Work/JS/polski-grammar-srs/kotlin/iosApp
    builtin-copy -exclude .DS_Store -exclude CVS -exclude .svn -exclude .git -exclude .hg -resolve-src-symlinks -rename /Users/german/Work/JS/polski-grammar-srs/kotlin/iosApp/build/FinalVirtualKeyboardToolbar/Build/Intermediates.noindex/PolskiGrammar.build/Debug-iphonesimulator/PolskiGrammarUITests.build/Objects-normal/arm64/PolskiGrammarUITests.swiftdoc /Users/german/Work/JS/polski-grammar-srs/kotlin/iosApp/build/FinalVirtualKeyboardToolbar/Build/Products/Debug-iphonesimulator/PolskiGrammarUITests.swiftmodule/arm64-apple-ios-simulator.swiftdoc

SwiftMergeGeneratedHeaders /Users/german/Work/JS/polski-grammar-srs/kotlin/iosApp/build/FinalVirtualKeyboardToolbar/Build/Intermediates.noindex/PolskiGrammar.build/Debug-iphonesimulator/PolskiGrammarUITests.build/DerivedSources/PolskiGrammarUITests-Swift.h /Users/german/Work/JS/polski-grammar-srs/kotlin/iosApp/build/FinalVirtualKeyboardToolbar/Build/Intermediates.noindex/PolskiGrammar.build/Debug-iphonesimulator/PolskiGrammarUITests.build/Objects-normal/arm64/PolskiGrammarUITests-Swift.h (in target 'PolskiGrammarUITests' from project 'PolskiGrammar')
    cd /Users/german/Work/JS/polski-grammar-srs/kotlin/iosApp
    builtin-swiftHeaderTool -arch arm64 /Users/german/Work/JS/polski-grammar-srs/kotlin/iosApp/build/FinalVirtualKeyboardToolbar/Build/Intermediates.noindex/PolskiGrammar.build/Debug-iphonesimulator/PolskiGrammarUITests.build/Objects-normal/arm64/PolskiGrammarUITests-Swift.h -o /Users/german/Work/JS/polski-grammar-srs/kotlin/iosApp/build/FinalVirtualKeyboardToolbar/Build/Intermediates.noindex/PolskiGrammar.build/Debug-iphonesimulator/PolskiGrammarUITests.build/DerivedSources/PolskiGrammarUITests-Swift.h

Copy /Users/german/Work/JS/polski-grammar-srs/kotlin/iosApp/build/FinalVirtualKeyboardToolbar/Build/Products/Debug-iphonesimulator/PolskiGrammarUITests.swiftmodule/arm64-apple-ios-simulator.abi.json /Users/german/Work/JS/polski-grammar-srs/kotlin/iosApp/build/FinalVirtualKeyboardToolbar/Build/Intermediates.noindex/PolskiGrammar.build/Debug-iphonesimulator/PolskiGrammarUITests.build/Objects-normal/arm64/PolskiGrammarUITests.abi.json (in target 'PolskiGrammarUITests' from project 'PolskiGrammar')
    cd /Users/german/Work/JS/polski-grammar-srs/kotlin/iosApp
    builtin-copy -exclude .DS_Store -exclude CVS -exclude .svn -exclude .git -exclude .hg -resolve-src-symlinks -rename /Users/german/Work/JS/polski-grammar-srs/kotlin/iosApp/build/FinalVirtualKeyboardToolbar/Build/Intermediates.noindex/PolskiGrammar.build/Debug-iphonesimulator/PolskiGrammarUITests.build/Objects-normal/arm64/PolskiGrammarUITests.abi.json /Users/german/Work/JS/polski-grammar-srs/kotlin/iosApp/build/FinalVirtualKeyboardToolbar/Build/Products/Debug-iphonesimulator/PolskiGrammarUITests.swiftmodule/arm64-apple-ios-simulator.abi.json

Copy /Users/german/Work/JS/polski-grammar-srs/kotlin/iosApp/build/FinalVirtualKeyboardToolbar/Build/Products/Debug-iphonesimulator/PolskiGrammarUITests.swiftmodule/arm64-apple-ios-simulator.swiftmodule /Users/german/Work/JS/polski-grammar-srs/kotlin/iosApp/build/FinalVirtualKeyboardToolbar/Build/Intermediates.noindex/PolskiGrammar.build/Debug-iphonesimulator/PolskiGrammarUITests.build/Objects-normal/arm64/PolskiGrammarUITests.swiftmodule (in target 'PolskiGrammarUITests' from project 'PolskiGrammar')
    cd /Users/german/Work/JS/polski-grammar-srs/kotlin/iosApp
    builtin-copy -exclude .DS_Store -exclude CVS -exclude .svn -exclude .git -exclude .hg -resolve-src-symlinks -rename /Users/german/Work/JS/polski-grammar-srs/kotlin/iosApp/build/FinalVirtualKeyboardToolbar/Build/Intermediates.noindex/PolskiGrammar.build/Debug-iphonesimulator/PolskiGrammarUITests.build/Objects-normal/arm64/PolskiGrammarUITests.swiftmodule /Users/german/Work/JS/polski-grammar-srs/kotlin/iosApp/build/FinalVirtualKeyboardToolbar/Build/Products/Debug-iphonesimulator/PolskiGrammarUITests.swiftmodule/arm64-apple-ios-simulator.swiftmodule

Copy /Users/german/Work/JS/polski-grammar-srs/kotlin/iosApp/build/FinalVirtualKeyboardToolbar/Build/Products/Debug-iphonesimulator/PolskiGrammarUITests.swiftmodule/Project/arm64-apple-ios-simulator.swiftsourceinfo /Users/german/Work/JS/polski-grammar-srs/kotlin/iosApp/build/FinalVirtualKeyboardToolbar/Build/Intermediates.noindex/PolskiGrammar.build/Debug-iphonesimulator/PolskiGrammarUITests.build/Objects-normal/arm64/PolskiGrammarUITests.swiftsourceinfo (in target 'PolskiGrammarUITests' from project 'PolskiGrammar')
    cd /Users/german/Work/JS/polski-grammar-srs/kotlin/iosApp
    builtin-copy -exclude .DS_Store -exclude CVS -exclude .svn -exclude .git -exclude .hg -resolve-src-symlinks -rename /Users/german/Work/JS/polski-grammar-srs/kotlin/iosApp/build/FinalVirtualKeyboardToolbar/Build/Intermediates.noindex/PolskiGrammar.build/Debug-iphonesimulator/PolskiGrammarUITests.build/Objects-normal/arm64/PolskiGrammarUITests.swiftsourceinfo /Users/german/Work/JS/polski-grammar-srs/kotlin/iosApp/build/FinalVirtualKeyboardToolbar/Build/Products/Debug-iphonesimulator/PolskiGrammarUITests.swiftmodule/Project/arm64-apple-ios-simulator.swiftsourceinfo

SwiftDriverJobDiscovery normal arm64 Compiling PolskiGrammarUITests.swift (in target 'PolskiGrammarUITests' from project 'PolskiGrammar')

SwiftDriver\ Compilation PolskiGrammarUITests normal arm64 com.apple.xcode.tools.swift.compiler (in target 'PolskiGrammarUITests' from project 'PolskiGrammar')
    cd /Users/german/Work/JS/polski-grammar-srs/kotlin/iosApp
    builtin-Swift-Compilation -- /Applications/Xcode.app/Contents/Developer/Toolchains/XcodeDefault.xctoolchain/usr/bin/swiftc -module-name PolskiGrammarUITests -Onone @/Users/german/Work/JS/polski-grammar-srs/kotlin/iosApp/build/FinalVirtualKeyboardToolbar/Build/Intermediates.noindex/PolskiGrammar.build/Debug-iphonesimulator/PolskiGrammarUITests.build/Objects-normal/arm64/PolskiGrammarUITests.SwiftFileList -DDEBUG -DDIRECT_PICKER_ACCEPTANCE -module-alias Testing\=_Testing_Unavailable -plugin-path /Applications/Xcode.app/Contents/Developer/Toolchains/XcodeDefault.xctoolchain/usr/lib/swift/host/plugins/testing -enable-bare-slash-regex -enable-experimental-feature DebugDescriptionMacro -sdk /Applications/Xcode.app/Contents/Developer/Platforms/iPhoneSimulator.platform/Developer/SDKs/iPhoneSimulator27.0.sdk -target arm64-apple-ios17.0-simulator -g -module-cache-path /Users/german/Work/JS/polski-grammar-srs/kotlin/iosApp/build/FinalVirtualKeyboardToolbar/ModuleCache.noindex -Xfrontend -serialize-debugging-options -enable-testing -index-store-path /Users/german/Work/JS/polski-grammar-srs/kotlin/iosApp/build/FinalVirtualKeyboardToolbar/Index.noindex/DataStore -Xcc -D_LIBCPP_HARDENING_MODE\=_LIBCPP_HARDENING_MODE_DEBUG -swift-version 5 -I /Users/german/Work/JS/polski-grammar-srs/kotlin/iosApp/build/FinalVirtualKeyboardToolbar/Build/Products/Debug-iphonesimulator -Isystem /Applications/Xcode.app/Contents/Developer/Platforms/iPhoneSimulator.platform/Developer/usr/lib -F /Users/german/Work/JS/polski-grammar-srs/kotlin/iosApp/build/FinalVirtualKeyboardToolbar/Build/Products/Debug-iphonesimulator -F /Applications/Xcode.app/Contents/Developer/Platforms/iPhoneSimulator.platform/Developer/Library/Frameworks -F /Applications/Xcode.app/Contents/Developer/Platforms/iPhoneSimulator.platform/Developer/SDKs/iPhoneSimulator27.0.sdk/Developer/Library/Frameworks -parse-as-library -c -j10 -enable-batch-mode -incremental -Xcc -ivfsstatcache -Xcc /Users/german/Work/JS/polski-grammar-srs/kotlin/iosApp/build/FinalVirtualKeyboardToolbar/SDKStatCaches.noindex/iphonesimulator27.0-24A430-8dc58220667be655e1bcc261a7455254.sdkstatcache -output-file-map /Users/german/Work/JS/polski-grammar-srs/kotlin/iosApp/build/FinalVirtualKeyboardToolbar/Build/Intermediates.noindex/PolskiGrammar.build/Debug-iphonesimulator/PolskiGrammarUITests.build/Objects-normal/arm64/PolskiGrammarUITests-OutputFileMap.json -save-temps -no-color-diagnostics -explicit-module-build -module-cache-path /Users/german/Work/JS/polski-grammar-srs/kotlin/iosApp/build/FinalVirtualKeyboardToolbar/Build/Intermediates.noindex/SwiftExplicitPrecompiledModules -clang-scanner-module-cache-path /Users/german/Work/JS/polski-grammar-srs/kotlin/iosApp/build/FinalVirtualKeyboardToolbar/ModuleCache.noindex -sdk-module-cache-path /Users/german/Work/JS/polski-grammar-srs/kotlin/iosApp/build/FinalVirtualKeyboardToolbar/SDKExplicitPrecompiledModules -emit-dependencies -emit-module -emit-module-path /Users/german/Work/JS/polski-grammar-srs/kotlin/iosApp/build/FinalVirtualKeyboardToolbar/Build/Intermediates.noindex/PolskiGrammar.build/Debug-iphonesimulator/PolskiGrammarUITests.build/Objects-normal/arm64/PolskiGrammarUITests.swiftmodule -serialize-diagnostics -dependency-scan-serialize-diagnostics-path /Users/german/Work/JS/polski-grammar-srs/kotlin/iosApp/build/FinalVirtualKeyboardToolbar/Build/Intermediates.noindex/PolskiGrammar.build/Debug-iphonesimulator/PolskiGrammarUITests.build/Objects-normal/arm64/PolskiGrammarUITests-dependency-scan.dia -validate-clang-modules-once -clang-build-session-file /Users/german/Work/JS/polski-grammar-srs/kotlin/iosApp/build/FinalVirtualKeyboardToolbar/ModuleCache.noindex/Session.modulevalidation -Xcc -fmodules-prune-interval\=86400 -Xcc -fmodules-prune-after\=345600 -emit-const-values -const-gather-protocols-list /Users/german/Work/JS/polski-grammar-srs/kotlin/iosApp/build/FinalVirtualKeyboardToolbar/Build/Intermediates.noindex/PolskiGrammar.build/Debug-iphonesimulator/PolskiGrammarUITests.build/Objects-normal/arm64/PolskiGrammarUITests_const_extract_protocols.json -Xcc -iquote -Xcc /Users/german/Work/JS/polski-grammar-srs/kotlin/iosApp/build/FinalVirtualKeyboardToolbar/Build/Intermediates.noindex/PolskiGrammar.build/Debug-iphonesimulator/PolskiGrammarUITests.build/PolskiGrammarUITests-generated-files.hmap -Xcc -I/Users/german/Work/JS/polski-grammar-srs/kotlin/iosApp/build/FinalVirtualKeyboardToolbar/Build/Intermediates.noindex/PolskiGrammar.build/Debug-iphonesimulator/PolskiGrammarUITests.build/PolskiGrammarUITests-own-target-headers.hmap -Xcc -I/Users/german/Work/JS/polski-grammar-srs/kotlin/iosApp/build/FinalVirtualKeyboardToolbar/Build/Intermediates.noindex/PolskiGrammar.build/Debug-iphonesimulator/PolskiGrammarUITests.build/PolskiGrammarUITests-all-target-headers.hmap -Xcc -iquote -Xcc /Users/german/Work/JS/polski-grammar-srs/kotlin/iosApp/build/FinalVirtualKeyboardToolbar/Build/Intermediates.noindex/PolskiGrammar.build/Debug-iphonesimulator/PolskiGrammarUITests.build/PolskiGrammarUITests-project-headers.hmap -Xcc -I/Users/german/Work/JS/polski-grammar-srs/kotlin/iosApp/build/FinalVirtualKeyboardToolbar/Build/Products/Debug-iphonesimulator/include -Xcc -I/Users/german/Work/JS/polski-grammar-srs/kotlin/iosApp/build/FinalVirtualKeyboardToolbar/Build/Intermediates.noindex/PolskiGrammar.build/Debug-iphonesimulator/PolskiGrammarUITests.build/DerivedSources-normal/arm64 -Xcc -I/Users/german/Work/JS/polski-grammar-srs/kotlin/iosApp/build/FinalVirtualKeyboardToolbar/Build/Intermediates.noindex/PolskiGrammar.build/Debug-iphonesimulator/PolskiGrammarUITests.build/DerivedSources/arm64 -Xcc -I/Users/german/Work/JS/polski-grammar-srs/kotlin/iosApp/build/FinalVirtualKeyboardToolbar/Build/Intermediates.noindex/PolskiGrammar.build/Debug-iphonesimulator/PolskiGrammarUITests.build/DerivedSources -Xcc -DDEBUG\=1 -emit-objc-header -emit-objc-header-path /Users/german/Work/JS/polski-grammar-srs/kotlin/iosApp/build/FinalVirtualKeyboardToolbar/Build/Intermediates.noindex/PolskiGrammar.build/Debug-iphonesimulator/PolskiGrammarUITests.build/Objects-normal/arm64/PolskiGrammarUITests-Swift.h -working-directory /Users/german/Work/JS/polski-grammar-srs/kotlin/iosApp -experimental-emit-module-separately -disable-cmo

SwiftDriverJobDiscovery normal arm64 Compiling PolskiGrammarApp.swift (in target 'PolskiGrammar' from project 'PolskiGrammar')

SwiftDriver\ Compilation PolskiGrammar normal arm64 com.apple.xcode.tools.swift.compiler (in target 'PolskiGrammar' from project 'PolskiGrammar')
    cd /Users/german/Work/JS/polski-grammar-srs/kotlin/iosApp
    builtin-Swift-Compilation -- /Applications/Xcode.app/Contents/Developer/Toolchains/XcodeDefault.xctoolchain/usr/bin/swiftc -module-name PolskiGrammar -Onone @/Users/german/Work/JS/polski-grammar-srs/kotlin/iosApp/build/FinalVirtualKeyboardToolbar/Build/Intermediates.noindex/PolskiGrammar.build/Debug-iphonesimulator/PolskiGrammar.build/Objects-normal/arm64/PolskiGrammar.SwiftFileList -DDEBUG -DDIRECT_PICKER_ACCEPTANCE -enable-bare-slash-regex -enable-experimental-feature DebugDescriptionMacro -sdk /Applications/Xcode.app/Contents/Developer/Platforms/iPhoneSimulator.platform/Developer/SDKs/iPhoneSimulator27.0.sdk -target arm64-apple-ios17.0-simulator -g -module-cache-path /Users/german/Work/JS/polski-grammar-srs/kotlin/iosApp/build/FinalVirtualKeyboardToolbar/ModuleCache.noindex -Xfrontend -serialize-debugging-options -enable-testing -index-store-path /Users/german/Work/JS/polski-grammar-srs/kotlin/iosApp/build/FinalVirtualKeyboardToolbar/Index.noindex/DataStore -Xcc -D_LIBCPP_HARDENING_MODE\=_LIBCPP_HARDENING_MODE_DEBUG -swift-version 5 -I /Users/german/Work/JS/polski-grammar-srs/kotlin/iosApp/build/FinalVirtualKeyboardToolbar/Build/Products/Debug-iphonesimulator -F /Users/german/Work/JS/polski-grammar-srs/kotlin/iosApp/build/FinalVirtualKeyboardToolbar/Build/Products/Debug-iphonesimulator -c -j10 -enable-batch-mode -incremental -Xcc -ivfsstatcache -Xcc /Users/german/Work/JS/polski-grammar-srs/kotlin/iosApp/build/FinalVirtualKeyboardToolbar/SDKStatCaches.noindex/iphonesimulator27.0-24A430-8dc58220667be655e1bcc261a7455254.sdkstatcache -output-file-map /Users/german/Work/JS/polski-grammar-srs/kotlin/iosApp/build/FinalVirtualKeyboardToolbar/Build/Intermediates.noindex/PolskiGrammar.build/Debug-iphonesimulator/PolskiGrammar.build/Objects-normal/arm64/PolskiGrammar-OutputFileMap.json -save-temps -no-color-diagnostics -explicit-module-build -module-cache-path /Users/german/Work/JS/polski-grammar-srs/kotlin/iosApp/build/FinalVirtualKeyboardToolbar/Build/Intermediates.noindex/SwiftExplicitPrecompiledModules -clang-scanner-module-cache-path /Users/german/Work/JS/polski-grammar-srs/kotlin/iosApp/build/FinalVirtualKeyboardToolbar/ModuleCache.noindex -sdk-module-cache-path /Users/german/Work/JS/polski-grammar-srs/kotlin/iosApp/build/FinalVirtualKeyboardToolbar/SDKExplicitPrecompiledModules -emit-dependencies -emit-module -emit-module-path /Users/german/Work/JS/polski-grammar-srs/kotlin/iosApp/build/FinalVirtualKeyboardToolbar/Build/Intermediates.noindex/PolskiGrammar.build/Debug-iphonesimulator/PolskiGrammar.build/Objects-normal/arm64/PolskiGrammar.swiftmodule -serialize-diagnostics -dependency-scan-serialize-diagnostics-path /Users/german/Work/JS/polski-grammar-srs/kotlin/iosApp/build/FinalVirtualKeyboardToolbar/Build/Intermediates.noindex/PolskiGrammar.build/Debug-iphonesimulator/PolskiGrammar.build/Objects-normal/arm64/PolskiGrammar-dependency-scan.dia -validate-clang-modules-once -clang-build-session-file /Users/german/Work/JS/polski-grammar-srs/kotlin/iosApp/build/FinalVirtualKeyboardToolbar/ModuleCache.noindex/Session.modulevalidation -Xcc -fmodules-prune-interval\=86400 -Xcc -fmodules-prune-after\=345600 -emit-const-values -const-gather-protocols-list /Users/german/Work/JS/polski-grammar-srs/kotlin/iosApp/build/FinalVirtualKeyboardToolbar/Build/Intermediates.noindex/PolskiGrammar.build/Debug-iphonesimulator/PolskiGrammar.build/Objects-normal/arm64/PolskiGrammar_const_extract_protocols.json -Xcc -iquote -Xcc /Users/german/Work/JS/polski-grammar-srs/kotlin/iosApp/build/FinalVirtualKeyboardToolbar/Build/Intermediates.noindex/PolskiGrammar.build/Debug-iphonesimulator/PolskiGrammar.build/PolskiGrammar-generated-files.hmap -Xcc -I/Users/german/Work/JS/polski-grammar-srs/kotlin/iosApp/build/FinalVirtualKeyboardToolbar/Build/Intermediates.noindex/PolskiGrammar.build/Debug-iphonesimulator/PolskiGrammar.build/PolskiGrammar-own-target-headers.hmap -Xcc -I/Users/german/Work/JS/polski-grammar-srs/kotlin/iosApp/build/FinalVirtualKeyboardToolbar/Build/Intermediates.noindex/PolskiGrammar.build/Debug-iphonesimulator/PolskiGrammar.build/PolskiGrammar-all-target-headers.hmap -Xcc -iquote -Xcc /Users/german/Work/JS/polski-grammar-srs/kotlin/iosApp/build/FinalVirtualKeyboardToolbar/Build/Intermediates.noindex/PolskiGrammar.build/Debug-iphonesimulator/PolskiGrammar.build/PolskiGrammar-project-headers.hmap -Xcc -I/Users/german/Work/JS/polski-grammar-srs/kotlin/iosApp/build/FinalVirtualKeyboardToolbar/Build/Products/Debug-iphonesimulator/include -Xcc -I/Users/german/Work/JS/polski-grammar-srs/kotlin/iosApp/build/FinalVirtualKeyboardToolbar/Build/Intermediates.noindex/PolskiGrammar.build/Debug-iphonesimulator/PolskiGrammar.build/DerivedSources-normal/arm64 -Xcc -I/Users/german/Work/JS/polski-grammar-srs/kotlin/iosApp/build/FinalVirtualKeyboardToolbar/Build/Intermediates.noindex/PolskiGrammar.build/Debug-iphonesimulator/PolskiGrammar.build/DerivedSources/arm64 -Xcc -I/Users/german/Work/JS/polski-grammar-srs/kotlin/iosApp/build/FinalVirtualKeyboardToolbar/Build/Intermediates.noindex/PolskiGrammar.build/Debug-iphonesimulator/PolskiGrammar.build/DerivedSources -Xcc -DDEBUG\=1 -emit-objc-header -emit-objc-header-path /Users/german/Work/JS/polski-grammar-srs/kotlin/iosApp/build/FinalVirtualKeyboardToolbar/Build/Intermediates.noindex/PolskiGrammar.build/Debug-iphonesimulator/PolskiGrammar.build/Objects-normal/arm64/PolskiGrammar-Swift.h -working-directory /Users/german/Work/JS/polski-grammar-srs/kotlin/iosApp -experimental-emit-module-separately -disable-cmo

Ld /Users/german/Work/JS/polski-grammar-srs/kotlin/iosApp/build/FinalVirtualKeyboardToolbar/Build/Products/Debug-iphonesimulator/PolskiGrammar.app/PolskiGrammar.debug.dylib normal (in target 'PolskiGrammar' from project 'PolskiGrammar')
    cd /Users/german/Work/JS/polski-grammar-srs/kotlin/iosApp
    /Applications/Xcode.app/Contents/Developer/Toolchains/XcodeDefault.xctoolchain/usr/bin/clang -Xlinker -reproducible -target arm64-apple-ios17.0-simulator -dynamiclib -isysroot /Applications/Xcode.app/Contents/Developer/Platforms/iPhoneSimulator.platform/Developer/SDKs/iPhoneSimulator27.0.sdk -O0 -Xlinker -no_warn_duplicate_libraries -L/Users/german/Work/JS/polski-grammar-srs/kotlin/iosApp/build/FinalVirtualKeyboardToolbar/Build/Intermediates.noindex/EagerLinkingTBDs/Debug-iphonesimulator -L/Users/german/Work/JS/polski-grammar-srs/kotlin/iosApp/build/FinalVirtualKeyboardToolbar/Build/Products/Debug-iphonesimulator -F/Users/german/Work/JS/polski-grammar-srs/kotlin/iosApp/build/FinalVirtualKeyboardToolbar/Build/Intermediates.noindex/EagerLinkingTBDs/Debug-iphonesimulator -F/Users/german/Work/JS/polski-grammar-srs/kotlin/iosApp/build/FinalVirtualKeyboardToolbar/Build/Products/Debug-iphonesimulator -filelist /Users/german/Work/JS/polski-grammar-srs/kotlin/iosApp/build/FinalVirtualKeyboardToolbar/Build/Intermediates.noindex/PolskiGrammar.build/Debug-iphonesimulator/PolskiGrammar.build/Objects-normal/arm64/PolskiGrammar.LinkFileList -install_name @rpath/PolskiGrammar.debug.dylib -Xlinker -rpath -Xlinker /usr/lib/swift -Xlinker -rpath -Xlinker @executable_path/Frameworks -Xlinker -dead_strip -Xlinker -object_path_lto -Xlinker /Users/german/Work/JS/polski-grammar-srs/kotlin/iosApp/build/FinalVirtualKeyboardToolbar/Build/Intermediates.noindex/PolskiGrammar.build/Debug-iphonesimulator/PolskiGrammar.build/Objects-normal/arm64/PolskiGrammar_lto.o -rdynamic -Xlinker -no_deduplicate -Xlinker -objc_abi_version -Xlinker 2 -Xlinker -dependency_info -Xlinker /Users/german/Work/JS/polski-grammar-srs/kotlin/iosApp/build/FinalVirtualKeyboardToolbar/Build/Intermediates.noindex/PolskiGrammar.build/Debug-iphonesimulator/PolskiGrammar.build/Objects-normal/arm64/PolskiGrammar_dependency_info.dat -fobjc-link-runtime -L/Applications/Xcode.app/Contents/Developer/Toolchains/XcodeDefault.xctoolchain/usr/lib/swift/iphonesimulator -L/usr/lib/swift -Xlinker -add_ast_path -Xlinker /Users/german/Work/JS/polski-grammar-srs/kotlin/iosApp/build/FinalVirtualKeyboardToolbar/Build/Intermediates.noindex/PolskiGrammar.build/Debug-iphonesimulator/PolskiGrammar.build/Objects-normal/arm64/PolskiGrammar.swiftmodule -framework PolskiShared -Xlinker -alias -Xlinker _main -Xlinker ___debug_main_executable_dylib_entry_point -framework Foundation -o /Users/german/Work/JS/polski-grammar-srs/kotlin/iosApp/build/FinalVirtualKeyboardToolbar/Build/Products/Debug-iphonesimulator/PolskiGrammar.app/PolskiGrammar.debug.dylib

ConstructStubExecutorLinkFileList /Users/german/Work/JS/polski-grammar-srs/kotlin/iosApp/build/FinalVirtualKeyboardToolbar/Build/Intermediates.noindex/PolskiGrammar.build/Debug-iphonesimulator/PolskiGrammar.build/PolskiGrammar-ExecutorLinkFileList-normal-arm64.txt (in target 'PolskiGrammar' from project 'PolskiGrammar')
    cd /Users/german/Work/JS/polski-grammar-srs/kotlin/iosApp
    construct-stub-executor-link-file-list /Users/german/Work/JS/polski-grammar-srs/kotlin/iosApp/build/FinalVirtualKeyboardToolbar/Build/Products/Debug-iphonesimulator/PolskiGrammar.app/PolskiGrammar.debug.dylib /Applications/Xcode.app/Contents/Developer/Platforms/iPhoneSimulator.platform/Developer/usr/lib/libPreviewsJITStubExecutor_no_swift_entry_point.a /Applications/Xcode.app/Contents/Developer/Platforms/iPhoneSimulator.platform/Developer/usr/lib/libPreviewsJITStubExecutor.a --output /Users/german/Work/JS/polski-grammar-srs/kotlin/iosApp/build/FinalVirtualKeyboardToolbar/Build/Intermediates.noindex/PolskiGrammar.build/Debug-iphonesimulator/PolskiGrammar.build/PolskiGrammar-ExecutorLinkFileList-normal-arm64.txt
note: Using stub executor library with Swift entry point. (in target 'PolskiGrammar' from project 'PolskiGrammar')

Ld /Users/german/Work/JS/polski-grammar-srs/kotlin/iosApp/build/FinalVirtualKeyboardToolbar/Build/Products/Debug-iphonesimulator/PolskiGrammar.app/PolskiGrammar normal (in target 'PolskiGrammar' from project 'PolskiGrammar')
    cd /Users/german/Work/JS/polski-grammar-srs/kotlin/iosApp
    /Applications/Xcode.app/Contents/Developer/Toolchains/XcodeDefault.xctoolchain/usr/bin/clang -Xlinker -reproducible -target arm64-apple-ios17.0-simulator -isysroot /Applications/Xcode.app/Contents/Developer/Platforms/iPhoneSimulator.platform/Developer/SDKs/iPhoneSimulator27.0.sdk -O0 -Xlinker -no_warn_duplicate_libraries -L/Users/german/Work/JS/polski-grammar-srs/kotlin/iosApp/build/FinalVirtualKeyboardToolbar/Build/Products/Debug-iphonesimulator -F/Users/german/Work/JS/polski-grammar-srs/kotlin/iosApp/build/FinalVirtualKeyboardToolbar/Build/Products/Debug-iphonesimulator -Xlinker -rpath -Xlinker @executable_path -Xlinker -rpath -Xlinker @executable_path/Frameworks -rdynamic -Xlinker -no_deduplicate -Xlinker -objc_abi_version -Xlinker 2 -e ___debug_blank_executor_main -Xlinker -sectcreate -Xlinker __TEXT -Xlinker __debug_dylib -Xlinker /Users/german/Work/JS/polski-grammar-srs/kotlin/iosApp/build/FinalVirtualKeyboardToolbar/Build/Intermediates.noindex/PolskiGrammar.build/Debug-iphonesimulator/PolskiGrammar.build/PolskiGrammar-DebugDylibPath-normal-arm64.txt -Xlinker -sectcreate -Xlinker __TEXT -Xlinker __debug_instlnm -Xlinker /Users/german/Work/JS/polski-grammar-srs/kotlin/iosApp/build/FinalVirtualKeyboardToolbar/Build/Intermediates.noindex/PolskiGrammar.build/Debug-iphonesimulator/PolskiGrammar.build/PolskiGrammar-DebugDylibInstallName-normal-arm64.txt -Xlinker -filelist -Xlinker /Users/german/Work/JS/polski-grammar-srs/kotlin/iosApp/build/FinalVirtualKeyboardToolbar/Build/Intermediates.noindex/PolskiGrammar.build/Debug-iphonesimulator/PolskiGrammar.build/PolskiGrammar-ExecutorLinkFileList-normal-arm64.txt /Users/german/Work/JS/polski-grammar-srs/kotlin/iosApp/build/FinalVirtualKeyboardToolbar/Build/Products/Debug-iphonesimulator/PolskiGrammar.app/PolskiGrammar.debug.dylib -o /Users/german/Work/JS/polski-grammar-srs/kotlin/iosApp/build/FinalVirtualKeyboardToolbar/Build/Products/Debug-iphonesimulator/PolskiGrammar.app/PolskiGrammar

CopySwiftLibs /Users/german/Work/JS/polski-grammar-srs/kotlin/iosApp/build/FinalVirtualKeyboardToolbar/Build/Products/Debug-iphonesimulator/PolskiGrammar.app (in target 'PolskiGrammar' from project 'PolskiGrammar')
    cd /Users/german/Work/JS/polski-grammar-srs/kotlin/iosApp
    builtin-swiftStdLibTool --copy --verbose --scan-executable /Users/german/Work/JS/polski-grammar-srs/kotlin/iosApp/build/FinalVirtualKeyboardToolbar/Build/Products/Debug-iphonesimulator/PolskiGrammar.app/PolskiGrammar.debug.dylib --scan-folder /Users/german/Work/JS/polski-grammar-srs/kotlin/iosApp/build/FinalVirtualKeyboardToolbar/Build/Products/Debug-iphonesimulator/PolskiGrammar.app/Frameworks --scan-folder /Users/german/Work/JS/polski-grammar-srs/kotlin/iosApp/build/FinalVirtualKeyboardToolbar/Build/Products/Debug-iphonesimulator/PolskiGrammar.app/PlugIns --scan-folder /Users/german/Work/JS/polski-grammar-srs/kotlin/iosApp/build/FinalVirtualKeyboardToolbar/Build/Products/Debug-iphonesimulator/PolskiGrammar.app/SystemExtensions --scan-folder /Users/german/Work/JS/polski-grammar-srs/kotlin/iosApp/build/FinalVirtualKeyboardToolbar/Build/Products/Debug-iphonesimulator/PolskiGrammar.app/Extensions --scan-folder /Applications/Xcode.app/Contents/Developer/Platforms/iPhoneOS.platform/Developer/SDKs/iPhoneOS18.0.sdk/System/Library/Frameworks/Foundation.framework --platform iphonesimulator --toolchain /Applications/Xcode.app/Contents/Developer/Toolchains/XcodeDefault.xctoolchain --destination /Users/german/Work/JS/polski-grammar-srs/kotlin/iosApp/build/FinalVirtualKeyboardToolbar/Build/Products/Debug-iphonesimulator/PolskiGrammar.app/Frameworks --strip-bitcode --strip-bitcode-tool /Applications/Xcode.app/Contents/Developer/Toolchains/XcodeDefault.xctoolchain/usr/bin/bitcode_strip --emit-dependency-info /Users/german/Work/JS/polski-grammar-srs/kotlin/iosApp/build/FinalVirtualKeyboardToolbar/Build/Intermediates.noindex/PolskiGrammar.build/Debug-iphonesimulator/PolskiGrammar.build/SwiftStdLibToolInputDependencies.dep --filter-for-swift-os
Ignoring --strip-bitcode because --sign was not passed

ExtractAppIntentsMetadata (in target 'PolskiGrammar' from project 'PolskiGrammar')
    cd /Users/german/Work/JS/polski-grammar-srs/kotlin/iosApp
    /Applications/Xcode.app/Contents/Developer/Toolchains/XcodeDefault.xctoolchain/usr/bin/appintentsmetadataprocessor --toolchain-dir /Applications/Xcode.app/Contents/Developer/Toolchains/XcodeDefault.xctoolchain --module-name PolskiGrammar --sdk-root /Applications/Xcode.app/Contents/Developer/Platforms/iPhoneSimulator.platform/Developer/SDKs/iPhoneSimulator27.0.sdk --xcode-version 27A266a --platform-family iOS --deployment-target 17.0 --bundle-identifier dev.polski.grammarmatrix.ios --output /Users/german/Work/JS/polski-grammar-srs/kotlin/iosApp/build/FinalVirtualKeyboardToolbar/Build/Products/Debug-iphonesimulator/PolskiGrammar.app --target-triple arm64-apple-ios17.0-simulator --binary-file /Users/german/Work/JS/polski-grammar-srs/kotlin/iosApp/build/FinalVirtualKeyboardToolbar/Build/Products/Debug-iphonesimulator/PolskiGrammar.app/PolskiGrammar --dependency-file /Users/german/Work/JS/polski-grammar-srs/kotlin/iosApp/build/FinalVirtualKeyboardToolbar/Build/Intermediates.noindex/PolskiGrammar.build/Debug-iphonesimulator/PolskiGrammar.build/Objects-normal/arm64/PolskiGrammar_dependency_info.dat --stringsdata-file /Users/german/Work/JS/polski-grammar-srs/kotlin/iosApp/build/FinalVirtualKeyboardToolbar/Build/Intermediates.noindex/PolskiGrammar.build/Debug-iphonesimulator/PolskiGrammar.build/Objects-normal/arm64/ExtractedAppShortcutsMetadata.stringsdata --source-file-list /Users/german/Work/JS/polski-grammar-srs/kotlin/iosApp/build/FinalVirtualKeyboardToolbar/Build/Intermediates.noindex/PolskiGrammar.build/Debug-iphonesimulator/PolskiGrammar.build/Objects-normal/arm64/PolskiGrammar.SwiftFileList --metadata-file-list /Users/german/Work/JS/polski-grammar-srs/kotlin/iosApp/build/FinalVirtualKeyboardToolbar/Build/Intermediates.noindex/PolskiGrammar.build/Debug-iphonesimulator/PolskiGrammar.build/PolskiGrammar.DependencyMetadataFileList --static-metadata-file-list /Users/german/Work/JS/polski-grammar-srs/kotlin/iosApp/build/FinalVirtualKeyboardToolbar/Build/Intermediates.noindex/PolskiGrammar.build/Debug-iphonesimulator/PolskiGrammar.build/PolskiGrammar.DependencyStaticMetadataFileList --swift-const-vals-list /Users/german/Work/JS/polski-grammar-srs/kotlin/iosApp/build/FinalVirtualKeyboardToolbar/Build/Intermediates.noindex/PolskiGrammar.build/Debug-iphonesimulator/PolskiGrammar.build/Objects-normal/arm64/PolskiGrammar.SwiftConstValuesFileList --compile-time-extraction --deployment-aware-processing --no-app-shortcuts-localization
2026-09-24 21:18:22.838 appintentsmetadataprocessor[91485:18494226] Starting appintentsmetadataprocessor export
2026-09-24 21:18:22.843 appintentsmetadataprocessor[91485:18494226] warning: Metadata extraction skipped, no AppIntents.framework dependency found

AppIntentsSSUTraining (in target 'PolskiGrammar' from project 'PolskiGrammar')
    cd /Users/german/Work/JS/polski-grammar-srs/kotlin/iosApp
    /Applications/Xcode.app/Contents/Developer/Toolchains/XcodeDefault.xctoolchain/usr/bin/appintentsnltrainingprocessor --infoplist-path /Users/german/Work/JS/polski-grammar-srs/kotlin/iosApp/build/FinalVirtualKeyboardToolbar/Build/Products/Debug-iphonesimulator/PolskiGrammar.app/Info.plist --temp-dir-path /Users/german/Work/JS/polski-grammar-srs/kotlin/iosApp/build/FinalVirtualKeyboardToolbar/Build/Intermediates.noindex/PolskiGrammar.build/Debug-iphonesimulator/PolskiGrammar.build/ssu --bundle-id dev.polski.grammarmatrix.ios --product-path /Users/german/Work/JS/polski-grammar-srs/kotlin/iosApp/build/FinalVirtualKeyboardToolbar/Build/Products/Debug-iphonesimulator/PolskiGrammar.app --extracted-metadata-path /Users/german/Work/JS/polski-grammar-srs/kotlin/iosApp/build/FinalVirtualKeyboardToolbar/Build/Products/Debug-iphonesimulator/PolskiGrammar.app/Metadata.appintents --metadata-file-list /Users/german/Work/JS/polski-grammar-srs/kotlin/iosApp/build/FinalVirtualKeyboardToolbar/Build/Intermediates.noindex/PolskiGrammar.build/Debug-iphonesimulator/PolskiGrammar.build/PolskiGrammar.DependencyMetadataFileList --source-file /Users/german/Work/JS/polski-grammar-srs/kotlin/iosApp/build/FinalVirtualKeyboardToolbar/Build/Products/Debug-iphonesimulator/PolskiGrammar.app/Info.plist --archive-ssu-assets
2026-09-24 21:18:22.871 appintentsnltrainingprocessor[91499:18494243] Parsing options for appintentsnltrainingprocessor
2026-09-24 21:18:22.871 appintentsnltrainingprocessor[91499:18494243] Starting AppIntents SSU YAML Generation
2026-09-24 21:18:22.871 appintentsnltrainingprocessor[91499:18494243] No AppShortcuts found - Skipping.

RegisterExecutionPolicyException /Users/german/Work/JS/polski-grammar-srs/kotlin/iosApp/build/FinalVirtualKeyboardToolbar/Build/Products/Debug-iphonesimulator/PolskiGrammar.app (in target 'PolskiGrammar' from project 'PolskiGrammar')
    cd /Users/german/Work/JS/polski-grammar-srs/kotlin/iosApp
    builtin-RegisterExecutionPolicyException /Users/german/Work/JS/polski-grammar-srs/kotlin/iosApp/build/FinalVirtualKeyboardToolbar/Build/Products/Debug-iphonesimulator/PolskiGrammar.app

Validate /Users/german/Work/JS/polski-grammar-srs/kotlin/iosApp/build/FinalVirtualKeyboardToolbar/Build/Products/Debug-iphonesimulator/PolskiGrammar.app (in target 'PolskiGrammar' from project 'PolskiGrammar')
    cd /Users/german/Work/JS/polski-grammar-srs/kotlin/iosApp
    builtin-validationUtility /Users/german/Work/JS/polski-grammar-srs/kotlin/iosApp/build/FinalVirtualKeyboardToolbar/Build/Products/Debug-iphonesimulator/PolskiGrammar.app -shallow-bundle -infoplist-subpath Info.plist

Touch /Users/german/Work/JS/polski-grammar-srs/kotlin/iosApp/build/FinalVirtualKeyboardToolbar/Build/Products/Debug-iphonesimulator/PolskiGrammar.app (in target 'PolskiGrammar' from project 'PolskiGrammar')
    cd /Users/german/Work/JS/polski-grammar-srs/kotlin/iosApp
    /usr/bin/touch -c /Users/german/Work/JS/polski-grammar-srs/kotlin/iosApp/build/FinalVirtualKeyboardToolbar/Build/Products/Debug-iphonesimulator/PolskiGrammar.app

Ld /Users/german/Work/JS/polski-grammar-srs/kotlin/iosApp/build/FinalVirtualKeyboardToolbar/Build/Products/Debug-iphonesimulator/PolskiGrammarUITests-Runner.app/PlugIns/PolskiGrammarUITests.xctest/PolskiGrammarUITests normal (in target 'PolskiGrammarUITests' from project 'PolskiGrammar')
    cd /Users/german/Work/JS/polski-grammar-srs/kotlin/iosApp
    /Applications/Xcode.app/Contents/Developer/Toolchains/XcodeDefault.xctoolchain/usr/bin/clang -Xlinker -reproducible -target arm64-apple-ios17.0-simulator -bundle -isysroot /Applications/Xcode.app/Contents/Developer/Platforms/iPhoneSimulator.platform/Developer/SDKs/iPhoneSimulator27.0.sdk -O0 -Xlinker -no_warn_duplicate_libraries -L/Users/german/Work/JS/polski-grammar-srs/kotlin/iosApp/build/FinalVirtualKeyboardToolbar/Build/Intermediates.noindex/EagerLinkingTBDs/Debug-iphonesimulator -L/Users/german/Work/JS/polski-grammar-srs/kotlin/iosApp/build/FinalVirtualKeyboardToolbar/Build/Products/Debug-iphonesimulator -L/Applications/Xcode.app/Contents/Developer/Platforms/iPhoneSimulator.platform/Developer/usr/lib -F/Users/german/Work/JS/polski-grammar-srs/kotlin/iosApp/build/FinalVirtualKeyboardToolbar/Build/Intermediates.noindex/EagerLinkingTBDs/Debug-iphonesimulator -F/Users/german/Work/JS/polski-grammar-srs/kotlin/iosApp/build/FinalVirtualKeyboardToolbar/Build/Products/Debug-iphonesimulator -iframework /Applications/Xcode.app/Contents/Developer/Platforms/iPhoneSimulator.platform/Developer/Library/Frameworks -iframework /Applications/Xcode.app/Contents/Developer/Platforms/iPhoneSimulator.platform/Developer/SDKs/iPhoneSimulator27.0.sdk/Developer/Library/Frameworks -filelist /Users/german/Work/JS/polski-grammar-srs/kotlin/iosApp/build/FinalVirtualKeyboardToolbar/Build/Intermediates.noindex/PolskiGrammar.build/Debug-iphonesimulator/PolskiGrammarUITests.build/Objects-normal/arm64/PolskiGrammarUITests.LinkFileList -Xlinker -rpath -Xlinker /usr/lib/swift -Xlinker -rpath -Xlinker @loader_path/Frameworks -Xlinker -dead_strip -Xlinker -object_path_lto -Xlinker /Users/german/Work/JS/polski-grammar-srs/kotlin/iosApp/build/FinalVirtualKeyboardToolbar/Build/Intermediates.noindex/PolskiGrammar.build/Debug-iphonesimulator/PolskiGrammarUITests.build/Objects-normal/arm64/PolskiGrammarUITests_lto.o -rdynamic -Xlinker -no_deduplicate -Xlinker -objc_abi_version -Xlinker 2 -Xlinker -dependency_info -Xlinker /Users/german/Work/JS/polski-grammar-srs/kotlin/iosApp/build/FinalVirtualKeyboardToolbar/Build/Intermediates.noindex/PolskiGrammar.build/Debug-iphonesimulator/PolskiGrammarUITests.build/Objects-normal/arm64/PolskiGrammarUITests_dependency_info.dat -fobjc-link-runtime -L/Applications/Xcode.app/Contents/Developer/Toolchains/XcodeDefault.xctoolchain/usr/lib/swift/iphonesimulator -L/usr/lib/swift -Xlinker -add_ast_path -Xlinker /Users/german/Work/JS/polski-grammar-srs/kotlin/iosApp/build/FinalVirtualKeyboardToolbar/Build/Intermediates.noindex/PolskiGrammar.build/Debug-iphonesimulator/PolskiGrammarUITests.build/Objects-normal/arm64/PolskiGrammarUITests.swiftmodule -Xlinker -needed_framework -Xlinker XCTest -framework XCTest -Xlinker -needed-lXCTestSwiftSupport -lXCTestSwiftSupport -framework Foundation -o /Users/german/Work/JS/polski-grammar-srs/kotlin/iosApp/build/FinalVirtualKeyboardToolbar/Build/Products/Debug-iphonesimulator/PolskiGrammarUITests-Runner.app/PlugIns/PolskiGrammarUITests.xctest/PolskiGrammarUITests

ProcessInfoPlistFile /Users/german/Work/JS/polski-grammar-srs/kotlin/iosApp/build/FinalVirtualKeyboardToolbar/Build/Products/Debug-iphonesimulator/PolskiGrammarUITests-Runner.app/PlugIns/PolskiGrammarUITests.xctest/Info.plist /Users/german/Work/JS/polski-grammar-srs/kotlin/iosApp/build/FinalVirtualKeyboardToolbar/Build/Intermediates.noindex/PolskiGrammar.build/Debug-iphonesimulator/PolskiGrammarUITests.build/empty-PolskiGrammarUITests.plist (in target 'PolskiGrammarUITests' from project 'PolskiGrammar')
    cd /Users/german/Work/JS/polski-grammar-srs/kotlin/iosApp
    builtin-infoPlistUtility /Users/german/Work/JS/polski-grammar-srs/kotlin/iosApp/build/FinalVirtualKeyboardToolbar/Build/Intermediates.noindex/PolskiGrammar.build/Debug-iphonesimulator/PolskiGrammarUITests.build/empty-PolskiGrammarUITests.plist -producttype com.apple.product-type.bundle.ui-testing -expandbuildsettings -format binary -platform iphonesimulator -additionalcontentfile /Users/german/Work/JS/polski-grammar-srs/kotlin/iosApp/build/FinalVirtualKeyboardToolbar/Build/Intermediates.noindex/PolskiGrammar.build/Debug-iphonesimulator/PolskiGrammarUITests.build/ProductTypeInfoPlistAdditions.plist -o /Users/german/Work/JS/polski-grammar-srs/kotlin/iosApp/build/FinalVirtualKeyboardToolbar/Build/Products/Debug-iphonesimulator/PolskiGrammarUITests-Runner.app/PlugIns/PolskiGrammarUITests.xctest/Info.plist

CopySwiftLibs /Users/german/Work/JS/polski-grammar-srs/kotlin/iosApp/build/FinalVirtualKeyboardToolbar/Build/Products/Debug-iphonesimulator/PolskiGrammarUITests-Runner.app/PlugIns/PolskiGrammarUITests.xctest (in target 'PolskiGrammarUITests' from project 'PolskiGrammar')
    cd /Users/german/Work/JS/polski-grammar-srs/kotlin/iosApp
    builtin-swiftStdLibTool --copy --verbose --scan-executable /Users/german/Work/JS/polski-grammar-srs/kotlin/iosApp/build/FinalVirtualKeyboardToolbar/Build/Products/Debug-iphonesimulator/PolskiGrammarUITests-Runner.app/PlugIns/PolskiGrammarUITests.xctest/PolskiGrammarUITests --scan-folder /Users/german/Work/JS/polski-grammar-srs/kotlin/iosApp/build/FinalVirtualKeyboardToolbar/Build/Products/Debug-iphonesimulator/PolskiGrammarUITests-Runner.app/PlugIns/PolskiGrammarUITests.xctest/Frameworks --scan-folder /Users/german/Work/JS/polski-grammar-srs/kotlin/iosApp/build/FinalVirtualKeyboardToolbar/Build/Products/Debug-iphonesimulator/PolskiGrammarUITests-Runner.app/PlugIns/PolskiGrammarUITests.xctest/PlugIns --scan-folder /Users/german/Work/JS/polski-grammar-srs/kotlin/iosApp/build/FinalVirtualKeyboardToolbar/Build/Products/Debug-iphonesimulator/PolskiGrammarUITests-Runner.app/PlugIns/PolskiGrammarUITests.xctest/SystemExtensions --scan-folder /Users/german/Work/JS/polski-grammar-srs/kotlin/iosApp/build/FinalVirtualKeyboardToolbar/Build/Products/Debug-iphonesimulator/PolskiGrammarUITests-Runner.app/PlugIns/PolskiGrammarUITests.xctest/Extensions --scan-folder /Applications/Xcode.app/Contents/Developer/Platforms/iPhoneOS.platform/Developer/SDKs/iPhoneOS18.0.sdk/System/Library/Frameworks/Foundation.framework --platform iphonesimulator --toolchain /Applications/Xcode.app/Contents/Developer/Toolchains/XcodeDefault.xctoolchain --destination /Users/german/Work/JS/polski-grammar-srs/kotlin/iosApp/build/FinalVirtualKeyboardToolbar/Build/Products/Debug-iphonesimulator/PolskiGrammarUITests-Runner.app/PlugIns/PolskiGrammarUITests.xctest/Frameworks --strip-bitcode --scan-executable /Applications/Xcode.app/Contents/Developer/Platforms/iPhoneSimulator.platform/Developer/usr/lib/libXCTestSwiftSupport.dylib --strip-bitcode-tool /Applications/Xcode.app/Contents/Developer/Toolchains/XcodeDefault.xctoolchain/usr/bin/bitcode_strip --emit-dependency-info /Users/german/Work/JS/polski-grammar-srs/kotlin/iosApp/build/FinalVirtualKeyboardToolbar/Build/Intermediates.noindex/PolskiGrammar.build/Debug-iphonesimulator/PolskiGrammarUITests.build/SwiftStdLibToolInputDependencies.dep --filter-for-swift-os
Ignoring --strip-bitcode because --sign was not passed

ExtractAppIntentsMetadata (in target 'PolskiGrammarUITests' from project 'PolskiGrammar')
    cd /Users/german/Work/JS/polski-grammar-srs/kotlin/iosApp
    /Applications/Xcode.app/Contents/Developer/Toolchains/XcodeDefault.xctoolchain/usr/bin/appintentsmetadataprocessor --toolchain-dir /Applications/Xcode.app/Contents/Developer/Toolchains/XcodeDefault.xctoolchain --module-name PolskiGrammarUITests --sdk-root /Applications/Xcode.app/Contents/Developer/Platforms/iPhoneSimulator.platform/Developer/SDKs/iPhoneSimulator27.0.sdk --xcode-version 27A266a --platform-family iOS --deployment-target 17.0 --bundle-identifier dev.polski.grammarmatrix.ios.uitests --output /Users/german/Work/JS/polski-grammar-srs/kotlin/iosApp/build/FinalVirtualKeyboardToolbar/Build/Products/Debug-iphonesimulator/PolskiGrammarUITests-Runner.app/PlugIns/PolskiGrammarUITests.xctest --target-triple arm64-apple-ios17.0-simulator --binary-file /Users/german/Work/JS/polski-grammar-srs/kotlin/iosApp/build/FinalVirtualKeyboardToolbar/Build/Products/Debug-iphonesimulator/PolskiGrammarUITests-Runner.app/PlugIns/PolskiGrammarUITests.xctest/PolskiGrammarUITests --dependency-file /Users/german/Work/JS/polski-grammar-srs/kotlin/iosApp/build/FinalVirtualKeyboardToolbar/Build/Intermediates.noindex/PolskiGrammar.build/Debug-iphonesimulator/PolskiGrammarUITests.build/Objects-normal/arm64/PolskiGrammarUITests_dependency_info.dat --stringsdata-file /Users/german/Work/JS/polski-grammar-srs/kotlin/iosApp/build/FinalVirtualKeyboardToolbar/Build/Intermediates.noindex/PolskiGrammar.build/Debug-iphonesimulator/PolskiGrammarUITests.build/Objects-normal/arm64/ExtractedAppShortcutsMetadata.stringsdata --source-file-list /Users/german/Work/JS/polski-grammar-srs/kotlin/iosApp/build/FinalVirtualKeyboardToolbar/Build/Intermediates.noindex/PolskiGrammar.build/Debug-iphonesimulator/PolskiGrammarUITests.build/Objects-normal/arm64/PolskiGrammarUITests.SwiftFileList --metadata-file-list /Users/german/Work/JS/polski-grammar-srs/kotlin/iosApp/build/FinalVirtualKeyboardToolbar/Build/Intermediates.noindex/PolskiGrammar.build/Debug-iphonesimulator/PolskiGrammarUITests.build/PolskiGrammarUITests.DependencyMetadataFileList --static-metadata-file-list /Users/german/Work/JS/polski-grammar-srs/kotlin/iosApp/build/FinalVirtualKeyboardToolbar/Build/Intermediates.noindex/PolskiGrammar.build/Debug-iphonesimulator/PolskiGrammarUITests.build/PolskiGrammarUITests.DependencyStaticMetadataFileList --swift-const-vals-list /Users/german/Work/JS/polski-grammar-srs/kotlin/iosApp/build/FinalVirtualKeyboardToolbar/Build/Intermediates.noindex/PolskiGrammar.build/Debug-iphonesimulator/PolskiGrammarUITests.build/Objects-normal/arm64/PolskiGrammarUITests.SwiftConstValuesFileList --compile-time-extraction --deployment-aware-processing --no-app-shortcuts-localization
2026-09-24 21:18:23.185 appintentsmetadataprocessor[91529:18494358] Starting appintentsmetadataprocessor export
2026-09-24 21:18:23.187 appintentsmetadataprocessor[91529:18494358] warning: Metadata extraction skipped, no AppIntents.framework dependency found

AppIntentsSSUTraining (in target 'PolskiGrammarUITests' from project 'PolskiGrammar')
    cd /Users/german/Work/JS/polski-grammar-srs/kotlin/iosApp
    /Applications/Xcode.app/Contents/Developer/Toolchains/XcodeDefault.xctoolchain/usr/bin/appintentsnltrainingprocessor --infoplist-path /Users/german/Work/JS/polski-grammar-srs/kotlin/iosApp/build/FinalVirtualKeyboardToolbar/Build/Products/Debug-iphonesimulator/PolskiGrammarUITests-Runner.app/PlugIns/PolskiGrammarUITests.xctest/Info.plist --temp-dir-path /Users/german/Work/JS/polski-grammar-srs/kotlin/iosApp/build/FinalVirtualKeyboardToolbar/Build/Intermediates.noindex/PolskiGrammar.build/Debug-iphonesimulator/PolskiGrammarUITests.build/ssu --bundle-id dev.polski.grammarmatrix.ios.uitests --product-path /Users/german/Work/JS/polski-grammar-srs/kotlin/iosApp/build/FinalVirtualKeyboardToolbar/Build/Products/Debug-iphonesimulator/PolskiGrammarUITests-Runner.app/PlugIns/PolskiGrammarUITests.xctest --extracted-metadata-path /Users/german/Work/JS/polski-grammar-srs/kotlin/iosApp/build/FinalVirtualKeyboardToolbar/Build/Products/Debug-iphonesimulator/PolskiGrammarUITests-Runner.app/PlugIns/PolskiGrammarUITests.xctest/Metadata.appintents --metadata-file-list /Users/german/Work/JS/polski-grammar-srs/kotlin/iosApp/build/FinalVirtualKeyboardToolbar/Build/Intermediates.noindex/PolskiGrammar.build/Debug-iphonesimulator/PolskiGrammarUITests.build/PolskiGrammarUITests.DependencyMetadataFileList --source-file /Users/german/Work/JS/polski-grammar-srs/kotlin/iosApp/build/FinalVirtualKeyboardToolbar/Build/Products/Debug-iphonesimulator/PolskiGrammarUITests-Runner.app/PlugIns/PolskiGrammarUITests.xctest/Info.plist --archive-ssu-assets
2026-09-24 21:18:23.209 appintentsnltrainingprocessor[91530:18494366] Parsing options for appintentsnltrainingprocessor
2026-09-24 21:18:23.210 appintentsnltrainingprocessor[91530:18494366] Starting AppIntents SSU YAML Generation
2026-09-24 21:18:23.210 appintentsnltrainingprocessor[91530:18494366] No AppShortcuts found - Skipping.

CopyPlistFile /Users/german/Work/JS/polski-grammar-srs/kotlin/iosApp/build/FinalVirtualKeyboardToolbar/Build/Products/Debug-iphonesimulator/PolskiGrammarUITests-Runner.app/Info.plist /Applications/Xcode.app/Contents/Developer/Platforms/iPhoneSimulator.platform/Developer/Library/Xcode/Agents/XCTRunner.app/Info.plist (in target 'PolskiGrammarUITests' from project 'PolskiGrammar')
    cd /Users/german/Work/JS/polski-grammar-srs/kotlin/iosApp
    builtin-copyPlist --validate --convert xml1 --macro-expansion WRAPPEDPRODUCTNAME PolskiGrammarUITests-Runner --macro-expansion WRAPPEDPRODUCTBUNDLEIDENTIFIER dev.polski.grammarmatrix.ios.uitests.xctrunner --macro-expansion TESTPRODUCTNAME PolskiGrammarUITests --macro-expansion TESTPRODUCTBUNDLEIDENTIFIER dev.polski.grammarmatrix.ios.uitests --copy-value UIDeviceFamily /Users/german/Work/JS/polski-grammar-srs/kotlin/iosApp/build/FinalVirtualKeyboardToolbar/Build/Products/Debug-iphonesimulator/PolskiGrammarUITests-Runner.app/PlugIns/PolskiGrammarUITests.xctest/Info.plist --outdir /Users/german/Work/JS/polski-grammar-srs/kotlin/iosApp/build/FinalVirtualKeyboardToolbar/Build/Products/Debug-iphonesimulator/PolskiGrammarUITests-Runner.app -- /Applications/Xcode.app/Contents/Developer/Platforms/iPhoneSimulator.platform/Developer/Library/Xcode/Agents/XCTRunner.app/Info.plist

MkDir /Users/german/Work/JS/polski-grammar-srs/kotlin/iosApp/build/FinalVirtualKeyboardToolbar/Build/Products/Debug-iphonesimulator/PolskiGrammarUITests-Runner.app (in target 'PolskiGrammarUITests' from project 'PolskiGrammar')
    cd /Users/german/Work/JS/polski-grammar-srs/kotlin/iosApp
    /bin/mkdir -p /Users/german/Work/JS/polski-grammar-srs/kotlin/iosApp/build/FinalVirtualKeyboardToolbar/Build/Products/Debug-iphonesimulator/PolskiGrammarUITests-Runner.app

Copy /Users/german/Work/JS/polski-grammar-srs/kotlin/iosApp/build/FinalVirtualKeyboardToolbar/Build/Products/Debug-iphonesimulator/PolskiGrammarUITests-Runner.app/PkgInfo /Applications/Xcode.app/Contents/Developer/Platforms/iPhoneSimulator.platform/Developer/Library/Xcode/Agents/XCTRunner.app/PkgInfo (in target 'PolskiGrammarUITests' from project 'PolskiGrammar')
    cd /Users/german/Work/JS/polski-grammar-srs/kotlin/iosApp
    builtin-copy -exclude .DS_Store -exclude CVS -exclude .svn -exclude .git -exclude .hg -resolve-src-symlinks /Applications/Xcode.app/Contents/Developer/Platforms/iPhoneSimulator.platform/Developer/Library/Xcode/Agents/XCTRunner.app/PkgInfo /Users/german/Work/JS/polski-grammar-srs/kotlin/iosApp/build/FinalVirtualKeyboardToolbar/Build/Products/Debug-iphonesimulator/PolskiGrammarUITests-Runner.app

CopyAndPreserveArchs /Users/german/Work/JS/polski-grammar-srs/kotlin/iosApp/build/FinalVirtualKeyboardToolbar/Build/Products/Debug-iphonesimulator/PolskiGrammarUITests-Runner.app/PolskiGrammarUITests-Runner (in target 'PolskiGrammarUITests' from project 'PolskiGrammar')
    cd /Users/german/Work/JS/polski-grammar-srs/kotlin/iosApp
    /Applications/Xcode.app/Contents/Developer/Toolchains/XcodeDefault.xctoolchain/usr/bin/lipo /Applications/Xcode.app/Contents/Developer/Platforms/iPhoneSimulator.platform/Developer/Library/Xcode/Agents/XCTRunner.app/XCTRunner -output /Users/german/Work/JS/polski-grammar-srs/kotlin/iosApp/build/FinalVirtualKeyboardToolbar/Build/Products/Debug-iphonesimulator/PolskiGrammarUITests-Runner.app/PolskiGrammarUITests-Runner -extract arm64

RegisterExecutionPolicyException /Users/german/Work/JS/polski-grammar-srs/kotlin/iosApp/build/FinalVirtualKeyboardToolbar/Build/Products/Debug-iphonesimulator/PolskiGrammarUITests-Runner.app/PlugIns/PolskiGrammarUITests.xctest (in target 'PolskiGrammarUITests' from project 'PolskiGrammar')
    cd /Users/german/Work/JS/polski-grammar-srs/kotlin/iosApp
    builtin-RegisterExecutionPolicyException /Users/german/Work/JS/polski-grammar-srs/kotlin/iosApp/build/FinalVirtualKeyboardToolbar/Build/Products/Debug-iphonesimulator/PolskiGrammarUITests-Runner.app/PlugIns/PolskiGrammarUITests.xctest

Touch /Users/german/Work/JS/polski-grammar-srs/kotlin/iosApp/build/FinalVirtualKeyboardToolbar/Build/Products/Debug-iphonesimulator/PolskiGrammarUITests-Runner.app/PlugIns/PolskiGrammarUITests.xctest (in target 'PolskiGrammarUITests' from project 'PolskiGrammar')
    cd /Users/german/Work/JS/polski-grammar-srs/kotlin/iosApp
    /usr/bin/touch -c /Users/german/Work/JS/polski-grammar-srs/kotlin/iosApp/build/FinalVirtualKeyboardToolbar/Build/Products/Debug-iphonesimulator/PolskiGrammarUITests-Runner.app/PlugIns/PolskiGrammarUITests.xctest

PruneExplicitPrecompiledModules /Users/german/Work/JS/polski-grammar-srs/kotlin/iosApp/build/FinalVirtualKeyboardToolbar/Build/Intermediates.noindex/ExplicitPrecompiledModules

PruneExplicitPrecompiledModules /Users/german/Work/JS/polski-grammar-srs/kotlin/iosApp/build/FinalVirtualKeyboardToolbar/Build/Intermediates.noindex/SwiftExplicitPrecompiledModules

PruneExplicitPrecompiledModules /Users/german/Work/JS/polski-grammar-srs/kotlin/iosApp/build/FinalVirtualKeyboardToolbar/SDKExplicitPrecompiledModules

note: Run script build phase 'Build Kotlin framework' will be run during every build because the option to run the script phase "Based on dependency analysis" is unchecked. (in target 'PolskiGrammar' from project 'PolskiGrammar')
2026-09-24 21:18:26.082018+0200 PolskiGrammarUITests-Runner[91574:18494558] [Default] Running tests...
    t =      nans Interface orientation changed to Portrait
Test Suite 'Selected tests' started at 2026-09-24 21:18:26.774.
Test Suite 'PolskiGrammarUITests.xctest' started at 2026-09-24 21:18:26.775.
Test Suite 'PolskiGrammarUITests' started at 2026-09-24 21:18:26.775.
Test Case '-[PolskiGrammarUITests.PolskiGrammarUITests testMethodSwitchKeepsTypedDraftThroughRevealAndOneReview]' started.
    t =     0.00s Start Test at 2026-09-24 21:18:26.776
    t =     0.06s Set Up
    t =     0.07s Open dev.polski.grammarmatrix.ios
    t =     0.07s     Launch dev.polski.grammarmatrix.ios
2026-09-24 21:18:26.936 xcodebuild[90799:18492323] [MT] IDELaunchParametersSnapshot: debugger version lookup failed for path '<nil>': noURL
2026-09-24 21:18:26.936 xcodebuild[90799:18492323] [MT] IDELaunchParametersSnapshot: no debugger version
    t =     3.09s         Setting up automation session
    t =     3.93s         Wait for dev.polski.grammarmatrix.ios to idle
    t =     5.64s Tap "Прогресс" Button
    t =     5.64s     Wait for dev.polski.grammarmatrix.ios to idle
    t =     5.65s     Find the "Прогресс" Button
    t =     5.82s     Check for interrupting elements affecting "Прогресс" Button
    t =     5.95s     Synthesize event
    t =     6.30s     Wait for dev.polski.grammarmatrix.ios to idle
    t =     7.83s Find the "Сбросить прогресс" Button
    t =     8.94s     Find the "Сбросить прогресс" Button (retry 1)
    t =    10.05s     Find the "Сбросить прогресс" Button (retry 2)
    t =    10.12s Swipe up Target Application 'dev.polski.grammarmatrix.ios'
    t =    10.12s     Wait for dev.polski.grammarmatrix.ios to idle
    t =    10.13s     Find the Target Application 'dev.polski.grammarmatrix.ios'
    t =    10.19s     Check for interrupting elements affecting "Polski Grammar Matrix" Application
    t =    10.26s     Synthesize event
    t =    10.71s     Wait for dev.polski.grammarmatrix.ios to idle
    t =    12.85s Find the "Сбросить прогресс" Button
    t =    13.96s     Find the "Сбросить прогресс" Button (retry 1)
    t =    15.05s     Find the "Сбросить прогресс" Button (retry 2)
    t =    15.17s Swipe up Target Application 'dev.polski.grammarmatrix.ios'
    t =    15.17s     Wait for dev.polski.grammarmatrix.ios to idle
    t =    15.18s     Find the Target Application 'dev.polski.grammarmatrix.ios'
    t =    15.24s     Check for interrupting elements affecting "Polski Grammar Matrix" Application
    t =    15.30s     Synthesize event
    t =    15.75s     Wait for dev.polski.grammarmatrix.ios to idle
    t =    16.92s Find the "Сбросить прогресс" Button
    t =    17.05s Waiting 5.0s for "Сбросить прогресс" Button to exist
    t =    18.13s     Checking `Expect predicate `existsNoRetry == 1` for object "Сбросить прогресс" Button`
    t =    18.13s         Checking existence of `"Сбросить прогресс" Button`
    t =    18.22s Tap "Сбросить прогресс" Button
    t =    18.22s     Wait for dev.polski.grammarmatrix.ios to idle
    t =    18.23s     Find the "Сбросить прогресс" Button
    t =    18.32s     Check for interrupting elements affecting "Сбросить прогресс" Button
    t =    18.39s     Synthesize event
    t =    18.73s     Wait for dev.polski.grammarmatrix.ios to idle
    t =    19.11s Waiting 5.0s for "Сбросить весь прогресс?" Alert to exist
    t =    20.20s     Checking `Expect predicate `existsNoRetry == 1` for object "Сбросить весь прогресс?" Alert`
    t =    20.20s         Checking existence of `"Сбросить весь прогресс?" Alert`
    t =    20.29s Tap "Сбросить" Button
    t =    20.29s     Wait for dev.polski.grammarmatrix.ios to idle
    t =    20.30s     Find the "Сбросить" Button
    t =    20.40s     Check for interrupting elements affecting "Сбросить" Button
    t =    20.50s     Synthesize event
    t =    20.83s     Wait for dev.polski.grammarmatrix.ios to idle
    t =    21.18s Waiting 2.0s for "Сообщение" Alert to exist
    t =    22.26s     Checking `Expect predicate `existsNoRetry == 1` for object "Сообщение" Alert`
    t =    22.26s         Checking existence of `"Сообщение" Alert`
    t =    22.36s         Capturing element debug description
    t =    23.19s     Checking `Expect predicate `existsNoRetry == 1` for object "Сообщение" Alert`
    t =    23.19s         Checking existence of `"Сообщение" Alert`
    t =    23.27s         Capturing element debug description
    t =    23.27s     Checking existence of `"Сообщение" Alert`
    t =    23.35s Collecting debug information to assist test failure triage
    t =    23.35s     Requesting snapshot of accessibility hierarchy for app with pid 91741
    t =    23.44s Tap "Тренировка" Button
    t =    23.44s     Wait for dev.polski.grammarmatrix.ios to idle
    t =    23.45s     Find the "Тренировка" Button
    t =    23.54s     Check for interrupting elements affecting "square.stack" Button
    t =    23.61s     Synthesize event
    t =    23.95s     Wait for dev.polski.grammarmatrix.ios to idle
    t =    24.72s Waiting 20.0s for "continueIntroduction" Button to exist
    t =    25.80s     Checking `Expect predicate `existsNoRetry == 1` for object "continueIntroduction" Button`
    t =    25.80s         Checking existence of `"continueIntroduction" Button`
    t =    25.88s Checking existence of `"Перейти к заданию" Button`
    t =    25.96s Find the "Перейти к заданию" Button
    t =    26.08s Swipe up Target Application 'dev.polski.grammarmatrix.ios'
    t =    26.08s     Wait for dev.polski.grammarmatrix.ios to idle
    t =    26.09s     Find the Target Application 'dev.polski.grammarmatrix.ios'
    t =    26.15s     Check for interrupting elements affecting "Polski Grammar Matrix" Application
    t =    26.22s     Synthesize event
    t =    26.68s     Wait for dev.polski.grammarmatrix.ios to idle
    t =    27.75s Checking existence of `"continueIntroduction" Button`
    t =    27.84s Find the "continueIntroduction" Button
    t =    27.95s Checking existence of `"continueIntroduction" Button`
    t =    28.02s Tap "continueIntroduction" Button
    t =    28.02s     Wait for dev.polski.grammarmatrix.ios to idle
    t =    28.03s     Find the "continueIntroduction" Button
    t =    28.11s     Check for interrupting elements affecting "continueIntroduction" Button
    t =    28.19s     Synthesize event
    t =    28.55s     Wait for dev.polski.grammarmatrix.ios to idle
    t =    28.56s Find the Button (First Match)
    t =    29.16s Find the "Подача объяснений, Схемы и логика" Button
    t =    29.69s Find the "Подача объяснений, Схемы и логика" Button
    t =    30.27s Find the "Подача объяснений, Схемы и логика" Button
    t =    31.01s Find the Button (First Match)
    t =    31.59s Waiting 5.0s for "Ответ, Вслух / про себя" Button to exist
    t =    32.67s     Checking `Expect predicate `existsNoRetry == 1` for object "Ответ, Вслух / про себя" Button`
    t =    32.67s         Checking existence of `"Ответ, Вслух / про себя" Button`
    t =    33.21s Tap "Ответ, Вслух / про себя" Button
    t =    33.21s     Wait for dev.polski.grammarmatrix.ios to idle
    t =    33.23s     Find the "Ответ, Вслух / про себя" Button
    t =    33.80s     Check for interrupting elements affecting "Ответ, Вслух / про себя" Button
    t =    33.88s     Synthesize event
    t =    34.22s     Wait for dev.polski.grammarmatrix.ios to idle
    t =    35.19s Tap "Напечатать" Button
    t =    35.19s     Wait for dev.polski.grammarmatrix.ios to idle
    t =    35.20s     Find the "Напечатать" Button
    t =    35.33s     Check for interrupting elements affecting "Напечатать" Button
    t =    35.42s     Synthesize event
    t =    35.77s     Wait for dev.polski.grammarmatrix.ios to idle
    t =    36.63s Waiting 5.0s for "typedAnswer" Any to exist
    t =    37.71s     Checking `Expect predicate `existsNoRetry == 1` for object "typedAnswer" Any`
    t =    37.71s         Checking existence of `"typedAnswer" Any`
    t =    39.06s Tap "typedAnswer" Any
    t =    39.06s     Wait for dev.polski.grammarmatrix.ios to idle
    t =    39.06s     Find the "typedAnswer" Any
    t =    40.71s     Check for interrupting elements affecting "typedAnswer" TextField
    t =    40.91s     Synthesize event
    t =    41.25s     Wait for dev.polski.grammarmatrix.ios to idle
<unknown>:0: warning: -[PolskiGrammarUITests.PolskiGrammarUITests testMethodSwitchKeepsTypedDraftThroughRevealAndOneReview] : Invalid frame dimension (negative or non-finite).
    t =    41.70s Type 'Moja proba' into "typedAnswer" TextField
    t =    41.70s     Wait for dev.polski.grammarmatrix.ios to idle
    t =    42.67s     Find the "typedAnswer" TextField
    t =    44.67s     Check for interrupting elements affecting "typedAnswer" TextField
    t =    44.91s     Synthesize event
    t =    45.30s     Wait for dev.polski.grammarmatrix.ios to idle
    t =    45.49s Find the "Подача объяснений, Схемы и логика" Button
    t =    47.43s     Find the "Подача объяснений, Схемы и логика" Button (retry 1)
    t =    49.26s     Find the "Подача объяснений, Схемы и логика" Button (retry 2)
    t =    50.04s Requesting snapshot of accessibility hierarchy for app with pid 91741
    t =    50.78s Requesting snapshot of accessibility hierarchy for app with pid 91741
/Users/german/Work/JS/polski-grammar-srs/kotlin/iosApp/PolskiGrammarUITests/PolskiGrammarUITests.swift:257: error: -[PolskiGrammarUITests.PolskiGrammarUITests testMethodSwitchKeepsTypedDraftThroughRevealAndOneReview] : XCTAssertTrue failed - Attributes: Application, 0x101f7ebc0, pid: 91741, label: 'Polski Grammar Matrix'
Element subtree:
 →Application, 0x101f7ebc0, pid: 91741, label: 'Polski Grammar Matrix'
    Window (Main), 0x1021099d0, {{0.0, 0.0}, {402.0, 874.0}}
      Other, 0x10211cd10, {{0.0, 0.0}, {402.0, 874.0}}
        Other, 0x10211bc90, {{0.0, 0.0}, {402.0, 874.0}}
          Other, 0x10211c140, {{0.0, 0.0}, {402.0, 874.0}}
            Other, 0x10211db30, {{0.0, 0.0}, {402.0, 874.0}}
              Other, 0x102117260, {{0.0, 0.0}, {402.0, 874.0}}
                Other, 0x1021133c0, {{0.0, 0.0}, {402.0, 874.0}}
                  Other, 0x10211c6d0, {{0.0, 0.0}, {402.0, 874.0}}
                    Other, 0x10211a550, {{0.0, 0.0}, {402.0, 874.0}}
                      Other, 0x10211f240, {{0.0, 0.0}, {402.0, 874.0}}
                        Other, 0x10211f360, {{0.0, 0.0}, {402.0, 874.0}}
                          Other, 0x10211f480, {{0.0, 0.0}, {402.0, 874.0}}
                            NavigationBar, 0x10211f6f0, {{0.0, 62.0}, {402.0, 54.0}}, identifier: 'Тренировка'
                              StaticText, 0x10211f810, {{151.0, 73.7}, {99.7, 20.7}}, label: 'Тренировка'
                            Other, 0x10211f930, {{0.0, 0.0}, {402.0, 874.0}}
                              Other, 0x10211fa50, {{0.0, 0.0}, {402.0, 874.0}}
                                Other, 0x10211fb70, {{0.0, 0.0}, {402.0, 874.0}}
                                  Other, 0x10211fc90, {{0.0, 0.0}, {402.0, 874.0}}
                                    CollectionView, 0x10211fdb0, {{0.0, 0.0}, {402.0, 874.0}}
                                      Other, 0x10211fed0, {{-16.0, -3.7}, {434.0, 487.3}}
                                      Other, 0x10211fff0, {{0.0, 0.0}, {402.0, 874.0}}
                                        Other, 0x102120110, {{0.0, 0.0}, {402.0, 170.8}}
                                        Other, 0x102120230, {{0.0, 726.2}, {402.0, 147.8}}
                                      Other, 0x102120350, {{0.0, 0.0}, {402.0, 874.0}}
                                        Other, 0x102120470, {{0.0, 0.0}, {402.0, 170.8}}
                                          Other, 0x102120590, {{0.0, 0.0}, {402.0, 94.3}}
                                          Other, 0x1021206b0, {{0.0, 0.0}, {402.0, 170.8}}
                                            Other, 0x1021207d0, {{0.0, 0.0}, {402.0, 170.8}}
                                          Other, 0x1021208f0, {{0.0, 0.0}, {402.0, 170.8}}
                                            Other, 0x102120a10, {{0.0, 0.0}, {402.0, 170.8}}
                                          Other, 0x102120b30, {{0.0, 0.0}, {402.0, 170.8}}
                                            Other, 0x102120c50, {{0.0, 0.0}, {402.0, 170.8}}
                                            Other, 0x102120d70, {{0.0, 0.0}, {402.0, 170.8}}
                                      Cell, 0x102120e90, {{16.0, -3.7}, {370.0, 40.3}}
                                        Other, 0x102120fb0, {{16.0, -3.7}, {370.0, 40.3}}
                                        Other, 0x1021210d0, {{16.0, -3.7}, {370.0, 40.3}}
                                          Other, 0x1021211f0, {{16.0, -3.7}, {370.0, 40.3}}
                                            Other, 0x102121310, {{16.0, -3.7}, {370.0, 40.3}}
                                              StaticText, 0x102121430, {{16.0, -3.7}, {370.0, 40.3}}, label: 'A1 · Biernik · żeński'
                                      Cell, 0x102121550, {{16.0, 36.7}, {370.0, 52.0}}
                                        Other, 0x102121670, {{16.0, 36.7}, {370.0, 52.0}}
                                          Other, 0x102121790, {{16.0, 36.7}, {370.0, 52.0}}
                                        Other, 0x1021218b0, {{16.0, 36.7}, {370.0, 52.0}}
                                          Other, 0x1021219d0, {{16.0, 36.7}, {370.0, 52.0}}
                                            Other, 0x102121af0, {{16.0, 36.7}, {370.0, 52.0}}
                                              StaticText, 0x102121c10, {{16.0, 36.7}, {370.0, 52.0}}, label: 'Исходное предложение'
                                      Cell, 0x102121d30, {{16.0, 88.7}, {370.0, 56.3}}
                                        Other, 0x102121e50, {{16.0, 88.7}, {370.0, 56.3}}
                                          Other, 0x102121f70, {{16.0, 88.7}, {370.0, 56.3}}
                                        Other, 0x102122090, {{16.0, 88.7}, {370.0, 56.3}}
                                          Other, 0x1021221b0, {{16.0, 88.7}, {370.0, 56.3}}
                                            Other, 0x1021222d0, {{16.0, 88.7}, {370.0, 56.3}}
                                              StaticText, 0x1021223f0, {{16.0, 88.7}, {370.0, 56.3}}, label: 'To jest moja piękna żona.'
                                      Other, 0x102122510, {{32.0, 87.7}, {338.0, 1.0}}
                                      Cell, 0x102122630, {{16.0, 145.0}, {370.0, 72.3}}
                                        Other, 0x102122750, {{16.0, 145.0}, {370.0, 72.3}}
                                          Other, 0x102122870, {{16.0, 145.0}, {370.0, 72.3}}
                                        Other, 0x102122990, {{16.0, 145.0}, {370.0, 72.3}}
                                          Other, 0x102122ab0, {{16.0, 145.0}, {370.0, 72.3}}
                                            Other, 0x102122bd0, {{16.0, 145.0}, {370.0, 72.3}}
                                              Image, 0x102122cf0, {{34.0, 172.7}, {20.3, 17.3}}, identifier: 'arrow.turn.down.right', label: 'arrow.turn.down.right'
                                              StaticText, 0x102122e10, {{16.0, 145.0}, {370.0, 72.3}}, label: 'Скажи, что видишь это. Начни с «Widzę…».'
                                      Other, 0x102122f30, {{32.0, 144.0}, {338.0, 1.0}}
                                      Cell, 0x102123050, {{16.0, 217.0}, {370.0, 52.0}}
                                        Other, 0x102123170, {{16.0, 217.0}, {370.0, 52.0}}
                                          Other, 0x102123290, {{16.0, 217.0}, {370.0, 52.0}}
                                        Other, 0x1021233b0, {{16.0, 217.0}, {370.0, 52.0}}
                                          Other, 0x1021234d0, {{16.0, 217.0}, {370.0, 52.0}}
                                            Other, 0x1021235f0, {{16.0, 217.0}, {370.0, 52.0}}
                                              StaticText, 0x102123710, {{16.0, 217.0}, {370.0, 52.0}}, label: 'Сначала определи правило и форму.'
                                      Other, 0x102123830, {{72.0, 216.3}, {298.0, 1.0}}
                                      Cell, 0x102123950, {{16.0, 269.3}, {370.0, 72.3}}
                                        Other, 0x102123a70, {{16.0, 269.3}, {370.0, 72.3}}
                                          Other, 0x102123b90, {{16.0, 269.3}, {370.0, 72.3}}
                                        Other, 0x102123cb0, {{16.0, 269.3}, {370.0, 72.3}}
                                          Other, 0x102123dd0, {{16.0, 269.3}, {370.0, 72.3}}
                                            Other, 0x102123ef0, {{16.0, 269.3}, {370.0, 72.3}}
                                              StaticText, 0x102124010, {{16.0, 269.3}, {370.0, 72.3}}, label: 'Определи признаки и преобразуй исходное предложение самостоятельно.'
                                      Other, 0x102124130, {{32.0, 268.3}, {338.0, 1.0}}
                                      Cell, 0x102124250, {{16.0, 341.7}, {370.0, 52.0}}
                                        Other, 0x102124370, {{16.0, 341.7}, {370.0, 52.0}}
                                          Other, 0x102124490, {{16.0, 341.7}, {370.0, 52.0}}
                                        Other, 0x1021245b0, {{16.0, 341.7}, {370.0, 52.0}}
                                          Other, 0x1021246d0, {{16.0, 341.7}, {370.0, 52.0}}
                                            Other, 0x1021247f0, {{16.0, 341.7}, {370.0, 52.0}}
                                              StaticText, 0x102124910, {{32.0, 357.5}, {47.0, 20.3}}, label: 'Ответ'
                                              Button, 0x102124a30, {{32.0, 350.7}, {338.0, 34.3}}, label: 'Ответ, Напечатать'
                                                StaticText, 0x102124b50, {{261.3, 357.7}, {92.3, 20.3}}, label: 'Напечатать'
                                      Other, 0x102124c70, {{32.0, 340.7}, {338.0, 1.0}}
                                      Cell, 0x102124d90, {{16.0, 393.7}, {370.0, 72.3}}
                                        Other, 0x102124eb0, {{16.0, 393.7}, {370.0, 72.3}}
                                          Other, 0x102124fd0, {{16.0, 393.7}, {370.0, 72.3}}
                                        Other, 0x1021250f0, {{16.0, 393.7}, {370.0, 72.3}}
                                          Other, 0x102125210, {{16.0, 393.7}, {370.0, 72.3}}
                                            Other, 0x102125330, {{16.0, 393.7}, {370.0, 72.3}}
                                              TextField, 0x102125450, {{32.0, 408.7}, {338.0, 42.3}}, identifier: 'typedAnswer', label: 'Ответ по-польски', value: Moja proba, Keyboard Focused
                                                Other, 0x102125570, {{32.0, 408.7}, {0.0, 0.0}}, identifier: '_UITextSelectionRangeAdjustmentContainerView'
                                                  Other, 0x102125690, {{32.0, 408.7}, {0.0, 0.0}}, identifier: 'com.apple.text.grabber.leading'
                                                    Other, 0x1021257b0, {{24.8, 395.2}, {16.5, 16.5}}
                                                    Other, 0x1021258d0, {{32.0, 408.7}, {2.0, 0.0}}
                                                  Other, 0x1021259f0, {{32.0, 408.7}, {0.0, 0.0}}, identifier: 'com.apple.text.grabber.leading'
                                                    Other, 0x102125bc0, {{24.8, 395.2}, {16.5, 16.5}}
                                                    Other, 0x102125ce0, {{32.0, 408.7}, {2.0, 0.0}}
                                                Other, 0x102125e00, {{42.0, 426.8}, {318.0, 21.2}}, label: 'Горизонтальная полоса прокрутки, 1 страница', value: 0 %
                                                  Other, 0x102125f20, {{35.0, 445.0}, {332.0, 3.0}}
                                      Other, 0x102126040, {{32.0, 392.7}, {338.0, 1.0}}
                                      Other, 0x102126160, {{-16.0, 483.3}, {434.0, 1837.7}}
                                      Cell, 0x102126280, {{16.0, 501.0}, {370.0, 52.0}}
                                        Other, 0x1020294a0, {{16.0, 501.0}, {370.0, 52.0}}
                                          Other, 0x1020285e0, {{16.0, 501.0}, {370.0, 52.0}}
                                        Other, 0x1021263a0, {{16.0, 501.0}, {370.0, 52.0}}
                                          Other, 0x1021264c0, {{16.0, 501.0}, {370.0, 52.0}}
                                            Other, 0x1021265e0, {{16.0, 501.0}, {370.0, 52.0}}
                                              Button, 0x102126700, {{16.0, 501.0}, {370.0, 52.0}}, label: 'Таблица под рукой'
                                      Other, 0x102126820, {{369.0, 116.0}, {30.0, 399.0}}, label: 'Вертикальная полоса прокрутки, 3 страницы', value: 91 %
                                        Other, 0x102126940, {{396.0, 266.7}, {3.0, 230.0}}
                                      Other, 0x102126a60, {{369.0, 116.0}, {30.0, 399.0}}, label: 'Вертикальная полоса прокрутки, 3 страницы', value: 91 %
                                        Other, 0x102126b80, {{396.0, 266.7}, {3.0, 230.0}}
                            Other, 0x102126ca0, {{0.0, 0.0}, {402.0, 874.0}}
                              Other, 0x102126dc0, {{0.0, 0.0}, {402.0, 874.0}}
                Other, 0x102126ee0, {{0.0, 791.0}, {402.0, 83.0}}
                  Other, 0x102127000, {{0.0, 0.0}, {402.0, 874.0}}
                    TabBar, 0x102127120, {{0.0, 791.0}, {402.0, 83.0}}, label: 'Панель вкладок'
                      Other, 0x102127240, {{21.0, 791.0}, {360.0, 62.0}}
                        Other, 0x102127360, {{21.0, 791.0}, {101.3, 54.0}}
                        Other, 0x102127480, {{21.0, 791.0}, {360.0, 62.0}}
                          Button, 0x1021275a0, {{25.0, 795.0}, {101.3, 54.0}}, identifier: 'square.stack', label: 'Тренировка', Selected
                            Image, 0x1021276c0, {{63.0, 799.7}, {26.0, 32.3}}, identifier: 'square.stack.fill', label: 'square.stack.fill'
                          Button, 0x1021277e0, {{108.6, 795.0}, {101.3, 54.0}}, identifier: 'tablecells', label: 'Матрица'
                            Image, 0x102127900, {{142.6, 802.3}, {33.0, 25.0}}, identifier: 'tablecells.fill', label: 'таблица'
                          Button, 0x102127a20, {{192.1, 795.0}, {101.3, 54.0}}, identifier: 'chart.bar', label: 'Прогресс'
                            Image, 0x102127b40, {{225.1, 802.3}, {35.0, 25.3}}, identifier: 'chart.bar.fill', label: 'гистограмма'
                          Button, 0x102127c60, {{275.7, 795.0}, {101.3, 54.0}}, identifier: 'character.book.closed', label: 'Слова'
                            Image, 0x102127d80, {{313.7, 800.7}, {25.3, 28.7}}, identifier: 'character.book.closed.fill', label: 'character.book.closed.fill'
                        Other, 0x102127ea0, {{25.0, 795.0}, {101.3, 54.0}}
                          Other, 0x102127fc0, {{25.0, 795.0}, {101.3, 54.0}}
                            Other, 0x1021280e0, {{25.0, 795.0}, {101.3, 54.0}}
                            Other, 0x102128200, {{25.0, 795.0}, {101.3, 54.0}}
                              Other, 0x102128320, {{25.0, 795.0}, {101.3, 54.0}}
                                Other, 0x102128440, {{25.0, 795.0}, {101.3, 54.0}}
                                  Other, 0x102128560, {{25.0, 795.0}, {101.3, 54.0}}
                                Other, 0x102128680, {{25.0, 795.0}, {101.3, 54.0}}
                              Other, 0x1021287a0, {{25.0, 795.0}, {101.3, 54.0}}
                  Other, 0x1021288c0, {{0.0, 791.0}, {402.0, 83.0}}
                    Other, 0x1021289e0, {{0.0, 791.0}, {402.0, 83.0}}
                      Other, 0x102128b00, {{0.0, 791.0}, {402.0, 83.0}}
                        Other, 0x102128c20, {{0.0, 791.0}, {402.0, 83.0}}
                          Other, 0x102128d40, {{0.0, 791.0}, {402.0, 83.0}}
                            Other, 0x102128e60, {{0.0, 791.0}, {402.0, 83.0}}
                        Other, 0x102128f80, {{0.0, 791.0}, {402.0, 83.0}}
                          Other, 0x1021290a0, {{0.0, 791.0}, {402.0, 83.0}}
    Window, 0x1021291c0, {{0.0, 0.0}, {402.0, 874.0}}
      Other, 0x1021292e0, {{0.0, 0.0}, {402.0, 874.0}}
        Other, 0x102129400, {{0.0, 0.0}, {402.0, 874.0}}
        Other, 0x102129520, {{0.0, 481.0}, {402.0, 393.0}}
          Other, 0x102129640, {{0.0, 481.0}, {402.0, 48.0}}
            Other, 0x102129760, {{0.0, 481.0}, {402.0, 48.0}}
              Other, 0x102129880, {{0.0, 481.0}, {402.0, 48.0}}
                Toolbar, 0x1021299a0, {{0.0, 481.0}, {402.0, 48.0}}, identifier: 'Toolbar', label: 'Панель инструментов'
                  Other, 0x102129ac0, {{0.0, 481.0}, {402.0, 48.0}}
                    Other, 0x102129be0, {{16.0, 481.0}, {370.0, 48.0}}
                      Other, 0x102129d00, {{16.0, 481.0}, {370.0, 48.0}}
                        Other, 0x102129e20, {{16.0, 481.0}, {0.0, 0.0}}
                          Other, 0x102129f40, {{219.7, 481.0}, {166.3, 48.0}}
                            Other, 0x10212a060, {{219.7, 481.0}, {166.3, 48.0}}
                              Other, 0x10212a180, {{224.7, 487.0}, {156.3, 36.0}}
                                Other, 0x10212a2a0, {{224.7, 487.0}, {156.3, 36.0}}
                                  Other, 0x10212a3c0, {{224.7, 487.0}, {156.3, 36.0}}, identifier: 'revealAnswer', label: 'Проверить ответ'
                                    Other, 0x10212a4e0, {{224.7, 487.0}, {156.3, 36.0}}
                                      Button, 0x10212a600, {{224.7, 487.0}, {156.3, 36.0}}, identifier: 'revealAnswer', label: 'Проверить ответ'
          Other, 0x10212a720, {{4.7, 529.0}, {393.0, 345.0}}, identifier: 'inputView'
    Window, 0x10212a840, {{0.0, 0.0}, {402.0, 874.0}}
      Other, 0x10212a960, {{0.0, 0.0}, {402.0, 874.0}}
        Other, 0x10212aa80, {{0.0, 481.0}, {402.0, 393.0}}
          Other, 0x10212aba0, {{0.0, 481.0}, {402.0, 48.0}}
          Other, 0x10212acc0, {{0.0, 529.0}, {402.0, 345.0}}
            Other, 0x10212ade0, {{0.0, 529.0}, {402.0, 345.0}}
              Other, 0x10212af00, {{0.0, 529.0}, {402.0, 345.0}}
          Other, 0x10212b020, {{4.7, 529.0}, {393.0, 44.0}}, identifier: 'SystemInputAssistantView'
            Other, 0x10212b140, {{4.7, 529.0}, {393.0, 44.0}}
              Other, 0x10212b260, {{4.7, 529.0}, {393.0, 44.0}}, identifier: 'CenterPageView'
                Other, 0x10212b380, {{4.7, -71.0}, {393.0, 1244.0}}
                  ScrollView, 0x10212b4a0, {{4.7, 529.0}, {393.0, 44.0}}
                Other, 0x10212b5c0, {{4.7, 529.0}, {393.0, 44.0}}
                  Other, 0x10212b6e0, {{4.7, 529.0}, {393.0, 44.0}}, label: 'Варианты ввода'
                    Other, 0x10212b800, {{4.7, 529.0}, {393.0, 44.0}}
                      Other, 0x10212b920, {{4.7, 529.0}, {393.0, 44.0}}
                        Other, 0x10212ba40, {{4.7, 529.0}, {131.0, 44.0}}, label: '“M”'
                        Other, 0x10212bb60, {{135.7, 529.0}, {131.0, 44.0}}, label: 'My'
                        Other, 0x10212bc80, {{266.7, 529.0}, {131.0, 44.0}}, label: 'Me'
          Other, 0x10212bda0, {{0.0, 573.0}, {402.0, 301.0}}
            Button, 0x10212bec0, {{8.5, 805.7}, {68.1, 68.7}}, label: 'Следующая клавиатура', value: Русская
              StaticText, 0x10212bfe0, {{8.5, 805.7}, {0.0, 0.0}}
            Button, 0x10212c100, {{325.4, 805.4}, {68.1, 68.7}}, identifier: 'dictation', label: 'Диктовать'
              StaticText, 0x10212c220, {{325.4, 805.4}, {0.0, 0.0}}
            Button, 0x10212c340, {{325.4, 805.4}, {68.1, 68.7}}, identifier: 'dictation', label: 'Диктовать'
              StaticText, 0x10212c460, {{325.4, 805.4}, {0.0, 0.0}}
          Other, 0x10212c580, {{4.7, 573.0}, {393.0, 243.0}}
            Keyboard, 0x10212c6a0, {{4.7, 573.0}, {393.0, 243.0}}
              Other, 0x10212c7c0, {{4.7, 573.0}, {393.0, 243.0}}
                Other, 0x10212c8e0, {{4.7, 573.0}, {393.0, 243.0}}, identifier: 'UIKeyboardLayoutStar Preview'
                  Key, 0x10212ca00, {{4.7, 573.0}, {0.0, 0.0}}, label: 'Padding-Left'
                  Key, 0x10212cb20, {{4.7, 573.0}, {0.0, 0.0}}, label: 'Padding-Right'
                  Key, 0x10212cc40, {{4.7, 573.0}, {0.0, 0.0}}, label: 'Padding-Left'
                  Key, 0x10212cd60, {{4.7, 573.0}, {0.0, 0.0}}, label: 'Padding-Right'
                  Key, 0x10212ce80, {{4.7, 573.0}, {0.0, 0.0}}, label: 'Padding-Left'
                  Key, 0x10212cfa0, {{4.7, 573.0}, {0.0, 0.0}}, label: 'Padding-Right'
                  Key, 0x10212d0c0, {{6.7, 580.0}, {39.0, 56.0}}, label: 'Q'
                  Key, 0x10212d1e0, {{45.7, 580.0}, {39.0, 56.0}}, label: 'W'
                  Key, 0x10212d300, {{84.7, 580.0}, {39.0, 56.0}}, label: 'E'
                  Key, 0x10212d420, {{123.7, 580.0}, {39.3, 56.0}}, label: 'R'
                  Key, 0x10212d540, {{163.0, 580.0}, {39.0, 56.0}}, label: 'T'
                  Key, 0x10212d660, {{202.0, 580.0}, {39.0, 56.0}}, label: 'Y'
                  Key, 0x10212d780, {{241.0, 580.0}, {39.3, 56.0}}, label: 'U'
                  Key, 0x10212d8a0, {{280.3, 580.0}, {39.0, 56.0}}, label: 'I'
                  Key, 0x10212d9c0, {{319.3, 580.0}, {39.0, 56.0}}, label: 'O'
                  Key, 0x10212dae0, {{358.3, 580.0}, {39.3, 56.0}}, label: 'P'
                  Key, 0x10212dc00, {{26.0, 636.0}, {39.0, 56.0}}, label: 'A'
                  Key, 0x10212dd20, {{65.0, 636.0}, {39.3, 56.0}}, label: 'S'
                  Key, 0x10212de40, {{104.3, 636.0}, {39.0, 56.0}}, label: 'D'
                  Key, 0x10212df60, {{143.3, 636.0}, {39.0, 56.0}}, label: 'F'
                  Key, 0x10212e080, {{182.3, 636.0}, {39.3, 56.0}}, label: 'G'
                  Key, 0x10212e1a0, {{221.7, 636.0}, {39.0, 56.0}}, label: 'H'
                  Key, 0x10212e2c0, {{260.7, 636.0}, {39.0, 56.0}}, label: 'J'
                  Key, 0x10212e3e0, {{299.7, 636.0}, {39.3, 56.0}}, label: 'K'
                  Key, 0x10212e500, {{339.0, 636.0}, {39.0, 56.0}}, label: 'L'
                  Button, 0x10212e620, {{6.7, 692.0}, {50.7, 56.0}}, identifier: 'shift', label: 'shift', Selected
                  Key, 0x10212e740, {{65.0, 692.0}, {39.3, 56.0}}, label: 'Z'
                  Key, 0x10212e9b0, {{104.3, 692.0}, {39.0, 56.0}}, label: 'X'
                  Key, 0x10212ead0, {{143.3, 692.0}, {39.0, 56.0}}, label: 'C'
                  Key, 0x10212ebf0, {{182.3, 692.0}, {39.3, 56.0}}, label: 'V'
                  Key, 0x10212ed10, {{221.7, 692.0}, {39.0, 56.0}}, label: 'B'
                  Key, 0x10212ee30, {{260.7, 692.0}, {39.0, 56.0}}, label: 'N'
                  Key, 0x10212ef50, {{299.7, 692.0}, {39.3, 56.0}}, label: 'M'
                  Key, 0x10212f070, {{346.7, 692.0}, {51.0, 56.0}}, identifier: 'delete', label: 'delete'
                  Key, 0x10212f190, {{6.7, 748.0}, {48.7, 56.0}}, identifier: 'more', label: 'numbers'
                  Button, 0x10212f2b0, {{55.3, 748.0}, {49.0, 56.0}}, identifier: 'emoji', label: 'Emoji'
                  Key, 0x10212f3d0, {{104.3, 748.0}, {195.3, 56.0}}, identifier: 'space', label: ' '
                  Button, 0x10212f4f0, {{299.7, 748.0}, {98.0, 56.0}}, identifier: 'Return', label: 'return'
Path to element:
 →Application, 0x101f7ebc0, pid: 91741, label: 'Polski Grammar Matrix'
Query chain:
 →Find: Target Application 'dev.polski.grammarmatrix.ios'
  Output: {
    Application, 0x101f32390, pid: 91741, label: 'Polski Grammar Matrix'
  }

    t =    50.90s Checking existence of `Keyboard (First Match)`
    t =    51.00s Find the "Подача объяснений, Схемы и логика" Button
    t =    52.73s     Find the "Подача объяснений, Схемы и логика" Button (retry 1)
    t =    54.43s     Find the "Подача объяснений, Схемы и логика" Button (retry 2)
/Users/german/Work/JS/polski-grammar-srs/kotlin/iosApp/PolskiGrammarUITests/PolskiGrammarUITests.swift:266: error: -[PolskiGrammarUITests.PolskiGrammarUITests testMethodSwitchKeepsTypedDraftThroughRevealAndOneReview] : XCTAssertTrue failed
    t =    55.25s Checking existence of `"revealAnswer" Button`
    t =    55.37s Find the "revealAnswer" Button
    t =    55.51s Find the "Подача объяснений, Схемы и логика" Button
    t =    57.17s     Find the "Подача объяснений, Схемы и логика" Button (retry 1)
    t =    59.07s     Find the "Подача объяснений, Схемы и логика" Button (retry 2)
    t =    59.77s     Collecting debug information to assist test failure triage
    t =    59.77s         Requesting snapshot of accessibility hierarchy for app with pid 91741
    t =    59.90s     Requesting snapshot of accessibility hierarchy for app with pid 91741
    t =    60.01s     Requesting snapshot of accessibility hierarchy for app with pid 91741
<unknown>:0: error: -[PolskiGrammarUITests.PolskiGrammarUITests testMethodSwitchKeepsTypedDraftThroughRevealAndOneReview] : Failed to get matching snapshot: No matches found for first query match sequence: `Descendants matching type Button` -> `Elements matching predicate 'label CONTAINS "Подача объяснений"'`, given input App element pid: 91741
Possibly caused by runtime issues:
Automation type mismatch: computed Button from legacy attributes vs Key from modern attribute. Input attributes and values: {
    "XC_kAXXCAttributeAutomationType" = 20;
    "XC_kAXXCAttributeElementBaseType" = UIAccessibilityElement;
    "XC_kAXXCAttributeElementType" = UIAccessibilityElementKBKey;
    "XC_kAXXCAttributeTraits" = 8589934649;
}
Automation type mismatch: computed Button from legacy attributes vs Key from modern attribute. Input attributes and values: {
    "XC_kAXXCAttributeAutomationType" = 20;
    "XC_kAXXCAttributeElementBaseType" = UIAccessibilityElement;
    "XC_kAXXCAttributeElementType" = UIAccessibilityElementKBKey;
    "XC_kAXXCAttributeTraits" = 8589934641;
}
See test report attachments for more detail.
    t =    60.14s Tear Down
Test Case '-[PolskiGrammarUITests.PolskiGrammarUITests testMethodSwitchKeepsTypedDraftThroughRevealAndOneReview]' failed (60.532 seconds).
Test Case '-[PolskiGrammarUITests.PolskiGrammarUITests testTypedPolishAnswerUsesNativeInput]' started.
    t =     0.00s Start Test at 2026-09-24 21:19:27.309
    t =     0.05s Set Up
    t =     0.06s     Open dev.polski.grammarmatrix.ios
    t =     0.06s         Launch dev.polski.grammarmatrix.ios
    t =     0.06s             Terminate dev.polski.grammarmatrix.ios:91741
2026-09-24 21:19:28.386 xcodebuild[90799:18492323] [MT] IDELaunchParametersSnapshot: debugger version lookup failed for path '<nil>': noURL
2026-09-24 21:19:28.386 xcodebuild[90799:18492323] [MT] IDELaunchParametersSnapshot: no debugger version
    t =     1.53s             Setting up automation session
    t =     2.46s             Wait for dev.polski.grammarmatrix.ios to idle
    t =     4.29s     Tap "Прогресс" Button
    t =     4.29s         Wait for dev.polski.grammarmatrix.ios to idle
    t =     4.30s         Find the "Прогресс" Button
    t =     4.45s         Check for interrupting elements affecting "Прогресс" Button
    t =     4.56s         Synthesize event
    t =     4.91s         Wait for dev.polski.grammarmatrix.ios to idle
    t =     6.41s     Find the "Сбросить прогресс" Button
    t =     7.53s         Find the "Сбросить прогресс" Button (retry 1)
    t =     8.61s         Find the "Сбросить прогресс" Button (retry 2)
    t =     8.68s     Swipe up Target Application 'dev.polski.grammarmatrix.ios'
    t =     8.68s         Wait for dev.polski.grammarmatrix.ios to idle
    t =     8.69s         Find the Target Application 'dev.polski.grammarmatrix.ios'
    t =     8.75s         Check for interrupting elements affecting "Polski Grammar Matrix" Application
    t =     8.82s         Synthesize event
    t =     9.28s         Wait for dev.polski.grammarmatrix.ios to idle
    t =    11.38s     Find the "Сбросить прогресс" Button
    t =    12.49s         Find the "Сбросить прогресс" Button (retry 1)
    t =    13.58s         Find the "Сбросить прогресс" Button (retry 2)
    t =    13.66s     Swipe up Target Application 'dev.polski.grammarmatrix.ios'
    t =    13.66s         Wait for dev.polski.grammarmatrix.ios to idle
    t =    13.67s         Find the Target Application 'dev.polski.grammarmatrix.ios'
    t =    13.74s         Check for interrupting elements affecting "Polski Grammar Matrix" Application
    t =    13.81s         Synthesize event
    t =    14.30s         Wait for dev.polski.grammarmatrix.ios to idle
    t =    15.79s     Find the "Сбросить прогресс" Button
    t =    15.92s     Waiting 5.0s for "Сбросить прогресс" Button to exist
    t =    17.00s         Checking `Expect predicate `existsNoRetry == 1` for object "Сбросить прогресс" Button`
    t =    17.00s             Checking existence of `"Сбросить прогресс" Button`
    t =    17.08s     Tap "Сбросить прогресс" Button
    t =    17.08s         Wait for dev.polski.grammarmatrix.ios to idle
    t =    17.08s         Find the "Сбросить прогресс" Button
    t =    17.16s         Check for interrupting elements affecting "Сбросить прогресс" Button
    t =    17.24s         Synthesize event
    t =    17.56s         Wait for dev.polski.grammarmatrix.ios to idle
    t =    17.95s     Waiting 5.0s for "Сбросить весь прогресс?" Alert to exist
    t =    19.02s         Checking `Expect predicate `existsNoRetry == 1` for object "Сбросить весь прогресс?" Alert`
    t =    19.02s             Checking existence of `"Сбросить весь прогресс?" Alert`
    t =    19.11s     Tap "Сбросить" Button
    t =    19.11s         Wait for dev.polski.grammarmatrix.ios to idle
    t =    19.12s         Find the "Сбросить" Button
    t =    19.21s         Check for interrupting elements affecting "Сбросить" Button
    t =    19.32s         Synthesize event
    t =    19.66s         Wait for dev.polski.grammarmatrix.ios to idle
    t =    19.99s     Waiting 2.0s for "Сообщение" Alert to exist
    t =    21.00s         Checking `Expect predicate `existsNoRetry == 1` for object "Сообщение" Alert`
    t =    21.00s             Checking existence of `"Сообщение" Alert`
    t =    21.11s             Capturing element debug description
    t =    22.00s         Checking `Expect predicate `existsNoRetry == 1` for object "Сообщение" Alert`
    t =    22.00s             Checking existence of `"Сообщение" Alert`
    t =    22.09s             Capturing element debug description
    t =    22.09s         Checking existence of `"Сообщение" Alert`
    t =    22.14s     Collecting debug information to assist test failure triage
    t =    22.14s         Requesting snapshot of accessibility hierarchy for app with pid 94016
    t =    22.22s     Tap "Тренировка" Button
    t =    22.22s         Wait for dev.polski.grammarmatrix.ios to idle
    t =    22.23s         Find the "Тренировка" Button
    t =    22.30s         Check for interrupting elements affecting "square.stack" Button
    t =    22.37s         Synthesize event
    t =    22.72s         Wait for dev.polski.grammarmatrix.ios to idle
    t =    23.48s     Waiting 20.0s for "To jest moja piękna żona." StaticText to exist
    t =    24.55s         Checking `Expect predicate `existsNoRetry == 1` for object "To jest moja piękna żona." StaticText`
    t =    24.55s             Checking existence of `"To jest moja piękna żona." StaticText`
    t =    24.64s     Checking existence of `"Перейти к заданию" Button`
    t =    24.71s     Find the "Перейти к заданию" Button
    t =    24.83s     Swipe up Target Application 'dev.polski.grammarmatrix.ios'
    t =    24.83s         Wait for dev.polski.grammarmatrix.ios to idle
    t =    24.84s         Find the Target Application 'dev.polski.grammarmatrix.ios'
    t =    24.91s         Check for interrupting elements affecting "Polski Grammar Matrix" Application
    t =    24.98s         Synthesize event
    t =    25.44s         Wait for dev.polski.grammarmatrix.ios to idle
    t =    26.07s     Checking existence of `"continueIntroduction" Button`
    t =    26.16s     Find the "continueIntroduction" Button
    t =    26.29s     Checking existence of `"continueIntroduction" Button`
    t =    26.37s     Tap "continueIntroduction" Button
    t =    26.37s         Wait for dev.polski.grammarmatrix.ios to idle
    t =    26.38s         Find the "continueIntroduction" Button
    t =    26.45s         Check for interrupting elements affecting "continueIntroduction" Button
    t =    26.52s         Synthesize event
    t =    26.86s         Wait for dev.polski.grammarmatrix.ios to idle
    t =    26.86s     Checking existence of `Button (First Match)`
    t =    27.49s     Tap Button (First Match)
    t =    27.49s         Wait for dev.polski.grammarmatrix.ios to idle
    t =    27.50s         Find the Button (First Match)
    t =    28.11s         Check for interrupting elements affecting "Ответ, Вслух / про себя" Button
    t =    28.20s         Synthesize event
    t =    28.53s         Wait for dev.polski.grammarmatrix.ios to idle
    t =    29.48s     Tap "Напечатать" Button
    t =    29.48s         Wait for dev.polski.grammarmatrix.ios to idle
    t =    29.48s         Find the "Напечатать" Button
    t =    29.62s         Check for interrupting elements affecting "Напечатать" Button
    t =    29.71s         Synthesize event
    t =    30.04s         Wait for dev.polski.grammarmatrix.ios to idle
    t =    30.91s     Waiting 5.0s for "typedAnswer" Any to exist
    t =    31.99s         Checking `Expect predicate `existsNoRetry == 1` for object "typedAnswer" Any`
    t =    31.99s             Checking existence of `"typedAnswer" Any`
    t =    33.37s     Tap "typedAnswer" Any
    t =    33.37s         Wait for dev.polski.grammarmatrix.ios to idle
    t =    33.38s         Find the "typedAnswer" Any
    t =    34.69s         Check for interrupting elements affecting "typedAnswer" TextField
    t =    34.91s         Synthesize event
    t =    35.24s         Wait for dev.polski.grammarmatrix.ios to idle
<unknown>:0: warning: -[PolskiGrammarUITests.PolskiGrammarUITests testTypedPolishAnswerUsesNativeInput] : Invalid frame dimension (negative or non-finite).
    t =    35.66s     Type 'Widzę moją piękną ...' into "typedAnswer" TextField
    t =    35.66s         Wait for dev.polski.grammarmatrix.ios to idle
    t =    36.97s         Find the "typedAnswer" TextField
    t =    38.69s         Check for interrupting elements affecting "typedAnswer" TextField
    t =    38.90s         Synthesize event
    t =    39.51s         Wait for dev.polski.grammarmatrix.ios to idle
    t =    39.63s     Find the "typedAnswer" TextField
    t =    41.48s     Find the "revealAnswer" Button
    t =    41.70s     Find the Keyboard (First Match)
TYPED_REVEAL_FRAME: (224.66666666666666, 487.0, 156.33333333333334, 36.0), KEYBOARD: (4.666666666666657, 573.0, 393.0, 243.0)
    t =    41.83s     Find the "revealAnswer" Button
    t =    42.01s     Find the Target Application 'dev.polski.grammarmatrix.ios'
    t =    42.13s     Tap "revealAnswer" Button
    t =    42.13s         Wait for dev.polski.grammarmatrix.ios to idle
    t =    42.14s         Find the "revealAnswer" Button
    t =    42.37s         Check for interrupting elements affecting "revealAnswer" Button
    t =    42.48s         Synthesize event
    t =    42.84s         Wait for dev.polski.grammarmatrix.ios to idle
    t =    43.39s     Checking existence of `"Совпадает с правильным вариантом" StaticText`
    t =    43.50s     Waiting 5.0s for "Совпадает с правильным вариантом" StaticText to exist
    t =    44.54s         Checking `Expect predicate `existsNoRetry == 1` for object "Совпадает с правильным вариантом" StaticText`
    t =    44.54s             Checking existence of `"Совпадает с правильным вариантом" StaticText`
    t =    44.65s Tear Down
Test Case '-[PolskiGrammarUITests.PolskiGrammarUITests testTypedPolishAnswerUsesNativeInput]' passed (44.981 seconds).
Test Suite 'PolskiGrammarUITests' failed at 2026-09-24 21:20:12.290.
	 Executed 2 tests, with 3 failures (0 unexpected) in 105.513 (105.515) seconds
Test Suite 'PolskiGrammarUITests.xctest' failed at 2026-09-24 21:20:12.291.
	 Executed 2 tests, with 3 failures (0 unexpected) in 105.513 (105.516) seconds
Test Suite 'Selected tests' failed at 2026-09-24 21:20:12.291.
	 Executed 2 tests, with 3 failures (0 unexpected) in 105.513 (105.517) seconds
2026-09-24 21:30:12.655 xcodebuild[90799:18492619]  IDETestOperationsObserverDebug: Failure collecting diagnostics from simulator: Timed out after 600.0 seconds while waiting for a response from the invoked process
2026-09-24 21:30:12.670 xcodebuild[90799:18492323] [MT] IDETestOperationsObserverDebug: 709.384 elapsed -- Testing started completed.
2026-09-24 21:30:12.670 xcodebuild[90799:18492323] [MT] IDETestOperationsObserverDebug: 0.000 sec, +0.000 sec -- start
2026-09-24 21:30:12.670 xcodebuild[90799:18492323] [MT] IDETestOperationsObserverDebug: 709.384 sec, +709.384 sec -- end

Test session results, code coverage, and logs:
	/Users/german/Work/JS/polski-grammar-srs/kotlin/iosApp/build/FinalVirtualKeyboardToolbar/Logs/Test/Test-PolskiGrammar-2026.09.24_21-18-10-+0200.xcresult

Failing tests:
	PolskiGrammarUITests.testMethodSwitchKeepsTypedDraftThroughRevealAndOneReview()
	PolskiGrammarUITests.testMethodSwitchKeepsTypedDraftThroughRevealAndOneReview()
	PolskiGrammarUITests.testMethodSwitchKeepsTypedDraftThroughRevealAndOneReview()

** TEST FAILED **

Testing started
